# Blender 5.2.0 LTS
# www.blender.org
mtllib cube.mtl
o metal_box_reference
v 0.392684 -0.588396 -0.193650
v 0.379178 -0.588396 -0.218919
v 0.481669 -0.673679 -0.279987
v 0.588419 -0.588341 -0.193651
v 0.646631 -0.673665 -0.279964
v -0.588427 0.151999 0.588396
v -0.614592 0.149377 0.492494
v -0.614721 0.149182 0.589218
v -0.588416 0.151999 0.468856
v -0.459237 0.120824 0.614563
v -0.434091 0.057149 0.588396
v -0.422918 0.113321 0.588396
v -0.471324 0.060844 0.614562
v -0.475607 -0.000000 0.614561
v -0.437273 0.017236 0.588396
v -0.437855 -0.000000 0.588453
v -0.437273 -0.017236 0.588396
v -0.471324 -0.060844 0.614562
v -0.434091 -0.057149 0.588396
v -0.459237 -0.120824 0.614563
v -0.422918 -0.113321 0.588396
v -0.588427 -0.151977 0.588396
v -0.589861 -0.149160 0.614079
v -0.614721 -0.149160 0.589218
v -0.614592 -0.120815 0.459198
v -0.588416 -0.057149 0.434050
v -0.588416 -0.113321 0.422877
v -0.614592 -0.060841 0.471279
v -0.614593 -0.000000 0.475565
v -0.588416 -0.017236 0.437232
v -0.588474 -0.000000 0.437769
v -0.588416 0.017236 0.437232
v -0.614592 0.060841 0.471279
v -0.588416 0.057149 0.434050
v -0.588416 0.113321 0.422877
v -0.614592 0.120815 0.459198
v -0.492907 -0.149363 0.614565
v -0.467103 -0.151977 0.588396
v -0.589861 0.149181 0.614079
v -0.467103 0.151999 0.588396
v -0.492907 0.149385 0.614565
v -0.588416 -0.151977 0.468856
v -0.614592 -0.149355 0.492493
v 0.673705 0.279923 0.646631
v 0.673700 0.279946 0.481669
v 0.673709 0.646631 0.646631
v 0.673700 0.339763 0.441552
v 0.673700 0.394027 0.394068
v 0.673700 0.441511 0.339804
v 0.673700 0.481628 0.279986
v 0.673705 0.646631 0.279964
v 0.556491 -0.582895 0.015395
v 0.016089 -0.582895 -0.015395
v 0.556491 -0.582895 -0.015395
v 0.016089 -0.582895 -0.555845
v -0.014702 -0.582895 -0.015395
v -0.014702 -0.582895 -0.555845
v 0.016089 -0.582895 0.015395
v -0.014702 -0.582895 0.555845
v 0.016089 -0.582895 0.555845
v -0.014702 -0.582895 0.015395
v -0.555104 -0.582895 -0.015395
v -0.555104 -0.582895 0.015395
v -0.589861 -0.000000 0.614079
v -0.614721 -0.000000 0.589218
v 0.279986 0.481628 0.673700
v 0.646631 0.646631 0.673699
v 0.279964 0.646631 0.673700
v 0.339804 0.441511 0.673700
v 0.394068 0.394027 0.673700
v 0.441552 0.339763 0.673700
v 0.481669 0.279946 0.673700
v 0.646631 0.279923 0.673700
v 0.556491 0.582895 -0.015395
v 0.016089 0.582895 0.015395
v 0.556491 0.582895 0.015395
v 0.016089 0.582895 0.555845
v -0.014702 0.582895 0.015395
v -0.014702 0.582895 0.555845
v 0.016089 0.582895 -0.015395
v -0.014702 0.582895 -0.555845
v 0.016089 0.582895 -0.555845
v -0.014702 0.582895 -0.015395
v -0.555104 0.582895 0.015395
v -0.555104 0.582895 -0.015395
v -0.588474 -0.582895 0.015395
v -0.582895 -0.555845 0.016090
v -0.582895 -0.555845 -0.014703
v -0.588474 -0.582895 0.589218
v -0.582895 -0.555845 0.556491
v -0.582895 -0.015395 0.556491
v -0.588474 -0.015395 0.589218
v -0.588474 0.015395 0.589218
v -0.582895 0.015395 0.556491
v -0.588474 0.582895 0.589218
v -0.582895 0.555845 0.556491
v -0.582895 0.555845 0.016090
v -0.588474 0.582895 0.015395
v -0.588474 0.582895 -0.015395
v -0.582895 0.555845 -0.014703
v -0.588474 0.582895 -0.589218
v -0.582895 0.555845 -0.555103
v -0.582895 0.015395 -0.555103
v -0.588474 0.015395 -0.589218
v -0.588474 -0.015395 -0.589218
v -0.582895 -0.015395 -0.555103
v -0.588474 -0.582895 -0.589218
v -0.582895 -0.555845 -0.555103
v -0.588474 -0.582895 -0.015395
v -0.555103 0.582895 0.555845
v -0.014702 0.582895 0.589218
v 0.016089 0.582895 0.589218
v 0.589861 0.582895 0.589218
v 0.556491 0.582895 0.555845
v 0.589861 0.582895 0.015395
v 0.589861 0.582895 -0.015395
v 0.589861 0.582895 -0.589218
v 0.556491 0.582895 -0.555845
v 0.016086 0.582895 -0.589218
v -0.014699 0.582895 -0.589218
v -0.555104 0.582895 -0.555845
v 0.582895 0.015395 0.014702
v 0.582895 0.015395 0.555103
v 0.582895 -0.015395 0.555103
v 0.582895 -0.015395 0.014702
v 0.582895 -0.015395 -0.016089
v 0.582895 -0.555845 -0.016090
v 0.582895 -0.555845 0.014703
v 0.582895 0.015395 -0.556491
v 0.582895 -0.015395 -0.556491
v 0.582895 0.015395 -0.016089
v 0.582895 0.555845 0.014703
v 0.582895 0.555845 -0.016090
v -0.555103 0.015395 0.582895
v -0.555103 -0.015395 0.582895
v -0.555103 -0.555845 0.582895
v -0.014702 -0.555845 0.582895
v -0.014702 -0.582895 0.589218
v 0.016089 -0.582895 0.589218
v 0.016089 -0.555845 0.582895
v 0.589861 -0.582895 0.589218
v 0.556491 -0.555845 0.582895
v 0.556491 -0.015395 0.582895
v 0.589861 -0.015395 0.589218
v 0.589861 0.015395 0.589218
v 0.556491 0.015395 0.582895
v 0.556491 0.555845 0.582895
v 0.016089 0.555845 0.582895
v -0.014702 0.555845 0.582895
v -0.555103 0.555845 0.582895
v -0.582895 0.015395 -0.014702
v -0.582895 -0.015395 -0.014702
v -0.582895 -0.015395 0.016089
v -0.582895 0.015395 0.016089
v -0.555103 -0.582895 0.555845
v -0.555104 -0.582895 -0.555845
v -0.014699 -0.582895 -0.589218
v 0.016086 -0.582895 -0.589218
v 0.589861 -0.582895 -0.589218
v 0.556491 -0.582895 -0.555845
v 0.589861 -0.582895 -0.015395
v 0.589861 -0.582895 0.015395
v 0.556491 -0.582895 0.555845
v 0.014702 0.015395 -0.582895
v 0.555103 0.015395 -0.582895
v 0.555103 -0.015395 -0.582895
v 0.014702 -0.015395 -0.582895
v -0.016089 -0.015395 -0.582895
v -0.016094 -0.555845 -0.582895
v 0.014706 -0.555845 -0.582895
v -0.556491 0.015395 -0.582895
v -0.556491 -0.015395 -0.582895
v -0.016089 0.015395 -0.582895
v 0.014706 0.555845 -0.582895
v -0.016094 0.555845 -0.582895
v 0.582895 -0.555845 0.555103
v 0.582895 -0.555845 -0.556491
v 0.589861 -0.015395 -0.589218
v 0.589861 0.015395 -0.589218
v 0.582895 0.555845 -0.556491
v 0.582895 0.555845 0.555103
v -0.014702 0.015395 0.582895
v -0.014702 -0.015395 0.582895
v 0.016089 -0.015395 0.582895
v 0.016089 0.015395 0.582895
v 0.555103 0.555845 -0.582895
v 0.555103 -0.555845 -0.582895
v -0.556491 -0.555845 -0.582895
v -0.556491 0.555845 -0.582895
v -0.646631 0.646631 -0.673671
v -0.279964 0.673700 -0.646631
v -0.279964 0.646631 -0.673665
v -0.646631 0.673699 -0.646631
v -0.673705 0.646631 -0.279923
v -0.673709 0.646631 -0.646631
v -0.646631 0.673700 -0.279923
v -0.673705 0.279964 -0.646631
v -0.588416 0.193650 -0.392643
v -0.673700 0.279986 -0.481628
v -0.588427 0.193651 -0.588396
v -0.646631 0.279964 -0.673679
v 0.673709 0.646631 -0.646631
v 0.646631 0.673700 -0.279923
v 0.673705 0.646631 -0.279923
v 0.646631 0.673699 -0.646631
v 0.279986 0.673700 -0.481628
v 0.193651 0.588419 -0.588341
v 0.193650 0.588416 -0.392643
v 0.279964 0.673700 -0.646631
v 0.673700 0.279986 -0.481628
v 0.588427 0.193651 -0.588396
v 0.673705 0.279964 -0.646631
v 0.588416 0.193650 -0.392643
v -0.193651 0.588419 -0.588341
v -0.279987 0.481669 -0.673679
v -0.193650 0.392684 -0.588396
v -0.481669 0.279987 -0.673679
v -0.392684 0.193650 -0.588396
v -0.379178 0.218919 -0.588396
v -0.441552 0.339804 -0.673679
v -0.347360 0.266538 -0.588396
v -0.309598 0.309598 -0.588396
v -0.394133 0.394057 -0.673674
v -0.266538 0.347360 -0.588396
v -0.339808 0.441553 -0.673687
v -0.218919 0.379178 -0.588396
v 0.588427 0.588396 0.151977
v 0.614721 0.589218 0.149160
v 0.589861 0.614079 0.149159
v -0.193650 0.588416 -0.392643
v -0.279986 0.673700 -0.481628
v -0.481669 0.673700 -0.279946
v -0.441552 0.673700 -0.339763
v -0.394068 0.673700 -0.394027
v -0.339804 0.673700 -0.441511
v 0.276440 0.478808 -0.672241
v 0.275665 0.478670 -0.671886
v 0.279987 0.481669 -0.673679
v 0.279964 0.646631 -0.673665
v 0.193650 0.392684 -0.588396
v -0.588427 0.588419 -0.193608
v -0.588416 0.392684 -0.193609
v -0.673700 0.481669 -0.279946
v -0.218919 0.588416 -0.379137
v -0.266538 0.588416 -0.347319
v -0.309598 0.588416 -0.309557
v -0.347360 0.588416 -0.266497
v -0.379178 0.588416 -0.218878
v -0.392684 0.588416 -0.193609
v 0.646631 0.646631 -0.673671
v 0.646631 0.279964 -0.673679
v -0.151999 0.588427 -0.588396
v -0.149377 0.614592 -0.492494
v -0.149182 0.614721 -0.589218
v -0.151999 0.588416 -0.468856
v -0.553487 0.588855 -0.488770
v -0.553195 0.587743 -0.014283
v -0.377879 0.588938 -0.013450
v -0.366711 0.588938 -0.098278
v -0.328791 0.588938 -0.189825
v -0.268469 0.588938 -0.268439
v -0.189855 0.588938 -0.328761
v -0.098308 0.588938 -0.366681
v -0.488770 0.588855 -0.553487
v -0.014283 0.587743 -0.553195
v -0.013480 0.588938 -0.377849
v 0.488770 0.588855 -0.553487
v 0.014283 0.587743 -0.553195
v 0.013348 0.588938 -0.377849
v 0.098176 0.588938 -0.366681
v 0.189723 0.588938 -0.328761
v 0.268337 0.588938 -0.268439
v 0.328659 0.588938 -0.189825
v 0.366579 0.588938 -0.098278
v 0.553487 0.588855 -0.488770
v 0.553195 0.587743 -0.014283
v 0.377747 0.588938 -0.013450
v 0.151977 0.588416 -0.468856
v 0.149160 0.614721 -0.589218
v 0.149355 0.614592 -0.492493
v 0.151977 0.588427 -0.588396
v -0.113321 0.588416 -0.422877
v -0.060841 0.614592 -0.471279
v -0.120815 0.614592 -0.459198
v -0.057149 0.588416 -0.434050
v -0.017236 0.588416 -0.437232
v -0.000000 0.614593 -0.475565
v -0.000000 0.588474 -0.437769
v 0.017236 0.588416 -0.437232
v 0.060841 0.614592 -0.471279
v 0.057149 0.588416 -0.434050
v 0.120815 0.614592 -0.459198
v 0.113321 0.588416 -0.422877
v 0.614721 0.589218 -0.149182
v 0.588416 0.468856 -0.151999
v 0.588427 0.588396 -0.151999
v 0.614592 0.492494 -0.149377
v -0.614592 0.492493 0.149355
v -0.588427 0.588396 0.151977
v -0.614721 0.589218 0.149160
v -0.588416 0.468856 0.151977
v -0.598212 0.157989 -0.345926
v -0.578564 0.205605 -0.319926
v -0.578564 0.157989 -0.345926
v -0.598212 0.205605 -0.319926
v -0.578564 0.249036 -0.287414
v -0.598212 0.249036 -0.287414
v -0.578564 0.287398 -0.249052
v -0.598212 0.287398 -0.249052
v -0.578564 0.319910 -0.205621
v -0.598212 0.319910 -0.205621
v -0.578564 0.345910 -0.158005
v -0.598212 0.345910 -0.158005
v -0.578564 0.364869 -0.107173
v -0.598212 0.364869 -0.107173
v -0.578564 0.376401 -0.054161
v -0.598212 0.376401 -0.054161
v -0.578564 0.380272 -0.000047
v -0.598212 0.380272 -0.000047
v -0.598212 -0.287336 -0.249052
v -0.578564 -0.248974 -0.287414
v -0.578564 -0.287336 -0.249052
v -0.598212 -0.248974 -0.287414
v -0.578564 -0.205543 -0.319926
v -0.598212 -0.205543 -0.319926
v -0.578564 -0.157927 -0.345926
v -0.598212 -0.157927 -0.345926
v -0.578564 -0.107095 -0.364886
v -0.598212 -0.107095 -0.364886
v -0.578564 -0.054083 -0.376418
v -0.598212 -0.054083 -0.376418
v -0.578564 0.000031 -0.380288
v -0.598212 0.000031 -0.380288
v -0.578564 0.054145 -0.376418
v -0.598212 0.054145 -0.376418
v -0.578564 0.107157 -0.364886
v -0.598212 0.107157 -0.364886
v -0.598212 -0.319848 0.205526
v -0.578564 -0.345848 0.157911
v -0.578564 -0.319848 0.205526
v -0.598212 -0.345848 0.157911
v -0.578564 -0.364808 0.107079
v -0.598212 -0.364808 0.107079
v -0.578564 -0.376340 0.054067
v -0.598212 -0.376340 0.054067
v -0.578564 -0.380210 -0.000047
v -0.598212 -0.380210 -0.000047
v -0.578564 -0.376340 -0.054161
v -0.598212 -0.376340 -0.054161
v -0.578564 -0.364808 -0.107173
v -0.598212 -0.364808 -0.107173
v -0.578564 -0.345848 -0.158005
v -0.598212 -0.345848 -0.158005
v -0.578564 -0.319848 -0.205621
v -0.598212 -0.319848 -0.205621
v -0.598212 0.107157 0.364791
v -0.578564 0.054145 0.376323
v -0.578564 0.107157 0.364791
v -0.598212 0.054145 0.376323
v -0.578564 0.000031 0.380194
v -0.598212 0.000031 0.380194
v -0.578564 -0.054083 0.376323
v -0.598212 -0.054083 0.376323
v -0.578564 -0.107095 0.364791
v -0.598212 -0.107095 0.364791
v -0.578564 -0.157927 0.345832
v -0.598212 -0.157927 0.345832
v -0.578564 -0.205543 0.319832
v -0.598212 -0.205543 0.319832
v -0.578564 -0.248974 0.287320
v -0.598212 -0.248974 0.287320
v -0.578564 -0.287336 0.248958
v -0.598212 -0.287336 0.248958
v -0.578564 0.376401 0.054067
v -0.598212 0.376401 0.054067
v -0.578564 0.364869 0.107079
v -0.598212 0.364869 0.107079
v -0.578564 0.345910 0.157911
v -0.598212 0.345910 0.157911
v -0.578564 0.319910 0.205527
v -0.598212 0.319910 0.205527
v -0.578564 0.287398 0.248958
v -0.598212 0.287398 0.248958
v -0.578564 0.249036 0.287320
v -0.598212 0.249036 0.287320
v -0.578564 0.205605 0.319832
v -0.598212 0.205605 0.319832
v -0.578564 0.157989 0.345832
v -0.598212 0.157989 0.345832
v -0.588396 -0.151977 -0.467103
v -0.614563 -0.120824 -0.459237
v -0.614565 -0.149363 -0.492907
v -0.588396 -0.113321 -0.422918
v -0.614563 0.120824 -0.459237
v -0.588396 0.151999 -0.467103
v -0.614565 0.149385 -0.492907
v -0.588396 0.113321 -0.422918
v -0.588416 -0.193609 -0.392684
v -0.673700 -0.279923 -0.646631
v -0.673700 -0.279946 -0.481669
v -0.588419 -0.193608 -0.588427
v -0.588416 -0.392643 -0.193650
v -0.588416 -0.379137 -0.218918
v -0.673700 -0.481628 -0.279986
v -0.673700 -0.441511 -0.339804
v -0.588416 -0.347319 -0.266538
v -0.673700 -0.394027 -0.394068
v -0.588416 -0.309557 -0.309597
v -0.673700 -0.339763 -0.441552
v -0.588416 -0.266497 -0.347359
v -0.588416 -0.218878 -0.379178
v -0.392684 -0.193609 -0.588416
v -0.646631 -0.279923 -0.673705
v -0.481669 -0.279946 -0.673700
v -0.379178 -0.218878 -0.588416
v -0.441552 -0.339763 -0.673700
v -0.347360 -0.266497 -0.588416
v -0.394068 -0.394027 -0.673700
v -0.309598 -0.309557 -0.588416
v -0.339804 -0.441511 -0.673700
v -0.266538 -0.347319 -0.588416
v -0.279986 -0.481628 -0.673700
v -0.218919 -0.379137 -0.588416
v -0.193650 -0.392643 -0.588416
v -0.588419 -0.588341 -0.193651
v -0.673700 -0.646631 -0.279964
v -0.422918 -0.588396 -0.113321
v -0.492907 -0.614565 -0.149385
v -0.467103 -0.588396 -0.151999
v -0.459237 -0.614563 -0.120824
v -0.614592 -0.459198 -0.120815
v -0.588416 -0.468856 -0.151999
v -0.614592 -0.492494 -0.149377
v -0.588416 -0.422877 -0.113321
v -0.589861 -0.614079 0.149159
v -0.467103 -0.588396 0.151977
v -0.588427 -0.588396 0.151977
v -0.492907 -0.614565 0.149363
v -0.588855 -0.488770 0.553487
v -0.587743 -0.014283 0.553195
v -0.588938 -0.013378 0.377747
v -0.588938 -0.098206 0.366579
v -0.588938 -0.189753 0.328659
v -0.588938 -0.268367 0.268337
v -0.588938 -0.328689 0.189723
v -0.588938 -0.366609 0.098176
v -0.588855 -0.553487 0.488770
v -0.587743 -0.553195 0.014283
v -0.588938 -0.377777 0.013348
v -0.646631 -0.673665 -0.279964
v -0.673699 -0.646631 -0.646631
v -0.646631 -0.673671 -0.646631
v -0.587743 -0.553195 -0.014283
v -0.583154 -0.558175 -0.489259
v -0.582613 -0.558175 -0.008791
v -0.588855 -0.553487 -0.488770
v -0.583154 -0.489259 -0.558174
v -0.588855 -0.488770 -0.553487
v -0.582613 -0.008791 -0.558174
v -0.587743 -0.014283 -0.553195
v -0.588427 -0.588396 -0.151999
v -0.589861 -0.614079 -0.149181
v 0.378585 -0.008011 -0.581536
v 0.553195 -0.014283 -0.587743
v 0.377879 -0.013378 -0.588938
v 0.558174 -0.008791 -0.582613
v -0.558175 -0.008791 -0.582612
v -0.377747 -0.013378 -0.588938
v -0.553195 -0.014283 -0.587743
v -0.378453 -0.008011 -0.581536
v 0.008791 -0.558175 -0.582613
v 0.013480 -0.377777 -0.588938
v 0.014283 -0.553195 -0.587743
v 0.008113 -0.378483 -0.581536
v -0.279964 -0.646631 -0.673705
v -0.646631 -0.646631 -0.673709
v -0.279964 -0.673679 -0.646631
v -0.614721 -0.589218 0.000000
v -0.614721 -0.589218 -0.149182
v -0.589861 -0.614079 0.000000
v -0.614721 -0.589218 0.149160
v -0.589218 0.149182 -0.614721
v -0.614079 0.000000 -0.589861
v -0.614079 0.149181 -0.589861
v -0.589218 0.000000 -0.614721
v -0.614079 -0.149159 -0.589861
v -0.589218 -0.149160 -0.614721
v -0.488770 0.588855 0.553487
v -0.014283 0.587743 0.553195
v -0.013480 0.588938 0.377777
v -0.098308 0.588938 0.366609
v -0.189855 0.588938 0.328689
v -0.268469 0.588938 0.268367
v -0.328791 0.588938 0.189753
v -0.366711 0.588938 0.098206
v -0.553487 0.588855 0.488770
v -0.553195 0.587743 0.014283
v -0.377879 0.588938 0.013378
v 0.008113 0.378555 -0.581536
v 0.014283 0.553195 -0.587743
v 0.013480 0.377849 -0.588938
v 0.008791 0.558175 -0.582613
v -0.193651 -0.588396 -0.588427
v -0.392684 -0.588396 -0.193650
v -0.481669 -0.673679 -0.279987
v -0.279987 -0.673679 -0.481669
v -0.193650 -0.588396 -0.392684
v -0.589766 -0.103892 0.161660
v -0.589766 0.054186 0.184389
v -0.589766 0.079883 0.174804
v -0.589766 0.027387 0.190218
v -0.589766 0.000031 0.192175
v -0.589766 -0.027325 0.190218
v -0.589766 -0.054124 0.184389
v -0.589766 -0.079821 0.174804
v -0.589766 0.054186 -0.184483
v -0.589766 0.027387 -0.190313
v -0.589766 0.079883 -0.174899
v -0.589766 0.103954 -0.161755
v -0.589766 0.125910 -0.145319
v -0.589766 0.145303 -0.125926
v -0.589766 0.161738 -0.103970
v -0.589766 0.174882 -0.079899
v -0.589766 0.184467 -0.054202
v -0.589766 0.190296 -0.027403
v -0.589766 0.192253 -0.000047
v -0.589766 0.190296 0.027309
v -0.589766 0.184467 0.054108
v -0.589766 0.174882 0.079805
v -0.589766 0.161738 0.103876
v -0.589766 0.145303 0.125832
v -0.589766 0.125910 0.145225
v -0.589766 0.103954 0.161660
v -0.589766 -0.145241 0.125832
v -0.589766 -0.125848 0.145225
v -0.589766 -0.161677 0.103876
v -0.589766 -0.174820 0.079805
v -0.589766 -0.184405 0.054108
v -0.589766 -0.190235 0.027309
v -0.589766 -0.192191 -0.000047
v -0.589766 -0.190235 -0.027403
v -0.589766 -0.184405 -0.054202
v -0.589766 -0.174820 -0.079899
v -0.589766 -0.161677 -0.103970
v -0.589766 -0.145241 -0.125926
v -0.589766 -0.125848 -0.145319
v -0.589766 -0.103892 -0.161755
v -0.589766 -0.079821 -0.174899
v -0.589766 -0.054124 -0.184483
v -0.589766 -0.027325 -0.190313
v -0.589766 0.000031 -0.192269
v -0.614592 -0.492493 0.149355
v -0.588416 -0.422877 0.113321
v -0.614592 -0.459198 0.120815
v -0.588416 -0.468856 0.151977
v -0.339804 -0.673679 -0.441552
v -0.394057 -0.673674 -0.394133
v -0.441553 -0.673687 -0.339808
v -0.588416 0.379178 -0.218878
v -0.588416 0.347360 -0.266497
v -0.673700 0.441552 -0.339763
v -0.588416 0.309598 -0.309557
v -0.673700 0.394068 -0.394027
v -0.588416 0.266538 -0.347319
v -0.673700 0.339804 -0.441511
v -0.588416 0.218919 -0.379137
v -0.149181 0.589861 -0.614079
v -0.558175 0.582613 -0.008791
v -0.378585 0.581536 -0.008083
v -0.008113 0.581536 -0.378555
v -0.008791 0.582613 -0.558175
v -0.008791 0.582613 0.558175
v -0.008113 0.581536 0.378483
v -0.614592 -0.471279 -0.060841
v -0.614593 -0.475565 0.000000
v -0.614592 -0.471279 0.060841
v -0.459237 -0.614563 0.120824
v -0.471324 -0.614562 0.060844
v -0.475607 -0.614561 0.000000
v -0.471324 -0.614562 -0.060844
v -0.434091 -0.588396 0.057149
v -0.422918 -0.588396 0.113321
v -0.437273 -0.588396 0.017236
v -0.437855 -0.588453 0.000000
v -0.437273 -0.588396 -0.017236
v -0.434091 -0.588396 -0.057149
v -0.598212 0.144393 0.316062
v -0.589315 0.187911 0.292300
v -0.589315 0.144393 0.316062
v -0.598212 0.187911 0.292300
v -0.589315 0.227604 0.262586
v -0.598212 0.227604 0.262586
v -0.589315 0.262664 0.227526
v -0.598212 0.262664 0.227526
v -0.589315 0.292378 0.187833
v -0.598212 0.292378 0.187833
v -0.589315 0.316140 0.144315
v -0.598212 0.316140 0.144315
v -0.589315 0.333468 0.097859
v -0.598212 0.333468 0.097859
v -0.589315 0.344007 0.049409
v -0.598212 0.344007 0.049409
v -0.589315 0.347545 -0.000047
v -0.598212 0.347545 -0.000047
v -0.598212 -0.262602 0.227526
v -0.589315 -0.227542 0.262586
v -0.589315 -0.262602 0.227526
v -0.598212 -0.227542 0.262586
v -0.589315 -0.187849 0.292300
v -0.598212 -0.187849 0.292300
v -0.589315 -0.144332 0.316062
v -0.598212 -0.144332 0.316062
v -0.589315 -0.097875 0.333390
v -0.598212 -0.097875 0.333390
v -0.589315 -0.049425 0.343929
v -0.598212 -0.049425 0.343929
v -0.589315 0.000031 0.347467
v -0.598212 0.000031 0.347467
v -0.589315 0.049487 0.343929
v -0.598212 0.049487 0.343929
v -0.589315 0.097937 0.333390
v -0.598212 0.097937 0.333390
v -0.598212 -0.292316 -0.187927
v -0.589315 -0.316079 -0.144410
v -0.589315 -0.292316 -0.187927
v -0.598212 -0.316079 -0.144410
v -0.589315 -0.333406 -0.097953
v -0.598212 -0.333406 -0.097953
v -0.589315 -0.343946 -0.049504
v -0.598212 -0.343946 -0.049504
v -0.589315 -0.347483 -0.000047
v -0.598212 -0.347483 -0.000047
v -0.589315 -0.343946 0.049409
v -0.598212 -0.343946 0.049409
v -0.589315 -0.333406 0.097859
v -0.598212 -0.333406 0.097859
v -0.589315 -0.316079 0.144315
v -0.598212 -0.316079 0.144315
v -0.589315 -0.292316 0.187833
v -0.598212 -0.292316 0.187833
v -0.598212 0.097937 -0.333484
v -0.589315 0.049487 -0.344024
v -0.589315 0.097937 -0.333484
v -0.598212 0.049487 -0.344024
v -0.589315 0.000031 -0.347561
v -0.598212 0.000031 -0.347561
v -0.589315 -0.049425 -0.344024
v -0.598212 -0.049425 -0.344024
v -0.589315 -0.097875 -0.333484
v -0.598212 -0.097875 -0.333484
v -0.589315 -0.144331 -0.316157
v -0.598212 -0.144331 -0.316157
v -0.589315 -0.187849 -0.292394
v -0.598212 -0.187849 -0.292394
v -0.589315 -0.227542 -0.262681
v -0.598212 -0.227542 -0.262681
v -0.589315 -0.262602 -0.227620
v -0.598212 -0.262602 -0.227620
v -0.589315 0.344007 -0.049504
v -0.598212 0.344007 -0.049504
v -0.589315 0.333468 -0.097953
v -0.598212 0.333468 -0.097953
v -0.589315 0.316140 -0.144410
v -0.598212 0.316140 -0.144410
v -0.589315 0.292378 -0.187927
v -0.598212 0.292378 -0.187927
v -0.589315 0.262664 -0.227620
v -0.598212 0.262664 -0.227620
v -0.589315 0.227604 -0.262681
v -0.598212 0.227604 -0.262681
v -0.589315 0.187911 -0.292394
v -0.598212 0.187911 -0.292394
v -0.589315 0.144393 -0.316157
v -0.598212 0.144393 -0.316157
v -0.492493 -0.149355 -0.614592
v -0.588396 -0.151977 -0.588427
v -0.468856 -0.151977 -0.588416
v -0.588396 0.151999 -0.588427
v -0.492494 0.149377 -0.614592
v -0.468856 0.151999 -0.588416
v -0.588396 0.057149 -0.434091
v -0.614562 0.060844 -0.471324
v -0.614561 0.000000 -0.475607
v -0.588396 0.017236 -0.437273
v -0.588453 0.000000 -0.437855
v -0.588396 -0.017236 -0.437273
v -0.614562 -0.060844 -0.471324
v -0.588396 -0.057149 -0.434091
v 0.057149 0.434091 -0.588396
v 0.120824 0.459237 -0.614563
v 0.113321 0.422918 -0.588396
v 0.060844 0.471324 -0.614562
v 0.017236 0.437273 -0.588396
v -0.000000 0.475607 -0.614561
v -0.000000 0.437855 -0.588453
v -0.060844 0.471324 -0.614562
v -0.017236 0.437273 -0.588396
v -0.057149 0.434091 -0.588396
v -0.120824 0.459237 -0.614563
v -0.113321 0.422918 -0.588396
v -0.459198 -0.120815 -0.614592
v -0.434050 -0.057149 -0.588416
v -0.422877 -0.113321 -0.588416
v -0.471279 -0.060841 -0.614592
v -0.475565 0.000000 -0.614593
v -0.437232 -0.017236 -0.588416
v -0.437769 0.000000 -0.588474
v -0.437232 0.017236 -0.588416
v -0.471279 0.060841 -0.614592
v -0.434050 0.057149 -0.588416
v -0.422877 0.113321 -0.588416
v -0.459198 0.120815 -0.614592
v -0.614721 0.589218 -0.149182
v -0.589861 0.614079 -0.149181
v -0.588427 0.588396 -0.151999
v 0.582613 0.558175 -0.008791
v 0.588938 0.377849 -0.013348
v 0.587743 0.553195 -0.014283
v 0.581536 0.378555 -0.007981
v 0.581536 -0.378483 -0.007981
v 0.587743 -0.553195 -0.014283
v 0.588938 -0.377777 -0.013348
v 0.582613 -0.558175 -0.008791
v 0.582612 -0.008791 -0.558175
v 0.588938 -0.013378 -0.377747
v 0.587743 -0.014283 -0.553195
v 0.581536 -0.008011 -0.378453
v 0.581536 0.008083 -0.378453
v 0.587743 0.014283 -0.553195
v 0.588938 0.013450 -0.377747
v 0.582612 0.008791 -0.558175
v -0.614592 0.492494 -0.149377
v -0.614721 0.589218 0.000000
v -0.614592 0.459198 -0.120815
v -0.614592 0.471279 -0.060841
v -0.614593 0.475565 0.000000
v -0.614592 0.471279 0.060841
v -0.614592 0.459198 0.120815
v 0.581536 -0.008011 0.378585
v 0.587743 -0.014283 0.553195
v 0.588938 -0.013378 0.377879
v 0.582613 -0.008791 0.558174
v 0.582613 -0.558175 0.008791
v 0.588938 -0.377777 0.013480
v 0.587743 -0.553195 0.014283
v 0.581536 -0.378483 0.008113
v 0.581536 0.378555 0.008113
v 0.587743 0.553195 0.014283
v 0.588938 0.377849 0.013480
v 0.582613 0.558175 0.008791
v 0.582613 0.008791 0.558174
v 0.588938 0.013450 0.377879
v 0.587743 0.014283 0.553195
v 0.581536 0.008083 0.378585
v 0.583154 -0.489259 -0.558175
v 0.588855 -0.488770 -0.553487
v 0.588855 -0.553487 -0.488770
v 0.583154 -0.558175 -0.489259
v 0.588855 0.553487 -0.488770
v 0.588938 0.366681 -0.098176
v 0.588938 0.328761 -0.189723
v 0.588938 0.268439 -0.268337
v 0.588938 0.189825 -0.328659
v 0.588938 0.098278 -0.366579
v 0.588855 0.488770 -0.553487
v 0.588855 0.488770 0.553487
v 0.588938 0.098278 0.366711
v 0.588938 0.189825 0.328791
v 0.588938 0.268439 0.268469
v 0.588938 0.328761 0.189855
v 0.588938 0.366681 0.098308
v 0.588855 0.553487 0.488770
v 0.588855 -0.553487 0.488770
v 0.588938 -0.366609 0.098308
v 0.588938 -0.328689 0.189855
v 0.588938 -0.268367 0.268469
v 0.588938 -0.189753 0.328791
v 0.588938 -0.098206 0.366711
v 0.588855 -0.488770 0.553487
v 0.583154 0.558175 -0.489259
v 0.583154 0.489259 -0.558175
v 0.489259 -0.558175 -0.583154
v 0.488770 -0.553487 -0.588855
v 0.553487 -0.488770 -0.588855
v 0.558174 -0.489259 -0.583154
v 0.583154 0.489259 0.558174
v 0.583154 0.558175 0.489259
v 0.598212 0.157989 0.345926
v 0.578564 0.205605 0.319926
v 0.578564 0.157989 0.345926
v 0.598212 0.205605 0.319926
v 0.578564 0.249036 0.287414
v 0.598212 0.249036 0.287414
v 0.578564 0.287398 0.249052
v 0.598212 0.287398 0.249052
v 0.578564 0.319910 0.205621
v 0.598212 0.319910 0.205621
v 0.578564 0.345910 0.158005
v 0.598212 0.345910 0.158005
v 0.578564 0.364869 0.107173
v 0.598212 0.364869 0.107173
v 0.578564 0.376401 0.054161
v 0.598212 0.376401 0.054161
v 0.578564 0.380272 0.000047
v 0.598212 0.380272 0.000047
v 0.598212 -0.287336 0.249052
v 0.578564 -0.248974 0.287414
v 0.578564 -0.287336 0.249052
v 0.598212 -0.248974 0.287414
v 0.578564 -0.205543 0.319926
v 0.598212 -0.205543 0.319926
v 0.578564 -0.157927 0.345926
v 0.598212 -0.157927 0.345926
v 0.578564 -0.107095 0.364886
v 0.598212 -0.107095 0.364886
v 0.578564 -0.054083 0.376418
v 0.598212 -0.054083 0.376418
v 0.578564 0.000031 0.380288
v 0.598212 0.000031 0.380288
v 0.578564 0.054145 0.376418
v 0.598212 0.054145 0.376418
v 0.578564 0.107157 0.364886
v 0.598212 0.107157 0.364886
v 0.598212 -0.319848 -0.205527
v 0.578564 -0.345848 -0.157911
v 0.578564 -0.319848 -0.205527
v 0.598212 -0.345848 -0.157911
v 0.578564 -0.364808 -0.107079
v 0.598212 -0.364808 -0.107079
v 0.578564 -0.376340 -0.054067
v 0.598212 -0.376340 -0.054067
v 0.578564 -0.380210 0.000047
v 0.598212 -0.380210 0.000047
v 0.578564 -0.376340 0.054161
v 0.598212 -0.376340 0.054161
v 0.578564 -0.364808 0.107173
v 0.598212 -0.364808 0.107173
v 0.578564 -0.345848 0.158005
v 0.598212 -0.345848 0.158005
v 0.578564 -0.319848 0.205621
v 0.598212 -0.319848 0.205621
v 0.598212 0.107157 -0.364791
v 0.578564 0.054145 -0.376323
v 0.578564 0.107157 -0.364791
v 0.598212 0.054145 -0.376323
v 0.578564 0.000031 -0.380194
v 0.598212 0.000031 -0.380194
v 0.578564 -0.054083 -0.376323
v 0.598212 -0.054083 -0.376323
v 0.578564 -0.107095 -0.364791
v 0.598212 -0.107095 -0.364791
v 0.578564 -0.157927 -0.345832
v 0.598212 -0.157927 -0.345832
v 0.578564 -0.205543 -0.319832
v 0.598212 -0.205543 -0.319832
v 0.578564 -0.248974 -0.287320
v 0.598212 -0.248974 -0.287320
v 0.578564 -0.287336 -0.248958
v 0.598212 -0.287336 -0.248958
v 0.578564 0.376401 -0.054067
v 0.598212 0.376401 -0.054067
v 0.578564 0.364869 -0.107079
v 0.598212 0.364869 -0.107079
v 0.578564 0.345910 -0.157911
v 0.598212 0.345910 -0.157911
v 0.578564 0.319910 -0.205526
v 0.598212 0.319910 -0.205526
v 0.578564 0.287398 -0.248958
v 0.598212 0.287398 -0.248958
v 0.578564 0.249036 -0.287320
v 0.598212 0.249036 -0.287320
v 0.578564 0.205605 -0.319832
v 0.598212 0.205605 -0.319832
v 0.578564 0.157989 -0.345832
v 0.598212 0.157989 -0.345832
v 0.467103 -0.588396 -0.151977
v 0.459237 -0.614563 -0.120824
v 0.422918 -0.588396 -0.113321
v 0.492907 -0.614565 -0.149363
v 0.588938 -0.098206 -0.366579
v 0.588938 -0.189753 -0.328659
v 0.588938 -0.268367 -0.268337
v 0.588938 -0.328689 -0.189723
v 0.588938 -0.366609 -0.098176
v 0.583154 -0.558175 0.489259
v 0.583154 -0.489259 0.558174
v 0.392684 -0.193609 -0.588416
v 0.646631 -0.279923 -0.673705
v 0.481669 -0.279946 -0.673700
v 0.588419 -0.193608 -0.588427
v 0.379178 -0.218878 -0.588416
v 0.347359 -0.266497 -0.588416
v 0.441552 -0.339763 -0.673700
v 0.394068 -0.394027 -0.673700
v 0.309597 -0.309557 -0.588416
v 0.339804 -0.441511 -0.673700
v 0.266538 -0.347319 -0.588416
v 0.218918 -0.379137 -0.588416
v 0.279986 -0.481628 -0.673700
v 0.193650 -0.392643 -0.588416
v 0.193651 -0.588396 -0.588427
v 0.279964 -0.646631 -0.673705
v 0.422918 -0.588396 0.113321
v 0.492907 -0.614565 0.149385
v 0.467103 -0.588396 0.151999
v 0.459237 -0.614563 0.120824
v 0.614592 -0.459198 0.120815
v 0.588416 -0.468856 0.151999
v 0.614592 -0.492494 0.149377
v 0.588416 -0.422877 0.113321
v 0.588396 0.151999 -0.467103
v 0.614079 0.149181 -0.589861
v 0.588396 0.151999 -0.588427
v 0.614565 0.149385 -0.492907
v 0.673699 -0.646631 -0.646631
v 0.646631 -0.646631 -0.673709
v 0.673700 -0.279923 -0.646631
v 0.588396 -0.151977 -0.467103
v 0.614079 -0.149159 -0.589861
v 0.614565 -0.149363 -0.492907
v 0.588396 -0.151977 -0.588427
v 0.422877 0.113321 -0.588416
v 0.492494 0.149377 -0.614592
v 0.459198 0.120815 -0.614592
v 0.468856 0.151999 -0.588416
v 0.588396 0.113321 -0.422918
v 0.614563 0.120824 -0.459237
v 0.588396 -0.113321 -0.422918
v 0.614563 -0.120824 -0.459237
v 0.441553 -0.673687 -0.339808
v 0.347360 -0.588396 -0.266538
v 0.394057 -0.673674 -0.394133
v 0.309598 -0.588396 -0.309598
v 0.339804 -0.673679 -0.441552
v 0.266538 -0.588396 -0.347360
v 0.279987 -0.673679 -0.481669
v 0.218918 -0.588396 -0.379178
v 0.193650 -0.588396 -0.392684
v -0.589861 0.614079 0.149160
v 0.646631 -0.673671 -0.646631
v 0.673700 -0.646631 -0.279964
v 0.589861 -0.614079 0.149181
v 0.614721 -0.589218 -0.000000
v 0.614721 -0.589218 0.149182
v 0.589861 -0.614079 -0.000000
v 0.614721 -0.589218 -0.149160
v 0.589861 -0.614079 -0.149160
v 0.492493 -0.149355 -0.614592
v 0.468856 -0.151977 -0.588416
v 0.589218 -0.149160 -0.614721
v 0.279964 -0.673679 -0.646631
v 0.558175 0.582613 0.008791
v 0.377747 0.588938 0.013378
v 0.553195 0.587743 0.014283
v 0.378453 0.581536 0.008011
v 0.673700 -0.279946 -0.481669
v 0.588416 -0.193609 -0.392684
v 0.588416 -0.392643 -0.193650
v 0.673700 -0.481628 -0.279987
v 0.588416 -0.379137 -0.218919
v 0.588416 -0.347319 -0.266538
v 0.673700 -0.441511 -0.339804
v 0.588416 -0.309557 -0.309598
v 0.673700 -0.394027 -0.394068
v 0.588416 -0.266497 -0.347360
v 0.673700 -0.339763 -0.441552
v 0.588416 -0.218878 -0.379178
v 0.614592 -0.492493 -0.149355
v 0.588416 -0.422877 -0.113321
v 0.614592 -0.459198 -0.120815
v 0.588416 -0.468856 -0.151977
v 0.589766 -0.103892 -0.161660
v 0.589766 0.054186 -0.184389
v 0.589766 0.079883 -0.174804
v 0.589766 0.027387 -0.190218
v 0.589766 0.000031 -0.192175
v 0.589766 -0.027325 -0.190218
v 0.589766 -0.054124 -0.184389
v 0.589766 -0.079821 -0.174804
v 0.589766 0.054186 0.184483
v 0.589766 0.027387 0.190313
v 0.589766 0.079883 0.174899
v 0.589766 0.103954 0.161755
v 0.589766 0.125910 0.145319
v 0.589766 0.145303 0.125926
v 0.589766 0.161738 0.103970
v 0.589766 0.174882 0.079899
v 0.589766 0.184467 0.054202
v 0.589766 0.190296 0.027403
v 0.589766 0.192253 0.000047
v 0.589766 0.190296 -0.027309
v 0.589766 0.184467 -0.054108
v 0.589766 0.174882 -0.079805
v 0.589766 0.161738 -0.103876
v 0.589766 0.145303 -0.125832
v 0.589766 0.125910 -0.145225
v 0.589766 0.103954 -0.161660
v 0.589766 -0.145241 -0.125832
v 0.589766 -0.125848 -0.145225
v 0.589766 -0.161677 -0.103876
v 0.589766 -0.174820 -0.079805
v 0.589766 -0.184405 -0.054108
v 0.589766 -0.190235 -0.027309
v 0.589766 -0.192191 0.000047
v 0.589766 -0.190235 0.027403
v 0.589766 -0.184405 0.054202
v 0.589766 -0.174820 0.079899
v 0.589766 -0.161677 0.103970
v 0.589766 -0.145241 0.125926
v 0.589766 -0.125848 0.145319
v 0.589766 -0.103892 0.161755
v 0.589766 -0.079821 0.174899
v 0.589766 -0.054124 0.184483
v 0.589766 -0.027325 0.190313
v 0.589766 0.000031 0.192269
v 0.007981 0.581536 0.378483
v 0.014283 0.587743 0.553195
v 0.013348 0.588938 0.377777
v 0.008791 0.582613 0.558175
v 0.558175 0.583154 0.489259
v 0.553487 0.588855 0.488770
v 0.489259 0.583154 0.558174
v 0.488770 0.588855 0.553487
v 0.588427 -0.588396 -0.151977
v 0.125926 -0.145241 -0.589766
v -0.027309 -0.190235 -0.589766
v -0.054108 -0.184405 -0.589766
v 0.000047 -0.192191 -0.589766
v 0.027403 -0.190235 -0.589766
v 0.054202 -0.184405 -0.589766
v 0.079899 -0.174820 -0.589766
v 0.103970 -0.161677 -0.589766
v -0.079805 0.174882 -0.589766
v -0.054108 0.184467 -0.589766
v -0.103876 0.161738 -0.589766
v -0.125832 0.145303 -0.589766
v -0.145225 0.125910 -0.589766
v -0.161660 0.103954 -0.589766
v -0.174804 0.079883 -0.589766
v -0.184389 0.054186 -0.589766
v -0.190218 0.027387 -0.589766
v -0.192175 0.000031 -0.589766
v -0.190218 -0.027325 -0.589766
v -0.184389 -0.054124 -0.589766
v -0.174804 -0.079821 -0.589766
v -0.161660 -0.103892 -0.589766
v -0.145225 -0.125848 -0.589766
v -0.125832 -0.145241 -0.589766
v -0.103876 -0.161677 -0.589766
v -0.079805 -0.174820 -0.589766
v 0.161755 -0.103892 -0.589766
v 0.145319 -0.125848 -0.589766
v 0.174899 -0.079821 -0.589766
v 0.184483 -0.054124 -0.589766
v 0.190313 -0.027325 -0.589766
v 0.192269 0.000031 -0.589766
v 0.190313 0.027387 -0.589766
v 0.184483 0.054186 -0.589766
v 0.174899 0.079883 -0.589766
v 0.161755 0.103954 -0.589766
v 0.145319 0.125910 -0.589766
v 0.125926 0.145303 -0.589766
v 0.103970 0.161738 -0.589766
v 0.079899 0.174882 -0.589766
v 0.054202 0.184467 -0.589766
v 0.027403 0.190296 -0.589766
v 0.000047 0.192253 -0.589766
v -0.027309 0.190296 -0.589766
v -0.218919 -0.588396 -0.379178
v -0.266538 -0.588396 -0.347360
v -0.309598 -0.588396 -0.309598
v -0.347360 -0.588396 -0.266538
v -0.379178 -0.588396 -0.218919
v -0.584876 0.000031 -0.197722
v -0.584876 0.028163 -0.195710
v -0.584876 0.055722 -0.189715
v -0.584876 0.082148 -0.179858
v -0.584876 0.106902 -0.166342
v -0.584876 0.129480 -0.149440
v -0.584876 0.149423 -0.129496
v -0.584876 0.166325 -0.106918
v -0.584876 0.179842 -0.082164
v -0.584876 -0.189636 -0.055739
v -0.584876 -0.179780 -0.082164
v -0.584876 -0.166264 -0.106918
v -0.584876 -0.149362 -0.129496
v -0.584876 -0.129418 -0.149440
v -0.584876 -0.106840 -0.166342
v -0.584876 -0.082086 -0.179858
v -0.584876 -0.055660 -0.189715
v -0.584876 -0.028101 -0.195710
v -0.584876 -0.106840 0.166247
v -0.584876 -0.129418 0.149345
v -0.584876 -0.149362 0.129402
v -0.584876 -0.166264 0.106824
v -0.584876 -0.179780 0.082070
v -0.584876 -0.189636 0.055644
v -0.584876 -0.195632 0.028085
v -0.584876 -0.197644 -0.000047
v -0.584876 -0.195632 -0.028179
v -0.584876 0.129480 0.149345
v -0.584876 0.106902 0.166247
v -0.584876 0.082148 0.179764
v -0.584876 0.055722 0.189620
v -0.584876 0.028163 0.195615
v -0.584876 0.000031 0.197627
v -0.584876 -0.028101 0.195615
v -0.584876 -0.055660 0.189620
v -0.584876 -0.082086 0.179764
v -0.584876 0.189698 -0.055739
v -0.584876 0.195693 -0.028179
v -0.584876 0.197706 -0.000047
v -0.584876 0.195693 0.028085
v -0.584876 0.189698 0.055644
v -0.584876 0.179842 0.082070
v -0.584876 0.166325 0.106824
v -0.584876 0.149423 0.129402
v -0.585985 0.027891 0.195711
v -0.585985 -0.000254 0.197724
v -0.585985 0.000286 0.333387
v -0.585985 -0.047166 0.329993
v -0.585985 -0.028400 0.195711
v -0.585985 -0.093653 0.319881
v -0.585985 -0.055973 0.189713
v -0.585985 -0.138227 0.303255
v -0.585985 -0.082411 0.179852
v -0.585985 -0.179982 0.280456
v -0.585985 -0.107178 0.166328
v -0.585985 -0.218067 0.251946
v -0.585985 -0.129767 0.149418
v -0.585985 -0.251707 0.218306
v -0.585985 -0.149720 0.129465
v -0.585985 -0.280217 0.180221
v -0.585985 -0.166630 0.106876
v -0.585985 -0.303016 0.138466
v -0.585985 0.195503 0.028099
v -0.585985 0.189505 0.055671
v -0.585985 0.320214 0.093892
v -0.585985 0.303589 0.138467
v -0.585985 0.179644 0.082110
v -0.585985 0.280789 0.180221
v -0.585985 0.166121 0.106876
v -0.585985 0.252279 0.218306
v -0.585985 0.149211 0.129465
v -0.585985 0.218639 0.251946
v -0.585985 0.129258 0.149418
v -0.585985 0.180554 0.280456
v -0.585985 0.106669 0.166328
v -0.585985 0.138800 0.303255
v -0.585985 0.081903 0.179852
v -0.585985 0.094226 0.319881
v -0.585985 0.055464 0.189713
v -0.585985 0.047739 0.329993
v -0.585985 0.081903 -0.179946
v -0.585985 0.106669 -0.166423
v -0.585985 0.180554 -0.280550
v -0.585985 0.218639 -0.252040
v -0.585985 0.129258 -0.149512
v -0.585985 0.252279 -0.218400
v -0.585985 0.149211 -0.129560
v -0.585985 0.280789 -0.180315
v -0.585985 0.166121 -0.106970
v -0.585985 0.303589 -0.138561
v -0.585985 0.179644 -0.082204
v -0.585985 0.320214 -0.093986
v -0.585985 0.189505 -0.055766
v -0.585985 0.330327 -0.047500
v -0.585985 0.195503 -0.028193
v -0.585985 0.333721 -0.000047
v -0.585985 0.197516 -0.000047
v -0.585985 0.330327 0.047406
v -0.585985 -0.149720 -0.129560
v -0.585985 -0.129767 -0.149512
v -0.585985 -0.218067 -0.252040
v -0.585985 -0.179982 -0.280550
v -0.585985 -0.107178 -0.166423
v -0.585985 -0.138227 -0.303350
v -0.585985 -0.082411 -0.179946
v -0.585985 -0.093653 -0.319975
v -0.585985 -0.055973 -0.189807
v -0.585985 -0.047166 -0.330088
v -0.585985 -0.028400 -0.195805
v -0.585985 0.000286 -0.333481
v -0.585985 -0.000254 -0.197818
v -0.585985 0.047739 -0.330088
v -0.585985 0.027891 -0.195805
v -0.585985 0.094226 -0.319975
v -0.585985 0.055464 -0.189807
v -0.585985 0.138800 -0.303350
v -0.585985 -0.180153 0.082110
v -0.585985 -0.319642 0.093892
v -0.585985 -0.190014 0.055671
v -0.585985 -0.329754 0.047405
v -0.585985 -0.196012 0.028099
v -0.585985 -0.333148 -0.000047
v -0.585985 -0.198025 -0.000047
v -0.585985 -0.329754 -0.047500
v -0.585985 -0.196012 -0.028193
v -0.585985 -0.319642 -0.093987
v -0.585985 -0.190014 -0.055766
v -0.585985 -0.303016 -0.138561
v -0.585985 -0.180153 -0.082204
v -0.585985 -0.280217 -0.180315
v -0.585985 -0.166630 -0.106970
v -0.585985 -0.251707 -0.218400
v -0.589861 0.614079 0.000000
v 0.558175 -0.582613 -0.008791
v 0.377747 -0.588938 -0.013378
v 0.553195 -0.587743 -0.014283
v 0.378453 -0.581536 -0.008011
v 0.008791 0.582613 -0.558175
v 0.007981 0.581536 -0.378555
v 0.378453 -0.581536 0.008083
v 0.553195 -0.587743 0.014283
v 0.377747 -0.588938 0.013450
v 0.558175 -0.582613 0.008791
v 0.161660 0.589766 0.103892
v 0.184389 0.589766 -0.054186
v 0.174804 0.589766 -0.079883
v 0.190218 0.589766 -0.027387
v 0.192175 0.589766 -0.000031
v 0.190218 0.589766 0.027325
v 0.184389 0.589766 0.054124
v 0.174804 0.589766 0.079821
v -0.184483 0.589766 -0.054186
v -0.190313 0.589766 -0.027387
v -0.174899 0.589766 -0.079883
v -0.161755 0.589766 -0.103954
v -0.145319 0.589766 -0.125910
v -0.125926 0.589766 -0.145303
v -0.103970 0.589766 -0.161738
v -0.079899 0.589766 -0.174882
v -0.054202 0.589766 -0.184467
v -0.027403 0.589766 -0.190296
v -0.000047 0.589766 -0.192253
v 0.027309 0.589766 -0.190296
v 0.054108 0.589766 -0.184467
v 0.079805 0.589766 -0.174882
v 0.103876 0.589766 -0.161738
v 0.125831 0.589766 -0.145303
v 0.145225 0.589766 -0.125910
v 0.161660 0.589766 -0.103954
v 0.125831 0.589766 0.145241
v 0.145225 0.589766 0.125848
v 0.103876 0.589766 0.161677
v 0.079805 0.589766 0.174820
v 0.054108 0.589766 0.184405
v 0.027309 0.589766 0.190235
v -0.000047 0.589766 0.192191
v -0.027403 0.589766 0.190235
v -0.054202 0.589766 0.184405
v -0.079899 0.589766 0.174820
v -0.103970 0.589766 0.161677
v -0.125926 0.589766 0.145241
v -0.145319 0.589766 0.125848
v -0.161755 0.589766 0.103892
v -0.174899 0.589766 0.079821
v -0.184483 0.589766 0.054124
v -0.190313 0.589766 0.027325
v -0.192269 0.589766 -0.000031
v 0.614592 0.459198 -0.120815
v 0.614721 0.589218 0.000000
v 0.614592 0.471279 -0.060841
v 0.614593 0.475565 0.000000
v 0.614592 0.471279 0.060841
v 0.614592 0.459198 0.120815
v 0.614592 0.492493 0.149355
v 0.366579 0.588938 0.098206
v 0.328659 0.588938 0.189753
v 0.268337 0.588938 0.268367
v 0.189723 0.588938 0.328689
v 0.098176 0.588938 0.366609
v -0.378585 -0.581536 -0.008011
v -0.553195 -0.587743 -0.014283
v -0.377879 -0.588938 -0.013378
v -0.558175 -0.582613 -0.008791
v -0.008791 -0.582613 -0.558175
v -0.013480 -0.588938 -0.377777
v -0.014283 -0.587743 -0.553195
v -0.008113 -0.581536 -0.378483
v -0.008113 -0.581536 0.378555
v -0.014283 -0.587743 0.553195
v -0.013480 -0.588938 0.377849
v -0.008791 -0.582613 0.558175
v -0.558175 -0.582613 0.008791
v -0.377879 -0.588938 0.013450
v -0.553195 -0.587743 0.014283
v -0.378585 -0.581536 0.008083
v 0.492907 0.614565 0.149363
v 0.422918 0.588396 0.113321
v 0.467103 0.588396 0.151977
v 0.459237 0.614563 0.120824
v 0.488770 -0.588855 0.553487
v 0.014283 -0.587743 0.553195
v 0.013348 -0.588938 0.377849
v 0.098176 -0.588938 0.366681
v 0.189723 -0.588938 0.328761
v 0.268337 -0.588938 0.268439
v 0.328659 -0.588938 0.189825
v 0.366579 -0.588938 0.098278
v 0.553487 -0.588855 0.488770
v -0.553487 -0.588855 0.488770
v -0.366711 -0.588938 0.098278
v -0.328791 -0.588938 0.189825
v -0.268469 -0.588938 0.268439
v -0.189855 -0.588938 0.328761
v -0.098308 -0.588938 0.366681
v -0.488770 -0.588855 0.553487
v -0.488770 -0.588855 -0.553487
v -0.098308 -0.588938 -0.366609
v -0.189855 -0.588938 -0.328689
v -0.268469 -0.588938 -0.268367
v -0.328791 -0.588938 -0.189753
v -0.366711 -0.588938 -0.098206
v -0.553487 -0.588855 -0.488770
v 0.007981 -0.581536 -0.378483
v 0.014283 -0.587743 -0.553195
v 0.013348 -0.588938 -0.377777
v 0.008791 -0.582613 -0.558175
v 0.558174 -0.583154 -0.489259
v 0.553487 -0.588855 -0.488770
v 0.488770 -0.588855 -0.553487
v 0.489259 -0.583154 -0.558175
v 0.588416 0.422877 -0.113321
v 0.151977 -0.467103 -0.588396
v 0.120824 -0.459237 -0.614563
v 0.113321 -0.422918 -0.588396
v 0.149363 -0.492907 -0.614565
v 0.492907 0.614565 -0.149385
v 0.422918 0.588396 -0.113321
v 0.459237 0.614563 -0.120824
v 0.467103 0.588396 -0.151999
v -0.113321 -0.422918 -0.588396
v -0.149385 -0.492907 -0.614565
v -0.151999 -0.467103 -0.588396
v -0.120824 -0.459237 -0.614563
v -0.120815 -0.614592 -0.459198
v -0.151999 -0.588416 -0.468856
v -0.149377 -0.614592 -0.492494
v -0.113321 -0.588416 -0.422877
v 0.149159 -0.589861 -0.614079
v 0.151977 -0.588427 -0.588396
v -0.151999 -0.588427 -0.588396
v -0.149181 -0.589861 -0.614079
v 0.008791 -0.582613 0.558175
v 0.007981 -0.581536 0.378555
v -0.558175 0.582613 0.008791
v -0.558174 0.583154 0.489259
v -0.489259 0.583154 0.558175
v -0.558175 0.583154 -0.489259
v -0.489259 0.583154 -0.558174
v 0.489259 -0.583154 0.558174
v 0.558175 -0.583154 0.489259
v -0.558174 -0.583154 0.489259
v -0.489259 -0.583154 0.558175
v -0.000000 -0.614721 -0.589218
v -0.149182 -0.614721 -0.589218
v -0.000000 -0.589861 -0.614079
v 0.149160 -0.614721 -0.589218
v -0.345926 -0.598212 0.157989
v -0.319926 -0.578564 0.205605
v -0.345926 -0.578564 0.157989
v -0.319926 -0.598212 0.205605
v -0.287414 -0.578564 0.249036
v -0.287414 -0.598212 0.249036
v -0.249052 -0.578564 0.287398
v -0.249052 -0.598212 0.287398
v -0.205621 -0.578564 0.319910
v -0.205621 -0.598212 0.319910
v -0.158005 -0.578564 0.345910
v -0.158005 -0.598212 0.345910
v -0.107173 -0.578564 0.364869
v -0.107173 -0.598212 0.364869
v -0.054161 -0.578564 0.376401
v -0.054161 -0.598212 0.376401
v -0.000047 -0.578564 0.380272
v -0.000047 -0.598212 0.380272
v -0.249052 -0.598212 -0.287336
v -0.287414 -0.578564 -0.248974
v -0.249052 -0.578564 -0.287336
v -0.287414 -0.598212 -0.248974
v -0.319926 -0.578564 -0.205543
v -0.319926 -0.598212 -0.205543
v -0.345926 -0.578564 -0.157927
v -0.345926 -0.598212 -0.157927
v -0.364886 -0.578564 -0.107095
v -0.364886 -0.598212 -0.107095
v -0.376418 -0.578564 -0.054083
v -0.376418 -0.598212 -0.054083
v -0.380288 -0.578564 0.000031
v -0.380288 -0.598212 0.000031
v -0.376418 -0.578564 0.054145
v -0.376418 -0.598212 0.054145
v -0.364886 -0.578564 0.107157
v -0.364886 -0.598212 0.107157
v 0.205526 -0.598212 -0.319848
v 0.157911 -0.578564 -0.345848
v 0.205526 -0.578564 -0.319848
v 0.157911 -0.598212 -0.345848
v 0.107079 -0.578564 -0.364808
v 0.107079 -0.598212 -0.364808
v 0.054067 -0.578564 -0.376340
v 0.054067 -0.598212 -0.376340
v -0.000047 -0.578564 -0.380210
v -0.000047 -0.598212 -0.380210
v -0.054161 -0.578564 -0.376340
v -0.054161 -0.598212 -0.376340
v -0.107173 -0.578564 -0.364808
v -0.107173 -0.598212 -0.364808
v -0.158005 -0.578564 -0.345848
v -0.158005 -0.598212 -0.345848
v -0.205621 -0.578564 -0.319848
v -0.205621 -0.598212 -0.319848
v 0.364791 -0.598212 0.107157
v 0.376323 -0.578564 0.054145
v 0.364791 -0.578564 0.107157
v 0.376323 -0.598212 0.054145
v 0.380194 -0.578564 0.000031
v 0.380194 -0.598212 0.000031
v 0.376323 -0.578564 -0.054083
v 0.376323 -0.598212 -0.054083
v 0.364791 -0.578564 -0.107095
v 0.364791 -0.598212 -0.107095
v 0.345832 -0.578564 -0.157927
v 0.345832 -0.598212 -0.157927
v 0.319832 -0.578564 -0.205543
v 0.319832 -0.598212 -0.205543
v 0.287320 -0.578564 -0.248974
v 0.287320 -0.598212 -0.248974
v 0.248958 -0.578564 -0.287336
v 0.248958 -0.598212 -0.287336
v 0.054067 -0.578564 0.376401
v 0.054067 -0.598212 0.376401
v 0.107079 -0.578564 0.364869
v 0.107079 -0.598212 0.364869
v 0.157911 -0.578564 0.345910
v 0.157911 -0.598212 0.345910
v 0.205526 -0.578564 0.319910
v 0.205526 -0.598212 0.319910
v 0.248958 -0.578564 0.287398
v 0.248958 -0.598212 0.287398
v 0.287320 -0.578564 0.249036
v 0.287320 -0.598212 0.249036
v 0.319832 -0.578564 0.205605
v 0.319832 -0.598212 0.205605
v 0.345832 -0.578564 0.157989
v 0.345832 -0.598212 0.157989
v 0.366579 -0.588938 -0.098206
v 0.328659 -0.588938 -0.189753
v 0.268337 -0.588938 -0.268367
v 0.189723 -0.588938 -0.328689
v 0.098176 -0.588938 -0.366609
v -0.489259 -0.583154 -0.558174
v -0.558175 -0.583154 -0.489259
v 0.149355 -0.614592 -0.492493
v 0.113321 -0.588416 -0.422877
v 0.120815 -0.614592 -0.459198
v 0.151977 -0.588416 -0.468856
v 0.588416 0.468856 0.151977
v 0.673700 0.481669 -0.279946
v 0.673700 0.441552 -0.339763
v 0.673700 0.394068 -0.394027
v 0.673700 0.339804 -0.441511
v -0.588416 -0.434050 -0.057149
v -0.588416 -0.437232 -0.017236
v -0.588474 -0.437769 0.000000
v -0.588416 -0.437232 0.017236
v -0.588416 -0.434050 0.057149
v 0.392684 0.193650 -0.588396
v 0.478808 0.276440 -0.672241
v 0.478670 0.275665 -0.671886
v 0.379178 0.218919 -0.588396
v 0.481669 0.279987 -0.673679
v 0.441552 0.339804 -0.673679
v 0.347359 0.266538 -0.588396
v 0.394133 0.394057 -0.673674
v 0.309597 0.309598 -0.588396
v 0.339808 0.441553 -0.673687
v 0.266538 0.347360 -0.588396
v 0.218918 0.379178 -0.588396
v -0.060841 -0.614592 -0.471279
v -0.000000 -0.614593 -0.475565
v 0.060841 -0.614592 -0.471279
v 0.060844 -0.471324 -0.614562
v -0.000000 -0.475607 -0.614561
v -0.060844 -0.471324 -0.614562
v 0.057149 -0.434091 -0.588396
v 0.017236 -0.437273 -0.588396
v -0.000000 -0.437855 -0.588453
v -0.017236 -0.437273 -0.588396
v -0.057149 -0.434091 -0.588396
v -0.000000 0.589861 -0.614079
v -0.000000 0.614721 -0.589218
v 0.149159 0.589861 -0.614079
v -0.149385 0.492907 -0.614565
v -0.151999 0.467103 -0.588396
v 0.149363 0.492907 -0.614565
v 0.151977 0.467103 -0.588396
v 0.151977 0.588396 0.467103
v 0.120824 0.614563 0.459237
v 0.149363 0.614565 0.492907
v 0.113321 0.588396 0.422918
v -0.120824 0.614563 0.459237
v -0.151999 0.588396 0.467103
v -0.149385 0.614565 0.492907
v -0.113321 0.588396 0.422918
v -0.120815 0.459198 0.614592
v -0.151999 0.468856 0.588416
v -0.113321 0.422877 0.588416
v -0.149377 0.492494 0.614592
v 0.151977 0.588396 0.588427
v 0.149160 0.614079 0.589861
v -0.151999 0.588396 0.588427
v -0.149181 0.614079 0.589861
v 0.151977 0.468856 0.588416
v 0.120815 0.459198 0.614592
v 0.113321 0.422877 0.588416
v 0.149355 0.492493 0.614592
v -0.149182 0.589218 0.614721
v 0.000000 0.614079 0.589861
v 0.000000 0.589218 0.614721
v 0.149160 0.589218 0.614721
v 0.151977 -0.588396 0.467103
v 0.120824 -0.614563 0.459237
v 0.113321 -0.588396 0.422918
v 0.149363 -0.614565 0.492907
v 0.279964 0.673665 0.646631
v 0.646631 0.673671 0.646631
v -0.392684 -0.193609 0.588416
v -0.646631 -0.279923 0.673700
v -0.481669 -0.279946 0.673700
v -0.588427 -0.193608 0.588419
v -0.193650 -0.392643 0.588416
v -0.218918 -0.379137 0.588416
v -0.279986 -0.481628 0.673700
v -0.339804 -0.441511 0.673700
v -0.266538 -0.347319 0.588416
v -0.394068 -0.394027 0.673700
v -0.309597 -0.309557 0.588416
v -0.441552 -0.339763 0.673700
v -0.347359 -0.266497 0.588416
v -0.379178 -0.218878 0.588416
v -0.588416 -0.193609 0.392684
v -0.673705 -0.279923 0.646631
v -0.673700 -0.279946 0.481669
v -0.588416 -0.218878 0.379178
v -0.673700 -0.339763 0.441552
v -0.588416 -0.266497 0.347360
v -0.673700 -0.394027 0.394068
v -0.588416 -0.309557 0.309598
v -0.673700 -0.441511 0.339804
v -0.588416 -0.347319 0.266538
v -0.673700 -0.481628 0.279986
v -0.588416 -0.379137 0.218918
v -0.588416 -0.392643 0.193650
v -0.193651 -0.588341 0.588419
v -0.279964 -0.646631 0.673700
v 0.588416 -0.193609 0.392684
v 0.673705 -0.279923 0.646631
v 0.673700 -0.279946 0.481669
v 0.588427 -0.193608 0.588419
v 0.588416 -0.218878 0.379178
v 0.588416 -0.266497 0.347359
v 0.673700 -0.339763 0.441552
v 0.673700 -0.394027 0.394068
v 0.588416 -0.309557 0.309597
v 0.673700 -0.441511 0.339804
v 0.588416 -0.347319 0.266538
v 0.588416 -0.379137 0.218918
v 0.673700 -0.481628 0.279986
v 0.588416 -0.392643 0.193650
v 0.588427 -0.588396 0.193651
v 0.673705 -0.646631 0.279964
v -0.113321 -0.588396 0.422918
v -0.149385 -0.614565 0.492907
v -0.151999 -0.588396 0.467103
v -0.120824 -0.614563 0.459237
v 0.588416 0.193609 0.392684
v 0.588427 0.193608 0.588419
v -0.120815 -0.459198 0.614592
v -0.151999 -0.468856 0.588416
v -0.149377 -0.492494 0.614592
v -0.113321 -0.422877 0.588416
v 0.149160 -0.614079 0.589861
v 0.151977 -0.588396 0.588427
v 0.392684 0.193609 0.588416
v 0.193650 -0.392643 0.588416
v 0.279964 -0.646631 0.673700
v 0.279986 -0.481628 0.673700
v 0.193651 -0.588341 0.588419
v 0.218919 -0.379137 0.588416
v 0.266538 -0.347319 0.588416
v 0.339804 -0.441511 0.673700
v 0.309598 -0.309557 0.588416
v 0.394068 -0.394027 0.673700
v 0.347360 -0.266497 0.588416
v 0.441552 -0.339763 0.673700
v 0.379178 -0.218878 0.588416
v 0.481669 -0.279946 0.673700
v 0.392684 -0.193609 0.588416
v 0.646631 -0.279923 0.673700
v -0.279964 -0.673665 0.646631
v -0.646631 -0.646631 0.673699
v -0.646631 -0.673671 0.646631
v 0.481669 -0.673679 0.279987
v 0.646631 -0.673679 0.279964
v 0.392684 -0.588396 0.193650
v 0.588416 -0.113321 0.422877
v 0.614592 -0.149355 0.492493
v 0.588416 -0.151977 0.468856
v 0.614592 -0.120815 0.459198
v -0.151999 -0.588396 0.588427
v -0.149181 -0.614079 0.589861
v 0.467103 0.151999 0.588396
v 0.589861 0.149181 0.614079
v 0.588427 0.151999 0.588396
v 0.492907 0.149385 0.614565
v 0.279987 -0.673679 0.481669
v 0.279964 -0.673665 0.646631
v 0.193650 -0.588396 0.392684
v 0.218919 -0.588396 0.379178
v 0.646631 -0.646631 0.673699
v 0.673709 -0.646631 0.646631
v 0.467103 -0.151977 0.588396
v 0.589861 -0.149160 0.614079
v 0.492907 -0.149363 0.614565
v 0.588427 -0.151977 0.588396
v 0.588416 0.113321 0.422877
v 0.614592 0.149377 0.492494
v 0.614592 0.120815 0.459198
v 0.588416 0.151999 0.468856
v 0.422918 0.113321 0.588396
v 0.459237 0.120824 0.614563
v 0.422918 -0.113321 0.588396
v 0.459237 -0.120824 0.614563
v 0.339808 -0.673687 0.441553
v 0.266538 -0.588396 0.347359
v 0.394133 -0.673674 0.394057
v 0.309598 -0.588396 0.309597
v 0.441552 -0.673679 0.339804
v 0.347360 -0.588396 0.266538
v 0.379178 -0.588396 0.218918
v 0.646631 -0.673671 0.646631
v -0.673705 -0.646631 0.279964
v -0.673709 -0.646631 0.646631
v -0.646631 -0.673679 0.279964
v 0.000000 -0.589218 0.614721
v -0.149182 -0.589218 0.614721
v 0.000000 -0.614079 0.589861
v 0.149160 -0.589218 0.614721
v 0.614721 -0.149160 0.589218
v 0.193650 0.392643 0.588416
v 0.218919 0.379137 0.588416
v 0.266538 0.347319 0.588416
v 0.309598 0.309557 0.588416
v 0.347360 0.266497 0.588416
v 0.379178 0.218878 0.588416
v -0.646631 0.673671 0.646631
v -0.279964 0.646631 0.673700
v -0.279964 0.673665 0.646631
v -0.646631 0.646631 0.673699
v -0.673705 0.279923 0.646631
v -0.673709 0.646631 0.646631
v -0.646631 0.279923 0.673700
v -0.673705 0.646631 0.279964
v -0.588416 0.392643 0.193650
v -0.673700 0.481628 0.279986
v -0.588427 0.588396 0.193651
v -0.646631 0.673679 0.279964
v -0.588427 -0.588396 0.193651
v -0.193650 -0.588396 0.392684
v -0.279987 -0.673679 0.481669
v -0.481669 -0.673679 0.279987
v -0.392684 -0.588396 0.193650
v 0.149355 -0.492493 0.614592
v 0.113321 -0.422877 0.588416
v 0.120815 -0.459198 0.614592
v 0.151977 -0.468856 0.588416
v 0.193651 0.588341 0.588419
v 0.588427 0.588396 0.193651
v 0.588416 0.392643 0.193650
v -0.441552 -0.673679 0.339804
v -0.394133 -0.673674 0.394057
v -0.339808 -0.673687 0.441553
v 0.598212 -0.292316 -0.187833
v 0.598212 -0.262602 -0.227526
v 0.598212 -0.227542 -0.262586
v 0.598212 -0.187849 -0.292300
v 0.598212 -0.144331 -0.316062
v 0.598212 -0.097875 -0.333390
v 0.598212 -0.049425 -0.343929
v 0.598212 0.000031 -0.347467
v 0.598212 0.049487 -0.343929
v 0.598212 -0.262602 0.227620
v 0.598212 -0.292316 0.187927
v 0.598212 -0.316079 0.144410
v 0.598212 -0.333406 0.097953
v 0.598212 -0.343946 0.049504
v 0.598212 -0.347483 0.000047
v 0.598212 -0.343946 -0.049409
v 0.598212 -0.333406 -0.097859
v 0.598212 -0.316079 -0.144315
v 0.598212 0.144393 0.316157
v 0.598212 0.097937 0.333484
v 0.598212 0.049487 0.344024
v 0.598212 0.000031 0.347561
v 0.598212 -0.049425 0.344024
v 0.598212 -0.097875 0.333484
v 0.598212 -0.144332 0.316157
v 0.598212 -0.187849 0.292394
v 0.598212 -0.227542 0.262681
v 0.598212 0.344007 -0.049409
v 0.598212 0.347545 0.000047
v 0.598212 0.344007 0.049504
v 0.598212 0.333468 0.097953
v 0.598212 0.316140 0.144410
v 0.598212 0.292378 0.187927
v 0.598212 0.262664 0.227620
v 0.598212 0.227604 0.262681
v 0.598212 0.187911 0.292394
v 0.598212 0.097937 -0.333390
v 0.598212 0.144393 -0.316062
v 0.598212 0.187911 -0.292300
v 0.598212 0.227604 -0.262586
v 0.598212 0.262664 -0.227526
v 0.598212 0.292378 -0.187833
v 0.598212 0.316140 -0.144315
v 0.598212 0.333468 -0.097859
v 0.392684 0.588396 0.193650
v 0.379178 0.588396 0.218919
v 0.478808 0.672241 0.276440
v 0.478670 0.671886 0.275665
v 0.218919 0.588396 0.379178
v 0.193650 0.588396 0.392684
v 0.275665 0.671886 0.478670
v 0.276440 0.672241 0.478808
v 0.266538 0.588396 0.347360
v 0.339808 0.673687 0.441553
v 0.309598 0.588396 0.309598
v 0.394133 0.673674 0.394057
v 0.347360 0.588396 0.266538
v 0.441552 0.673679 0.339804
v 0.481669 0.673679 0.279987
v 0.279987 0.673679 0.481669
v -0.193651 0.588341 0.588419
v -0.279987 0.673679 0.481669
v -0.193650 0.588396 0.392684
v -0.481669 0.673679 0.279987
v -0.392684 0.588396 0.193650
v -0.379178 0.588396 0.218919
v -0.441552 0.673679 0.339804
v -0.347360 0.588396 0.266538
v -0.309598 0.588396 0.309598
v -0.394133 0.673674 0.394057
v -0.266538 0.588396 0.347360
v -0.339808 0.673687 0.441553
v -0.218918 0.588396 0.379178
v 0.589218 0.149182 -0.614721
v -0.193650 0.392643 0.588416
v -0.279986 0.481628 0.673700
v -0.481669 0.279946 0.673700
v -0.441552 0.339763 0.673700
v -0.394068 0.394027 0.673700
v -0.339804 0.441511 0.673700
v -0.588416 0.193609 0.392684
v -0.673700 0.279946 0.481669
v -0.588427 0.193608 0.588419
v -0.673700 0.441511 0.339804
v -0.673700 0.394027 0.394068
v -0.673700 0.339763 0.441552
v -0.218918 0.379137 0.588416
v -0.266538 0.347319 0.588416
v -0.309597 0.309557 0.588416
v -0.347359 0.266497 0.588416
v -0.379178 0.218878 0.588416
v -0.392684 0.193609 0.588416
v 0.585887 0.000031 0.197722
v 0.585887 0.028163 0.195710
v 0.585887 0.055722 0.189715
v 0.585887 0.082148 0.179858
v 0.585887 0.106902 0.166342
v 0.585887 0.129480 0.149440
v 0.585887 0.149423 0.129496
v 0.585887 0.166325 0.106918
v 0.585887 0.179842 0.082164
v 0.585887 -0.189636 0.055739
v 0.585887 -0.179780 0.082164
v 0.585887 -0.166264 0.106918
v 0.585887 -0.149362 0.129496
v 0.585887 -0.129418 0.149440
v 0.585887 -0.106840 0.166342
v 0.585887 -0.082086 0.179858
v 0.585887 -0.055660 0.189715
v 0.585887 -0.028101 0.195710
v 0.585887 -0.106840 -0.166247
v 0.585887 -0.129418 -0.149345
v 0.585887 -0.149362 -0.129402
v 0.585887 -0.166264 -0.106824
v 0.585887 -0.179780 -0.082070
v 0.585887 -0.189636 -0.055644
v 0.585887 -0.195632 -0.028085
v 0.585887 -0.197644 0.000047
v 0.585887 -0.195632 0.028179
v 0.585887 0.129480 -0.149345
v 0.585887 0.106902 -0.166247
v 0.585887 0.082148 -0.179764
v 0.585887 0.055722 -0.189620
v 0.585887 0.028163 -0.195615
v 0.585887 0.000031 -0.197627
v 0.585887 -0.028101 -0.195615
v 0.585887 -0.055660 -0.189620
v 0.585887 -0.082086 -0.179764
v 0.585887 0.189698 0.055739
v 0.585887 0.195693 0.028179
v 0.585887 0.197706 0.000047
v 0.585887 0.195693 -0.028085
v 0.585887 0.189698 -0.055644
v 0.585887 0.179842 -0.082070
v 0.585887 0.166325 -0.106824
v 0.585887 0.149423 -0.129402
v 0.585985 0.027891 -0.195711
v 0.585985 -0.000254 -0.197724
v 0.585985 0.000286 -0.333944
v 0.585985 -0.047246 -0.330545
v 0.585985 -0.028400 -0.195711
v 0.585985 -0.093810 -0.320415
v 0.585985 -0.055973 -0.189713
v 0.585985 -0.138459 -0.303762
v 0.585985 -0.082411 -0.179852
v 0.585985 -0.180283 -0.280924
v 0.585985 -0.107178 -0.166328
v 0.585985 -0.218432 -0.252367
v 0.585985 -0.129767 -0.149418
v 0.585985 -0.252128 -0.218671
v 0.585985 -0.149720 -0.129465
v 0.585985 -0.280685 -0.180522
v 0.585985 -0.166630 -0.106876
v 0.585985 -0.303523 -0.138698
v 0.585985 0.195503 -0.028099
v 0.585985 0.189505 -0.055671
v 0.585985 0.320749 -0.094049
v 0.585985 0.304096 -0.138698
v 0.585985 0.179644 -0.082110
v 0.585985 0.281258 -0.180522
v 0.585985 0.166121 -0.106876
v 0.585985 0.252700 -0.218671
v 0.585985 0.149211 -0.129465
v 0.585985 0.219004 -0.252367
v 0.585985 0.129258 -0.149418
v 0.585985 0.180856 -0.280924
v 0.585985 0.106669 -0.166328
v 0.585985 0.139031 -0.303762
v 0.585985 0.081903 -0.179852
v 0.585985 0.094383 -0.320415
v 0.585985 0.055464 -0.189713
v 0.585985 0.047818 -0.330545
v 0.585985 0.081903 0.179946
v 0.585985 0.106669 0.166423
v 0.585985 0.180856 0.281019
v 0.585985 0.219004 0.252461
v 0.585985 0.129258 0.149512
v 0.585985 0.252700 0.218765
v 0.585985 0.149211 0.129560
v 0.585985 0.281258 0.180617
v 0.585985 0.166121 0.106970
v 0.585985 0.304096 0.138792
v 0.585985 0.179644 0.082204
v 0.585985 0.320749 0.094144
v 0.585985 0.189505 0.055766
v 0.585985 0.330878 0.047579
v 0.585985 0.195503 0.028193
v 0.585985 0.334278 0.000047
v 0.585985 0.197516 0.000047
v 0.585985 0.330878 -0.047485
v 0.585985 -0.149720 0.129560
v 0.585985 -0.129767 0.149512
v 0.585985 -0.218432 0.252461
v 0.585985 -0.180283 0.281019
v 0.585985 -0.107178 0.166423
v 0.585985 -0.138459 0.303857
v 0.585985 -0.082411 0.179946
v 0.585985 -0.093810 0.320510
v 0.585985 -0.055973 0.189807
v 0.585985 -0.047246 0.330639
v 0.585985 -0.028400 0.195805
v 0.585985 0.000286 0.334039
v 0.585985 -0.000254 0.197818
v 0.585985 0.047818 0.330639
v 0.585985 0.027891 0.195805
v 0.585985 0.094383 0.320510
v 0.585985 0.055464 0.189807
v 0.585985 0.139031 0.303857
v 0.585985 -0.180153 -0.082110
v 0.585985 -0.320176 -0.094049
v 0.585985 -0.190014 -0.055671
v 0.585985 -0.330306 -0.047485
v 0.585985 -0.196012 -0.028099
v 0.585985 -0.333705 0.000047
v 0.585985 -0.198025 0.000047
v 0.585985 -0.330306 0.047579
v 0.585985 -0.196012 0.028193
v 0.585985 -0.320176 0.094143
v 0.585985 -0.190014 0.055766
v 0.585985 -0.303523 0.138792
v 0.585985 -0.180153 0.082204
v 0.585985 -0.280685 0.180617
v 0.585985 -0.166630 0.106970
v 0.585985 -0.252128 0.218765
v 0.588427 -0.588396 0.151999
v 0.646631 0.673679 0.279964
v -0.060841 0.471279 0.614592
v 0.000000 0.475565 0.614593
v 0.060841 0.471279 0.614592
v 0.614721 -0.000000 0.589218
v 0.614721 0.149182 0.589218
v 0.589861 -0.000000 0.614079
v 0.589861 0.614079 -0.149181
v 0.060844 0.614562 0.471324
v 0.000000 0.614561 0.475607
v -0.060844 0.614562 0.471324
v -0.060841 -0.471279 0.614592
v 0.000000 -0.475565 0.614593
v 0.060841 -0.471279 0.614592
v 0.060844 -0.614562 0.471324
v 0.000000 -0.614561 0.475607
v -0.060844 -0.614562 0.471324
v 0.057149 -0.588396 0.434091
v 0.017236 -0.588396 0.437273
v 0.000000 -0.588453 0.437855
v -0.017236 -0.588396 0.437273
v -0.057149 -0.588396 0.434091
v -0.057149 0.434050 0.588416
v -0.017236 0.437232 0.588416
v 0.000000 0.437769 0.588474
v 0.017236 0.437232 0.588416
v 0.057149 0.434050 0.588416
v 0.471324 0.060844 0.614562
v 0.475607 -0.000000 0.614561
v 0.471324 -0.060844 0.614562
v 0.434091 0.057149 0.588396
v 0.437273 0.017236 0.588396
v 0.437855 -0.000000 0.588453
v 0.437273 -0.017236 0.588396
v 0.434091 -0.057149 0.588396
v 0.187833 -0.598212 -0.292316
v 0.227526 -0.598212 -0.262602
v 0.262586 -0.598212 -0.227542
v 0.292300 -0.598212 -0.187849
v 0.316062 -0.598212 -0.144332
v 0.333390 -0.598212 -0.097875
v 0.343929 -0.598212 -0.049426
v 0.347466 -0.598212 0.000031
v 0.343929 -0.598212 0.049487
v -0.227620 -0.598212 -0.262602
v -0.187927 -0.598212 -0.292316
v -0.144410 -0.598212 -0.316079
v -0.097953 -0.598212 -0.333406
v -0.049504 -0.598212 -0.343946
v -0.000047 -0.598212 -0.347483
v 0.049409 -0.598212 -0.343946
v 0.097859 -0.598212 -0.333406
v 0.144315 -0.598212 -0.316079
v -0.316157 -0.598212 0.144393
v -0.333484 -0.598212 0.097937
v -0.344024 -0.598212 0.049487
v -0.347561 -0.598212 0.000031
v -0.344024 -0.598212 -0.049425
v -0.333484 -0.598212 -0.097875
v -0.316157 -0.598212 -0.144332
v -0.292394 -0.598212 -0.187849
v -0.262681 -0.598212 -0.227542
v 0.049409 -0.598212 0.344007
v -0.000047 -0.598212 0.347545
v -0.049504 -0.598212 0.344007
v -0.097953 -0.598212 0.333468
v -0.144410 -0.598212 0.316140
v -0.187927 -0.598212 0.292378
v -0.227620 -0.598212 0.262664
v -0.262681 -0.598212 0.227604
v -0.292394 -0.598212 0.187911
v 0.333390 -0.598212 0.097937
v 0.316062 -0.598212 0.144393
v 0.292300 -0.598212 0.187911
v 0.262586 -0.598212 0.227604
v 0.227526 -0.598212 0.262664
v 0.187833 -0.598212 0.292378
v 0.144315 -0.598212 0.316140
v 0.097859 -0.598212 0.333468
v 0.588416 0.057149 0.434050
v 0.614592 0.060841 0.471279
v 0.588416 0.017236 0.437232
v 0.588474 -0.000000 0.437769
v 0.614593 -0.000000 0.475565
v 0.588416 -0.017236 0.437232
v 0.588416 -0.057149 0.434050
v 0.614592 -0.060841 0.471279
v -0.553487 -0.488770 -0.588855
v -0.366579 -0.098206 -0.588938
v -0.328659 -0.189753 -0.588938
v -0.268337 -0.268367 -0.588938
v -0.189723 -0.328689 -0.588938
v -0.098176 -0.366609 -0.588938
v -0.488770 -0.553487 -0.588855
v -0.014283 -0.553195 -0.587743
v -0.013348 -0.377777 -0.588938
v -0.588416 0.468856 -0.151999
v -0.459237 0.614563 -0.120824
v -0.434091 0.588396 -0.057149
v -0.422918 0.588396 -0.113321
v -0.471324 0.614562 -0.060844
v -0.475607 0.614561 0.000000
v -0.437273 0.588396 -0.017235
v -0.437855 0.588453 0.000000
v -0.437273 0.588396 0.017236
v -0.471324 0.614562 0.060844
v -0.434091 0.588396 0.057149
v -0.459237 0.614563 0.120824
v -0.422918 0.588396 0.113321
v -0.588416 0.422877 -0.113321
v -0.492907 0.614565 0.149363
v -0.467103 0.588396 0.151977
v -0.467103 0.588396 -0.151999
v -0.492907 0.614565 -0.149385
v -0.588416 0.422877 0.113321
v -0.582613 0.558175 0.008791
v -0.588938 0.377849 0.013348
v -0.587743 0.553195 0.014283
v -0.581536 0.378555 0.007981
v -0.378453 0.008083 -0.581536
v -0.553195 0.014283 -0.587743
v -0.377747 0.013450 -0.588938
v -0.558175 0.008791 -0.582612
v 0.558174 0.008791 -0.582613
v 0.377879 0.013450 -0.588938
v 0.553195 0.014283 -0.587743
v 0.378585 0.008083 -0.581536
v 0.553487 0.488770 -0.588855
v 0.366711 0.098278 -0.588938
v 0.328791 0.189825 -0.588938
v 0.268469 0.268439 -0.588938
v 0.189855 0.328761 -0.588938
v 0.098308 0.366681 -0.588938
v 0.488770 0.553487 -0.588855
v -0.581536 -0.378483 0.007981
v -0.582613 -0.558175 0.008791
v -0.582612 -0.008791 0.558175
v -0.581536 -0.008011 0.378453
v -0.581536 0.008083 0.378453
v -0.587743 0.014283 0.553195
v -0.588938 0.013450 0.377747
v -0.582612 0.008791 0.558175
v 0.588416 0.392684 -0.193609
v 0.588427 0.588419 -0.193608
v 0.589861 0.614079 0.000000
v -0.581536 -0.008011 -0.378585
v -0.588938 -0.013378 -0.377879
v -0.588938 -0.377777 -0.013480
v -0.581536 -0.378483 -0.008113
v -0.581536 0.378555 -0.008113
v -0.587743 0.553195 -0.014283
v -0.588938 0.377849 -0.013480
v -0.582613 0.558175 -0.008791
v -0.582613 0.008791 -0.558174
v -0.588938 0.013450 -0.377879
v -0.587743 0.014283 -0.553195
v -0.581536 0.008083 -0.378585
v -0.583154 -0.489259 0.558175
v -0.583154 -0.558175 0.489259
v -0.588855 0.553487 0.488770
v -0.588938 0.366681 0.098176
v -0.588938 0.328761 0.189723
v -0.588938 0.268439 0.268337
v -0.588938 0.189825 0.328659
v -0.588938 0.098278 0.366579
v -0.588855 0.488770 0.553487
v -0.588855 0.488770 -0.553487
v -0.588938 0.098278 -0.366711
v -0.588938 0.189825 -0.328791
v -0.588938 0.268439 -0.268469
v -0.588938 0.328761 -0.189855
v -0.588938 0.366681 -0.098308
v -0.588855 0.553487 -0.488770
v 0.098308 -0.366609 -0.588938
v 0.189855 -0.328689 -0.588938
v 0.268469 -0.268367 -0.588938
v 0.328791 -0.189753 -0.588938
v 0.366711 -0.098206 -0.588938
v -0.588938 -0.366609 -0.098308
v -0.588938 -0.328689 -0.189855
v -0.588938 -0.268367 -0.268469
v -0.588938 -0.189753 -0.328791
v -0.588938 -0.098206 -0.366711
v -0.007981 -0.378483 -0.581536
v -0.008791 -0.558175 -0.582613
v -0.583154 0.558175 0.489259
v -0.583154 0.489259 0.558175
v -0.583154 0.489259 -0.558174
v -0.583154 0.558175 -0.489259
v -0.378585 0.581536 0.008011
v 0.422877 -0.113321 -0.588416
v 0.459198 -0.120815 -0.614592
v 0.589218 0.000000 -0.614721
v 0.614079 0.000000 -0.589861
v 0.614592 -0.471279 0.060841
v 0.614593 -0.475565 -0.000000
v 0.614592 -0.471279 -0.060841
v 0.471324 -0.614562 -0.060844
v 0.475607 -0.614561 -0.000000
v 0.471324 -0.614562 0.060844
v 0.434091 -0.588396 -0.057149
v 0.437273 -0.588396 -0.017236
v 0.437855 -0.588453 -0.000000
v 0.437273 -0.588396 0.017235
v 0.434091 -0.588396 0.057149
v -0.588416 0.434050 -0.057149
v -0.588416 0.437232 -0.017235
v -0.588474 0.437769 0.000000
v -0.588416 0.437232 0.017236
v -0.588416 0.434050 0.057149
v 0.161660 -0.589766 -0.103892
v 0.184389 -0.589766 0.054186
v 0.174804 -0.589766 0.079883
v 0.190218 -0.589766 0.027387
v 0.192175 -0.589766 0.000031
v 0.190218 -0.589766 -0.027325
v 0.184389 -0.589766 -0.054124
v 0.174804 -0.589766 -0.079821
v -0.184483 -0.589766 0.054186
v -0.190313 -0.589766 0.027387
v -0.174899 -0.589766 0.079883
v -0.161755 -0.589766 0.103954
v -0.145319 -0.589766 0.125910
v -0.125926 -0.589766 0.145303
v -0.103970 -0.589766 0.161738
v -0.079899 -0.589766 0.174882
v -0.054202 -0.589766 0.184467
v -0.027403 -0.589766 0.190296
v -0.000047 -0.589766 0.192253
v 0.027309 -0.589766 0.190296
v 0.054108 -0.589766 0.184467
v 0.079805 -0.589766 0.174882
v 0.103876 -0.589766 0.161738
v 0.125831 -0.589766 0.145303
v 0.145225 -0.589766 0.125910
v 0.161660 -0.589766 0.103954
v 0.125831 -0.589766 -0.145241
v 0.145225 -0.589766 -0.125848
v 0.103876 -0.589766 -0.161677
v 0.079805 -0.589766 -0.174820
v 0.054108 -0.589766 -0.184405
v 0.027309 -0.589766 -0.190235
v -0.000047 -0.589766 -0.192191
v -0.027403 -0.589766 -0.190235
v -0.054202 -0.589766 -0.184405
v -0.079899 -0.589766 -0.174820
v -0.103970 -0.589766 -0.161677
v -0.125926 -0.589766 -0.145241
v -0.145319 -0.589766 -0.125848
v -0.161755 -0.589766 -0.103892
v -0.174899 -0.589766 -0.079821
v -0.184483 -0.589766 -0.054124
v -0.190313 -0.589766 -0.027325
v -0.192269 -0.589766 0.000031
v 0.292300 -0.589315 0.187911
v 0.316062 -0.589315 0.144393
v 0.262586 -0.589315 0.227604
v 0.227526 -0.589315 0.262664
v 0.187833 -0.589315 0.292378
v 0.144315 -0.589315 0.316140
v 0.097859 -0.589315 0.333468
v 0.049409 -0.589315 0.344007
v -0.000047 -0.589315 0.347545
v 0.262586 -0.589315 -0.227542
v 0.227526 -0.589315 -0.262602
v 0.292300 -0.589315 -0.187849
v 0.316062 -0.589315 -0.144332
v 0.333390 -0.589315 -0.097875
v 0.343929 -0.589315 -0.049426
v 0.347466 -0.589315 0.000031
v 0.343929 -0.589315 0.049487
v 0.333390 -0.589315 0.097937
v -0.144410 -0.589315 -0.316079
v -0.187927 -0.589315 -0.292316
v -0.097953 -0.589315 -0.333406
v -0.049504 -0.589315 -0.343946
v -0.000047 -0.589315 -0.347483
v 0.049409 -0.589315 -0.343946
v 0.097859 -0.589315 -0.333406
v 0.144315 -0.589315 -0.316079
v 0.187833 -0.589315 -0.292316
v -0.344024 -0.589315 0.049487
v -0.333484 -0.589315 0.097937
v -0.347561 -0.589315 0.000031
v -0.344024 -0.589315 -0.049425
v -0.333484 -0.589315 -0.097875
v -0.316157 -0.589315 -0.144332
v -0.292394 -0.589315 -0.187849
v -0.262681 -0.589315 -0.227542
v -0.227620 -0.589315 -0.262602
v -0.049504 -0.589315 0.344007
v -0.097953 -0.589315 0.333468
v -0.144410 -0.589315 0.316140
v -0.187927 -0.589315 0.292378
v -0.227620 -0.589315 0.262664
v -0.262681 -0.589315 0.227604
v -0.292394 -0.589315 0.187911
v -0.316157 -0.589315 0.144393
v 0.471324 0.614562 -0.060844
v 0.475607 0.614561 0.000000
v 0.471324 0.614562 0.060844
v 0.434091 0.588396 -0.057149
v 0.437273 0.588396 -0.017236
v 0.437855 0.588453 0.000000
v 0.437273 0.588396 0.017236
v 0.434091 0.588396 0.057149
v 0.588416 0.379178 -0.218878
v 0.588416 0.347360 -0.266497
v 0.588416 0.309598 -0.309557
v 0.588416 0.266538 -0.347319
v 0.588416 0.218919 -0.379137
v 0.195711 -0.585985 0.027891
v 0.197724 -0.585985 -0.000255
v 0.333599 -0.585985 0.000286
v 0.330203 -0.585985 -0.047197
v 0.195711 -0.585985 -0.028400
v 0.320084 -0.585985 -0.093713
v 0.189713 -0.585985 -0.055973
v 0.303448 -0.585985 -0.138316
v 0.179852 -0.585985 -0.082412
v 0.280634 -0.585985 -0.180097
v 0.166328 -0.585985 -0.107178
v 0.252106 -0.585985 -0.218206
v 0.149418 -0.585985 -0.129767
v 0.218445 -0.585985 -0.251867
v 0.129465 -0.585985 -0.149720
v 0.180336 -0.585985 -0.280395
v 0.106876 -0.585985 -0.166630
v 0.138555 -0.585985 -0.303209
v 0.028099 -0.585985 0.195503
v 0.055671 -0.585985 0.189505
v 0.093952 -0.585985 0.320418
v 0.138555 -0.585985 0.303782
v 0.082110 -0.585985 0.179644
v 0.180336 -0.585985 0.280968
v 0.106876 -0.585985 0.166121
v 0.218445 -0.585985 0.252439
v 0.129465 -0.585985 0.149211
v 0.252106 -0.585985 0.218778
v 0.149418 -0.585985 0.129258
v 0.280634 -0.585985 0.180669
v 0.166328 -0.585985 0.106668
v 0.303448 -0.585985 0.138888
v 0.179852 -0.585985 0.081902
v 0.320084 -0.585985 0.094285
v 0.189713 -0.585985 0.055464
v 0.330203 -0.585985 0.047769
v -0.179946 -0.585985 0.081903
v -0.166423 -0.585985 0.106668
v -0.280728 -0.585985 0.180669
v -0.252200 -0.585985 0.218778
v -0.149512 -0.585985 0.129258
v -0.218539 -0.585985 0.252439
v -0.129560 -0.585985 0.149211
v -0.180430 -0.585985 0.280968
v -0.106970 -0.585985 0.166121
v -0.138649 -0.585985 0.303782
v -0.082204 -0.585985 0.179644
v -0.094046 -0.585985 0.320418
v -0.055766 -0.585985 0.189505
v -0.047530 -0.585985 0.330537
v -0.028193 -0.585985 0.195503
v -0.000047 -0.585985 0.333933
v -0.000047 -0.585985 0.197516
v 0.047436 -0.585985 0.330537
v -0.129560 -0.585985 -0.149720
v -0.149512 -0.585985 -0.129767
v -0.252200 -0.585985 -0.218206
v -0.280728 -0.585985 -0.180097
v -0.166423 -0.585985 -0.107178
v -0.303543 -0.585985 -0.138316
v -0.179946 -0.585985 -0.082412
v -0.320179 -0.585985 -0.093713
v -0.189807 -0.585985 -0.055973
v -0.330298 -0.585985 -0.047197
v -0.195805 -0.585985 -0.028400
v -0.333694 -0.585985 0.000286
v -0.197818 -0.585985 -0.000255
v -0.330298 -0.585985 0.047769
v -0.195805 -0.585985 0.027891
v -0.320179 -0.585985 0.094285
v -0.189807 -0.585985 0.055464
v -0.303543 -0.585985 0.138888
v 0.082110 -0.585985 -0.180153
v 0.093952 -0.585985 -0.319845
v 0.055671 -0.585985 -0.190014
v 0.047436 -0.585985 -0.329964
v 0.028099 -0.585985 -0.196012
v -0.000047 -0.585985 -0.333360
v -0.000047 -0.585985 -0.198025
v -0.047530 -0.585985 -0.329964
v -0.028193 -0.585985 -0.196012
v -0.094046 -0.585985 -0.319845
v -0.055766 -0.585985 -0.190014
v -0.138649 -0.585985 -0.303209
v -0.082204 -0.585985 -0.180153
v -0.180430 -0.585985 -0.280395
v -0.106970 -0.585985 -0.166630
v -0.218539 -0.585985 -0.251867
v 0.588416 0.434050 -0.057149
v 0.588416 0.437232 -0.017236
v 0.588474 0.437769 0.000000
v 0.588416 0.437232 0.017236
v 0.588416 0.434050 0.057149
v 0.588416 0.422877 0.113321
v 0.378453 0.581536 -0.008083
v 0.558175 0.582613 -0.008791
v 0.008791 0.558175 0.582613
v 0.013348 0.377849 0.588938
v 0.014283 0.553195 0.587743
v 0.007981 0.378555 0.581536
v 0.007981 -0.378483 0.581536
v 0.014283 -0.553195 0.587743
v 0.013348 -0.377777 0.588938
v 0.008791 -0.558175 0.582613
v 0.558175 -0.008791 0.582612
v 0.377747 -0.013378 0.588938
v 0.553195 -0.014283 0.587743
v 0.378453 -0.008011 0.581536
v 0.378453 0.008083 0.581536
v 0.553195 0.014283 0.587743
v 0.377747 0.013450 0.588938
v 0.558175 0.008791 0.582612
v -0.345926 0.598212 -0.157989
v -0.319926 0.578564 -0.205605
v -0.345926 0.578564 -0.157989
v -0.319926 0.598212 -0.205605
v -0.287414 0.578564 -0.249036
v -0.287414 0.598212 -0.249036
v -0.249052 0.578564 -0.287398
v -0.249052 0.598212 -0.287398
v -0.205621 0.578564 -0.319910
v -0.205621 0.598212 -0.319910
v -0.158005 0.578564 -0.345910
v -0.158005 0.598212 -0.345910
v -0.107173 0.578564 -0.364869
v -0.107173 0.598212 -0.364869
v -0.054161 0.578564 -0.376401
v -0.054161 0.598212 -0.376401
v -0.000047 0.578564 -0.380272
v -0.000047 0.598212 -0.380272
v -0.249052 0.598212 0.287336
v -0.287414 0.578564 0.248974
v -0.249052 0.578564 0.287336
v -0.287414 0.598212 0.248974
v -0.319926 0.578564 0.205543
v -0.319926 0.598212 0.205543
v -0.345926 0.578564 0.157927
v -0.345926 0.598212 0.157927
v -0.364886 0.578564 0.107095
v -0.364886 0.598212 0.107095
v -0.376418 0.578564 0.054083
v -0.376418 0.598212 0.054083
v -0.380288 0.578564 -0.000031
v -0.380288 0.598212 -0.000031
v -0.376418 0.578564 -0.054145
v -0.376418 0.598212 -0.054145
v -0.364886 0.578564 -0.107157
v -0.364886 0.598212 -0.107157
v 0.205526 0.598212 0.319848
v 0.157911 0.578564 0.345848
v 0.205526 0.578564 0.319848
v 0.157911 0.598212 0.345848
v 0.107079 0.578564 0.364808
v 0.107079 0.598212 0.364808
v 0.054067 0.578564 0.376340
v 0.054067 0.598212 0.376340
v -0.000047 0.578564 0.380210
v -0.000047 0.598212 0.380210
v -0.054161 0.578564 0.376340
v -0.054161 0.598212 0.376340
v -0.107173 0.578564 0.364808
v -0.107173 0.598212 0.364808
v -0.158005 0.578564 0.345848
v -0.158005 0.598212 0.345848
v -0.205621 0.578564 0.319848
v -0.205621 0.598212 0.319848
v 0.364791 0.598212 -0.107157
v 0.376323 0.578564 -0.054145
v 0.364791 0.578564 -0.107157
v 0.376323 0.598212 -0.054145
v 0.380194 0.578564 -0.000031
v 0.380194 0.598212 -0.000031
v 0.376323 0.578564 0.054083
v 0.376323 0.598212 0.054083
v 0.364791 0.578564 0.107095
v 0.364791 0.598212 0.107095
v 0.345832 0.578564 0.157927
v 0.345832 0.598212 0.157927
v 0.319832 0.578564 0.205543
v 0.319832 0.598212 0.205543
v 0.287320 0.578564 0.248974
v 0.287320 0.598212 0.248974
v 0.248958 0.578564 0.287336
v 0.248958 0.598212 0.287336
v 0.054067 0.578564 -0.376401
v 0.054067 0.598212 -0.376401
v 0.107079 0.578564 -0.364869
v 0.107079 0.598212 -0.364869
v 0.157911 0.578564 -0.345910
v 0.157911 0.598212 -0.345910
v 0.205526 0.578564 -0.319910
v 0.205526 0.598212 -0.319910
v 0.248958 0.578564 -0.287398
v 0.248958 0.598212 -0.287398
v 0.287320 0.578564 -0.249036
v 0.287320 0.598212 -0.249036
v 0.319832 0.578564 -0.205605
v 0.319832 0.598212 -0.205605
v 0.345832 0.578564 -0.157989
v 0.345832 0.598212 -0.157989
v 0.218918 0.588416 -0.379137
v 0.266538 0.588416 -0.347319
v 0.339804 0.673700 -0.441511
v 0.309598 0.588416 -0.309557
v 0.394068 0.673700 -0.394027
v 0.347360 0.588416 -0.266497
v 0.441552 0.673700 -0.339763
v 0.379178 0.588416 -0.218878
v 0.481669 0.673700 -0.279946
v 0.392684 0.588416 -0.193609
v -0.558175 -0.489259 -0.583154
v -0.489259 -0.558175 -0.583154
v -0.316062 0.144393 -0.598212
v -0.292300 0.187911 -0.589315
v -0.316062 0.144393 -0.589315
v -0.292300 0.187911 -0.598212
v -0.262586 0.227604 -0.589315
v -0.262586 0.227604 -0.598212
v -0.227526 0.262664 -0.589315
v -0.227526 0.262664 -0.598212
v -0.187833 0.292378 -0.589315
v -0.187833 0.292378 -0.598212
v -0.144315 0.316141 -0.589315
v -0.144315 0.316141 -0.598212
v -0.097859 0.333468 -0.589315
v -0.097859 0.333468 -0.598212
v -0.049409 0.344007 -0.589315
v -0.049409 0.344007 -0.598212
v 0.000047 0.347545 -0.589315
v 0.000047 0.347545 -0.598212
v -0.227526 -0.262602 -0.598212
v -0.262586 -0.227542 -0.589315
v -0.227526 -0.262602 -0.589315
v -0.262586 -0.227542 -0.598212
v -0.292300 -0.187849 -0.589315
v -0.292300 -0.187849 -0.598212
v -0.316062 -0.144331 -0.589315
v -0.316062 -0.144331 -0.598212
v -0.333390 -0.097875 -0.589315
v -0.333390 -0.097875 -0.598212
v -0.343929 -0.049425 -0.589315
v -0.343929 -0.049425 -0.598212
v -0.347467 0.000031 -0.589315
v -0.347467 0.000031 -0.598212
v -0.343929 0.049487 -0.589315
v -0.343929 0.049487 -0.598212
v -0.333390 0.097937 -0.589315
v -0.333390 0.097937 -0.598212
v 0.187927 -0.292316 -0.598212
v 0.144410 -0.316079 -0.589315
v 0.187927 -0.292316 -0.589315
v 0.144410 -0.316079 -0.598212
v 0.097953 -0.333406 -0.589315
v 0.097953 -0.333406 -0.598212
v 0.049504 -0.343946 -0.589315
v 0.049504 -0.343946 -0.598212
v 0.000047 -0.347483 -0.589315
v 0.000047 -0.347483 -0.598212
v -0.049409 -0.343946 -0.589315
v -0.049409 -0.343946 -0.598212
v -0.097859 -0.333406 -0.589315
v -0.097859 -0.333406 -0.598212
v -0.144315 -0.316079 -0.589315
v -0.144315 -0.316079 -0.598212
v -0.187833 -0.292316 -0.589315
v -0.187833 -0.292316 -0.598212
v 0.333484 0.097937 -0.598212
v 0.344024 0.049487 -0.589315
v 0.333484 0.097937 -0.589315
v 0.344024 0.049487 -0.598212
v 0.347561 0.000031 -0.589315
v 0.347561 0.000031 -0.598212
v 0.344024 -0.049425 -0.589315
v 0.344024 -0.049425 -0.598212
v 0.333484 -0.097875 -0.589315
v 0.333484 -0.097875 -0.598212
v 0.316157 -0.144331 -0.589315
v 0.316157 -0.144331 -0.598212
v 0.292394 -0.187849 -0.589315
v 0.292394 -0.187849 -0.598212
v 0.262681 -0.227542 -0.589315
v 0.262681 -0.227542 -0.598212
v 0.227620 -0.262602 -0.589315
v 0.227620 -0.262602 -0.598212
v 0.049504 0.344007 -0.589315
v 0.049504 0.344007 -0.598212
v 0.097953 0.333468 -0.589315
v 0.097953 0.333468 -0.598212
v 0.144410 0.316141 -0.589315
v 0.144410 0.316141 -0.598212
v 0.187927 0.292378 -0.589315
v 0.187927 0.292378 -0.598212
v 0.227620 0.262664 -0.589315
v 0.227620 0.262664 -0.598212
v 0.262681 0.227604 -0.589315
v 0.262681 0.227604 -0.598212
v 0.292394 0.187911 -0.589315
v 0.292394 0.187911 -0.598212
v 0.316157 0.144393 -0.589315
v 0.316157 0.144393 -0.598212
v -0.489259 0.558175 -0.583154
v -0.008791 0.558175 -0.582613
v -0.014283 0.553195 -0.587743
v -0.488770 0.553487 -0.588855
v -0.553487 0.488770 -0.588855
v -0.558175 0.489259 -0.583154
v -0.013348 0.377849 -0.588938
v -0.007981 0.378555 -0.581536
v -0.378585 -0.008011 0.581536
v -0.553195 -0.014283 0.587743
v -0.377879 -0.013378 0.588938
v -0.558174 -0.008791 0.582613
v -0.008791 -0.558175 0.582613
v -0.013480 -0.377777 0.588938
v -0.014283 -0.553195 0.587743
v -0.008113 -0.378483 0.581536
v -0.008113 0.378555 0.581536
v -0.014283 0.553195 0.587743
v -0.013480 0.377849 0.588938
v -0.008791 0.558175 0.582613
v -0.558174 0.008791 0.582613
v -0.377879 0.013450 0.588938
v -0.553195 0.014283 0.587743
v -0.378585 0.008083 0.581536
v 0.345926 0.157989 -0.598212
v 0.319926 0.205605 -0.578564
v 0.345926 0.157989 -0.578564
v 0.319926 0.205605 -0.598212
v 0.287414 0.249036 -0.578564
v 0.287414 0.249036 -0.598212
v 0.249052 0.287398 -0.578564
v 0.249052 0.287398 -0.598212
v 0.205621 0.319910 -0.578564
v 0.205621 0.319910 -0.598212
v 0.158005 0.345910 -0.578564
v 0.158005 0.345910 -0.598212
v 0.107173 0.364869 -0.578564
v 0.107173 0.364869 -0.598212
v 0.054161 0.376401 -0.578564
v 0.054161 0.376401 -0.598212
v 0.000047 0.380272 -0.578564
v 0.000047 0.380272 -0.598212
v 0.249052 -0.287336 -0.598212
v 0.287414 -0.248974 -0.578564
v 0.249052 -0.287336 -0.578564
v 0.287414 -0.248974 -0.598212
v 0.319926 -0.205543 -0.578564
v 0.319926 -0.205543 -0.598212
v 0.345926 -0.157927 -0.578564
v 0.345926 -0.157927 -0.598212
v 0.364886 -0.107095 -0.578564
v 0.364886 -0.107095 -0.598212
v 0.376418 -0.054083 -0.578564
v 0.376418 -0.054083 -0.598212
v 0.380288 0.000031 -0.578564
v 0.380288 0.000031 -0.598212
v 0.376418 0.054145 -0.578564
v 0.376418 0.054145 -0.598212
v 0.364886 0.107157 -0.578564
v 0.364886 0.107157 -0.598212
v -0.205526 -0.319848 -0.598212
v -0.157911 -0.345848 -0.578564
v -0.205526 -0.319848 -0.578564
v -0.157911 -0.345848 -0.598212
v -0.107079 -0.364807 -0.578564
v -0.107079 -0.364807 -0.598212
v -0.054067 -0.376340 -0.578564
v -0.054067 -0.376340 -0.598212
v 0.000047 -0.380210 -0.578564
v 0.000047 -0.380210 -0.598212
v 0.054161 -0.376340 -0.578564
v 0.054161 -0.376340 -0.598212
v 0.107173 -0.364807 -0.578564
v 0.107173 -0.364807 -0.598212
v 0.158005 -0.345848 -0.578564
v 0.158005 -0.345848 -0.598212
v 0.205621 -0.319848 -0.578564
v 0.205621 -0.319848 -0.598212
v -0.364791 0.107157 -0.598212
v -0.376323 0.054145 -0.578564
v -0.364791 0.107157 -0.578564
v -0.376323 0.054145 -0.598212
v -0.380194 0.000031 -0.578564
v -0.380194 0.000031 -0.598212
v -0.376323 -0.054083 -0.578564
v -0.376323 -0.054083 -0.598212
v -0.364791 -0.107095 -0.578564
v -0.364791 -0.107095 -0.598212
v -0.345832 -0.157927 -0.578564
v -0.345832 -0.157927 -0.598212
v -0.319832 -0.205543 -0.578564
v -0.319832 -0.205543 -0.598212
v -0.287320 -0.248974 -0.578564
v -0.287320 -0.248974 -0.598212
v -0.248958 -0.287336 -0.578564
v -0.248958 -0.287336 -0.598212
v -0.054067 0.376401 -0.578564
v -0.054067 0.376401 -0.598212
v -0.107079 0.364869 -0.578564
v -0.107079 0.364869 -0.598212
v -0.157911 0.345910 -0.578564
v -0.157911 0.345910 -0.598212
v -0.205526 0.319910 -0.578564
v -0.205526 0.319910 -0.598212
v -0.248958 0.287398 -0.578564
v -0.248958 0.287398 -0.598212
v -0.287320 0.249036 -0.578564
v -0.287320 0.249036 -0.598212
v -0.319832 0.205605 -0.578564
v -0.319832 0.205605 -0.598212
v -0.345832 0.157989 -0.578564
v -0.345832 0.157989 -0.598212
v 0.316062 0.598212 -0.144393
v 0.292300 0.589315 -0.187911
v 0.316062 0.589315 -0.144393
v 0.292300 0.598212 -0.187911
v 0.262586 0.589315 -0.227604
v 0.262586 0.598212 -0.227604
v 0.227526 0.589315 -0.262664
v 0.227526 0.598212 -0.262664
v 0.187833 0.589315 -0.292378
v 0.187833 0.598212 -0.292378
v 0.144315 0.589315 -0.316140
v 0.144315 0.598212 -0.316140
v 0.097859 0.589315 -0.333468
v 0.097859 0.598212 -0.333468
v 0.049409 0.589315 -0.344007
v 0.049409 0.598212 -0.344007
v -0.000047 0.589315 -0.347545
v -0.000047 0.598212 -0.347545
v 0.227526 0.598212 0.262602
v 0.262586 0.589315 0.227542
v 0.227526 0.589315 0.262602
v 0.262586 0.598212 0.227542
v 0.292300 0.589315 0.187849
v 0.292300 0.598212 0.187849
v 0.316062 0.589315 0.144332
v 0.316062 0.598212 0.144332
v 0.333390 0.589315 0.097875
v 0.333390 0.598212 0.097875
v 0.343929 0.589315 0.049425
v 0.343929 0.598212 0.049425
v 0.347466 0.589315 -0.000031
v 0.347466 0.598212 -0.000031
v 0.343929 0.589315 -0.049487
v 0.343929 0.598212 -0.049487
v 0.333390 0.589315 -0.097937
v 0.333390 0.598212 -0.097937
v -0.187927 0.598212 0.292316
v -0.144410 0.589315 0.316079
v -0.187927 0.589315 0.292316
v -0.144410 0.598212 0.316079
v -0.097953 0.589315 0.333406
v -0.097953 0.598212 0.333406
v -0.049504 0.589315 0.343946
v -0.049504 0.598212 0.343946
v -0.000047 0.589315 0.347483
v -0.000047 0.598212 0.347483
v 0.049409 0.589315 0.343946
v 0.049409 0.598212 0.343946
v 0.097859 0.589315 0.333406
v 0.097859 0.598212 0.333406
v 0.144315 0.589315 0.316079
v 0.144315 0.598212 0.316079
v 0.187833 0.589315 0.292316
v 0.187833 0.598212 0.292316
v -0.333484 0.598212 -0.097937
v -0.344024 0.589315 -0.049487
v -0.333484 0.589315 -0.097937
v -0.344024 0.598212 -0.049487
v -0.347561 0.589315 -0.000031
v -0.347561 0.598212 -0.000031
v -0.344024 0.589315 0.049426
v -0.344024 0.598212 0.049426
v -0.333484 0.589315 0.097875
v -0.333484 0.598212 0.097875
v -0.316157 0.589315 0.144332
v -0.316157 0.598212 0.144332
v -0.292394 0.589315 0.187849
v -0.292394 0.598212 0.187849
v -0.262681 0.589315 0.227542
v -0.262681 0.598212 0.227542
v -0.227620 0.589315 0.262602
v -0.227620 0.598212 0.262602
v -0.049504 0.589315 -0.344007
v -0.049504 0.598212 -0.344007
v -0.097953 0.589315 -0.333468
v -0.097953 0.598212 -0.333468
v -0.144410 0.589315 -0.316140
v -0.144410 0.598212 -0.316140
v -0.187927 0.589315 -0.292378
v -0.187927 0.598212 -0.292378
v -0.227620 0.589315 -0.262664
v -0.227620 0.598212 -0.262664
v -0.262681 0.589315 -0.227604
v -0.262681 0.598212 -0.227604
v -0.292394 0.589315 -0.187911
v -0.292394 0.598212 -0.187911
v -0.316157 0.589315 -0.144393
v -0.316157 0.598212 -0.144393
v -0.489259 -0.558175 0.583154
v -0.488770 -0.553487 0.588855
v -0.553487 -0.488770 0.588855
v -0.558174 -0.489259 0.583154
v -0.558174 0.489259 0.583154
v -0.553487 0.488770 0.588855
v -0.488770 0.553487 0.588855
v -0.489259 0.558175 0.583154
v 0.553487 0.488770 0.588855
v 0.558175 0.489259 0.583154
v 0.489259 0.558175 0.583154
v 0.488770 0.553487 0.588855
v -0.057149 -0.588416 -0.434050
v -0.017236 -0.588416 -0.437232
v -0.000000 -0.588474 -0.437769
v 0.017236 -0.588416 -0.437232
v 0.057149 -0.588416 -0.434050
v 0.558174 0.583154 -0.489259
v 0.489259 0.583154 -0.558175
v 0.558174 0.489259 -0.583154
v 0.489259 0.558175 -0.583154
v 0.558175 -0.489259 0.583154
v 0.553487 -0.488770 0.588855
v 0.488770 -0.553487 0.588855
v 0.489259 -0.558175 0.583154
v 0.614562 0.060844 -0.471324
v 0.614561 0.000000 -0.475607
v 0.614562 -0.060844 -0.471324
v 0.588396 0.057149 -0.434091
v 0.588396 0.017236 -0.437273
v 0.588453 0.000000 -0.437855
v 0.588396 -0.017236 -0.437273
v 0.588396 -0.057149 -0.434091
v 0.434050 0.057149 -0.588416
v 0.471279 0.060841 -0.614592
v 0.437232 0.017236 -0.588416
v 0.437769 0.000000 -0.588474
v 0.475565 0.000000 -0.614593
v 0.437232 -0.017236 -0.588416
v 0.434050 -0.057149 -0.588416
v 0.471279 -0.060841 -0.614592
v -0.098176 0.366681 -0.588938
v -0.189723 0.328761 -0.588938
v -0.268337 0.268439 -0.588938
v -0.328659 0.189825 -0.588938
v -0.366579 0.098278 -0.588938
v 0.366579 -0.098206 0.588938
v 0.328659 -0.189753 0.588938
v 0.268337 -0.268367 0.588938
v 0.189723 -0.328689 0.588938
v 0.098176 -0.366609 0.588938
v 0.098176 0.366681 0.588938
v 0.189723 0.328761 0.588938
v 0.268337 0.268439 0.588938
v 0.328659 0.189825 0.588938
v 0.366579 0.098278 0.588938
v -0.366711 0.098278 0.588938
v -0.328791 0.189825 0.588938
v -0.268469 0.268439 0.588938
v -0.189855 0.328761 0.588938
v -0.098308 0.366681 0.588938
v -0.098308 -0.366609 0.588938
v -0.189855 -0.328689 0.588938
v -0.268469 -0.268367 0.588938
v -0.328791 -0.189753 0.588938
v -0.366711 -0.098206 0.588938
v -0.079899 -0.174820 0.589766
v 0.079805 -0.174820 0.589766
v 0.103876 -0.161677 0.589766
v 0.054108 -0.184405 0.589766
v 0.027309 -0.190235 0.589766
v -0.000047 -0.192191 0.589766
v -0.027403 -0.190235 0.589766
v -0.054202 -0.184405 0.589766
v 0.027309 0.190296 0.589766
v -0.000047 0.192253 0.589766
v 0.054108 0.184467 0.589766
v 0.079805 0.174882 0.589766
v 0.103876 0.161738 0.589766
v 0.125832 0.145303 0.589766
v 0.145225 0.125910 0.589766
v 0.161660 0.103954 0.589766
v 0.174804 0.079883 0.589766
v 0.184389 0.054186 0.589766
v 0.190218 0.027387 0.589766
v 0.192175 0.000031 0.589766
v 0.190218 -0.027325 0.589766
v 0.184389 -0.054124 0.589766
v 0.174804 -0.079821 0.589766
v 0.161660 -0.103892 0.589766
v 0.145225 -0.125848 0.589766
v 0.125832 -0.145241 0.589766
v -0.125926 -0.145241 0.589766
v -0.103970 -0.161677 0.589766
v -0.145319 -0.125848 0.589766
v -0.161755 -0.103892 0.589766
v -0.174899 -0.079821 0.589766
v -0.184483 -0.054124 0.589766
v -0.190313 -0.027325 0.589766
v -0.192269 0.000031 0.589766
v -0.190313 0.027387 0.589766
v -0.184483 0.054186 0.589766
v -0.174899 0.079883 0.589766
v -0.161755 0.103954 0.589766
v -0.145319 0.125910 0.589766
v -0.125926 0.145303 0.589766
v -0.103970 0.161738 0.589766
v -0.079899 0.174882 0.589766
v -0.054202 0.184467 0.589766
v -0.027403 0.190296 0.589766
v -0.586450 0.179721 0.279556
v -0.586450 0.138100 0.302282
v -0.586450 0.217683 0.251137
v -0.586450 0.251215 0.217605
v -0.586450 0.279634 0.179643
v -0.586450 0.302360 0.138022
v -0.586450 0.318932 0.093591
v -0.586450 0.329012 0.047253
v -0.586450 0.332395 -0.000047
v -0.586450 -0.217622 0.251137
v -0.586450 -0.251153 0.217605
v -0.586450 -0.179659 0.279556
v -0.586450 -0.138038 0.302282
v -0.586450 -0.093607 0.318854
v -0.586450 -0.047270 0.328934
v -0.586450 0.000031 0.332317
v -0.586450 0.047331 0.328934
v -0.586450 0.093669 0.318854
v -0.586450 -0.302298 -0.138116
v -0.586450 -0.279572 -0.179737
v -0.586450 -0.318870 -0.093685
v -0.586450 -0.328951 -0.047348
v -0.586450 -0.332334 -0.000047
v -0.586450 -0.328951 0.047253
v -0.586450 -0.318870 0.093591
v -0.586450 -0.302298 0.138022
v -0.586450 -0.279572 0.179643
v -0.586450 0.047331 -0.329029
v -0.586450 0.093669 -0.318949
v -0.586450 0.000031 -0.332412
v -0.586450 -0.047269 -0.329029
v -0.586450 -0.093607 -0.318949
v -0.586450 -0.138038 -0.302377
v -0.586450 -0.179659 -0.279650
v -0.586450 -0.217622 -0.251232
v -0.586450 -0.251153 -0.217700
v -0.586450 0.329012 -0.047348
v -0.586450 0.318932 -0.093685
v -0.586450 0.302360 -0.138116
v -0.586450 0.279634 -0.179737
v -0.586450 0.251215 -0.217700
v -0.586450 0.217683 -0.251231
v -0.586450 0.179721 -0.279650
v -0.586450 0.138100 -0.302377
v 0.589315 0.187911 -0.292300
v 0.589315 0.144393 -0.316062
v 0.589315 0.227604 -0.262586
v 0.589315 0.262664 -0.227526
v 0.589315 0.292378 -0.187833
v 0.589315 0.316140 -0.144315
v 0.589315 0.333468 -0.097859
v 0.589315 0.344007 -0.049409
v 0.589315 0.347545 0.000047
v 0.589315 -0.227542 -0.262586
v 0.589315 -0.262602 -0.227526
v 0.589315 -0.187849 -0.292300
v 0.589315 -0.144331 -0.316062
v 0.589315 -0.097875 -0.333390
v 0.589315 -0.049425 -0.343929
v 0.589315 0.000031 -0.347467
v 0.589315 0.049487 -0.343929
v 0.589315 0.097937 -0.333390
v 0.589315 -0.316079 0.144410
v 0.589315 -0.292316 0.187927
v 0.589315 -0.333406 0.097953
v 0.589315 -0.343946 0.049504
v 0.589315 -0.347483 0.000047
v 0.589315 -0.343946 -0.049409
v 0.589315 -0.333406 -0.097859
v 0.589315 -0.316079 -0.144315
v 0.589315 -0.292316 -0.187833
v 0.589315 0.049487 0.344024
v 0.589315 0.097937 0.333484
v 0.589315 0.000031 0.347561
v 0.589315 -0.049425 0.344024
v 0.589315 -0.097875 0.333484
v 0.589315 -0.144332 0.316157
v 0.589315 -0.187849 0.292394
v 0.589315 -0.227542 0.262681
v 0.589315 -0.262602 0.227620
v 0.589315 0.344007 0.049504
v 0.589315 0.333468 0.097953
v 0.589315 0.316140 0.144410
v 0.589315 0.292378 0.187927
v 0.589315 0.262664 0.227620
v 0.589315 0.227604 0.262681
v 0.589315 0.187911 0.292394
v 0.589315 0.144393 0.316157
v 0.129402 -0.585337 0.149423
v 0.106824 -0.585337 0.166325
v 0.149345 -0.585337 0.129480
v 0.166247 -0.585337 0.106902
v 0.179764 -0.585337 0.082148
v 0.189620 -0.585337 0.055722
v 0.195615 -0.585337 0.028163
v 0.197627 -0.585337 0.000031
v 0.195615 -0.585337 -0.028101
v -0.106918 -0.585337 0.166325
v -0.129497 -0.585337 0.149423
v -0.082164 -0.585337 0.179842
v -0.055739 -0.585337 0.189698
v -0.028179 -0.585337 0.195693
v -0.000047 -0.585337 0.197705
v 0.028085 -0.585337 0.195693
v 0.055644 -0.585337 0.189698
v 0.082070 -0.585337 0.179842
v -0.189715 -0.585337 -0.055660
v -0.179858 -0.585337 -0.082086
v -0.195710 -0.585337 -0.028101
v -0.197722 -0.585337 0.000031
v -0.195710 -0.585337 0.028163
v -0.189715 -0.585337 0.055722
v -0.179858 -0.585337 0.082148
v -0.166342 -0.585337 0.106902
v -0.149440 -0.585337 0.129480
v -0.000047 -0.585337 -0.197644
v 0.028085 -0.585337 -0.195632
v -0.028179 -0.585337 -0.195632
v -0.055739 -0.585337 -0.189636
v -0.082164 -0.585337 -0.179780
v -0.106918 -0.585337 -0.166264
v -0.129497 -0.585337 -0.149362
v -0.149440 -0.585337 -0.129418
v -0.166342 -0.585337 -0.106840
v 0.189620 -0.585337 -0.055660
v 0.179764 -0.585337 -0.082086
v 0.166247 -0.585337 -0.106840
v 0.149345 -0.585337 -0.129418
v 0.129402 -0.585337 -0.149362
v 0.106824 -0.585337 -0.166264
v 0.082070 -0.585337 -0.179780
v 0.055644 -0.585337 -0.189636
v 0.316062 0.144393 0.598212
v 0.292300 0.187911 0.589315
v 0.316062 0.144393 0.589315
v 0.292300 0.187911 0.598212
v 0.262586 0.227604 0.589315
v 0.262586 0.227604 0.598212
v 0.227526 0.262664 0.589315
v 0.227526 0.262664 0.598212
v 0.187833 0.292378 0.589315
v 0.187833 0.292378 0.598212
v 0.144315 0.316140 0.589315
v 0.144315 0.316140 0.598212
v 0.097859 0.333468 0.589315
v 0.097859 0.333468 0.598212
v 0.049409 0.344007 0.589315
v 0.049409 0.344007 0.598212
v -0.000047 0.347545 0.589315
v -0.000047 0.347545 0.598212
v 0.227526 -0.262602 0.598212
v 0.262586 -0.227542 0.589315
v 0.227526 -0.262602 0.589315
v 0.262586 -0.227542 0.598212
v 0.292300 -0.187849 0.589315
v 0.292300 -0.187849 0.598212
v 0.316062 -0.144332 0.589315
v 0.316062 -0.144332 0.598212
v 0.333390 -0.097875 0.589315
v 0.333390 -0.097875 0.598212
v 0.343929 -0.049426 0.589315
v 0.343929 -0.049426 0.598212
v 0.347467 0.000031 0.589315
v 0.347467 0.000031 0.598212
v 0.343929 0.049487 0.589315
v 0.343929 0.049487 0.598212
v 0.333390 0.097937 0.589315
v 0.333390 0.097937 0.598212
v -0.187927 -0.292316 0.598212
v -0.144410 -0.316079 0.589315
v -0.187927 -0.292316 0.589315
v -0.144410 -0.316079 0.598212
v -0.097953 -0.333406 0.589315
v -0.097953 -0.333406 0.598212
v -0.049504 -0.343946 0.589315
v -0.049504 -0.343946 0.598212
v -0.000047 -0.347483 0.589315
v -0.000047 -0.347483 0.598212
v 0.049409 -0.343946 0.589315
v 0.049409 -0.343946 0.598212
v 0.097859 -0.333406 0.589315
v 0.097859 -0.333406 0.598212
v 0.144315 -0.316079 0.589315
v 0.144315 -0.316079 0.598212
v 0.187833 -0.292316 0.589315
v 0.187833 -0.292316 0.598212
v -0.333484 0.097937 0.598212
v -0.344024 0.049487 0.589315
v -0.333484 0.097937 0.589315
v -0.344024 0.049487 0.598212
v -0.347561 0.000031 0.589315
v -0.347561 0.000031 0.598212
v -0.344024 -0.049426 0.589315
v -0.344024 -0.049426 0.598212
v -0.333484 -0.097875 0.589315
v -0.333484 -0.097875 0.598212
v -0.316157 -0.144332 0.589315
v -0.316157 -0.144332 0.598212
v -0.292394 -0.187849 0.589315
v -0.292394 -0.187849 0.598212
v -0.262681 -0.227542 0.589315
v -0.262681 -0.227542 0.598212
v -0.227620 -0.262602 0.589315
v -0.227620 -0.262602 0.598212
v -0.049504 0.344007 0.589315
v -0.049504 0.344007 0.598212
v -0.097953 0.333468 0.589315
v -0.097953 0.333468 0.598212
v -0.144410 0.316140 0.589315
v -0.144410 0.316140 0.598212
v -0.187927 0.292378 0.589315
v -0.187927 0.292378 0.598212
v -0.227620 0.262664 0.589315
v -0.227620 0.262664 0.598212
v -0.262681 0.227604 0.589315
v -0.262681 0.227604 0.598212
v -0.292394 0.187911 0.589315
v -0.292394 0.187911 0.598212
v -0.316157 0.144393 0.589315
v -0.316157 0.144393 0.598212
v -0.047348 0.587234 0.328951
v -0.093685 0.587234 0.318870
v -0.000047 0.587234 0.332334
v 0.047253 0.587234 0.328951
v 0.093591 0.587234 0.318870
v 0.138022 0.587234 0.302299
v 0.179643 0.587234 0.279572
v 0.217605 0.587234 0.251153
v 0.251137 0.587234 0.217622
v -0.329029 0.587234 0.047270
v -0.332412 0.587234 -0.000031
v -0.318949 0.587234 0.093607
v -0.302377 0.587234 0.138038
v -0.279650 0.587234 0.179659
v -0.251232 0.587234 0.217622
v -0.217700 0.587234 0.251153
v -0.179737 0.587234 0.279572
v -0.138116 0.587234 0.302299
v -0.138116 0.587234 -0.302360
v -0.093685 0.587234 -0.318932
v -0.179737 0.587234 -0.279634
v -0.217700 0.587234 -0.251215
v -0.251232 0.587234 -0.217683
v -0.279650 0.587234 -0.179721
v -0.302377 0.587234 -0.138100
v -0.318949 0.587234 -0.093669
v -0.329029 0.587234 -0.047331
v 0.251137 0.587234 -0.217683
v 0.279556 0.587234 -0.179721
v 0.217605 0.587234 -0.251215
v 0.179643 0.587234 -0.279634
v 0.138022 0.587234 -0.302360
v 0.093591 0.587234 -0.318932
v 0.047253 0.587234 -0.329012
v -0.000047 0.587234 -0.332395
v -0.047348 0.587234 -0.329012
v 0.279556 0.587234 0.179659
v 0.302282 0.587234 0.138038
v 0.318854 0.587234 0.093607
v 0.328934 0.587234 0.047269
v 0.332317 0.587234 -0.000031
v 0.328934 0.587234 -0.047331
v 0.318854 0.587234 -0.093669
v 0.302282 0.587234 -0.138100
v -0.345926 0.157989 0.598212
v -0.319926 0.205605 0.578564
v -0.345926 0.157989 0.578564
v -0.319926 0.205605 0.598212
v -0.287414 0.249036 0.578564
v -0.287414 0.249036 0.598212
v -0.249052 0.287398 0.578564
v -0.249052 0.287398 0.598212
v -0.205621 0.319910 0.578564
v -0.205621 0.319910 0.598212
v -0.158005 0.345910 0.578564
v -0.158005 0.345910 0.598212
v -0.107173 0.364869 0.578564
v -0.107173 0.364869 0.598212
v -0.054161 0.376401 0.578564
v -0.054161 0.376401 0.598212
v -0.000047 0.380272 0.578564
v -0.000047 0.380272 0.598212
v -0.249052 -0.287336 0.598212
v -0.287414 -0.248974 0.578564
v -0.249052 -0.287336 0.578564
v -0.287414 -0.248974 0.598212
v -0.319926 -0.205543 0.578564
v -0.319926 -0.205543 0.598212
v -0.345926 -0.157927 0.578564
v -0.345926 -0.157927 0.598212
v -0.364886 -0.107095 0.578564
v -0.364886 -0.107095 0.598212
v -0.376418 -0.054083 0.578564
v -0.376418 -0.054083 0.598212
v -0.380288 0.000031 0.578564
v -0.380288 0.000031 0.598212
v -0.376418 0.054145 0.578564
v -0.376418 0.054145 0.598212
v -0.364886 0.107157 0.578564
v -0.364886 0.107157 0.598212
v 0.205526 -0.319848 0.598212
v 0.157911 -0.345848 0.578564
v 0.205526 -0.319848 0.578564
v 0.157911 -0.345848 0.598212
v 0.107079 -0.364808 0.578564
v 0.107079 -0.364808 0.598212
v 0.054067 -0.376340 0.578564
v 0.054067 -0.376340 0.598212
v -0.000047 -0.380210 0.578564
v -0.000047 -0.380210 0.598212
v -0.054161 -0.376340 0.578564
v -0.054161 -0.376340 0.598212
v -0.107173 -0.364808 0.578564
v -0.107173 -0.364808 0.598212
v -0.158005 -0.345848 0.578564
v -0.158005 -0.345848 0.598212
v -0.205621 -0.319848 0.578564
v -0.205621 -0.319848 0.598212
v 0.364791 0.107157 0.598212
v 0.376323 0.054145 0.578564
v 0.364791 0.107157 0.578564
v 0.376323 0.054145 0.598212
v 0.380194 0.000031 0.578564
v 0.380194 0.000031 0.598212
v 0.376323 -0.054083 0.578564
v 0.376323 -0.054083 0.598212
v 0.364791 -0.107095 0.578564
v 0.364791 -0.107095 0.598212
v 0.345832 -0.157927 0.578564
v 0.345832 -0.157927 0.598212
v 0.319832 -0.205543 0.578564
v 0.319832 -0.205543 0.598212
v 0.287320 -0.248974 0.578564
v 0.287320 -0.248974 0.598212
v 0.248958 -0.287336 0.578564
v 0.248958 -0.287336 0.598212
v 0.054067 0.376401 0.578564
v 0.054067 0.376401 0.598212
v 0.107079 0.364869 0.578564
v 0.107079 0.364869 0.598212
v 0.157911 0.345910 0.578564
v 0.157911 0.345910 0.598212
v 0.205526 0.319910 0.578564
v 0.205526 0.319910 0.598212
v 0.248958 0.287398 0.578564
v 0.248958 0.287398 0.598212
v 0.287320 0.249036 0.578564
v 0.287320 0.249036 0.598212
v 0.319832 0.205605 0.578564
v 0.319832 0.205605 0.598212
v 0.345832 0.157989 0.578564
v 0.345832 0.157989 0.598212
v -0.197627 0.000031 -0.585543
v -0.195615 0.028163 -0.585543
v -0.195615 -0.028101 -0.585543
v -0.189620 -0.055660 -0.585543
v -0.179764 -0.082086 -0.585543
v -0.166247 -0.106840 -0.585543
v -0.149345 -0.129418 -0.585543
v -0.129402 -0.149362 -0.585543
v -0.106824 -0.166264 -0.585543
v -0.055644 0.189698 -0.585543
v -0.028085 0.195693 -0.585543
v -0.082070 0.179842 -0.585543
v -0.106824 0.166325 -0.585543
v -0.129402 0.149423 -0.585543
v -0.149345 0.129480 -0.585543
v -0.166247 0.106902 -0.585543
v -0.179764 0.082148 -0.585543
v -0.189620 0.055722 -0.585543
v 0.166342 0.106902 -0.585543
v 0.179858 0.082148 -0.585543
v 0.149440 0.129480 -0.585543
v 0.129496 0.149423 -0.585543
v 0.106918 0.166325 -0.585543
v 0.082164 0.179842 -0.585543
v 0.055739 0.189698 -0.585543
v 0.028179 0.195693 -0.585543
v 0.000047 0.197706 -0.585543
v 0.149440 -0.129418 -0.585543
v 0.129496 -0.149362 -0.585543
v 0.166342 -0.106840 -0.585543
v 0.179858 -0.082086 -0.585543
v 0.189715 -0.055660 -0.585543
v 0.195710 -0.028101 -0.585543
v 0.197722 0.000031 -0.585543
v 0.195710 0.028163 -0.585543
v 0.189715 0.055722 -0.585543
v -0.082070 -0.179780 -0.585543
v -0.055644 -0.189636 -0.585543
v -0.028085 -0.195632 -0.585543
v 0.000047 -0.197644 -0.585543
v 0.028179 -0.195632 -0.585543
v 0.055739 -0.189636 -0.585543
v 0.082164 -0.179780 -0.585543
v 0.106918 -0.166264 -0.585543
v 0.217605 -0.251153 0.587277
v 0.251137 -0.217622 0.587277
v 0.279556 -0.179659 0.587277
v 0.302282 -0.138038 0.587277
v 0.318854 -0.093607 0.587277
v 0.328934 -0.047270 0.587277
v 0.332317 0.000031 0.587277
v 0.328934 0.047331 0.587277
v 0.318854 0.093669 0.587277
v 0.302282 0.138100 0.587277
v 0.279556 0.179721 0.587277
v 0.251137 0.217683 0.587277
v 0.217605 0.251215 0.587277
v 0.179643 0.279634 0.587277
v 0.138022 0.302360 0.587277
v 0.093591 0.318932 0.587277
v 0.047253 0.329012 0.587277
v -0.000047 0.332395 0.587277
v -0.047348 0.329012 0.587277
v -0.093685 0.318932 0.587277
v -0.138116 0.302360 0.587277
v -0.179737 0.279634 0.587277
v -0.217700 0.251215 0.587277
v -0.251232 0.217683 0.587277
v -0.279650 0.179721 0.587277
v -0.302377 0.138100 0.587277
v -0.318949 0.093669 0.587277
v -0.329029 0.047331 0.587277
v -0.332412 0.000031 0.587277
v -0.329029 -0.047270 0.587277
v -0.318949 -0.093607 0.587277
v -0.302377 -0.138038 0.587277
v -0.279650 -0.179659 0.587277
v -0.251232 -0.217622 0.587277
v -0.217700 -0.251153 0.587277
v -0.179737 -0.279572 0.587277
v -0.138116 -0.302299 0.587277
v -0.093685 -0.318870 0.587277
v -0.047348 -0.328951 0.587277
v -0.000047 -0.332334 0.587277
v 0.047253 -0.328951 0.587277
v 0.093591 -0.318870 0.587277
v 0.138022 -0.302299 0.587277
v 0.179643 -0.279572 0.587277
v -0.217605 0.251215 -0.586501
v -0.179643 0.279634 -0.586501
v -0.138022 0.302360 -0.586501
v -0.093591 0.318932 -0.586501
v -0.047253 0.329012 -0.586501
v 0.000047 0.332395 -0.586501
v 0.047348 0.329012 -0.586501
v 0.093685 0.318932 -0.586501
v 0.138116 0.302360 -0.586501
v 0.179737 0.279634 -0.586501
v 0.217700 0.251215 -0.586501
v 0.251232 0.217683 -0.586501
v 0.279650 0.179721 -0.586501
v 0.302377 0.138100 -0.586501
v 0.318949 0.093669 -0.586501
v 0.329029 0.047331 -0.586501
v 0.332412 0.000031 -0.586501
v 0.329029 -0.047269 -0.586501
v 0.318949 -0.093607 -0.586501
v 0.302377 -0.138038 -0.586501
v 0.279650 -0.179659 -0.586501
v 0.251232 -0.217622 -0.586501
v 0.217700 -0.251153 -0.586501
v 0.179737 -0.279572 -0.586501
v 0.138116 -0.302298 -0.586501
v 0.093685 -0.318870 -0.586501
v 0.047348 -0.328951 -0.586501
v 0.000047 -0.332334 -0.586501
v -0.047253 -0.328951 -0.586501
v -0.093591 -0.318870 -0.586501
v -0.138022 -0.302298 -0.586501
v -0.179643 -0.279572 -0.586501
v -0.217605 -0.251153 -0.586501
v -0.251137 -0.217622 -0.586501
v -0.279556 -0.179659 -0.586501
v -0.302282 -0.138038 -0.586501
v -0.318854 -0.093607 -0.586501
v -0.328934 -0.047269 -0.586501
v -0.332317 0.000031 -0.586501
v -0.328934 0.047331 -0.586501
v -0.318854 0.093669 -0.586501
v -0.302282 0.138100 -0.586501
v -0.279556 0.179721 -0.586501
v -0.251137 0.217683 -0.586501
v 0.586860 -0.318870 -0.093591
v 0.586860 -0.302298 -0.138022
v 0.586860 -0.279572 -0.179643
v 0.586860 -0.251153 -0.217605
v 0.586860 -0.217622 -0.251137
v 0.586860 -0.179659 -0.279556
v 0.586860 -0.138038 -0.302282
v 0.586860 -0.093607 -0.318854
v 0.586860 -0.047269 -0.328934
v 0.586860 0.000031 -0.332317
v 0.586860 0.047331 -0.328934
v 0.586860 0.093669 -0.318854
v 0.586860 0.138100 -0.302282
v 0.586860 0.179721 -0.279556
v 0.586860 0.217683 -0.251137
v 0.586860 0.251215 -0.217605
v 0.586860 0.279634 -0.179643
v 0.586860 0.302360 -0.138022
v 0.586860 0.318932 -0.093591
v 0.586860 0.329012 -0.047253
v 0.586860 0.332395 0.000047
v 0.586860 0.329012 0.047348
v 0.586860 0.318932 0.093685
v 0.586860 0.302360 0.138116
v 0.586860 0.279634 0.179737
v 0.586860 0.251215 0.217700
v 0.586860 0.217683 0.251232
v 0.586860 0.179721 0.279650
v 0.586860 0.138100 0.302377
v 0.586860 0.093669 0.318949
v 0.586860 0.047331 0.329029
v 0.586860 0.000031 0.332412
v 0.586860 -0.047270 0.329029
v 0.586860 -0.093607 0.318949
v 0.586860 -0.138038 0.302377
v 0.586860 -0.179659 0.279650
v 0.586860 -0.217622 0.251231
v 0.586860 -0.251153 0.217700
v 0.586860 -0.279572 0.179737
v 0.586860 -0.302298 0.138116
v 0.586860 -0.318870 0.093685
v 0.586860 -0.328951 0.047348
v 0.586860 -0.332334 0.000047
v 0.586860 -0.328951 -0.047253
v -0.166342 0.106902 0.585799
v -0.149440 0.129480 0.585799
v -0.129496 0.149423 0.585799
v -0.106918 0.166325 0.585799
v -0.082164 0.179842 0.585799
v -0.055739 0.189698 0.585799
v -0.028179 0.195693 0.585799
v -0.000047 0.197705 0.585799
v 0.028085 0.195693 0.585799
v 0.055644 0.189698 0.585799
v 0.082070 0.179842 0.585799
v 0.106824 0.166325 0.585799
v 0.129402 0.149423 0.585799
v 0.149345 0.129480 0.585799
v 0.166247 0.106902 0.585799
v 0.179764 0.082148 0.585799
v 0.189620 0.055722 0.585799
v 0.195615 0.028163 0.585799
v 0.197627 0.000031 0.585799
v 0.195615 -0.028101 0.585799
v 0.189620 -0.055660 0.585799
v 0.179764 -0.082086 0.585799
v 0.166247 -0.106840 0.585799
v 0.149345 -0.129418 0.585799
v 0.129402 -0.149362 0.585799
v 0.106824 -0.166264 0.585799
v 0.082070 -0.179780 0.585799
v 0.055644 -0.189636 0.585799
v 0.028085 -0.195632 0.585799
v -0.000047 -0.197644 0.585799
v -0.028179 -0.195632 0.585799
v -0.055739 -0.189636 0.585799
v -0.082164 -0.179780 0.585799
v -0.106918 -0.166264 0.585799
v -0.129496 -0.149362 0.585799
v -0.149440 -0.129418 0.585799
v -0.166342 -0.106840 0.585799
v -0.179858 -0.082086 0.585799
v -0.189715 -0.055660 0.585799
v -0.195710 -0.028101 0.585799
v -0.197722 0.000031 0.585799
v -0.195710 0.028163 0.585799
v -0.189715 0.055722 0.585799
v -0.179858 0.082148 0.585799
v 0.028099 -0.196012 0.585985
v -0.000047 -0.198025 0.585985
v -0.000047 -0.334268 0.585985
v -0.047659 -0.330863 0.585985
v -0.028193 -0.196012 0.585985
v -0.094302 -0.320716 0.585985
v -0.055766 -0.190014 0.585985
v -0.139026 -0.304035 0.585985
v -0.082204 -0.180153 0.585985
v -0.180921 -0.281159 0.585985
v -0.106970 -0.166630 0.585985
v -0.219134 -0.252553 0.585985
v -0.129560 -0.149720 0.585985
v -0.252887 -0.218800 0.585985
v -0.149512 -0.129767 0.585985
v -0.281492 -0.180588 0.585985
v -0.166423 -0.107178 0.585985
v -0.304369 -0.138693 0.585985
v -0.179946 -0.082412 0.585985
v -0.321050 -0.093969 0.585985
v -0.189807 -0.055973 0.585985
v -0.331196 -0.047326 0.585985
v -0.195805 -0.028400 0.585985
v -0.334602 0.000286 0.585985
v -0.197818 -0.000255 0.585985
v -0.331196 0.047898 0.585985
v -0.195805 0.027891 0.585985
v -0.321050 0.094541 0.585985
v -0.189807 0.055464 0.585985
v -0.304369 0.139265 0.585985
v -0.179946 0.081902 0.585985
v -0.281492 0.181160 0.585985
v -0.166423 0.106668 0.585985
v -0.252887 0.219373 0.585985
v -0.149512 0.129258 0.585985
v -0.219134 0.253126 0.585985
v -0.129560 0.149211 0.585985
v -0.180921 0.281731 0.585985
v -0.106970 0.166121 0.585985
v -0.139026 0.304608 0.585985
v -0.082204 0.179644 0.585985
v -0.094302 0.321289 0.585985
v -0.055766 0.189505 0.585985
v -0.047659 0.331435 0.585985
v -0.028193 0.195503 0.585985
v -0.000047 0.334841 0.585985
v -0.000047 0.197516 0.585985
v 0.047565 0.331435 0.585985
v 0.028099 0.195503 0.585985
v 0.094208 0.321289 0.585985
v 0.055671 0.189505 0.585985
v 0.138932 0.304608 0.585985
v 0.082110 0.179644 0.585985
v 0.180827 0.281731 0.585985
v 0.106876 0.166121 0.585985
v 0.219039 0.253126 0.585985
v 0.129465 0.149211 0.585985
v 0.252792 0.219373 0.585985
v 0.149418 0.129258 0.585985
v 0.281398 0.181160 0.585985
v 0.166328 0.106668 0.585985
v 0.304274 0.139265 0.585985
v 0.179852 0.081902 0.585985
v 0.320955 0.094541 0.585985
v 0.189713 0.055464 0.585985
v 0.331102 0.047898 0.585985
v 0.195711 0.027891 0.585985
v 0.334507 0.000286 0.585985
v 0.197724 -0.000255 0.585985
v 0.331102 -0.047326 0.585985
v 0.195711 -0.028400 0.585985
v 0.320955 -0.093969 0.585985
v 0.189713 -0.055973 0.585985
v 0.304274 -0.138693 0.585985
v 0.179852 -0.082412 0.585985
v 0.281398 -0.180588 0.585985
v 0.166328 -0.107178 0.585985
v 0.252792 -0.218800 0.585985
v 0.149418 -0.129767 0.585985
v 0.219039 -0.252553 0.585985
v 0.129465 -0.149720 0.585985
v 0.180827 -0.281159 0.585985
v 0.106876 -0.166630 0.585985
v 0.138932 -0.304035 0.585985
v 0.082110 -0.180153 0.585985
v 0.094208 -0.320716 0.585985
v 0.055671 -0.190014 0.585985
v 0.047565 -0.330863 0.585985
v -0.179858 0.584946 0.082086
v -0.189715 0.584946 0.055660
v -0.195710 0.584946 0.028101
v -0.197722 0.584946 -0.000031
v -0.195710 0.584946 -0.028163
v -0.189715 0.584946 -0.055722
v -0.179858 0.584946 -0.082148
v -0.166342 0.584946 -0.106902
v -0.149440 0.584946 -0.129480
v -0.129497 0.584946 -0.149423
v -0.106918 0.584946 -0.166325
v -0.082164 0.584946 -0.179842
v -0.055739 0.584946 -0.189698
v -0.028179 0.584946 -0.195693
v -0.000047 0.584946 -0.197705
v 0.028085 0.584946 -0.195693
v 0.055644 0.584946 -0.189698
v 0.082070 0.584946 -0.179842
v 0.106824 0.584946 -0.166325
v 0.129402 0.584946 -0.149423
v 0.149345 0.584946 -0.129480
v 0.166247 0.584946 -0.106902
v 0.179764 0.584946 -0.082148
v 0.189620 0.584946 -0.055722
v 0.195615 0.584946 -0.028163
v 0.197627 0.584946 -0.000031
v 0.195615 0.584946 0.028101
v 0.189620 0.584946 0.055660
v 0.179764 0.584946 0.082086
v 0.166247 0.584946 0.106840
v 0.149345 0.584946 0.129418
v 0.129402 0.584946 0.149362
v 0.106824 0.584946 0.166264
v 0.082070 0.584946 0.179780
v 0.055644 0.584946 0.189636
v 0.028085 0.584946 0.195632
v -0.000047 0.584946 0.197644
v -0.028179 0.584946 0.195632
v -0.055739 0.584946 0.189636
v -0.082164 0.584946 0.179780
v -0.106918 0.584946 0.166264
v -0.129497 0.584946 0.149362
v -0.149440 0.584946 0.129418
v -0.166342 0.584946 0.106840
v 0.166328 0.585985 0.107178
v 0.149418 0.585985 0.129767
v 0.254620 0.585985 0.220384
v 0.220623 0.585985 0.254381
v 0.129465 0.585985 0.149720
v 0.182134 0.585985 0.283193
v 0.106876 0.585985 0.166630
v 0.139936 0.585985 0.306235
v 0.082110 0.585985 0.180153
v 0.094889 0.585985 0.323037
v 0.055671 0.585985 0.190014
v 0.047909 0.585985 0.333256
v 0.028099 0.585985 0.196012
v -0.000047 0.585985 0.336686
v -0.000047 0.585985 0.198025
v -0.048003 0.585985 0.333256
v -0.028193 0.585985 0.196012
v -0.094983 0.585985 0.323037
v -0.055766 0.585985 0.190014
v -0.140031 0.585985 0.306235
v -0.082204 0.585985 0.180153
v -0.182228 0.585985 0.283193
v -0.106970 0.585985 0.166630
v -0.220717 0.585985 0.254381
v -0.129560 0.585985 0.149720
v -0.254714 0.585985 0.220384
v -0.149512 0.585985 0.129767
v -0.283527 0.585985 0.181895
v -0.166423 0.585985 0.107178
v -0.306568 0.585985 0.139697
v -0.179946 0.585985 0.082412
v -0.323370 0.585985 0.094650
v -0.189807 0.585985 0.055973
v -0.333590 0.585985 0.047670
v -0.195805 0.585985 0.028400
v -0.337020 0.585985 -0.000286
v -0.197818 0.585985 0.000255
v -0.333590 0.585985 -0.048242
v -0.195805 0.585985 -0.027891
v -0.323370 0.585985 -0.095222
v -0.189807 0.585985 -0.055464
v -0.306568 0.585985 -0.140270
v -0.179946 0.585985 -0.081902
v -0.283527 0.585985 -0.182467
v -0.166423 0.585985 -0.106668
v -0.254714 0.585985 -0.220956
v -0.149512 0.585985 -0.129258
v -0.220717 0.585985 -0.254953
v -0.129560 0.585985 -0.149211
v -0.182228 0.585985 -0.283766
v -0.106970 0.585985 -0.166121
v -0.140031 0.585985 -0.306807
v -0.082204 0.585985 -0.179644
v -0.094983 0.585985 -0.323609
v -0.055766 0.585985 -0.189505
v -0.048003 0.585985 -0.333829
v -0.028193 0.585985 -0.195503
v -0.000047 0.585985 -0.337259
v -0.000047 0.585985 -0.197516
v 0.047909 0.585985 -0.333829
v 0.028099 0.585985 -0.195503
v 0.094889 0.585985 -0.323609
v 0.055671 0.585985 -0.189505
v 0.139936 0.585985 -0.306807
v 0.082110 0.585985 -0.179644
v 0.182134 0.585985 -0.283766
v 0.106876 0.585985 -0.166121
v 0.220623 0.585985 -0.254953
v 0.129465 0.585985 -0.149211
v 0.254620 0.585985 -0.220956
v 0.149418 0.585985 -0.129258
v 0.283432 0.585985 -0.182467
v 0.166328 0.585985 -0.106668
v 0.306474 0.585985 -0.140270
v 0.179852 0.585985 -0.081903
v 0.323276 0.585985 -0.095222
v 0.189713 0.585985 -0.055464
v 0.333496 0.585985 -0.048242
v 0.195711 0.585985 -0.027891
v 0.336925 0.585985 -0.000286
v 0.197724 0.585985 0.000255
v 0.333496 0.585985 0.047670
v 0.195711 0.585985 0.028400
v 0.323276 0.585985 0.094650
v 0.189713 0.585985 0.055973
v 0.306474 0.585985 0.139697
v 0.179852 0.585985 0.082412
v 0.283432 0.585985 0.181895
v 0.000047 -0.198025 -0.585985
v 0.028193 -0.196012 -0.585985
v 0.047711 -0.331221 -0.585985
v 0.094404 -0.321063 -0.585985
v 0.055766 -0.190014 -0.585985
v 0.139176 -0.304364 -0.585985
v 0.082204 -0.180153 -0.585985
v 0.181117 -0.281463 -0.585985
v 0.106970 -0.166630 -0.585985
v 0.219371 -0.252826 -0.585985
v 0.129560 -0.149720 -0.585985
v 0.253160 -0.219037 -0.585985
v 0.149512 -0.129767 -0.585985
v 0.281797 -0.180783 -0.585985
v 0.166423 -0.107177 -0.585985
v 0.304698 -0.138843 -0.585985
v 0.179946 -0.082411 -0.585985
v 0.321397 -0.094071 -0.585985
v 0.189807 -0.055973 -0.585985
v 0.331554 -0.047377 -0.585985
v 0.195805 -0.028400 -0.585985
v 0.334963 0.000286 -0.585985
v 0.197818 -0.000254 -0.585985
v 0.331554 0.047950 -0.585985
v 0.195805 0.027891 -0.585985
v 0.321397 0.094643 -0.585985
v 0.189807 0.055464 -0.585985
v 0.304698 0.139416 -0.585985
v 0.179946 0.081903 -0.585985
v 0.281797 0.181356 -0.585985
v 0.166423 0.106669 -0.585985
v 0.253160 0.219610 -0.585985
v 0.149512 0.129258 -0.585985
v 0.219371 0.253399 -0.585985
v 0.129560 0.149211 -0.585985
v 0.181117 0.282036 -0.585985
v 0.106970 0.166121 -0.585985
v 0.139176 0.304937 -0.585985
v 0.082204 0.179644 -0.585985
v 0.094404 0.321636 -0.585985
v 0.055766 0.189505 -0.585985
v 0.047711 0.331794 -0.585985
v 0.028193 0.195503 -0.585985
v 0.000047 0.335203 -0.585985
v 0.000047 0.197516 -0.585985
v -0.047616 0.331794 -0.585985
v -0.028099 0.195503 -0.585985
v -0.094310 0.321636 -0.585985
v -0.055671 0.189505 -0.585985
v -0.139082 0.304937 -0.585985
v -0.082110 0.179644 -0.585985
v -0.181022 0.282036 -0.585985
v -0.106876 0.166121 -0.585985
v -0.219276 0.253399 -0.585985
v -0.129465 0.149211 -0.585985
v -0.253066 0.219610 -0.585985
v -0.149418 0.129258 -0.585985
v -0.281702 0.181356 -0.585985
v -0.166328 0.106669 -0.585985
v -0.304603 0.139416 -0.585985
v -0.179852 0.081903 -0.585985
v -0.321303 0.094643 -0.585985
v -0.189713 0.055464 -0.585985
v -0.331460 0.047950 -0.585985
v -0.195711 0.027891 -0.585985
v -0.334869 0.000286 -0.585985
v -0.197724 -0.000254 -0.585985
v -0.331460 -0.047377 -0.585985
v -0.195711 -0.028400 -0.585985
v -0.321303 -0.094071 -0.585985
v -0.189713 -0.055973 -0.585985
v -0.304603 -0.138843 -0.585985
v -0.179852 -0.082411 -0.585985
v -0.281702 -0.180783 -0.585985
v -0.166328 -0.107177 -0.585985
v -0.253066 -0.219037 -0.585985
v -0.149418 -0.129767 -0.585985
v -0.219276 -0.252826 -0.585985
v -0.129465 -0.149720 -0.585985
v -0.181022 -0.281463 -0.585985
v -0.106876 -0.166630 -0.585985
v -0.139082 -0.304364 -0.585985
v -0.082110 -0.180153 -0.585985
v -0.094310 -0.321063 -0.585985
v -0.055671 -0.190014 -0.585985
v -0.047616 -0.331221 -0.585985
v -0.028099 -0.196012 -0.585985
v 0.000047 -0.334630 -0.585985
v 0.093591 -0.586180 -0.318870
v 0.138022 -0.586180 -0.302299
v 0.179643 -0.586180 -0.279572
v 0.217605 -0.586180 -0.251153
v 0.251137 -0.586180 -0.217622
v 0.279556 -0.586180 -0.179659
v 0.302282 -0.586180 -0.138038
v 0.318854 -0.586180 -0.093607
v 0.328934 -0.586180 -0.047270
v 0.332317 -0.586180 0.000031
v 0.328934 -0.586180 0.047331
v 0.318854 -0.586180 0.093669
v 0.302282 -0.586180 0.138100
v 0.279556 -0.586180 0.179721
v 0.251137 -0.586180 0.217683
v 0.217605 -0.586180 0.251215
v 0.179643 -0.586180 0.279634
v 0.138022 -0.586180 0.302360
v 0.093591 -0.586180 0.318932
v 0.047253 -0.586180 0.329012
v -0.000047 -0.586180 0.332395
v -0.047348 -0.586180 0.329012
v -0.093685 -0.586180 0.318932
v -0.138116 -0.586180 0.302360
v -0.179737 -0.586180 0.279634
v -0.217700 -0.586180 0.251215
v -0.251232 -0.586180 0.217683
v -0.279650 -0.586180 0.179721
v -0.302377 -0.586180 0.138100
v -0.318949 -0.586180 0.093669
v -0.329029 -0.586180 0.047331
v -0.332412 -0.586180 0.000031
v -0.329029 -0.586180 -0.047269
v -0.318949 -0.586180 -0.093607
v -0.302377 -0.586180 -0.138038
v -0.279650 -0.586180 -0.179659
v -0.251232 -0.586180 -0.217622
v -0.217700 -0.586180 -0.251153
v -0.179737 -0.586180 -0.279572
v -0.138116 -0.586180 -0.302299
v -0.093685 -0.586180 -0.318870
v -0.047348 -0.586180 -0.328951
v -0.000047 -0.586180 -0.332334
v 0.047253 -0.586180 -0.328951
v 0.588416 -0.434050 0.057149
v 0.588416 -0.437232 0.017235
v 0.588474 -0.437769 -0.000000
v 0.588416 -0.437232 -0.017236
v 0.588416 -0.434050 -0.057149
v 0.057149 0.588396 0.434091
v 0.017236 0.588396 0.437273
v 0.000000 0.588453 0.437855
v -0.017236 0.588396 0.437273
v -0.057149 0.588396 0.434091
v -0.218918 -0.588396 0.379178
v -0.057149 -0.434050 0.588416
v -0.017236 -0.437232 0.588416
v 0.000000 -0.437769 0.588474
v 0.017236 -0.437232 0.588416
v 0.057149 -0.434050 0.588416
v -0.588416 0.218878 0.379178
v -0.588416 0.266497 0.347360
v -0.588416 0.309557 0.309598
v -0.588416 0.347319 0.266538
v -0.588416 0.379137 0.218919
v 0.588416 0.218878 0.379178
v 0.588416 0.266497 0.347359
v 0.588416 0.309557 0.309597
v 0.588416 0.347319 0.266538
v 0.588416 0.379137 0.218918
v -0.379178 -0.588396 0.218918
v -0.347360 -0.588396 0.266538
v -0.309598 -0.588396 0.309597
v -0.266538 -0.588396 0.347359
vn -0.2727 -0.8100 0.5192
vn -0.5132 -0.8132 0.2743
vn -0.2726 -0.8100 0.5193
vn 0.0001 -0.7112 0.7029
vn -0.0000 -0.7112 0.7030
vn -0.1026 0.9947 0.0008
vn -0.1028 0.9947 0.0008
vn -0.1027 0.9947 0.0008
vn -0.1028 0.9947 0.0009
vn 0.5647 -0.1130 0.8175
vn 0.5693 -0.0759 0.8186
vn 0.5647 -0.1130 0.8176
vn 0.5737 -0.0002 0.8191
vn 0.5732 -0.0388 0.8185
vn 0.5736 -0.0000 0.8191
vn 0.5732 0.0387 0.8185
vn 0.5692 0.0764 0.8186
vn 0.5692 0.0761 0.8186
vn 0.5647 0.1130 0.8175
vn 0.5647 0.1129 0.8175
vn -0.1028 -0.9894 0.1028
vn -0.8174 0.1130 -0.5649
vn -0.8185 0.0758 -0.5694
vn -0.8175 0.1131 -0.5646
vn -0.8185 0.0758 -0.5695
vn -0.8190 0.0004 -0.5738
vn -0.8184 0.0384 -0.5733
vn -0.8191 -0.0000 -0.5737
vn -0.8184 -0.0384 -0.5733
vn -0.8185 -0.0759 -0.5694
vn -0.8185 -0.0758 -0.5694
vn -0.8177 -0.1127 -0.5644
vn -0.8176 -0.1130 -0.5646
vn -0.5566 0.6336 -0.5374
vn -0.5565 0.6336 -0.5374
vn -0.0012 -0.9946 0.1036
vn -0.0012 0.9946 0.1035
vn -0.0012 0.9946 0.1036
vn -0.5564 -0.6339 -0.5373
vn 1.0000 -0.0000 -0.0000
vn -0.0000 -1.0000 -0.0000
vn -0.0041 0.0006 1.0000
vn -0.0043 -0.0001 1.0000
vn -0.0038 0.0008 1.0000
vn -0.0041 -0.0000 1.0000
vn -0.0042 -0.0000 1.0000
vn -0.0041 0.0001 1.0000
vn -0.0042 0.0002 1.0000
vn -0.0039 -0.0008 1.0000
vn -0.0039 -0.0007 1.0000
vn -1.0000 -0.0002 -0.0017
vn -1.0000 -0.0000 -0.0011
vn -1.0000 0.0005 -0.0005
vn -1.0000 -0.0004 -0.0016
vn -1.0000 -0.0002 -0.0012
vn -1.0000 0.0002 -0.0012
vn -1.0000 0.0006 -0.0011
vn -1.0000 -0.0002 -0.0010
vn -1.0000 0.0001 -0.0010
vn -0.0000 -0.0000 1.0000
vn -0.0000 1.0000 -0.0000
vn -0.9794 0.2020 -0.0000
vn -0.9908 0.1353 -0.0000
vn -0.9912 0.1019 -0.0848
vn -0.9912 0.1019 -0.0847
vn -0.9937 -0.0000 -0.1124
vn -0.9858 -0.0000 -0.1680
vn -0.9912 -0.1019 -0.0848
vn -0.9912 -0.1019 -0.0847
vn -0.9908 -0.1353 -0.0000
vn -0.9794 -0.2020 -0.0000
vn -0.9915 -0.1019 0.0814
vn -0.9915 -0.1019 0.0813
vn -0.9942 -0.0000 0.1079
vn -0.9869 -0.0000 0.1614
vn -0.9915 0.1019 0.0814
vn -0.9915 0.1019 0.0813
vn 0.9910 -0.0000 -0.1340
vn 0.9859 0.1674 -0.0000
vn 0.9902 -0.0000 0.1395
vn 0.9859 -0.1674 -0.0000
vn 0.0941 -0.1151 0.9889
vn 0.1862 -0.0000 0.9825
vn 0.1246 -0.0000 0.9922
vn 0.0941 0.1151 0.9889
vn 0.0941 0.1150 0.9889
vn -0.0000 0.1526 0.9883
vn -0.0000 0.2276 0.9737
vn -0.0941 0.1151 0.9889
vn -0.0941 0.1150 0.9889
vn -0.1246 -0.0000 0.9922
vn -0.1862 -0.0000 0.9825
vn -0.0941 -0.1151 0.9889
vn -0.0941 -0.1150 0.9889
vn -0.0000 -0.1526 0.9883
vn -0.0000 -0.2276 0.9737
vn 0.0941 -0.1150 0.9889
vn -1.0000 -0.0000 -0.0000
vn -0.0000 -0.0000 -1.0000
vn -0.1198 -0.0000 -0.9928
vn -0.0000 0.1526 -0.9883
vn 0.1298 -0.0000 -0.9915
vn 0.1299 -0.0000 -0.9915
vn -0.0000 -0.1526 -0.9883
vn 0.9868 -0.1263 -0.1013
vn 0.9798 -0.0000 -0.2001
vn 0.9868 0.1263 -0.1013
vn 0.9868 0.1263 -0.1014
vn 0.9684 0.2494 -0.0000
vn 0.9864 0.1264 0.1055
vn 0.9864 0.1263 0.1055
vn 0.9781 -0.0000 0.2082
vn 0.9864 -0.1264 0.1055
vn 0.9864 -0.1263 0.1055
vn 0.9684 -0.2494 -0.0000
vn 0.9868 -0.1263 -0.1014
vn 0.0980 -0.1152 -0.9885
vn -0.0000 -0.2276 -0.9737
vn -0.0904 -0.1150 -0.9892
vn -0.0905 -0.1150 -0.9892
vn -0.1790 -0.0000 -0.9839
vn -0.0904 0.1150 -0.9892
vn -0.0905 0.1150 -0.9892
vn -0.0000 0.2276 -0.9737
vn 0.0980 0.1152 -0.9885
vn 0.0981 0.1150 -0.9885
vn 0.1940 -0.0000 -0.9810
vn 0.0981 -0.1150 -0.9885
vn -0.0000 0.7067 -0.7075
vn -0.0000 0.7067 -0.7076
vn -0.7070 0.7072 -0.0000
vn -0.7115 -0.7027 0.0001
vn -0.7114 -0.7028 -0.0000
vn -0.7066 -0.0000 -0.7076
vn -0.7068 -0.0000 -0.7075
vn 0.7070 0.7072 -0.0000
vn -0.7028 0.7114 -0.0000
vn -0.7028 0.7114 0.0001
vn 0.7114 -0.7028 0.0001
vn 0.7115 -0.7027 -0.0000
vn 0.7029 0.0001 -0.7112
vn 0.7029 0.0001 -0.7113
vn 0.7030 -0.0000 -0.7112
vn 0.7031 -0.0002 -0.7111
vn -0.0000 -0.7028 -0.7114
vn 0.0001 -0.7028 -0.7114
vn 0.5132 -0.2743 -0.8132
vn 0.4987 -0.2992 -0.8135
vn 0.4988 -0.2992 -0.8134
vn 0.4614 -0.3537 -0.8136
vn 0.4609 -0.3538 -0.8139
vn 0.4110 -0.4108 -0.8139
vn 0.4107 -0.4113 -0.8137
vn 0.3543 -0.4608 -0.8137
vn 0.3539 -0.4612 -0.8137
vn 0.2992 -0.4988 -0.8134
vn 0.2993 -0.4987 -0.8135
vn 0.2743 -0.5132 -0.8132
vn 0.1028 0.1028 0.9894
vn 0.7028 0.7114 -0.0000
vn 0.7028 0.7114 0.0001
vn 0.7027 0.7115 0.0001
vn -0.4265 0.0751 -0.9014
vn -0.5747 0.0409 -0.8174
vn -0.5746 0.0409 -0.8174
vn -0.7055 0.0050 -0.7087
vn -0.4581 0.4582 0.7617
vn -0.7114 -0.0001 0.7027
vn -0.7114 -0.0001 0.7028
vn -0.7115 -0.0001 0.7027
vn -0.7114 -0.0000 0.7028
vn -0.0000 0.0001 -1.0000
vn 0.7618 0.4578 -0.4583
vn 0.2993 0.8135 0.4987
vn 0.2992 0.8134 0.4988
vn 0.2743 0.8132 0.5132
vn 0.3540 0.8137 0.4611
vn 0.3545 0.8138 0.4605
vn 0.4110 0.8138 0.4109
vn 0.4110 0.8138 0.4108
vn 0.4610 0.8136 0.3542
vn 0.4612 0.8137 0.3539
vn 0.3492 0.8188 0.4557
vn 0.4986 0.8133 0.2998
vn 0.2727 0.8100 0.5191
vn 0.0001 0.7114 0.7028
vn -0.4579 -0.7617 -0.4584
vn 0.7068 -0.0000 -0.7075
vn 0.7066 -0.0000 -0.7076
vn 0.7068 -0.0000 -0.7074
vn -0.9947 0.1027 -0.0008
vn -0.9947 0.1028 -0.0008
vn -0.9947 0.1028 -0.0009
vn -0.0011 1.0000 -0.0009
vn -0.0011 1.0000 -0.0011
vn -0.0010 1.0000 -0.0010
vn -0.0010 1.0000 -0.0011
vn 0.0009 1.0000 -0.0011
vn 0.0011 1.0000 -0.0011
vn 0.0010 1.0000 -0.0010
vn 0.0011 1.0000 -0.0010
vn 0.9947 0.1028 -0.0008
vn 0.9947 0.1026 -0.0008
vn 0.9947 0.1027 -0.0008
vn 0.1127 0.8177 0.5644
vn 0.0759 0.8185 0.5694
vn 0.1130 0.8175 0.5647
vn 0.0758 0.8185 0.5694
vn 0.0385 0.8184 0.5733
vn -0.0000 0.8188 0.5741
vn -0.0000 0.8191 0.5737
vn -0.0384 0.8184 0.5733
vn -0.0758 0.8185 0.5694
vn -0.1132 0.8176 0.5645
vn -0.1131 0.8176 0.5646
vn 0.1026 0.0009 -0.9947
vn 0.1028 0.0008 -0.9947
vn 0.1027 0.0008 -0.9947
vn -0.1027 0.0008 0.9947
vn -0.1028 0.0009 0.9947
vn -0.0000 0.4154 -0.9096
vn -0.0000 0.5406 -0.8413
vn -0.0000 0.6549 -0.7557
vn -0.0000 0.6549 -0.7558
vn -0.0000 0.7558 -0.6549
vn -0.0000 0.7557 -0.6549
vn -0.0000 0.8413 -0.5406
vn -0.0000 0.9096 -0.4154
vn -0.0000 0.9595 -0.2817
vn -0.0000 0.9898 -0.1423
vn -0.0000 -0.7558 -0.6549
vn -0.0000 -0.6549 -0.7558
vn -0.0000 -0.7557 -0.6549
vn -0.0000 -0.6549 -0.7557
vn -0.0000 -0.5406 -0.8413
vn -0.0000 -0.4154 -0.9096
vn -0.0000 -0.2817 -0.9595
vn -0.0000 -0.1423 -0.9898
vn -0.0000 0.1423 -0.9898
vn -0.0000 0.2817 -0.9595
vn -0.0000 -0.8413 0.5406
vn -0.0000 -0.9096 0.4154
vn -0.0000 -0.9595 0.2817
vn -0.0000 -0.9898 0.1423
vn -0.0000 -0.9898 -0.1423
vn -0.0000 -0.9595 -0.2817
vn -0.0000 -0.9096 -0.4154
vn -0.0000 -0.8413 -0.5406
vn -0.0000 0.2817 0.9595
vn -0.0000 0.1423 0.9898
vn -0.0000 -0.1423 0.9898
vn -0.0000 -0.2817 0.9595
vn -0.0000 -0.4154 0.9096
vn -0.0000 -0.5406 0.8413
vn -0.0000 -0.6549 0.7557
vn -0.0000 -0.6549 0.7558
vn -0.0000 -0.7558 0.6549
vn -0.0000 -0.7557 0.6549
vn -0.0000 0.9898 0.1423
vn -0.0000 0.9595 0.2817
vn -0.0000 0.9096 0.4154
vn -0.0000 0.8413 0.5406
vn -0.0000 0.7557 0.6549
vn -0.0000 0.7558 0.6549
vn -0.0000 0.6549 0.7558
vn -0.0000 0.6549 0.7557
vn -0.0000 0.5406 0.8413
vn -0.0000 0.4154 0.9096
vn -0.5762 -0.6188 0.5340
vn -0.5759 -0.6187 0.5344
vn -0.5761 -0.6188 0.5340
vn -0.5761 -0.6188 0.5341
vn -0.5763 0.6185 0.5342
vn -0.8100 0.5191 0.2727
vn -0.7114 0.7028 -0.0000
vn -0.8188 0.4557 0.3492
vn -0.8132 0.5132 0.2743
vn -0.8134 0.4988 0.2992
vn -0.8135 0.4987 0.2993
vn -0.8137 0.4611 0.3540
vn -0.8137 0.4608 0.3543
vn -0.8138 0.4109 0.4110
vn -0.8138 0.3536 0.4613
vn -0.8137 0.3539 0.4612
vn -0.8133 0.2998 0.4986
vn 0.2727 0.5191 -0.8100
vn 0.0001 0.7028 -0.7114
vn -0.0000 0.7028 -0.7114
vn 0.3492 0.4557 -0.8188
vn 0.4988 0.2992 -0.8134
vn 0.4611 0.3540 -0.8137
vn 0.4614 0.3537 -0.8136
vn 0.4109 0.4110 -0.8138
vn 0.3542 0.4610 -0.8136
vn 0.3539 0.4612 -0.8137
vn 0.2993 0.4987 -0.8135
vn 0.2998 0.4986 -0.8133
vn 0.2743 0.5132 -0.8132
vn -0.7114 0.0001 0.7028
vn 0.5342 -0.5763 -0.6185
vn -0.5565 0.5375 -0.6336
vn -0.5566 0.5373 -0.6336
vn -0.0012 -0.1036 0.9946
vn -1.0000 -0.0009 0.0011
vn -1.0000 -0.0011 0.0011
vn -1.0000 -0.0010 0.0010
vn -1.0000 -0.0011 0.0010
vn -0.7067 -0.7075 -0.0000
vn -0.7067 -0.7076 -0.0000
vn -0.6662 -0.7458 0.0014
vn -0.6354 -0.7061 -0.3126
vn -0.6353 -0.7061 -0.3127
vn -0.6348 -0.3130 -0.7064
vn -0.6354 -0.3126 -0.7061
vn -0.6662 0.0014 -0.7458
vn -0.0012 -0.1036 -0.9946
vn -0.0011 -0.1035 -0.9946
vn 0.0038 0.7549 -0.6558
vn -0.0038 0.7549 -0.6558
vn -0.7550 -0.0034 -0.6557
vn -0.0000 -0.7075 -0.7068
vn -0.0000 -0.7076 -0.7066
vn -0.0000 -0.7074 -0.7068
vn -0.7071 -0.7071 -0.0000
vn -0.7071 -0.0000 -0.7071
vn -0.0009 1.0000 0.0011
vn -0.0011 1.0000 0.0011
vn -0.0010 1.0000 0.0010
vn -0.0011 1.0000 0.0010
vn -0.7550 0.0034 -0.6557
vn -0.7072 -0.0000 -0.7070
vn 0.7028 0.0001 -0.7114
vn 0.7027 0.0001 -0.7115
vn 0.7028 -0.0000 -0.7114
vn -0.0001 -0.7113 0.7029
vn -0.0001 -0.7112 0.7029
vn -0.0002 -0.7111 0.7030
vn -0.0002 -0.7111 0.7031
vn 0.7028 -0.7114 0.0001
vn 0.7028 -0.7114 -0.0000
vn -0.5770 0.5772 -0.5778
vn -0.5564 0.5373 0.6339
vn -0.0001 -1.0000 -0.0000
vn -0.8135 -0.4987 0.2993
vn -0.8135 -0.4988 0.2990
vn -0.8132 -0.5132 0.2743
vn -0.8137 -0.4612 0.3539
vn -0.8136 -0.4610 0.3542
vn -0.8138 -0.4110 0.4108
vn -0.8138 -0.4110 0.4109
vn -0.8136 -0.3537 0.4614
vn -0.8137 -0.3540 0.4611
vn -0.8134 -0.2992 0.4988
vn -0.8135 -0.2992 0.4987
vn -0.8132 -0.2743 0.5132
vn -0.9894 0.1028 -0.1028
vn -0.0035 0.6558 0.7550
vn -0.0035 0.6557 0.7550
vn 0.7550 0.6557 -0.0034
vn -0.1027 -0.0008 0.9947
vn -0.1028 -0.0008 0.9947
vn 0.7550 0.6557 0.0034
vn -1.0000 0.0010 -0.0002
vn -1.0000 0.0011 0.0007
vn -1.0000 0.0010 0.0001
vn -1.0000 0.0011 -0.0000
vn -1.0000 0.0012 0.0002
vn -1.0000 0.0012 -0.0002
vn -1.0000 0.0014 -0.0003
vn -1.0000 0.0017 -0.0002
vn -1.0000 0.0005 0.0005
vn -0.0039 -1.0000 -0.0008
vn -0.0042 -1.0000 0.0002
vn -0.0039 -1.0000 -0.0007
vn -0.0043 -1.0000 -0.0001
vn -0.0040 -1.0000 -0.0001
vn -0.0042 -1.0000 -0.0000
vn -0.0041 -1.0000 -0.0000
vn -0.0040 -1.0000 0.0006
vn -0.0038 -1.0000 0.0008
vn 0.5692 -0.8186 -0.0761
vn 0.5647 -0.8175 -0.1129
vn 0.5647 -0.8175 -0.1130
vn 0.5692 -0.8186 -0.0763
vn 0.5732 -0.8185 -0.0387
vn 0.5738 -0.8190 -0.0000
vn 0.5736 -0.8191 -0.0000
vn 0.5732 -0.8185 0.0387
vn 0.5692 -0.8187 0.0758
vn 0.5693 -0.8186 0.0759
vn 0.5646 -0.8175 0.1132
vn 0.5647 -0.8175 0.1133
vn -0.0008 -0.9947 -0.1027
vn -0.0009 -0.9947 -0.1028
vn -0.0008 0.9947 -0.1027
vn -0.0009 0.9947 -0.1028
vn -0.8175 -0.1130 0.5647
vn -0.8186 -0.0759 0.5693
vn -0.8176 -0.1130 0.5647
vn -0.8191 -0.0002 0.5737
vn -0.8185 -0.0388 0.5732
vn -0.8191 -0.0000 0.5736
vn -0.8185 0.0387 0.5732
vn -0.8186 0.0762 0.5693
vn -0.8186 0.0761 0.5692
vn -0.8175 0.1130 0.5647
vn -0.8175 0.1129 0.5648
vn -0.0761 -0.5692 -0.8186
vn -0.1130 -0.5647 -0.8175
vn -0.1129 -0.5647 -0.8175
vn -0.0763 -0.5692 -0.8186
vn -0.0387 -0.5732 -0.8185
vn -0.0000 -0.5736 -0.8191
vn 0.0759 -0.5694 -0.8185
vn 0.0387 -0.5732 -0.8185
vn 0.0759 -0.5693 -0.8186
vn 0.1130 -0.5647 -0.8175
vn 0.1130 -0.5646 -0.8176
vn 0.5645 0.1132 -0.8176
vn 0.5694 0.0758 -0.8185
vn 0.5646 0.1131 -0.8176
vn 0.5695 0.0758 -0.8185
vn 0.5738 0.0004 -0.8190
vn 0.5733 0.0384 -0.8184
vn 0.5737 -0.0000 -0.8191
vn 0.5733 -0.0385 -0.8184
vn 0.5694 -0.0759 -0.8185
vn 0.5694 -0.0758 -0.8185
vn 0.5645 -0.1128 -0.8177
vn 0.5646 -0.1130 -0.8176
vn 0.5374 0.6336 -0.5566
vn 0.5374 0.6336 -0.5565
vn -0.1036 -0.9946 -0.0012
vn -0.1035 0.9946 -0.0012
vn -0.1036 0.9946 -0.0011
vn -0.1036 0.9946 -0.0012
vn 0.5373 -0.6339 -0.5564
vn -1.0000 0.0006 -0.0040
vn -1.0000 0.0002 -0.0041
vn -1.0000 0.0008 -0.0037
vn -1.0000 -0.0001 -0.0043
vn -1.0000 -0.0000 -0.0041
vn -1.0000 -0.0000 -0.0042
vn -1.0000 0.0002 -0.0042
vn -1.0000 -0.0008 -0.0039
vn -1.0000 -0.0007 -0.0039
vn 0.0017 -0.0002 -1.0000
vn 0.0011 -0.0000 -1.0000
vn 0.0005 0.0005 -1.0000
vn 0.0016 -0.0004 -1.0000
vn 0.0012 -0.0002 -1.0000
vn 0.0012 0.0002 -1.0000
vn 0.0011 0.0006 -1.0000
vn 0.0010 -0.0002 -1.0000
vn 0.0010 0.0001 -1.0000
vn -0.1028 0.1028 -0.9894
vn 0.6559 0.0039 0.7549
vn 0.6558 -0.0039 0.7549
vn 0.6558 0.7549 -0.0038
vn 0.6557 -0.7550 -0.0035
vn 0.6558 -0.7550 -0.0035
vn -1.0000 -0.0017 0.0002
vn -1.0000 -0.0011 -0.0000
vn -1.0000 -0.0005 -0.0005
vn -1.0000 -0.0014 0.0003
vn -1.0000 -0.0012 0.0002
vn -1.0000 -0.0012 -0.0002
vn -1.0000 -0.0011 -0.0007
vn -1.0000 -0.0010 0.0002
vn -1.0000 -0.0010 -0.0001
vn 0.6558 0.7549 0.0038
vn 0.6557 -0.0034 -0.7550
vn 0.6557 0.0034 -0.7550
vn 0.6558 -0.7550 0.0035
vn 0.6662 0.0014 -0.7458
vn 0.6354 -0.3126 -0.7061
vn 0.6354 -0.7061 -0.3126
vn 0.6348 -0.7064 -0.3130
vn 0.6662 -0.7458 0.0014
vn 1.0000 0.0011 -0.0009
vn 1.0000 0.0011 -0.0011
vn 1.0000 0.0010 -0.0010
vn 1.0000 0.0010 -0.0011
vn 1.0000 0.0009 0.0011
vn 1.0000 0.0011 0.0011
vn 1.0000 0.0010 0.0010
vn 1.0000 0.0011 0.0010
vn 1.0000 -0.0011 0.0009
vn 1.0000 -0.0011 0.0011
vn 1.0000 -0.0010 0.0010
vn 1.0000 -0.0011 0.0012
vn 1.0000 -0.0010 0.0011
vn 0.6354 0.7061 -0.3126
vn 0.6662 0.7458 0.0014
vn 0.6353 0.7061 -0.3127
vn 0.6348 0.3130 -0.7064
vn 0.6354 0.3126 -0.7061
vn 0.6662 -0.0014 -0.7458
vn -0.0014 -0.7458 -0.6662
vn 0.3126 -0.7061 -0.6354
vn 0.7061 -0.3126 -0.6354
vn 0.7064 -0.3130 -0.6348
vn 0.7458 0.0014 -0.6662
vn 0.6662 -0.0014 0.7458
vn 0.6354 0.3126 0.7061
vn 0.6353 0.3127 0.7061
vn 0.6348 0.7064 0.3130
vn 0.6354 0.7061 0.3126
vn 0.6662 0.7458 -0.0014
vn -0.5341 -0.5761 -0.6188
vn 1.0000 -0.0009 -0.0011
vn 1.0000 -0.0011 -0.0011
vn 1.0000 -0.0010 -0.0010
vn 1.0000 -0.0011 -0.0010
vn 0.6662 -0.7458 -0.0014
vn 0.6354 -0.7061 0.3126
vn 0.6353 -0.7061 0.3127
vn 0.6348 -0.3130 0.7064
vn 0.6354 -0.3126 0.7061
vn 0.6662 0.0014 0.7458
vn -0.2727 0.5191 -0.8100
vn -0.0001 0.7028 -0.7114
vn -0.3492 0.4557 -0.8188
vn -0.4988 0.2990 -0.8135
vn -0.4612 0.3538 -0.8137
vn -0.4611 0.3542 -0.8136
vn -0.4109 0.4110 -0.8138
vn -0.3540 0.4610 -0.8137
vn -0.3539 0.4614 -0.8136
vn -0.2992 0.4988 -0.8134
vn -0.4557 0.3492 -0.8188
vn -0.5191 0.2727 -0.8100
vn -0.7028 0.0001 -0.7114
vn -0.5342 -0.5763 0.6185
vn 0.5565 0.5375 0.6336
vn 0.5566 0.5373 0.6336
vn 0.1036 0.9946 -0.0012
vn 0.7072 -0.0000 -0.7070
vn 0.1036 -0.9946 -0.0012
vn -0.5374 0.6334 -0.5568
vn -0.5374 0.6339 -0.5562
vn -0.5374 0.6336 -0.5565
vn 0.5763 0.6185 0.5342
vn 0.5762 -0.6187 0.5341
vn 0.5761 -0.6188 0.5341
vn 0.5761 -0.6187 0.5341
vn -0.4612 -0.8137 0.3539
vn -0.4839 -0.8130 0.3239
vn -0.4835 -0.8131 0.3242
vn -0.4609 -0.8137 0.3542
vn -0.4111 -0.8138 0.4108
vn -0.4110 -0.8138 0.4108
vn -0.3541 -0.8137 0.4611
vn -0.3539 -0.8137 0.4612
vn -0.2993 -0.8135 0.4987
vn -0.2998 -0.8133 0.4986
vn -0.2743 -0.8132 0.5132
vn -0.1028 0.1028 0.9894
vn 0.7067 -0.7075 -0.0000
vn 0.7067 -0.7076 -0.0000
vn 0.7071 -0.7071 -0.0000
vn 0.0009 -0.9947 -0.1028
vn 0.0008 -0.9947 -0.1027
vn 0.0001 -1.0000 -0.0000
vn -0.5772 -0.5778 -0.5770
vn 0.0038 0.6558 -0.7549
vn 0.8188 0.4557 0.3492
vn 0.7114 0.7028 0.0001
vn 0.8100 0.5191 0.2727
vn 0.8100 0.2727 0.5191
vn 0.8188 0.3492 0.4557
vn 0.8135 0.4988 0.2990
vn 0.8137 0.4612 0.3539
vn 0.8138 0.4614 0.3533
vn 0.8138 0.4110 0.4109
vn 0.8137 0.3541 0.4609
vn 0.8137 0.3540 0.4611
vn 0.8134 0.2992 0.4988
vn 0.7114 -0.0000 0.7028
vn -0.4582 0.7617 -0.4581
vn 0.5564 0.5373 -0.6339
vn -0.4578 -0.4583 0.7618
vn -0.7549 0.6558 0.0039
vn 0.7458 0.6662 -0.0014
vn 0.7061 0.6354 0.3126
vn 0.7061 0.6353 0.3127
vn 0.3130 0.6348 0.7064
vn 0.3126 0.6354 0.7061
vn -0.0014 0.6662 0.7458
vn 0.7617 -0.4584 -0.4579
vn 0.1027 -0.0008 -0.9947
vn 0.1028 -0.0008 -0.9947
vn 0.2743 -0.8132 0.5132
vn 0.2992 -0.8134 0.4988
vn 0.2992 -0.8135 0.4987
vn 0.3538 -0.8137 0.4613
vn 0.3538 -0.8138 0.4610
vn 0.4110 -0.8138 0.4108
vn 0.4111 -0.8138 0.4108
vn 0.4608 -0.8137 0.3543
vn 0.4612 -0.8137 0.3539
vn 0.4836 -0.8131 0.3241
vn 0.4840 -0.8129 0.3238
vn -0.7445 -0.0950 -0.6609
vn -0.7445 -0.0000 -0.6677
vn -0.7445 0.0950 -0.6609
vn -0.7445 0.1881 -0.6406
vn -0.7445 0.2774 -0.6073
vn -0.7445 0.3610 -0.5617
vn -0.7445 0.4372 -0.5046
vn -0.7445 0.5046 -0.4372
vn -0.7445 0.5617 -0.3610
vn -0.7445 0.6073 -0.2774
vn -0.7445 -0.6609 -0.0950
vn -0.7445 -0.6406 -0.1881
vn -0.7445 -0.6073 -0.2774
vn -0.7445 -0.5617 -0.3610
vn -0.7445 -0.5046 -0.4372
vn -0.7445 -0.4372 -0.5046
vn -0.7445 -0.3610 -0.5617
vn -0.7445 -0.2774 -0.6073
vn -0.7445 -0.1881 -0.6406
vn -0.7445 -0.2774 0.6073
vn -0.7445 -0.3610 0.5617
vn -0.7445 -0.4372 0.5046
vn -0.7445 -0.5046 0.4372
vn -0.7445 -0.5617 0.3610
vn -0.7445 -0.6073 0.2774
vn -0.7445 -0.6406 0.1881
vn -0.7445 -0.6609 0.0950
vn -0.7445 -0.6677 -0.0000
vn -0.7445 0.5046 0.4372
vn -0.7445 0.4372 0.5046
vn -0.7445 0.3610 0.5617
vn -0.7445 0.2774 0.6073
vn -0.7445 0.1881 0.6406
vn -0.7445 0.0950 0.6609
vn -0.7445 -0.0000 0.6677
vn -0.7445 -0.0950 0.6609
vn -0.7445 -0.1881 0.6406
vn -0.7445 0.6406 -0.1881
vn -0.7445 0.6609 -0.0950
vn -0.7445 0.6677 -0.0000
vn -0.7445 0.6609 0.0950
vn -0.7445 0.6406 0.1881
vn -0.7445 0.6073 0.2774
vn -0.7445 0.5617 0.3610
vn -0.1028 -0.1028 -0.9894
vn -0.7071 0.7071 -0.0000
vn 0.0038 -0.6558 0.7549
vn -0.7549 0.6559 -0.0039
vn 0.0035 -0.6557 -0.7550
vn 0.0035 -0.6558 -0.7550
vn -0.1028 -0.1028 0.9894
vn 1.0000 -0.0010 -0.0002
vn 1.0000 -0.0011 0.0007
vn 1.0000 -0.0010 0.0001
vn 1.0000 -0.0011 -0.0000
vn 1.0000 -0.0012 0.0002
vn 1.0000 -0.0012 -0.0002
vn 1.0000 -0.0015 -0.0003
vn 1.0000 -0.0016 -0.0002
vn 1.0000 -0.0005 0.0005
vn 0.0011 1.0000 0.0009
vn 0.0011 1.0000 0.0011
vn 0.0010 1.0000 0.0010
vn 0.0009 1.0000 0.0011
vn -0.0038 -0.6558 0.7549
vn 0.7550 -0.6557 -0.0034
vn 0.7550 -0.6557 0.0034
vn -0.0035 -0.6558 -0.7550
vn -0.0035 -0.6557 -0.7550
vn -0.5341 0.5762 0.6187
vn -0.5341 0.5761 0.6188
vn -0.5341 0.5761 0.6187
vn 0.0009 -1.0000 0.0011
vn 0.0011 -1.0000 0.0011
vn 0.0010 -1.0000 0.0010
vn 0.0011 -1.0000 0.0010
vn -0.0011 -1.0000 0.0009
vn -0.0011 -1.0000 0.0011
vn -0.0010 -1.0000 0.0010
vn -0.0010 -1.0000 0.0011
vn -0.0009 -1.0000 -0.0011
vn -0.0011 -1.0000 -0.0011
vn -0.0010 -1.0000 -0.0010
vn -0.0012 -1.0000 -0.0011
vn -0.0011 -1.0000 -0.0010
vn -0.7549 -0.6558 -0.0039
vn 0.7458 -0.6662 0.0014
vn 0.7061 -0.6354 -0.3126
vn 0.3126 -0.6354 -0.7061
vn 0.3130 -0.6348 -0.7064
vn -0.0014 -0.6662 -0.7458
vn 0.5568 -0.5374 -0.6334
vn 0.5562 -0.5374 -0.6339
vn 0.5566 -0.5374 -0.6336
vn 0.5565 -0.5374 -0.6336
vn 0.6188 0.5341 -0.5761
vn 0.6188 0.5340 -0.5761
vn -0.5342 0.5763 -0.6185
vn -0.6185 0.5342 -0.5763
vn -0.6336 -0.5565 0.5375
vn -0.6336 -0.5566 0.5373
vn 0.9946 -0.0012 -0.1036
vn 0.0012 0.1036 0.9946
vn -0.9946 -0.0012 -0.1036
vn -0.9946 -0.0011 -0.1035
vn -0.7549 -0.6559 0.0039
vn -0.7549 -0.6558 0.0039
vn -0.7061 0.6354 0.3126
vn -0.7458 0.6662 -0.0014
vn -0.7064 0.6348 0.3130
vn -0.3126 0.6354 0.7061
vn 0.0014 0.6662 0.7458
vn -0.7458 0.6662 0.0014
vn -0.7061 0.6354 -0.3126
vn -0.7061 0.6353 -0.3127
vn -0.3130 0.6348 -0.7064
vn -0.3126 0.6354 -0.7061
vn 0.0014 0.6662 -0.7458
vn 0.3126 -0.6354 0.7061
vn -0.0014 -0.6662 0.7458
vn 0.3127 -0.6353 0.7061
vn 0.7064 -0.6348 0.3130
vn 0.7061 -0.6354 0.3126
vn 0.7458 -0.6662 -0.0014
vn -0.7458 -0.6662 -0.0014
vn -0.7061 -0.6354 0.3126
vn -0.7061 -0.6353 0.3127
vn -0.3130 -0.6348 0.7064
vn -0.3126 -0.6354 0.7061
vn 0.0014 -0.6662 0.7458
vn -0.0000 -0.7071 -0.7071
vn -0.9096 -0.0000 0.4154
vn -0.8413 -0.0000 0.5406
vn -0.7557 -0.0000 0.6549
vn -0.7558 -0.0000 0.6549
vn -0.6549 -0.0000 0.7558
vn -0.6549 -0.0000 0.7557
vn -0.5406 -0.0000 0.8413
vn -0.4154 -0.0000 0.9096
vn -0.2817 -0.0000 0.9595
vn -0.1423 -0.0000 0.9898
vn -0.6549 -0.0000 -0.7558
vn -0.7558 -0.0000 -0.6549
vn -0.6549 -0.0000 -0.7557
vn -0.7557 -0.0000 -0.6549
vn -0.8413 -0.0000 -0.5406
vn -0.9096 -0.0000 -0.4154
vn -0.9595 -0.0000 -0.2817
vn -0.9898 -0.0000 -0.1423
vn -0.9898 -0.0000 0.1423
vn -0.9595 -0.0000 0.2817
vn 0.5406 -0.0000 -0.8413
vn 0.4154 -0.0000 -0.9096
vn 0.2817 -0.0000 -0.9595
vn 0.1423 -0.0000 -0.9898
vn -0.1423 -0.0000 -0.9898
vn -0.2817 -0.0000 -0.9595
vn -0.4154 -0.0000 -0.9096
vn -0.5406 -0.0000 -0.8413
vn 0.9595 -0.0000 0.2817
vn 0.9898 -0.0000 0.1423
vn 0.9898 -0.0000 -0.1423
vn 0.9595 -0.0000 -0.2817
vn 0.9096 -0.0000 -0.4154
vn 0.8413 -0.0000 -0.5406
vn 0.7557 -0.0000 -0.6549
vn 0.7558 -0.0000 -0.6549
vn 0.6549 -0.0000 -0.7558
vn 0.6549 -0.0000 -0.7557
vn 0.1423 -0.0000 0.9898
vn 0.2817 -0.0000 0.9595
vn 0.4154 -0.0000 0.9096
vn 0.5406 -0.0000 0.8413
vn 0.6549 -0.0000 0.7557
vn 0.6549 -0.0000 0.7558
vn 0.7558 -0.0000 0.6549
vn 0.7557 -0.0000 0.6549
vn 0.8413 -0.0000 0.5406
vn 0.9096 -0.0000 0.4154
vn 0.0011 -1.0000 -0.0009
vn 0.0011 -1.0000 -0.0011
vn 0.0010 -1.0000 -0.0010
vn 0.0009 -1.0000 -0.0011
vn 0.0011 -1.0000 -0.0012
vn 0.0014 -0.6662 -0.7458
vn -0.3126 -0.6354 -0.7061
vn -0.3127 -0.6353 -0.7061
vn -0.7064 -0.6348 -0.3130
vn -0.7061 -0.6354 -0.3126
vn -0.7458 -0.6662 0.0014
vn 0.6339 -0.5564 0.5373
vn 0.1028 0.0008 0.9947
vn 0.1027 0.0008 0.9947
vn -0.8176 0.5646 0.1130
vn -0.8185 0.5694 0.0758
vn -0.8174 0.5648 0.1132
vn -0.8184 0.5733 0.0385
vn -0.8189 0.5739 -0.0009
vn -0.8191 0.5737 -0.0000
vn -0.8184 0.5733 -0.0384
vn -0.8185 0.5694 -0.0758
vn -0.8186 0.5693 -0.0758
vn -0.8174 0.5648 -0.1132
vn -0.8175 0.5647 -0.1130
vn -0.5196 -0.2777 -0.8080
vn -0.3244 -0.3544 -0.8770
vn -0.5047 -0.2964 -0.8108
vn 0.0757 -0.4259 -0.9016
vn -0.2161 -0.3876 -0.8961
vn -0.4640 -0.3495 -0.8140
vn -0.4112 -0.4108 -0.8137
vn -0.4111 -0.4107 -0.8138
vn -0.3495 -0.4640 -0.8140
vn -0.2965 -0.5046 -0.8109
vn -0.3151 -0.4893 -0.8132
vn -0.2965 -0.5046 -0.8108
vn -0.2778 -0.5196 -0.8080
vn -0.2777 -0.5196 -0.8080
vn 0.9947 -0.1027 -0.0008
vn 0.9947 -0.1028 -0.0008
vn -0.9947 -0.1028 -0.0009
vn -0.9947 -0.1027 -0.0008
vn -0.0002 -1.0000 0.0010
vn 0.0007 -1.0000 0.0011
vn 0.0001 -1.0000 0.0010
vn -0.0000 -1.0000 0.0011
vn 0.0002 -1.0000 0.0012
vn -0.0002 -1.0000 0.0012
vn -0.0003 -1.0000 0.0014
vn -0.0002 -1.0000 0.0017
vn 0.0005 -1.0000 0.0005
vn -0.0008 -0.0039 -1.0000
vn 0.0002 -0.0042 -1.0000
vn -0.0007 -0.0039 -1.0000
vn -0.0001 -0.0043 -1.0000
vn -0.0000 -0.0041 -1.0000
vn -0.0000 -0.0042 -1.0000
vn 0.0006 -0.0041 -1.0000
vn 0.0008 -0.0038 -1.0000
vn -0.0761 0.5692 -0.8186
vn -0.1129 0.5647 -0.8175
vn -0.1130 0.5647 -0.8175
vn -0.0763 0.5692 -0.8186
vn -0.0387 0.5732 -0.8185
vn -0.0000 0.5736 -0.8191
vn 0.0387 0.5732 -0.8185
vn 0.0758 0.5692 -0.8187
vn 0.0759 0.5693 -0.8186
vn 0.1132 0.5646 -0.8175
vn 0.1132 0.5647 -0.8175
vn -0.0000 0.7071 -0.7071
vn 0.6339 0.5564 0.5373
vn -0.9946 0.0012 -0.1036
vn -0.9946 0.0011 -0.1035
vn 0.9946 0.0012 -0.1036
vn -0.6337 0.5569 0.5369
vn -0.6335 0.5564 0.5377
vn -0.6336 0.5566 0.5373
vn -0.6336 0.5565 0.5375
vn -0.6185 -0.5342 -0.5763
vn 0.6188 0.5762 -0.5340
vn 0.6187 0.5760 -0.5343
vn 0.6188 0.5761 -0.5340
vn 0.6188 0.5761 -0.5341
vn -0.6185 0.5763 -0.5342
vn -0.6337 -0.5369 0.5569
vn -0.6335 -0.5377 0.5564
vn -0.6336 -0.5373 0.5566
vn -0.6336 -0.5375 0.5565
vn 0.9946 0.1036 0.0012
vn -0.9946 0.1036 0.0012
vn -0.9946 0.1035 0.0011
vn 0.6339 -0.5373 0.5564
vn -0.0000 0.7071 0.7071
vn 0.6188 -0.5761 -0.5341
vn -0.0000 0.7075 0.7067
vn -0.0000 0.7076 0.7067
vn 0.5340 -0.6188 0.5762
vn 0.5343 -0.6187 0.5760
vn 0.5340 -0.6188 0.5761
vn 0.5341 -0.6188 0.5761
vn 0.5342 0.6185 0.5763
vn 0.2727 0.5191 0.8100
vn -0.0000 0.7028 0.7114
vn 0.3492 0.4557 0.8188
vn 0.2743 0.5132 0.8132
vn 0.2992 0.4988 0.8134
vn 0.2993 0.4987 0.8135
vn 0.3540 0.4611 0.8137
vn 0.3546 0.4605 0.8138
vn 0.4110 0.4109 0.8138
vn 0.4613 0.3535 0.8138
vn 0.4612 0.3539 0.8137
vn 0.4986 0.2998 0.8133
vn -0.8100 0.5191 -0.2727
vn -0.7114 0.7028 -0.0001
vn -0.8188 0.4557 -0.3492
vn -0.8134 0.2992 -0.4988
vn -0.8137 0.3540 -0.4611
vn -0.8136 0.3537 -0.4614
vn -0.8138 0.4110 -0.4109
vn -0.8136 0.4610 -0.3542
vn -0.8137 0.4612 -0.3539
vn -0.8135 0.4987 -0.2993
vn -0.8133 0.4986 -0.2998
vn -0.8132 0.5132 -0.2743
vn 0.7028 -0.0000 0.7114
vn 0.7028 0.0001 0.7114
vn 0.8100 0.5191 -0.2727
vn 0.7114 0.7028 -0.0001
vn 0.8188 0.4557 -0.3492
vn 0.7114 0.7028 -0.0000
vn 0.8135 0.2990 -0.4988
vn 0.8137 0.3538 -0.4612
vn 0.8136 0.3542 -0.4611
vn 0.8138 0.4110 -0.4109
vn 0.8137 0.4610 -0.3541
vn 0.8136 0.4614 -0.3539
vn 0.8134 0.4988 -0.2992
vn 0.8188 0.3492 -0.4557
vn 0.8100 0.2727 -0.5191
vn 0.7114 0.0001 -0.7028
vn -0.6185 -0.5763 -0.5342
vn 0.7114 -0.7028 -0.0000
vn 0.7115 -0.7027 -0.0001
vn -0.6336 0.5375 0.5565
vn -0.6336 0.5373 0.5566
vn 0.9946 -0.1036 0.0012
vn -0.0001 -0.7028 0.7114
vn -0.0000 -0.7028 0.7114
vn -0.0001 -0.7027 0.7115
vn -0.5191 0.2727 0.8100
vn -0.7028 -0.0000 0.7114
vn -0.4557 0.3492 0.8188
vn -0.2990 0.4988 0.8135
vn -0.3539 0.4612 0.8137
vn -0.3531 0.4615 0.8138
vn -0.4108 0.4110 0.8138
vn -0.4109 0.4110 0.8138
vn -0.4608 0.3542 0.8137
vn -0.4611 0.3540 0.8137
vn -0.4988 0.2992 0.8134
vn -0.3492 0.4557 0.8188
vn -0.2727 0.5191 0.8100
vn -0.0001 0.7028 0.7114
vn 0.5132 -0.8132 0.2743
vn -0.0000 -0.7075 0.7067
vn -0.0000 -0.7076 0.7067
vn -0.0001 -0.7114 -0.7028
vn -0.0000 -0.7114 -0.7028
vn 0.5564 -0.6339 -0.5373
vn -0.9946 -0.1036 0.0012
vn -0.9946 -0.1035 0.0011
vn 0.0012 0.9946 0.1036
vn -0.7029 -0.7112 0.0001
vn -0.5193 -0.8100 -0.2726
vn -0.7030 -0.7112 -0.0000
vn -0.5192 -0.8100 -0.2727
vn -0.2743 -0.8132 -0.5132
vn 0.7070 -0.0000 0.7072
vn 0.0012 -0.9946 0.1036
vn 0.0012 -0.9946 0.1035
vn 0.5568 0.6334 -0.5374
vn 0.5562 0.6339 -0.5374
vn 0.5565 0.6336 -0.5374
vn -0.5342 0.6185 0.5763
vn -0.5341 -0.6187 0.5762
vn -0.5341 -0.6188 0.5760
vn -0.5341 -0.6187 0.5761
vn -0.5341 -0.6188 0.5761
vn -0.3539 -0.8137 -0.4612
vn -0.3239 -0.8130 -0.4839
vn -0.3241 -0.8131 -0.4836
vn -0.3543 -0.8137 -0.4608
vn -0.4108 -0.8138 -0.4112
vn -0.4110 -0.8139 -0.4108
vn -0.4612 -0.8137 -0.3538
vn -0.4612 -0.8137 -0.3539
vn -0.4987 -0.8135 -0.2993
vn -0.4986 -0.8133 -0.2998
vn -0.5132 -0.8132 -0.2743
vn -0.1028 0.9894 -0.1028
vn -0.7068 -0.7075 -0.0000
vn -0.7066 -0.7076 -0.0000
vn -0.7068 -0.7074 -0.0000
vn -0.0000 -0.7071 0.7071
vn 0.1028 -0.9947 0.0009
vn 0.1027 -0.9947 0.0008
vn -0.2743 -0.5132 0.8132
vn -0.2990 -0.4988 0.8135
vn -0.2993 -0.4987 0.8135
vn -0.3539 -0.4612 0.8137
vn -0.3535 -0.4613 0.8138
vn -0.4108 -0.4110 0.8138
vn -0.4109 -0.4110 0.8138
vn -0.4608 -0.3543 0.8137
vn -0.4611 -0.3540 0.8137
vn -0.4988 -0.2992 0.8134
vn -0.4987 -0.2992 0.8135
vn -0.5132 -0.2743 0.8132
vn -0.7071 -0.0000 0.7071
vn -0.7070 -0.0000 0.7072
vn -0.7115 -0.0001 -0.7027
vn -0.7114 -0.0000 -0.7028
vn -0.7066 0.7076 -0.0000
vn -0.7068 0.7075 -0.0000
vn -0.7114 0.0001 -0.7028
vn -0.7115 0.0001 -0.7027
vn 0.7029 -0.7113 0.0001
vn 0.7029 -0.7112 0.0001
vn 0.7030 -0.7112 0.0001
vn 0.7031 -0.7111 0.0002
vn 0.0001 -0.7114 -0.7028
vn -0.0000 -1.0000 0.0001
vn -0.1028 -0.9894 -0.1028
vn 0.6339 0.5373 0.5564
vn -0.7028 -0.0001 0.7114
vn 0.7114 -0.0001 -0.7028
vn 0.7115 -0.0000 -0.7027
vn 0.4582 0.7617 -0.4581
vn -0.5196 0.8080 -0.2777
vn -0.5047 0.8108 -0.2964
vn -0.3244 0.8770 -0.3544
vn -0.2965 0.8108 -0.5046
vn -0.2777 0.8080 -0.5196
vn -0.3496 0.8139 -0.4640
vn -0.3495 0.8140 -0.4640
vn -0.4110 0.8138 -0.4108
vn -0.4113 0.8137 -0.4107
vn -0.4640 0.8140 -0.3495
vn -0.2162 0.8961 -0.3876
vn 0.0751 0.9013 -0.4266
vn -0.3151 0.8132 -0.4893
vn -0.7617 -0.4584 -0.4579
vn 0.7029 0.7112 0.0001
vn 0.7029 0.7113 0.0001
vn 0.7030 0.7112 -0.0000
vn 0.7031 0.7111 -0.0002
vn -0.0000 0.7114 -0.7028
vn 0.0001 0.7114 -0.7028
vn 0.5132 0.8132 -0.2743
vn 0.4987 0.8135 -0.2992
vn 0.4988 0.8134 -0.2992
vn 0.4614 0.8136 -0.3537
vn 0.4611 0.8137 -0.3538
vn 0.4107 0.8138 -0.4111
vn 0.4108 0.8138 -0.4112
vn 0.3543 0.8137 -0.4608
vn 0.3539 0.8137 -0.4612
vn 0.2992 0.8134 -0.4988
vn 0.2993 0.8135 -0.4987
vn 0.2743 0.8132 -0.5132
vn 0.1028 0.9894 -0.1028
vn 0.7028 -0.0001 0.7114
vn 0.7027 -0.0001 0.7115
vn 0.5772 -0.5778 -0.5770
vn -0.7114 -0.7027 -0.0001
vn -0.7114 -0.7028 -0.0001
vn -0.7115 -0.7027 -0.0001
vn 0.1028 -0.9894 -0.1028
vn -0.0000 1.0000 0.0001
vn 0.4578 -0.4583 0.7618
vn 0.2993 -0.4987 0.8135
vn 0.2992 -0.4988 0.8134
vn 0.2743 -0.5132 0.8132
vn 0.3540 -0.4611 0.8137
vn 0.3543 -0.4608 0.8137
vn 0.4110 -0.4109 0.8138
vn 0.4614 -0.3534 0.8138
vn 0.4612 -0.3539 0.8137
vn 0.3492 -0.4557 0.8188
vn 0.4986 -0.2998 0.8133
vn 0.2727 -0.5191 0.8100
vn 0.0001 -0.7028 0.7114
vn 0.8148 -0.0825 0.5738
vn 0.8148 -0.0000 0.5797
vn 0.8148 0.0825 0.5738
vn 0.8148 0.1633 0.5562
vn 0.8148 0.2408 0.5273
vn 0.8148 0.3134 0.4877
vn 0.8148 0.3796 0.4381
vn 0.8148 0.4381 0.3796
vn 0.8148 0.4877 0.3134
vn 0.8148 0.5273 0.2408
vn 0.8148 -0.5738 0.0825
vn 0.8148 -0.5562 0.1633
vn 0.8148 -0.5273 0.2408
vn 0.8148 -0.4877 0.3134
vn 0.8148 -0.4381 0.3796
vn 0.8148 -0.3796 0.4381
vn 0.8148 -0.3134 0.4877
vn 0.8148 -0.2408 0.5273
vn 0.8148 -0.1633 0.5562
vn 0.8148 -0.2408 -0.5273
vn 0.8148 -0.3134 -0.4877
vn 0.8148 -0.3796 -0.4381
vn 0.8148 -0.4381 -0.3796
vn 0.8148 -0.4877 -0.3134
vn 0.8148 -0.5273 -0.2408
vn 0.8148 -0.5562 -0.1633
vn 0.8148 -0.5738 -0.0825
vn 0.8148 -0.5797 -0.0000
vn 0.8148 0.4381 -0.3796
vn 0.8148 0.3796 -0.4381
vn 0.8148 0.3134 -0.4877
vn 0.8148 0.2408 -0.5273
vn 0.8148 0.1633 -0.5562
vn 0.8148 0.0825 -0.5738
vn 0.8148 -0.0000 -0.5797
vn 0.8148 -0.0825 -0.5738
vn 0.8148 -0.1633 -0.5562
vn 0.8148 0.5562 0.1633
vn 0.8148 0.5738 0.0825
vn 0.8148 0.5797 -0.0000
vn 0.8148 0.5738 -0.0825
vn 0.8148 0.5562 -0.1633
vn 0.8148 0.5273 -0.2408
vn 0.8148 0.4877 -0.3134
vn 0.1028 -0.1028 0.9894
vn 0.7066 -0.7076 -0.0000
vn 0.7068 -0.7075 -0.0000
vn 0.7068 0.7075 -0.0000
vn 0.7066 0.7076 -0.0000
vn 0.7068 0.7074 -0.0000
vn 0.1028 -0.1028 -0.9894
vn -0.9947 0.0008 0.1027
vn -0.9947 0.0008 0.1028
vn -0.9947 0.0009 0.1028
vn 0.9947 -0.0008 0.1027
vn 0.9947 -0.0008 0.1028
vn 0.0002 -0.0017 1.0000
vn -0.0000 -0.0011 1.0000
vn -0.0006 -0.0004 1.0000
vn 0.0004 -0.0016 1.0000
vn 0.0002 -0.0012 1.0000
vn -0.0002 -0.0012 1.0000
vn -0.0007 -0.0011 1.0000
vn 0.0002 -0.0010 1.0000
vn -0.0001 -0.0010 1.0000
vn -0.9947 -0.0009 0.1028
vn -0.9947 -0.0008 0.1027
vn 0.7071 -0.0000 0.7071
vn 0.1028 0.1028 -0.9894
vn -0.0006 1.0000 0.0040
vn 0.0001 1.0000 0.0043
vn -0.0008 1.0000 0.0038
vn -0.0000 1.0000 0.0041
vn -0.0000 1.0000 0.0042
vn -0.0001 1.0000 0.0041
vn -0.0002 1.0000 0.0042
vn 0.0008 1.0000 0.0039
vn 0.0007 1.0000 0.0039
vn -0.0002 0.0010 1.0000
vn 0.0007 0.0011 1.0000
vn 0.0001 0.0010 1.0000
vn -0.0000 0.0011 1.0000
vn 0.0002 0.0012 1.0000
vn -0.0002 0.0012 1.0000
vn -0.0004 0.0016 1.0000
vn -0.0002 0.0017 1.0000
vn 0.0006 0.0004 1.0000
vn -0.0008 -1.0000 0.0039
vn 0.0002 -1.0000 0.0042
vn -0.0007 -1.0000 0.0039
vn -0.0001 -1.0000 0.0043
vn -0.0001 -1.0000 0.0040
vn -0.0000 -1.0000 0.0042
vn -0.0000 -1.0000 0.0041
vn -0.0002 -1.0000 0.0043
vn 0.0006 -1.0000 0.0041
vn 0.0008 -1.0000 0.0037
vn 0.9947 0.0008 0.1028
vn 0.9947 0.0008 0.1027
vn -0.0761 -0.8186 -0.5692
vn -0.1129 -0.8175 -0.5647
vn -0.1130 -0.8175 -0.5647
vn -0.0763 -0.8186 -0.5692
vn -0.0388 -0.8185 -0.5732
vn -0.0000 -0.8190 -0.5738
vn -0.0000 -0.8191 -0.5736
vn 0.0388 -0.8185 -0.5732
vn 0.0758 -0.8187 -0.5692
vn 0.0759 -0.8186 -0.5693
vn 0.1132 -0.8175 -0.5646
vn 0.1132 -0.8175 -0.5647
vn 0.1127 -0.5644 0.8177
vn 0.0759 -0.5694 0.8185
vn 0.1131 -0.5647 0.8175
vn 0.0758 -0.5694 0.8185
vn 0.0385 -0.5733 0.8184
vn -0.0000 -0.5745 0.8185
vn -0.0000 -0.5737 0.8191
vn -0.0385 -0.5733 0.8184
vn -0.0759 -0.5694 0.8185
vn -0.1132 -0.5645 0.8176
vn -0.1131 -0.5647 0.8175
vn 0.1026 0.9947 0.0009
vn 0.1028 0.9947 0.0008
vn 0.1027 0.9947 0.0008
vn 0.0041 -0.0002 1.0000
vn 0.0037 -0.0008 1.0000
vn 0.0041 -0.0006 1.0000
vn 0.0043 0.0001 1.0000
vn 0.0041 -0.0000 1.0000
vn 0.0042 -0.0000 1.0000
vn 0.0042 -0.0002 1.0000
vn 0.0039 0.0008 1.0000
vn 0.0039 0.0007 1.0000
vn -0.1027 -0.9947 0.0008
vn -0.1028 -0.9947 0.0009
vn -0.5646 -0.1132 0.8175
vn -0.5693 -0.0758 0.8187
vn -0.5647 -0.1132 0.8175
vn -0.5693 -0.0759 0.8186
vn -0.5732 -0.0388 0.8185
vn -0.5737 0.0002 0.8191
vn -0.5736 -0.0000 0.8191
vn -0.5732 0.0388 0.8185
vn -0.5693 0.0761 0.8186
vn -0.5693 0.0759 0.8186
vn -0.5644 0.1129 0.8178
vn -0.5647 0.1132 0.8175
vn 0.5770 0.5772 -0.5778
vn 0.8177 -0.1132 -0.5644
vn 0.8185 -0.0759 -0.5694
vn 0.8176 -0.1131 -0.5646
vn 0.8186 -0.0759 -0.5694
vn 0.8184 -0.0385 -0.5733
vn 0.8190 -0.0000 -0.5738
vn 0.8191 -0.0000 -0.5737
vn 0.8184 0.0384 -0.5733
vn 0.8185 0.0758 -0.5694
vn 0.8185 0.0758 -0.5695
vn 0.8176 0.1130 -0.5646
vn 0.8175 0.1131 -0.5647
vn 0.0012 -0.1036 -0.9946
vn -0.0011 -0.0009 -1.0000
vn -0.0011 -0.0011 -1.0000
vn -0.0010 -0.0010 -1.0000
vn -0.0010 -0.0011 -1.0000
vn -0.1027 0.0008 -0.9947
vn -0.1028 0.0009 -0.9947
vn 0.5647 0.8175 0.1130
vn 0.5693 0.8186 0.0759
vn 0.5647 0.8175 0.1129
vn 0.5694 0.8185 0.0759
vn 0.5737 0.8191 0.0002
vn 0.5732 0.8185 0.0388
vn 0.5736 0.8191 -0.0000
vn 0.5732 0.8185 -0.0387
vn 0.5692 0.8186 -0.0764
vn 0.5692 0.8186 -0.0761
vn 0.5647 0.8175 -0.1130
vn 0.5647 0.8175 -0.1129
vn 0.0046 -0.7051 -0.7091
vn 0.0048 -0.7053 -0.7089
vn 0.0049 -0.7053 -0.7089
vn 0.0048 -0.7053 -0.7088
vn -0.5565 -0.5374 -0.6336
vn -0.0012 0.1035 0.9946
vn -0.0012 0.1036 0.9946
vn -0.0011 0.1035 0.9946
vn -0.0012 0.1035 -0.9946
vn -0.0012 0.1036 -0.9946
vn -0.5564 -0.5373 0.6339
vn -0.0040 1.0000 -0.0006
vn -0.0043 1.0000 0.0001
vn -0.0037 1.0000 -0.0008
vn -0.0043 1.0000 0.0002
vn -0.0040 1.0000 -0.0001
vn -0.0042 1.0000 -0.0000
vn -0.0041 1.0000 -0.0000
vn -0.0042 1.0000 -0.0002
vn -0.0039 1.0000 0.0008
vn -0.0039 1.0000 0.0007
vn -0.6559 0.0039 -0.7549
vn -0.0035 -0.7550 -0.6557
vn 0.0035 -0.7550 -0.6557
vn 0.0011 0.0009 -1.0000
vn 0.0011 0.0011 -1.0000
vn 0.0010 0.0010 -1.0000
vn 0.0011 0.0012 -1.0000
vn 0.0009 0.0011 -1.0000
vn -0.6558 -0.0039 -0.7549
vn -0.6558 0.7549 0.0038
vn -0.6557 -0.7550 0.0035
vn -0.6558 -0.7550 0.0035
vn 0.7115 -0.0001 0.7027
vn 0.7071 0.7071 -0.0000
vn -0.6558 0.7549 -0.0038
vn -0.6557 -0.0034 0.7550
vn -0.6557 0.0034 0.7550
vn -0.6558 -0.7550 -0.0035
vn -0.6662 0.0014 0.7458
vn -0.6354 -0.3126 0.7061
vn -0.6354 -0.7061 0.3126
vn -0.6348 -0.7064 0.3130
vn -0.6662 -0.7458 -0.0014
vn -1.0000 0.0011 0.0009
vn -1.0000 0.0011 0.0011
vn -1.0000 0.0010 0.0010
vn -1.0000 0.0010 0.0011
vn -1.0000 0.0009 -0.0011
vn -1.0000 0.0011 -0.0011
vn -1.0000 0.0010 -0.0010
vn -1.0000 0.0012 -0.0011
vn -1.0000 0.0011 -0.0010
vn 0.0009 -0.0011 -1.0000
vn 0.0011 -0.0011 -1.0000
vn 0.0010 -0.0010 -1.0000
vn 0.0012 -0.0011 -1.0000
vn 0.0011 -0.0010 -1.0000
vn -1.0000 -0.0011 -0.0009
vn -1.0000 -0.0011 -0.0011
vn -1.0000 -0.0010 -0.0010
vn -1.0000 -0.0010 -0.0011
vn 0.7549 -0.0039 -0.6558
vn -0.6354 0.7061 0.3126
vn -0.6662 0.7458 -0.0014
vn -0.6353 0.7061 0.3127
vn -0.6348 0.3130 0.7064
vn -0.6354 0.3126 0.7061
vn -0.6662 -0.0014 0.7458
vn -0.6662 -0.0014 -0.7458
vn -0.6354 0.3126 -0.7061
vn -0.6353 0.3127 -0.7061
vn -0.6348 0.7064 -0.3130
vn -0.6354 0.7061 -0.3126
vn -0.6662 0.7458 0.0014
vn 0.5341 -0.5761 0.6188
vn 0.5340 -0.5761 0.6188
vn -0.0038 0.6558 -0.7549
vn -0.1028 -0.0009 -0.9947
vn -0.1027 -0.0008 -0.9947
vn -0.7028 -0.7114 0.0001
vn -0.7028 -0.7114 -0.0000
vn -0.5373 -0.6339 -0.5564
vn 0.0012 -0.1036 0.9946
vn 0.0011 -0.1035 0.9946
vn 0.1028 -0.0009 0.9947
vn 0.1027 -0.0008 0.9947
vn 0.7071 -0.0000 -0.7071
vn -0.9894 -0.1028 -0.1028
vn 1.0000 0.0010 0.0002
vn 1.0000 0.0011 -0.0007
vn 1.0000 0.0010 -0.0001
vn 1.0000 0.0011 -0.0000
vn 1.0000 0.0012 -0.0002
vn 1.0000 0.0012 0.0002
vn 1.0000 0.0014 0.0003
vn 1.0000 0.0016 0.0002
vn 1.0000 0.0004 -0.0006
vn 0.0039 -1.0000 0.0008
vn 0.0042 -1.0000 -0.0002
vn 0.0039 -1.0000 0.0007
vn 0.0043 -1.0000 0.0001
vn 0.0041 -1.0000 -0.0000
vn 0.0042 -1.0000 -0.0000
vn 0.0042 -1.0000 0.0001
vn 0.0041 -1.0000 -0.0006
vn 0.0037 -1.0000 -0.0008
vn -0.5692 -0.8186 0.0761
vn -0.5647 -0.8175 0.1129
vn -0.5647 -0.8175 0.1130
vn -0.5692 -0.8186 0.0763
vn -0.5732 -0.8185 0.0387
vn -0.5738 -0.8190 -0.0000
vn -0.5736 -0.8191 -0.0000
vn -0.5732 -0.8185 -0.0387
vn -0.5693 -0.8187 -0.0758
vn -0.5693 -0.8186 -0.0759
vn -0.5646 -0.8175 -0.1132
vn -0.5647 -0.8175 -0.1132
vn 0.0008 0.9947 -0.1026
vn 0.0008 0.9947 -0.1028
vn 0.0008 0.9947 -0.1027
vn 0.5342 0.5763 -0.6185
vn 0.5340 0.5762 0.6188
vn 0.5344 0.5759 0.6187
vn 0.5341 0.5761 0.6188
vn -0.8177 -0.5645 0.1128
vn -0.8185 -0.5694 0.0758
vn -0.8175 -0.5647 0.1130
vn -0.8184 -0.5733 0.0384
vn -0.8190 -0.5738 -0.0004
vn -0.8191 -0.5737 -0.0000
vn -0.8184 -0.5733 -0.0384
vn -0.8185 -0.5694 -0.0758
vn -0.8174 -0.5649 -0.1130
vn -0.8175 -0.5648 -0.1130
vn 0.9894 -0.1028 -0.1028
vn 0.0002 1.0000 0.0016
vn -0.0000 1.0000 0.0011
vn -0.0005 1.0000 0.0005
vn 0.0004 1.0000 0.0016
vn 0.0002 1.0000 0.0012
vn -0.0002 1.0000 0.0012
vn -0.0006 1.0000 0.0011
vn 0.0002 1.0000 0.0010
vn -0.0001 1.0000 0.0010
vn -0.0006 0.0040 -1.0000
vn 0.0002 0.0044 -1.0000
vn -0.0008 0.0038 -1.0000
vn 0.0001 0.0043 -1.0000
vn -0.0000 0.0041 -1.0000
vn -0.0000 0.0042 -1.0000
vn -0.0002 0.0042 -1.0000
vn 0.0008 0.0039 -1.0000
vn 0.0007 0.0038 -1.0000
vn 0.6188 -0.5340 -0.5762
vn 0.6187 -0.5341 -0.5761
vn 0.6188 -0.5340 -0.5761
vn 0.6188 -0.5341 -0.5761
vn 0.0043 1.0000 -0.0001
vn 0.0037 1.0000 0.0008
vn 0.0040 1.0000 0.0006
vn 0.0042 1.0000 -0.0001
vn 0.0041 1.0000 -0.0000
vn 0.0042 1.0000 -0.0000
vn 0.0040 1.0000 -0.0001
vn 0.0042 1.0000 0.0002
vn 0.0039 1.0000 -0.0008
vn 0.0039 1.0000 -0.0007
vn -0.5646 0.8175 0.1132
vn -0.5692 0.8187 0.0758
vn -0.5647 0.8175 0.1132
vn -0.5693 0.8186 0.0759
vn -0.5732 0.8185 0.0387
vn -0.5737 0.8191 -0.0002
vn -0.5736 0.8191 -0.0000
vn -0.5732 0.8185 -0.0388
vn -0.5693 0.8186 -0.0762
vn -0.5693 0.8186 -0.0759
vn -0.5644 0.8177 -0.1129
vn -0.5647 0.8175 -0.1132
vn 0.8132 -0.5132 0.2743
vn 0.8134 -0.4988 0.2992
vn 0.8135 -0.4987 0.2993
vn 0.8137 -0.4611 0.3540
vn 0.8136 -0.4614 0.3537
vn 0.8138 -0.4109 0.4110
vn 0.8136 -0.3542 0.4610
vn 0.8137 -0.3539 0.4612
vn 0.8135 -0.2993 0.4987
vn 0.8133 -0.2999 0.4986
vn 0.8132 -0.2743 0.5132
vn 0.4579 -0.7617 -0.4584
vn 0.8176 -0.5645 0.1132
vn 0.8185 -0.5694 0.0759
vn 0.8176 -0.5646 0.1131
vn 0.8186 -0.5694 0.0759
vn 0.8184 -0.5733 0.0385
vn 0.8190 -0.5738 -0.0000
vn 0.8191 -0.5737 0.0001
vn 0.8184 -0.5733 -0.0384
vn 0.8185 -0.5694 -0.0759
vn 0.8185 -0.5695 -0.0758
vn 0.8177 -0.5645 -0.1129
vn 0.8175 -0.5647 -0.1130
vn 0.0035 0.6557 0.7550
vn 0.0035 0.6558 0.7550
vn -0.7549 0.0039 0.6558
vn -0.7549 0.0039 0.6559
vn -0.7549 -0.0039 0.6558
vn 0.0038 0.7549 0.6558
vn 0.0035 -0.7550 0.6557
vn -0.2743 0.8132 0.5132
vn -0.2990 0.8135 0.4988
vn -0.2993 0.8135 0.4987
vn -0.3539 0.8137 0.4612
vn -0.3531 0.8138 0.4615
vn -0.4108 0.8138 0.4110
vn -0.4109 0.8138 0.4110
vn -0.4614 0.8136 0.3537
vn -0.4611 0.8137 0.3540
vn -0.4988 0.8134 0.2992
vn -0.4987 0.8135 0.2992
vn -0.5132 0.8132 0.2743
vn 0.5564 -0.5373 0.6339
vn -0.7458 0.0014 -0.6662
vn -0.7061 -0.3126 -0.6354
vn -0.3126 -0.7061 -0.6354
vn -0.3130 -0.7064 -0.6348
vn 0.0014 -0.7458 -0.6662
vn 0.9096 -0.4154 -0.0000
vn 0.8413 -0.5406 -0.0000
vn 0.7557 -0.6549 -0.0000
vn 0.7558 -0.6549 -0.0000
vn 0.6549 -0.7557 -0.0000
vn 0.5406 -0.8413 -0.0000
vn 0.4154 -0.9096 -0.0000
vn 0.2817 -0.9595 -0.0000
vn 0.1423 -0.9898 -0.0000
vn 0.6549 0.7558 -0.0000
vn 0.7558 0.6549 -0.0000
vn 0.6549 0.7557 -0.0000
vn 0.8413 0.5406 -0.0000
vn 0.9096 0.4154 -0.0000
vn 0.9595 0.2817 -0.0000
vn 0.9898 0.1423 -0.0000
vn 0.9898 -0.1423 -0.0000
vn 0.9595 -0.2817 -0.0000
vn -0.5406 0.8413 -0.0000
vn -0.4154 0.9096 -0.0000
vn -0.2817 0.9595 -0.0000
vn -0.1423 0.9898 -0.0000
vn 0.1423 0.9898 -0.0000
vn 0.2817 0.9595 -0.0000
vn 0.4154 0.9096 -0.0000
vn 0.5406 0.8413 -0.0000
vn -0.9595 -0.2817 -0.0000
vn -0.9898 -0.1423 -0.0000
vn -0.9898 0.1423 -0.0000
vn -0.9595 0.2817 -0.0000
vn -0.9096 0.4154 -0.0000
vn -0.8413 0.5406 -0.0000
vn -0.7557 0.6549 -0.0000
vn -0.6549 0.7557 -0.0000
vn -0.1423 -0.9898 -0.0000
vn -0.2817 -0.9595 -0.0000
vn -0.4154 -0.9096 -0.0000
vn -0.5406 -0.8413 -0.0000
vn -0.6549 -0.7557 -0.0000
vn -0.6549 -0.7558 -0.0000
vn -0.7557 -0.6549 -0.0000
vn -0.8413 -0.5406 -0.0000
vn -0.9096 -0.4154 -0.0000
vn -0.3126 0.7061 -0.6354
vn 0.0014 0.7458 -0.6662
vn -0.7061 0.3126 -0.6354
vn -0.7064 0.3130 -0.6348
vn -0.7458 -0.0014 -0.6662
vn 0.7549 0.0039 -0.6558
vn 0.7549 0.0039 -0.6559
vn -0.0001 0.7114 0.7028
vn -0.0000 0.7114 0.7028
vn -0.0001 0.7115 0.7027
vn -0.0038 0.7549 0.6558
vn 0.7550 -0.0034 0.6557
vn 0.7550 0.0034 0.6557
vn -0.0035 -0.7550 0.6557
vn 0.7557 0.6549 -0.0000
vn 0.6549 -0.7558 -0.0000
vn -0.7558 -0.6549 -0.0000
vn -0.6549 0.7558 -0.0000
vn -0.7558 0.6549 -0.0000
vn 0.0014 -0.7458 0.6662
vn -0.3126 -0.7061 0.6354
vn -0.7061 -0.3126 0.6354
vn -0.7064 -0.3130 0.6348
vn -0.7458 0.0014 0.6662
vn -0.7458 -0.0014 0.6662
vn -0.7061 0.3126 0.6354
vn -0.3126 0.7061 0.6354
vn -0.3130 0.7064 0.6349
vn 0.0014 0.7458 0.6662
vn 0.7458 -0.0014 0.6662
vn 0.7061 0.3127 0.6353
vn 0.7064 0.3130 0.6348
vn 0.3126 0.7061 0.6354
vn -0.0014 0.7458 0.6662
vn 0.0012 0.1036 -0.9946
vn 0.1130 -0.8176 0.5646
vn 0.0758 -0.8185 0.5694
vn 0.1131 -0.8175 0.5648
vn 0.0384 -0.8184 0.5733
vn -0.0004 -0.8190 0.5738
vn -0.0000 -0.8191 0.5737
vn -0.0384 -0.8184 0.5733
vn -0.0758 -0.8185 0.5694
vn -0.0758 -0.8185 0.5695
vn -0.1129 -0.8177 0.5645
vn -0.1131 -0.8175 0.5647
vn 0.7458 0.6662 0.0014
vn 0.7061 0.6354 -0.3126
vn 0.7064 0.6348 -0.3130
vn 0.3127 0.6353 -0.7061
vn 0.3126 0.6354 -0.7061
vn -0.0014 0.6662 -0.7458
vn 0.7458 -0.0014 -0.6662
vn 0.7061 0.3126 -0.6354
vn 0.7061 0.3127 -0.6353
vn 0.3130 0.7064 -0.6348
vn 0.3126 0.7061 -0.6354
vn -0.0014 0.7458 -0.6662
vn 0.7458 0.0014 0.6662
vn 0.7061 -0.3126 0.6354
vn 0.3126 -0.7061 0.6354
vn 0.3130 -0.7064 0.6348
vn -0.0014 -0.7458 0.6662
vn 1.0000 0.0001 -0.0043
vn 1.0000 -0.0008 -0.0037
vn 1.0000 -0.0006 -0.0041
vn 1.0000 -0.0000 -0.0041
vn 1.0000 -0.0000 -0.0042
vn 1.0000 -0.0002 -0.0042
vn 1.0000 0.0008 -0.0039
vn 1.0000 0.0007 -0.0039
vn 0.8175 -0.1132 0.5646
vn 0.8187 -0.0758 0.5692
vn 0.8175 -0.1132 0.5647
vn 0.8186 -0.0759 0.5693
vn 0.8185 -0.0387 0.5732
vn 0.8191 -0.0000 0.5737
vn 0.8191 -0.0000 0.5736
vn 0.8185 0.0388 0.5732
vn 0.8186 0.0762 0.5693
vn 0.8186 0.0759 0.5693
vn 0.8178 0.1128 0.5644
vn 0.8175 0.1132 0.5647
vn -0.7618 0.4578 -0.4583
vn -0.5645 -0.1132 -0.8176
vn -0.5694 -0.0759 -0.8185
vn -0.5646 -0.1131 -0.8176
vn -0.5694 -0.0759 -0.8186
vn -0.5733 -0.0385 -0.8184
vn -0.5738 -0.0000 -0.8190
vn -0.5737 -0.0000 -0.8191
vn -0.5733 0.0384 -0.8184
vn -0.5694 0.0758 -0.8185
vn -0.5693 0.0758 -0.8186
vn -0.5648 0.1132 -0.8174
vn -0.5646 0.1130 -0.8176
vn -0.0011 -0.0000 -1.0000
vn -0.0004 -0.0006 -1.0000
vn -0.0017 0.0002 -1.0000
vn -0.0014 0.0003 -1.0000
vn -0.0012 0.0002 -1.0000
vn -0.0012 -0.0002 -1.0000
vn -0.0011 -0.0007 -1.0000
vn -0.0010 0.0002 -1.0000
vn -0.0010 -0.0001 -1.0000
vn 1.0000 0.0002 -0.0010
vn 1.0000 -0.0007 -0.0011
vn 1.0000 -0.0001 -0.0010
vn 1.0000 -0.0000 -0.0011
vn 1.0000 -0.0002 -0.0012
vn 1.0000 0.0002 -0.0012
vn 1.0000 0.0003 -0.0015
vn 1.0000 0.0002 -0.0016
vn 1.0000 -0.0005 -0.0005
vn -0.0009 0.0011 -1.0000
vn -0.0011 0.0011 -1.0000
vn -0.0010 0.0010 -1.0000
vn -0.0011 0.0010 -1.0000
vn 0.0011 -0.0009 1.0000
vn 0.0011 -0.0011 1.0000
vn 0.0010 -0.0010 1.0000
vn 0.0009 -0.0011 1.0000
vn 0.0009 0.0011 1.0000
vn 0.0011 0.0011 1.0000
vn 0.0010 0.0010 1.0000
vn 0.0011 0.0010 1.0000
vn -0.0011 0.0009 1.0000
vn -0.0011 0.0011 1.0000
vn -0.0010 0.0010 1.0000
vn -0.0011 0.0012 1.0000
vn -0.0010 0.0011 1.0000
vn -0.0009 -0.0011 1.0000
vn -0.0011 -0.0011 1.0000
vn -0.0010 -0.0010 1.0000
vn -0.0012 -0.0011 1.0000
vn -0.0011 -0.0010 1.0000
vn -0.0000 0.0001 1.0000
vn 0.9894 0.1028 -0.1028
vn -0.9826 -0.0772 -0.1691
vn -0.9826 -0.1005 -0.1564
vn -0.9826 -0.1217 -0.1405
vn -0.9826 -0.1405 -0.1217
vn -0.9826 -0.1564 -0.1005
vn -0.9826 -0.1691 -0.0772
vn -0.9826 -0.1784 -0.0524
vn -0.9826 -0.1840 -0.0265
vn -0.9826 -0.1859 -0.0000
vn -0.9826 0.1405 -0.1217
vn -0.9826 0.1217 -0.1405
vn -0.9826 0.1005 -0.1564
vn -0.9826 0.0772 -0.1691
vn -0.9826 0.0524 -0.1784
vn -0.9826 0.0265 -0.1840
vn -0.9826 -0.0000 -0.1859
vn -0.9826 -0.0265 -0.1840
vn -0.9826 -0.0524 -0.1783
vn -0.9826 0.1564 0.1005
vn -0.9826 0.1691 0.0772
vn -0.9826 0.1783 0.0524
vn -0.9826 0.1840 0.0265
vn -0.9826 0.1859 -0.0000
vn -0.9826 0.1840 -0.0265
vn -0.9826 0.1783 -0.0524
vn -0.9826 0.1784 -0.0524
vn -0.9826 0.1691 -0.0772
vn -0.9826 0.1564 -0.1005
vn -0.9826 -0.0524 0.1784
vn -0.9826 -0.0265 0.1840
vn -0.9826 -0.0000 0.1859
vn -0.9826 0.0265 0.1840
vn -0.9826 0.0524 0.1783
vn -0.9826 0.0772 0.1691
vn -0.9826 0.1005 0.1564
vn -0.9826 0.1217 0.1405
vn -0.9826 0.1405 0.1217
vn -0.9826 -0.1840 0.0265
vn -0.9826 -0.1784 0.0524
vn -0.9826 -0.1691 0.0772
vn -0.9826 -0.1564 0.1005
vn -0.9826 -0.1405 0.1217
vn -0.9826 -0.1217 0.1405
vn -0.9826 -0.1005 0.1564
vn -0.9826 -0.0772 0.1691
vn 0.3409 -0.7762 0.5304
vn 0.4129 -0.7762 0.4765
vn 0.4765 -0.7762 0.4129
vn 0.5304 -0.7762 0.3409
vn 0.5735 -0.7762 0.2619
vn 0.6050 -0.7762 0.1776
vn 0.6241 -0.7762 0.0897
vn 0.6305 -0.7762 -0.0000
vn 0.6241 -0.7762 -0.0897
vn -0.4129 -0.7762 0.4765
vn -0.3409 -0.7762 0.5304
vn -0.2619 -0.7762 0.5735
vn -0.1776 -0.7762 0.6050
vn -0.0897 -0.7762 0.6241
vn -0.0000 -0.7762 0.6305
vn 0.0897 -0.7762 0.6241
vn 0.1776 -0.7762 0.6050
vn 0.2619 -0.7762 0.5735
vn -0.5735 -0.7762 -0.2619
vn -0.6050 -0.7762 -0.1776
vn -0.6241 -0.7762 -0.0897
vn -0.6305 -0.7762 -0.0000
vn -0.6241 -0.7762 0.0897
vn -0.6050 -0.7762 0.1776
vn -0.5735 -0.7762 0.2619
vn -0.5304 -0.7762 0.3409
vn -0.4765 -0.7762 0.4129
vn 0.0897 -0.7762 -0.6241
vn -0.0000 -0.7762 -0.6305
vn -0.0897 -0.7762 -0.6241
vn -0.1776 -0.7762 -0.6050
vn -0.2619 -0.7762 -0.5735
vn -0.3409 -0.7762 -0.5304
vn -0.4129 -0.7762 -0.4765
vn -0.4765 -0.7762 -0.4129
vn -0.5304 -0.7762 -0.3409
vn 0.6050 -0.7762 -0.1776
vn 0.5735 -0.7762 -0.2619
vn 0.5304 -0.7762 -0.3409
vn 0.4765 -0.7762 -0.4129
vn 0.4129 -0.7762 -0.4765
vn 0.3409 -0.7762 -0.5304
vn 0.2619 -0.7762 -0.5735
vn 0.1776 -0.7762 -0.6050
vn 0.0383 0.9907 -0.1306
vn 0.0194 0.9907 -0.1347
vn -0.0000 0.9907 -0.1361
vn -0.0194 0.9907 -0.1347
vn -0.0383 0.9907 -0.1306
vn -0.0565 0.9907 -0.1238
vn -0.0736 0.9907 -0.1145
vn -0.0891 0.9907 -0.1029
vn -0.1029 0.9907 -0.0891
vn 0.1361 0.9907 -0.0000
vn 0.1347 0.9907 -0.0194
vn 0.1306 0.9907 -0.0383
vn 0.1238 0.9907 -0.0565
vn 0.1145 0.9907 -0.0736
vn 0.1029 0.9907 -0.0891
vn 0.0891 0.9907 -0.1029
vn 0.0736 0.9907 -0.1145
vn 0.0565 0.9907 -0.1238
vn 0.0383 0.9907 0.1306
vn 0.0565 0.9907 0.1238
vn 0.0736 0.9907 0.1145
vn 0.0891 0.9907 0.1029
vn 0.1029 0.9907 0.0891
vn 0.1145 0.9907 0.0736
vn 0.1238 0.9907 0.0565
vn 0.1306 0.9907 0.0383
vn 0.1347 0.9907 0.0194
vn -0.1145 0.9907 0.0736
vn -0.1029 0.9907 0.0891
vn -0.0891 0.9907 0.1029
vn -0.0736 0.9907 0.1145
vn -0.0565 0.9907 0.1238
vn -0.0383 0.9907 0.1306
vn -0.0194 0.9907 0.1347
vn -0.0000 0.9907 0.1361
vn 0.0194 0.9907 0.1347
vn -0.1145 0.9907 -0.0736
vn -0.1238 0.9907 -0.0565
vn -0.1306 0.9907 -0.0383
vn -0.1347 0.9907 -0.0194
vn -0.1361 0.9907 -0.0000
vn -0.1347 0.9907 0.0194
vn -0.1306 0.9907 0.0383
vn -0.1238 0.9907 0.0565
vn -0.6061 0.0871 -0.7906
vn -0.6123 -0.0000 -0.7906
vn -0.6061 -0.0871 -0.7906
vn -0.5875 -0.1725 -0.7906
vn -0.5570 -0.2544 -0.7906
vn -0.5151 -0.3311 -0.7906
vn -0.4628 -0.4010 -0.7906
vn -0.4010 -0.4628 -0.7906
vn -0.3311 -0.5151 -0.7906
vn -0.0871 0.6061 -0.7906
vn -0.1725 0.5875 -0.7906
vn -0.2544 0.5570 -0.7906
vn -0.3311 0.5151 -0.7906
vn -0.4010 0.4628 -0.7906
vn -0.4628 0.4010 -0.7906
vn -0.5151 0.3311 -0.7906
vn -0.5570 0.2544 -0.7906
vn -0.5875 0.1725 -0.7906
vn 0.5570 0.2544 -0.7906
vn 0.5151 0.3311 -0.7906
vn 0.4628 0.4010 -0.7906
vn 0.4010 0.4628 -0.7906
vn 0.3311 0.5151 -0.7906
vn 0.2544 0.5570 -0.7906
vn 0.1725 0.5875 -0.7906
vn 0.0871 0.6061 -0.7906
vn -0.0000 0.6123 -0.7906
vn 0.4010 -0.4628 -0.7906
vn 0.4628 -0.4010 -0.7906
vn 0.5151 -0.3311 -0.7906
vn 0.5570 -0.2544 -0.7906
vn 0.5875 -0.1725 -0.7906
vn 0.6061 -0.0871 -0.7906
vn 0.6123 -0.0000 -0.7906
vn 0.6061 0.0871 -0.7906
vn 0.5875 0.1725 -0.7906
vn -0.2544 -0.5570 -0.7906
vn -0.1725 -0.5875 -0.7906
vn -0.0871 -0.6061 -0.7906
vn -0.0000 -0.6123 -0.7906
vn 0.0871 -0.6061 -0.7906
vn 0.1725 -0.5875 -0.7906
vn 0.2544 -0.5570 -0.7906
vn 0.3311 -0.5151 -0.7906
vn -0.0721 0.1122 0.9911
vn -0.0873 0.1008 0.9911
vn -0.1008 0.0873 0.9911
vn -0.1122 0.0721 0.9911
vn -0.1213 0.0554 0.9911
vn -0.1279 0.0376 0.9911
vn -0.1320 0.0190 0.9911
vn -0.1333 -0.0000 0.9911
vn -0.1320 -0.0190 0.9911
vn -0.1279 -0.0376 0.9911
vn -0.1213 -0.0554 0.9911
vn -0.1122 -0.0721 0.9911
vn -0.1008 -0.0873 0.9911
vn -0.0873 -0.1008 0.9911
vn -0.0721 -0.1122 0.9911
vn -0.0554 -0.1213 0.9911
vn -0.0376 -0.1279 0.9911
vn -0.0190 -0.1320 0.9911
vn -0.0000 -0.1333 0.9911
vn -0.0000 -0.1334 0.9911
vn 0.0190 -0.1320 0.9911
vn 0.0376 -0.1279 0.9911
vn 0.0554 -0.1213 0.9911
vn 0.0721 -0.1122 0.9911
vn 0.0873 -0.1008 0.9911
vn 0.1008 -0.0873 0.9911
vn 0.1122 -0.0721 0.9911
vn 0.1213 -0.0554 0.9911
vn 0.1279 -0.0376 0.9911
vn 0.1320 -0.0190 0.9911
vn 0.1333 -0.0000 0.9911
vn 0.1320 0.0190 0.9911
vn 0.1279 0.0376 0.9911
vn 0.1213 0.0554 0.9911
vn 0.1122 0.0721 0.9911
vn 0.1008 0.0873 0.9911
vn 0.0873 0.1008 0.9911
vn 0.0721 0.1122 0.9911
vn 0.0554 0.1213 0.9911
vn 0.0376 0.1279 0.9911
vn 0.0190 0.1320 0.9911
vn -0.0000 0.1333 0.9911
vn -0.0190 0.1320 0.9911
vn -0.0376 0.1279 0.9911
vn -0.0554 0.1213 0.9911
vn 0.1381 -0.1196 -0.9832
vn 0.1196 -0.1381 -0.9832
vn 0.0988 -0.1537 -0.9832
vn 0.0759 -0.1662 -0.9832
vn 0.0515 -0.1753 -0.9832
vn 0.0260 -0.1808 -0.9832
vn -0.0000 -0.1827 -0.9832
vn -0.0260 -0.1808 -0.9832
vn -0.0515 -0.1753 -0.9832
vn -0.0759 -0.1662 -0.9832
vn -0.0988 -0.1537 -0.9832
vn -0.1196 -0.1381 -0.9832
vn -0.1381 -0.1196 -0.9832
vn -0.1537 -0.0988 -0.9832
vn -0.1662 -0.0759 -0.9832
vn -0.1753 -0.0515 -0.9832
vn -0.1808 -0.0260 -0.9832
vn -0.1827 -0.0000 -0.9832
vn -0.1808 0.0260 -0.9832
vn -0.1753 0.0515 -0.9832
vn -0.1662 0.0759 -0.9832
vn -0.1537 0.0988 -0.9832
vn -0.1381 0.1196 -0.9832
vn -0.1196 0.1381 -0.9832
vn -0.0988 0.1537 -0.9832
vn -0.0759 0.1662 -0.9832
vn -0.0515 0.1753 -0.9832
vn -0.0260 0.1808 -0.9832
vn -0.0000 0.1827 -0.9832
vn 0.0260 0.1808 -0.9832
vn 0.0515 0.1753 -0.9832
vn 0.0759 0.1662 -0.9832
vn 0.0988 0.1537 -0.9832
vn 0.1196 0.1381 -0.9832
vn 0.1381 0.1196 -0.9832
vn 0.1537 0.0988 -0.9832
vn 0.1662 0.0759 -0.9832
vn 0.1753 0.0515 -0.9832
vn 0.1808 0.0260 -0.9832
vn 0.1827 -0.0000 -0.9832
vn 0.1808 -0.0260 -0.9832
vn 0.1753 -0.0515 -0.9832
vn 0.1662 -0.0759 -0.9832
vn 0.1537 -0.0988 -0.9832
vn 0.9871 0.1583 0.0228
vn 0.9871 0.1535 0.0451
vn 0.9871 0.1455 0.0665
vn 0.9871 0.1346 0.0865
vn 0.9871 0.1209 0.1048
vn 0.9871 0.1048 0.1209
vn 0.9871 0.0865 0.1346
vn 0.9871 0.0665 0.1455
vn 0.9871 0.0451 0.1535
vn 0.9871 0.0228 0.1583
vn 0.9871 -0.0000 0.1600
vn 0.9871 -0.0228 0.1583
vn 0.9871 -0.0451 0.1535
vn 0.9871 -0.0665 0.1455
vn 0.9871 -0.0865 0.1346
vn 0.9871 -0.1048 0.1209
vn 0.9871 -0.1209 0.1048
vn 0.9871 -0.1346 0.0865
vn 0.9871 -0.1455 0.0665
vn 0.9871 -0.1535 0.0451
vn 0.9871 -0.1583 0.0228
vn 0.9871 -0.1600 -0.0000
vn 0.9871 -0.1583 -0.0228
vn 0.9871 -0.1535 -0.0451
vn 0.9871 -0.1455 -0.0665
vn 0.9871 -0.1346 -0.0865
vn 0.9871 -0.1209 -0.1048
vn 0.9871 -0.1048 -0.1209
vn 0.9871 -0.0865 -0.1346
vn 0.9871 -0.0665 -0.1455
vn 0.9871 -0.0451 -0.1535
vn 0.9871 -0.0228 -0.1583
vn 0.9871 -0.0000 -0.1600
vn 0.9871 0.0228 -0.1583
vn 0.9871 0.0451 -0.1535
vn 0.9871 0.0665 -0.1455
vn 0.9871 0.0865 -0.1346
vn 0.9871 0.1048 -0.1209
vn 0.9871 0.1209 -0.1048
vn 0.9871 0.1346 -0.0865
vn 0.9871 0.1455 -0.0665
vn 0.9871 0.1535 -0.0451
vn 0.9871 0.1583 -0.0228
vn 0.9871 0.1600 -0.0000
vn -0.5351 0.2444 0.8086
vn -0.4949 0.3181 0.8086
vn -0.4446 0.3852 0.8087
vn -0.3852 0.4446 0.8086
vn -0.3181 0.4949 0.8086
vn -0.2444 0.5351 0.8086
vn -0.1657 0.5645 0.8087
vn -0.0837 0.5823 0.8087
vn -0.0837 0.5823 0.8086
vn -0.0000 0.5883 0.8086
vn 0.0837 0.5823 0.8086
vn 0.1657 0.5645 0.8086
vn 0.2444 0.5351 0.8086
vn 0.3181 0.4949 0.8087
vn 0.3852 0.4446 0.8086
vn 0.4446 0.3852 0.8086
vn 0.4949 0.3181 0.8086
vn 0.5351 0.2444 0.8087
vn 0.5645 0.1657 0.8087
vn 0.5645 0.1657 0.8086
vn 0.5823 0.0837 0.8086
vn 0.5883 -0.0000 0.8086
vn 0.5823 -0.0837 0.8086
vn 0.5645 -0.1657 0.8086
vn 0.5351 -0.2444 0.8087
vn 0.4949 -0.3181 0.8086
vn 0.4446 -0.3853 0.8086
vn 0.4446 -0.3852 0.8086
vn 0.3852 -0.4446 0.8086
vn 0.3181 -0.4949 0.8086
vn 0.2444 -0.5351 0.8086
vn 0.1657 -0.5645 0.8087
vn 0.0837 -0.5823 0.8086
vn -0.0000 -0.5883 0.8087
vn -0.0837 -0.5823 0.8086
vn -0.1657 -0.5645 0.8086
vn -0.2444 -0.5351 0.8086
vn -0.2444 -0.5351 0.8087
vn -0.3181 -0.4949 0.8087
vn -0.3853 -0.4446 0.8086
vn -0.3852 -0.4446 0.8086
vn -0.4446 -0.3852 0.8086
vn -0.4949 -0.3181 0.8086
vn -0.5351 -0.2444 0.8086
vn -0.5645 -0.1657 0.8086
vn -0.5823 -0.0837 0.8086
vn -0.5883 -0.0000 0.8086
vn -0.5823 0.0837 0.8086
vn -0.5645 0.1657 0.8086
vn -0.5571 0.7493 0.3581
vn -0.6024 0.7493 0.2751
vn -0.6355 0.7493 0.1866
vn -0.6555 0.7493 0.0942
vn -0.6555 0.7493 0.0943
vn -0.6623 0.7493 -0.0000
vn -0.6555 0.7493 -0.0943
vn -0.6354 0.7493 -0.1866
vn -0.6024 0.7493 -0.2751
vn -0.5571 0.7493 -0.3581
vn -0.5571 0.7493 -0.3580
vn -0.5005 0.7493 -0.4337
vn -0.4337 0.7493 -0.5005
vn -0.3580 0.7493 -0.5571
vn -0.3581 0.7493 -0.5571
vn -0.2751 0.7493 -0.6024
vn -0.1866 0.7493 -0.6354
vn -0.0942 0.7493 -0.6555
vn -0.0943 0.7493 -0.6555
vn -0.0000 0.7493 -0.6623
vn 0.0943 0.7493 -0.6555
vn 0.1866 0.7493 -0.6354
vn 0.2751 0.7493 -0.6024
vn 0.3581 0.7493 -0.5571
vn 0.4337 0.7493 -0.5005
vn 0.5005 0.7493 -0.4337
vn 0.5571 0.7493 -0.3581
vn 0.6024 0.7493 -0.2751
vn 0.6355 0.7493 -0.1866
vn 0.6555 0.7493 -0.0942
vn 0.6555 0.7493 -0.0943
vn 0.6623 0.7493 -0.0000
vn 0.6555 0.7493 0.0943
vn 0.6354 0.7493 0.1866
vn 0.6024 0.7493 0.2751
vn 0.5571 0.7493 0.3581
vn 0.5005 0.7493 0.4337
vn 0.4337 0.7493 0.5005
vn 0.3580 0.7493 0.5571
vn 0.3581 0.7493 0.5571
vn 0.2751 0.7493 0.6024
vn 0.1866 0.7493 0.6354
vn 0.0943 0.7493 0.6555
vn -0.0000 0.7493 0.6623
vn -0.0943 0.7493 0.6555
vn -0.1866 0.7493 0.6354
vn -0.2751 0.7493 0.6024
vn -0.3581 0.7493 0.5571
vn -0.3580 0.7493 0.5571
vn -0.4337 0.7493 0.5005
vn -0.5005 0.7493 0.4337
vn 0.4581 0.4582 0.7617
vn -0.0288 -0.9792 0.2006
vn -0.0571 -0.9792 0.1945
vn -0.0842 -0.9792 0.1844
vn -0.1096 -0.9792 0.1705
vn -0.1327 -0.9792 0.1532
vn -0.1532 -0.9792 0.1327
vn -0.1705 -0.9792 0.1096
vn -0.1844 -0.9792 0.0842
vn -0.1945 -0.9792 0.0571
vn -0.2006 -0.9792 0.0288
vn -0.2027 -0.9792 -0.0000
vn -0.2006 -0.9792 -0.0288
vn -0.1945 -0.9792 -0.0571
vn -0.1844 -0.9792 -0.0842
vn -0.1705 -0.9792 -0.1096
vn -0.1532 -0.9792 -0.1327
vn -0.1327 -0.9792 -0.1532
vn -0.1096 -0.9792 -0.1705
vn -0.0842 -0.9792 -0.1844
vn -0.0571 -0.9792 -0.1945
vn -0.0288 -0.9792 -0.2006
vn -0.0000 -0.9792 -0.2027
vn 0.0288 -0.9792 -0.2006
vn 0.0571 -0.9792 -0.1945
vn 0.0842 -0.9792 -0.1844
vn 0.1096 -0.9792 -0.1705
vn 0.1327 -0.9792 -0.1532
vn 0.1532 -0.9792 -0.1327
vn 0.1705 -0.9792 -0.1096
vn 0.1844 -0.9792 -0.0842
vn 0.1945 -0.9792 -0.0571
vn 0.2006 -0.9792 -0.0288
vn 0.2027 -0.9792 -0.0000
vn 0.2006 -0.9792 0.0288
vn 0.1945 -0.9792 0.0571
vn 0.1844 -0.9792 0.0842
vn 0.1705 -0.9792 0.1096
vn 0.1532 -0.9792 0.1327
vn 0.1327 -0.9792 0.1532
vn 0.1096 -0.9792 0.1705
vn 0.0842 -0.9792 0.1844
vn 0.0571 -0.9792 0.1945
vn 0.0288 -0.9792 0.2006
vn -0.0000 -0.9792 0.2027
vn 0.8175 0.5647 -0.1130
vn 0.8185 0.5694 -0.0758
vn 0.8174 0.5648 -0.1132
vn 0.8184 0.5733 -0.0384
vn 0.8190 0.5738 0.0004
vn 0.8191 0.5737 -0.0000
vn 0.8184 0.5733 0.0384
vn 0.8185 0.5694 0.0758
vn 0.8186 0.5693 0.0758
vn 0.8174 0.5648 0.1132
vn 0.8175 0.5647 0.1131
vn 0.4581 -0.7617 0.4582
vn -0.1028 0.9894 0.1028
vn 0.9894 0.1028 0.1028
vn -0.7618 0.4583 0.4578
vn -0.0761 0.8186 -0.5692
vn -0.1130 0.8175 -0.5647
vn -0.1129 0.8175 -0.5648
vn -0.0763 0.8186 -0.5692
vn -0.0387 0.8185 -0.5732
vn -0.0000 0.8191 -0.5736
vn 0.0758 0.8185 -0.5695
vn 0.0387 0.8185 -0.5732
vn 0.0759 0.8186 -0.5693
vn 0.1130 0.8175 -0.5647
vn 0.1130 0.8176 -0.5647
vn 0.4579 0.4584 -0.7617
vn 0.2743 -0.8132 -0.5132
vn -0.7055 0.7087 0.0050
vn -0.5746 0.8174 0.0409
vn -0.4259 0.9016 0.0755
vn 0.0047 0.7090 -0.7052
vn 0.0048 0.7089 -0.7053
vn 0.0048 0.7088 -0.7053
vn 0.1130 0.5646 0.8176
vn 0.0758 0.5694 0.8185
vn 0.1132 0.5648 0.8174
vn 0.0384 0.5733 0.8184
vn -0.0004 0.5738 0.8190
vn -0.0000 0.5737 0.8191
vn -0.0384 0.5733 0.8184
vn -0.0758 0.5694 0.8185
vn -0.0758 0.5695 0.8185
vn -0.1132 0.5648 0.8174
vn -0.1130 0.5647 0.8175
vn 0.5770 0.5778 0.5772
vn 0.9894 -0.1028 0.1028
vn 0.4581 0.7617 0.4582
vn -0.9894 -0.1028 0.1028
vn 0.4579 -0.4584 -0.7617
vn -0.9894 0.1028 0.1028
vn 0.1028 0.9894 0.1028
vn -0.8135 -0.2993 -0.4987
vn -0.8135 -0.2990 -0.4988
vn -0.8132 -0.2743 -0.5132
vn -0.8137 -0.3539 -0.4612
vn -0.8136 -0.3542 -0.4610
vn -0.8138 -0.4108 -0.4110
vn -0.8138 -0.4109 -0.4110
vn -0.8136 -0.4614 -0.3537
vn -0.8137 -0.4611 -0.3540
vn -0.8134 -0.4988 -0.2992
vn -0.8135 -0.4987 -0.2992
vn -0.8132 -0.5132 -0.2743
vn -0.5770 0.5778 0.5772
vn 0.5770 -0.5778 0.5772
vn -0.4579 0.4584 -0.7617
vn -0.5770 -0.5778 0.5772
vn 0.7618 0.4583 0.4578
vn 0.1028 -0.9894 0.1028
vn -0.4581 -0.7617 0.4582
vn -0.7618 -0.4583 0.4578
vn 0.8132 -0.2743 -0.5132
vn 0.8134 -0.2992 -0.4988
vn 0.8135 -0.2993 -0.4987
vn 0.8137 -0.3540 -0.4611
vn 0.8136 -0.3537 -0.4614
vn 0.8138 -0.4110 -0.4109
vn 0.8136 -0.4610 -0.3542
vn 0.8137 -0.4612 -0.3539
vn 0.8135 -0.4987 -0.2993
vn 0.8133 -0.4986 -0.2999
vn 0.8132 -0.5132 -0.2743
vn -0.4581 0.7617 0.4582
vn 0.5132 -0.8132 -0.2743
vn 0.4988 -0.8134 -0.2992
vn 0.4987 -0.8135 -0.2992
vn 0.4614 -0.8136 -0.3537
vn 0.4611 -0.8137 -0.3538
vn 0.4110 -0.8139 -0.4108
vn 0.4109 -0.8139 -0.4108
vn 0.3543 -0.8137 -0.4608
vn 0.3539 -0.8137 -0.4612
vn 0.3242 -0.8131 -0.4836
vn 0.3238 -0.8129 -0.4841
vn -0.4579 -0.4584 -0.7617
vn 0.7618 -0.4583 0.4578
vt 0.505042 0.883667
vt 0.514321 0.868618
vt 0.439778 0.812222
vt 0.364810 0.895182
vt 0.493494 0.895182
vt 0.353720 0.811485
vt 0.941085 0.545722
vt 0.924037 0.594551
vt 0.923809 0.545765
vt 0.941257 0.608173
vt 0.581930 0.520530
vt 0.615807 0.542607
vt 0.580938 0.549542
vt 0.616358 0.513595
vt 0.651282 0.511139
vt 0.640453 0.540863
vt 0.651282 0.540282
vt 0.662111 0.540863
vt 0.686206 0.513595
vt 0.686757 0.542607
vt 0.720633 0.520530
vt 0.721626 0.549542
vt 0.742294 0.546210
vt 0.759605 0.526098
vt 0.759654 0.546168
vt 0.775395 0.612338
vt 0.807922 0.631070
vt 0.774501 0.637978
vt 0.808390 0.605615
vt 0.841873 0.603188
vt 0.831589 0.629297
vt 0.841936 0.628652
vt 0.852286 0.629246
vt 0.875368 0.605451
vt 0.875961 0.630903
vt 0.909415 0.637647
vt 0.908396 0.612012
vt 0.920480 0.636464
vt 0.737015 0.500649
vt 0.752640 0.446652
vt 0.752641 0.516470
vt 0.736799 0.446652
vt 0.565745 0.446652
vt 0.549540 0.516354
vt 0.549541 0.446652
vt 0.565540 0.500733
vt 0.742445 0.607844
vt 0.764286 0.641192
vt 0.759665 0.595002
vt 0.663959 0.940989
vt 0.663973 0.854924
vt 0.882629 0.940989
vt 0.703305 0.828558
vt 0.738973 0.797335
vt 0.770195 0.761666
vt 0.796559 0.722331
vt 0.882679 0.722386
vt 0.749774 0.328375
vt 0.761047 0.327732
vt 0.749774 0.327732
vt 0.761047 0.316458
vt 0.761689 0.327732
vt 0.761689 0.316458
vt 0.761047 0.328375
vt 0.761689 0.339649
vt 0.761047 0.339649
vt 0.761689 0.328375
vt 0.772963 0.327732
vt 0.772963 0.328375
vt 0.651282 0.446652
vt 0.841714 0.545967
vt 0.090860 0.659917
vt 0.004975 0.878618
vt 0.004975 0.659904
vt 0.117226 0.699249
vt 0.148448 0.734918
vt 0.184118 0.766139
vt 0.223452 0.792504
vt 0.223466 0.878618
vt 0.410240 0.378464
vt 0.410240 0.378498
vt 0.410240 0.379057
vt 0.410240 0.379056
vt 0.410240 0.379089
vt 0.410240 0.379088
vt 0.410240 0.379681
vt 0.410240 0.379647
vt 0.410235 0.379675
vt 0.410269 0.379675
vt 0.410827 0.379675
vt 0.410859 0.379675
vt 0.411452 0.379675
vt 0.411417 0.379675
vt 0.410235 0.379681
vt 0.410235 0.379089
vt 0.410269 0.379088
vt 0.410235 0.379056
vt 0.410269 0.379057
vt 0.410235 0.378464
vt 0.410269 0.378498
vt 0.410827 0.378498
vt 0.410827 0.378464
vt 0.410859 0.378464
vt 0.410859 0.378498
vt 0.411452 0.378464
vt 0.411417 0.378498
vt 0.411417 0.379057
vt 0.411452 0.379056
vt 0.411452 0.379089
vt 0.411417 0.379088
vt 0.411452 0.379681
vt 0.411417 0.379647
vt 0.410859 0.379647
vt 0.410859 0.379681
vt 0.410827 0.379681
vt 0.410827 0.379647
vt 0.410269 0.379647
vt 0.411452 0.378470
vt 0.410859 0.378470
vt 0.410827 0.378470
vt 0.410235 0.378470
vt 0.410269 0.378470
vt 0.411417 0.378470
vt 0.761690 0.316458
vt 0.761690 0.339649
vt 0.411444 0.379681
vt 0.411444 0.379089
vt 0.411444 0.379088
vt 0.411444 0.379056
vt 0.411444 0.379057
vt 0.411444 0.378464
vt 0.411444 0.378498
vt 0.411444 0.379647
vt 0.410233 0.379681
vt 0.410826 0.379681
vt 0.410826 0.379647
vt 0.410858 0.379681
vt 0.410858 0.379647
vt 0.411450 0.379681
vt 0.411416 0.379647
vt 0.411416 0.379088
vt 0.411450 0.379089
vt 0.411450 0.379056
vt 0.411416 0.379057
vt 0.411450 0.378464
vt 0.411416 0.378498
vt 0.410858 0.378498
vt 0.410858 0.378464
vt 0.410826 0.378464
vt 0.410826 0.378498
vt 0.410233 0.378464
vt 0.410268 0.378498
vt 0.410268 0.379057
vt 0.410233 0.379056
vt 0.410233 0.379089
vt 0.410268 0.379088
vt 0.410268 0.379647
vt 0.353720 0.593494
vt 0.297506 0.811485
vt 0.297506 0.593494
vt 0.223466 0.934191
vt 0.004975 0.934191
vt 0.737836 0.641457
vt 0.866307 0.641388
vt 0.939195 0.722456
vt 0.939126 0.940989
vt 0.018357 0.578293
vt 0.146954 0.578312
vt 0.648893 0.611059
vt 0.572370 0.679635
vt 0.648884 0.739396
vt 0.572445 0.593492
vt 0.638925 0.749789
vt 0.621656 0.761288
vt 0.533036 0.706000
vt 0.588528 0.781250
vt 0.559200 0.806164
vt 0.497366 0.737221
vt 0.534284 0.835491
vt 0.466144 0.772889
vt 0.441626 0.814674
vt 0.441738 0.815219
vt 0.441496 0.815461
vt 0.297702 0.906255
vt 0.576976 0.796839
vt 0.576970 0.925374
vt 0.325312 0.883382
vt 0.169852 0.603273
vt 0.156711 0.590029
vt 0.189634 0.636426
vt 0.214383 0.665800
vt 0.243563 0.690777
vt 0.276561 0.710818
vt 0.289702 0.724063
vt 0.296358 0.864809
vt 0.296351 0.736095
vt 0.584131 0.566850
vt 0.008718 0.514532
vt 0.008858 0.284911
vt 0.093700 0.284508
vt 0.099105 0.325560
vt 0.117456 0.369862
vt 0.146648 0.407906
vt 0.184691 0.437098
vt 0.228994 0.455449
vt 0.040036 0.545851
vt 0.269657 0.545710
vt 0.270045 0.460854
vt 0.513102 0.545851
vt 0.283481 0.545710
vt 0.283029 0.460854
vt 0.324080 0.455449
vt 0.368383 0.437098
vt 0.406426 0.407906
vt 0.435618 0.369862
vt 0.453969 0.325560
vt 0.544421 0.514532
vt 0.544280 0.284911
vt 0.459374 0.284508
vt 0.815195 0.951674
vt 0.837784 0.973563
vt 0.815195 0.973563
vt 0.837784 0.951674
vt 0.860374 0.973563
vt 0.860374 0.951674
vt 0.882963 0.973563
vt 0.882963 0.951674
vt 0.905553 0.973563
vt 0.905553 0.951674
vt 0.928142 0.973563
vt 0.928142 0.951674
vt 0.950732 0.973563
vt 0.950732 0.951674
vt 0.973322 0.973563
vt 0.973322 0.951674
vt 0.995911 0.973563
vt 0.995911 0.951674
vt 0.611889 0.951674
vt 0.634479 0.973563
vt 0.611889 0.973563
vt 0.634479 0.951674
vt 0.657068 0.973563
vt 0.657068 0.951674
vt 0.679658 0.973563
vt 0.679658 0.951674
vt 0.702247 0.973563
vt 0.702247 0.951674
vt 0.724837 0.973563
vt 0.724837 0.951674
vt 0.747426 0.973563
vt 0.747426 0.951674
vt 0.770016 0.973563
vt 0.770016 0.951674
vt 0.792605 0.973563
vt 0.792605 0.951674
vt 0.408583 0.951674
vt 0.431173 0.973563
vt 0.408583 0.973563
vt 0.431173 0.951674
vt 0.453762 0.973563
vt 0.453762 0.951674
vt 0.476352 0.973563
vt 0.476352 0.951674
vt 0.498941 0.973563
vt 0.498941 0.951674
vt 0.521531 0.973563
vt 0.521531 0.951674
vt 0.544121 0.973563
vt 0.544121 0.951674
vt 0.566710 0.973563
vt 0.566710 0.951674
vt 0.589300 0.973563
vt 0.589300 0.951674
vt 0.205278 0.951674
vt 0.227867 0.973563
vt 0.205278 0.973563
vt 0.227867 0.951674
vt 0.250457 0.973563
vt 0.250457 0.951674
vt 0.273046 0.973563
vt 0.273046 0.951674
vt 0.295636 0.973563
vt 0.295636 0.951674
vt 0.318225 0.973563
vt 0.318225 0.951674
vt 0.340815 0.973563
vt 0.340815 0.951674
vt 0.363404 0.973563
vt 0.363404 0.951674
vt 0.385994 0.973563
vt 0.385994 0.951674
vt 0.001972 0.951674
vt 0.024561 0.973563
vt 0.001972 0.973563
vt 0.024561 0.951674
vt 0.047151 0.973563
vt 0.047151 0.951674
vt 0.069740 0.973563
vt 0.069740 0.951674
vt 0.092330 0.973563
vt 0.092330 0.951674
vt 0.114919 0.973563
vt 0.114919 0.951674
vt 0.137509 0.973563
vt 0.137509 0.951674
vt 0.160099 0.973563
vt 0.160099 0.951674
vt 0.182688 0.973563
vt 0.182688 0.951674
vt 0.730119 0.549878
vt 0.573159 0.549609
vt 0.607200 0.775491
vt 0.588056 0.783467
vt 0.640239 0.755614
vt 0.669480 0.730786
vt 0.694307 0.701544
vt 0.714182 0.668502
vt 0.721573 0.649944
vt 0.544421 0.041467
vt 0.544280 0.271088
vt 0.459374 0.271525
vt 0.453969 0.230474
vt 0.435618 0.186171
vt 0.406426 0.148127
vt 0.368383 0.118935
vt 0.324080 0.100585
vt 0.513102 0.010148
vt 0.283481 0.010289
vt 0.283029 0.095180
vt 0.269657 0.010289
vt 0.039800 0.007879
vt 0.272315 0.007879
vt 0.040036 0.010148
vt 0.006449 0.041230
vt 0.008718 0.041467
vt 0.006449 0.273745
vt 0.008858 0.271088
vt 0.093358 0.274123
vt 0.093700 0.271525
vt 0.546689 0.273745
vt 0.459716 0.274123
vt 0.270045 0.095180
vt 0.272643 0.094838
vt 0.923760 0.525695
vt 0.841665 0.525897
vt 0.228994 0.100585
vt 0.184691 0.118935
vt 0.146648 0.148127
vt 0.117456 0.186171
vt 0.099105 0.230474
vt 0.272643 0.461195
vt 0.272315 0.548119
vt 0.356736 0.224693
vt 0.368466 0.306272
vt 0.363519 0.319534
vt 0.371474 0.292442
vt 0.372484 0.278324
vt 0.371474 0.264207
vt 0.368466 0.250376
vt 0.363519 0.237115
vt 0.178102 0.306272
vt 0.175093 0.292442
vt 0.183048 0.319534
vt 0.189831 0.331956
vt 0.198313 0.343287
vt 0.208321 0.353295
vt 0.219652 0.361777
vt 0.232074 0.368560
vt 0.245336 0.373506
vt 0.259166 0.376515
vt 0.273284 0.377525
vt 0.287401 0.376515
vt 0.301232 0.373506
vt 0.314493 0.368560
vt 0.326915 0.361777
vt 0.338246 0.353295
vt 0.348254 0.343287
vt 0.356736 0.331956
vt 0.338246 0.203354
vt 0.348254 0.213362
vt 0.326915 0.194872
vt 0.314493 0.188088
vt 0.301232 0.183142
vt 0.287401 0.180134
vt 0.273284 0.179124
vt 0.259166 0.180134
vt 0.245336 0.183142
vt 0.232074 0.188088
vt 0.219652 0.194872
vt 0.208321 0.203354
vt 0.198313 0.213362
vt 0.189831 0.224693
vt 0.183048 0.237115
vt 0.178102 0.250376
vt 0.175093 0.264207
vt 0.174083 0.278324
vt 0.327246 0.547385
vt 0.006449 0.282254
vt 0.093358 0.281911
vt 0.183465 0.978219
vt 0.160875 0.983271
vt 0.183465 0.983271
vt 0.160875 0.978219
vt 0.138286 0.983271
vt 0.138286 0.978219
vt 0.115696 0.983271
vt 0.115696 0.978219
vt 0.093107 0.983271
vt 0.093107 0.978219
vt 0.070517 0.983271
vt 0.070517 0.978219
vt 0.047928 0.983271
vt 0.047928 0.978219
vt 0.025338 0.983271
vt 0.025338 0.978219
vt 0.002749 0.983271
vt 0.002749 0.978219
vt 0.386771 0.978219
vt 0.364181 0.983271
vt 0.386771 0.983271
vt 0.364181 0.978219
vt 0.341592 0.983271
vt 0.341592 0.978219
vt 0.319002 0.983271
vt 0.319002 0.978219
vt 0.296413 0.983271
vt 0.296413 0.978219
vt 0.273823 0.983271
vt 0.273823 0.978219
vt 0.251233 0.983271
vt 0.251233 0.978219
vt 0.228644 0.983271
vt 0.228644 0.978219
vt 0.206054 0.983271
vt 0.206054 0.978219
vt 0.590077 0.978219
vt 0.567487 0.983271
vt 0.590077 0.983271
vt 0.567487 0.978219
vt 0.544897 0.983271
vt 0.544897 0.978219
vt 0.522308 0.983271
vt 0.522308 0.978219
vt 0.499718 0.983271
vt 0.499718 0.978219
vt 0.477129 0.983271
vt 0.477129 0.978219
vt 0.454539 0.983271
vt 0.454539 0.978219
vt 0.431950 0.983271
vt 0.431950 0.978219
vt 0.409360 0.983271
vt 0.409360 0.978219
vt 0.793382 0.978219
vt 0.770793 0.983271
vt 0.793382 0.983271
vt 0.770793 0.978219
vt 0.748203 0.983271
vt 0.748203 0.978219
vt 0.725614 0.983271
vt 0.725614 0.978219
vt 0.703024 0.983271
vt 0.703024 0.978219
vt 0.680435 0.983271
vt 0.680435 0.978219
vt 0.657845 0.983271
vt 0.657845 0.978219
vt 0.635256 0.983271
vt 0.635256 0.978219
vt 0.612666 0.983271
vt 0.612666 0.978219
vt 0.996688 0.978219
vt 0.974099 0.983271
vt 0.996688 0.983271
vt 0.974099 0.978219
vt 0.951509 0.983271
vt 0.951509 0.978219
vt 0.928919 0.983271
vt 0.928919 0.978219
vt 0.906330 0.983271
vt 0.906330 0.978219
vt 0.883740 0.983271
vt 0.883740 0.978219
vt 0.861151 0.983271
vt 0.861151 0.978219
vt 0.838561 0.983271
vt 0.838561 0.978219
vt 0.815972 0.983271
vt 0.815972 0.978219
vt 0.280823 0.548119
vt 0.280431 0.461195
vt 0.280431 0.094838
vt 0.280823 0.007879
vt 0.459716 0.281911
vt 0.546689 0.282254
vt 0.546689 0.041230
vt 0.513338 0.007879
vt 0.513338 0.548119
vt 0.546689 0.514769
vt 0.006449 0.514769
vt 0.039800 0.548119
vt 0.171269 0.278324
vt 0.172308 0.292843
vt 0.175402 0.307065
vt 0.180488 0.320703
vt 0.187464 0.333478
vt 0.196186 0.345129
vt 0.206478 0.355422
vt 0.218130 0.364144
vt 0.230905 0.371120
vt 0.244543 0.180442
vt 0.230905 0.185529
vt 0.218130 0.192504
vt 0.206478 0.201227
vt 0.196186 0.211519
vt 0.187464 0.223171
vt 0.180488 0.235946
vt 0.175402 0.249584
vt 0.172308 0.263806
vt 0.359104 0.223171
vt 0.350381 0.211519
vt 0.340089 0.201227
vt 0.328437 0.192504
vt 0.315662 0.185529
vt 0.302024 0.180442
vt 0.287802 0.177348
vt 0.273284 0.176310
vt 0.258765 0.177348
vt 0.350381 0.345129
vt 0.359104 0.333478
vt 0.366079 0.320703
vt 0.371166 0.307065
vt 0.374260 0.292843
vt 0.375298 0.278324
vt 0.374260 0.263806
vt 0.371166 0.249584
vt 0.366079 0.235946
vt 0.244543 0.376206
vt 0.258765 0.379300
vt 0.273284 0.380339
vt 0.287802 0.379300
vt 0.302024 0.376206
vt 0.315662 0.371120
vt 0.328437 0.364144
vt 0.340089 0.355422
vt 0.843973 0.225226
vt 0.844844 0.213055
vt 0.899594 0.213283
vt 0.898166 0.193321
vt 0.843973 0.200885
vt 0.893912 0.173766
vt 0.841380 0.188963
vt 0.886919 0.155015
vt 0.837116 0.177531
vt 0.877328 0.137450
vt 0.831269 0.166822
vt 0.865334 0.121429
vt 0.823957 0.157055
vt 0.851183 0.107278
vt 0.815329 0.148427
vt 0.835162 0.095284
vt 0.805562 0.141115
vt 0.817597 0.085693
vt 0.771499 0.297700
vt 0.783421 0.295107
vt 0.798846 0.347867
vt 0.817597 0.340873
vt 0.794853 0.290843
vt 0.835162 0.331282
vt 0.805562 0.284995
vt 0.851183 0.319289
vt 0.815329 0.277684
vt 0.865334 0.305138
vt 0.823957 0.269056
vt 0.877328 0.289117
vt 0.831269 0.259289
vt 0.886919 0.271552
vt 0.837116 0.248580
vt 0.893912 0.252801
vt 0.841380 0.237148
vt 0.898166 0.233245
vt 0.681541 0.248580
vt 0.687389 0.259289
vt 0.641330 0.289117
vt 0.653323 0.305138
vt 0.694700 0.269056
vt 0.667474 0.319289
vt 0.703328 0.277684
vt 0.683495 0.331282
vt 0.713096 0.284995
vt 0.701060 0.340873
vt 0.723804 0.290843
vt 0.719811 0.347867
vt 0.735236 0.295107
vt 0.739367 0.352121
vt 0.747158 0.297700
vt 0.759329 0.353549
vt 0.759329 0.298571
vt 0.779290 0.352121
vt 0.703328 0.148427
vt 0.694700 0.157055
vt 0.653323 0.121429
vt 0.641330 0.137450
vt 0.687389 0.166822
vt 0.631738 0.155015
vt 0.681541 0.177531
vt 0.624745 0.173766
vt 0.677277 0.188963
vt 0.620491 0.193321
vt 0.674684 0.200885
vt 0.619063 0.213283
vt 0.673813 0.213055
vt 0.620491 0.233245
vt 0.674684 0.225226
vt 0.624745 0.252801
vt 0.677277 0.237148
vt 0.631738 0.271552
vt 0.794853 0.135268
vt 0.798846 0.078699
vt 0.783421 0.131004
vt 0.779290 0.074445
vt 0.771499 0.128411
vt 0.759329 0.073018
vt 0.759329 0.127540
vt 0.739367 0.074445
vt 0.747158 0.128411
vt 0.719811 0.078699
vt 0.735236 0.131004
vt 0.701060 0.085693
vt 0.723804 0.135268
vt 0.683495 0.095284
vt 0.713096 0.141115
vt 0.667474 0.107278
vt 0.574702 0.681603
vt 0.575264 0.681699
vt 0.348562 0.117002
vt 0.370790 0.129139
vt 0.362530 0.141991
vt 0.381059 0.155862
vt 0.391064 0.144316
vt 0.397426 0.172229
vt 0.408972 0.162224
vt 0.411296 0.190758
vt 0.424149 0.182498
vt 0.422389 0.211072
vt 0.436286 0.204726
vt 0.430478 0.232759
vt 0.445136 0.228455
vt 0.435398 0.255376
vt 0.450520 0.253201
vt 0.437049 0.278462
vt 0.452326 0.278462
vt 0.435398 0.301549
vt 0.140680 0.162224
vt 0.158587 0.144316
vt 0.168592 0.155862
vt 0.187121 0.141991
vt 0.178862 0.129139
vt 0.207436 0.130899
vt 0.201089 0.117002
vt 0.229122 0.122810
vt 0.224818 0.108152
vt 0.251739 0.117890
vt 0.249565 0.102768
vt 0.274826 0.116239
vt 0.274826 0.100962
vt 0.297912 0.117890
vt 0.300087 0.102768
vt 0.320529 0.122810
vt 0.324833 0.108152
vt 0.342216 0.130899
vt 0.125502 0.374426
vt 0.113365 0.352199
vt 0.127262 0.345852
vt 0.119174 0.324166
vt 0.104515 0.328470
vt 0.114254 0.301549
vt 0.099132 0.303723
vt 0.112602 0.278462
vt 0.097325 0.278462
vt 0.114254 0.255376
vt 0.099132 0.253201
vt 0.119174 0.232759
vt 0.104515 0.228455
vt 0.127262 0.211072
vt 0.113365 0.204726
vt 0.138355 0.190758
vt 0.125502 0.182498
vt 0.152225 0.172229
vt 0.324833 0.448773
vt 0.300087 0.454156
vt 0.297912 0.439034
vt 0.274826 0.440686
vt 0.274826 0.455963
vt 0.251739 0.439034
vt 0.249565 0.454156
vt 0.229122 0.434114
vt 0.224818 0.448773
vt 0.207436 0.426026
vt 0.201089 0.439923
vt 0.187121 0.414933
vt 0.178862 0.427785
vt 0.168592 0.401063
vt 0.158587 0.412608
vt 0.152225 0.384696
vt 0.140680 0.394701
vt 0.138355 0.366167
vt 0.450520 0.303723
vt 0.430478 0.324166
vt 0.445136 0.328470
vt 0.422389 0.345852
vt 0.436286 0.352199
vt 0.411296 0.366167
vt 0.424149 0.374426
vt 0.397426 0.384696
vt 0.408972 0.394701
vt 0.381059 0.401063
vt 0.391064 0.412608
vt 0.362530 0.414933
vt 0.370790 0.427785
vt 0.342216 0.426026
vt 0.348562 0.439923
vt 0.320529 0.434114
vt 0.575473 0.681480
vt 0.405347 0.362344
vt 0.415956 0.342915
vt 0.392081 0.380065
vt 0.376428 0.395718
vt 0.358707 0.408984
vt 0.339278 0.419593
vt 0.318537 0.427329
vt 0.296906 0.432035
vt 0.274826 0.433614
vt 0.392081 0.176860
vt 0.376428 0.161207
vt 0.405347 0.194581
vt 0.415956 0.214010
vt 0.423692 0.234751
vt 0.428398 0.256382
vt 0.429977 0.278462
vt 0.428398 0.300543
vt 0.423692 0.322174
vt 0.210373 0.137332
vt 0.190944 0.147941
vt 0.231114 0.129596
vt 0.252745 0.124890
vt 0.274826 0.123311
vt 0.296906 0.124890
vt 0.318537 0.129596
vt 0.339278 0.137332
vt 0.358707 0.147941
vt 0.121253 0.300543
vt 0.125959 0.322174
vt 0.119674 0.278462
vt 0.121253 0.256382
vt 0.125959 0.234751
vt 0.133695 0.214010
vt 0.144304 0.194581
vt 0.157570 0.176860
vt 0.173223 0.161207
vt 0.252745 0.432035
vt 0.231114 0.427329
vt 0.210373 0.419593
vt 0.190944 0.408984
vt 0.173223 0.395718
vt 0.157570 0.380065
vt 0.144304 0.362344
vt 0.133695 0.342915
s 1
usemtl metal_box
f 1/1/1 2/2/2 3/3/3
f 4/4/4 1/5/1 3/3/3
f 4/4/4 3/3/3 5/6/5
f 6/7/6 7/8/7 8/9/8
f 6/7/6 9/10/9 7/8/7
f 10/11/10 11/12/11 12/13/12
f 10/11/10 13/14/11 11/12/11
f 14/15/13 11/12/11 13/14/11
f 14/15/13 15/16/14 11/12/11
f 14/15/13 16/17/15 15/16/14
f 17/18/16 16/17/15 14/15/13
f 17/18/16 14/15/13 18/19/17
f 17/18/16 18/19/17 19/20/18
f 19/20/18 18/19/17 20/21/19
f 19/20/18 20/21/19 21/22/20
f 22/23/21 23/24/21 24/25/21
f 25/26/22 26/27/23 27/28/24
f 25/26/22 28/29/25 26/27/23
f 29/30/26 26/27/23 28/29/25
f 29/30/26 30/31/27 26/27/23
f 29/30/26 31/32/28 30/31/27
f 32/33/29 31/32/28 29/30/26
f 32/33/29 29/30/26 33/34/30
f 32/33/29 33/34/30 34/35/31
f 35/36/32 34/35/31 33/34/30
f 35/36/32 33/34/30 36/37/33
f 7/8/34 35/38/34 36/37/34
f 7/8/35 9/10/35 35/38/35
f 37/39/36 22/40/36 38/41/36
f 37/39/36 23/42/36 22/40/36
f 39/43/37 40/44/38 6/45/38
f 39/43/37 41/46/38 40/44/38
f 42/47/39 25/26/39 27/48/39
f 42/47/39 43/49/39 25/26/39
f 44/50/40 45/51/40 46/52/40
f 46/52/40 45/51/40 47/53/40
f 48/54/40 46/52/40 47/53/40
f 49/55/40 46/52/40 48/54/40
f 50/56/40 46/52/40 49/55/40
f 46/52/40 50/56/40 51/57/40
f 37/39/42 64/70/43 23/42/44
f 37/39/42 20/21/43 64/70/43
f 20/21/43 18/19/45 64/70/43
f 14/15/46 64/70/43 18/19/45
f 13/14/47 64/70/43 14/15/46
f 64/70/43 13/14/47 10/11/48
f 10/11/48 39/43/49 64/70/43
f 10/11/48 41/46/50 39/43/49
f 7/8/51 65/71/52 8/9/53
f 7/8/51 36/37/54 65/71/52
f 65/71/52 36/37/54 33/34/55
f 33/34/55 29/30/52 65/71/52
f 29/30/52 28/29/56 65/71/52
f 28/29/56 25/26/57 65/71/52
f 25/26/57 24/25/58 65/71/52
f 25/26/57 43/49/59 24/25/58
f 66/72/60 67/73/60 68/74/60
f 69/75/60 67/73/60 66/72/60
f 70/76/60 67/73/60 69/75/60
f 71/77/60 67/73/60 70/76/60
f 72/78/60 67/73/60 71/77/60
f 73/79/60 67/73/60 72/78/60
f 86/80/62 87/81/63 88/81/63
f 89/80/64 87/81/63 86/80/62
f 89/80/64 90/81/65 87/81/63
f 89/80/64 91/82/66 90/81/65
f 89/80/64 92/83/67 91/82/66
f 93/84/67 91/82/66 92/83/67
f 93/84/67 94/85/66 91/82/66
f 95/86/68 94/85/66 93/84/67
f 95/86/68 96/87/69 94/85/66
f 95/86/68 97/87/70 96/87/69
f 95/86/68 98/86/71 97/87/70
f 99/86/71 97/87/70 98/86/71
f 99/86/71 100/87/70 97/87/70
f 101/86/72 100/87/70 99/86/71
f 101/86/72 102/87/73 100/87/70
f 101/86/72 103/85/74 102/87/73
f 101/86/72 104/84/75 103/85/74
f 105/83/75 103/85/74 104/84/75
f 105/83/75 106/82/74 103/85/74
f 107/80/76 106/82/74 105/83/75
f 107/80/76 108/81/77 106/82/74
f 107/80/76 88/81/63 108/81/77
f 107/80/76 109/80/62 88/81/63
f 86/80/62 88/81/63 109/80/62
f 101/88/61 99/88/61 85/89/61
f 98/88/61 85/89/61 99/88/61
f 98/88/61 84/89/61 85/89/61
f 95/88/61 84/89/61 98/88/61
f 95/88/61 110/89/61 84/89/61
f 95/88/61 79/90/61 110/89/61
f 95/88/61 111/90/61 79/90/61
f 112/91/61 79/90/61 111/90/61
f 112/91/61 77/91/61 79/90/61
f 113/92/61 77/91/61 112/91/61
f 113/92/61 114/93/61 77/91/61
f 113/92/61 76/93/61 114/93/61
f 113/92/61 115/92/61 76/93/61
f 116/92/61 76/93/61 115/92/61
f 116/92/61 74/93/61 76/93/61
f 117/92/61 74/93/61 116/92/61
f 117/92/61 118/93/61 74/93/61
f 117/92/61 82/91/61 118/93/61
f 117/92/61 119/91/61 82/91/61
f 120/90/61 82/91/61 119/91/61
f 120/90/61 81/90/61 82/91/61
f 101/88/61 81/90/61 120/90/61
f 101/88/61 121/89/61 81/90/61
f 101/88/61 85/89/61 121/89/61
f 95/94/82 93/95/83 134/96/84
f 92/97/83 134/96/84 93/95/83
f 92/97/83 135/98/84 134/96/84
f 89/99/85 135/98/84 92/97/83
f 89/99/85 136/100/86 135/98/84
f 89/99/85 137/101/87 136/100/86
f 89/99/85 138/102/88 137/101/87
f 139/103/88 137/101/87 138/102/88
f 139/103/88 140/104/87 137/101/87
f 141/105/89 140/104/87 139/103/88
f 141/105/89 142/106/90 140/104/87
f 141/105/89 143/107/91 142/106/90
f 141/105/89 144/108/92 143/107/91
f 145/109/92 143/107/91 144/108/92
f 145/109/92 146/110/91 143/107/91
f 113/111/93 146/110/91 145/109/92
f 113/111/93 147/112/94 146/110/91
f 113/111/93 148/113/95 147/112/94
f 113/111/93 112/114/96 148/113/95
f 111/115/96 148/113/95 112/114/96
f 111/115/96 149/116/95 148/113/95
f 95/94/82 149/116/95 111/115/96
f 95/94/82 150/117/97 149/116/95
f 95/94/82 134/96/84 150/117/97
f 141/118/41 139/119/41 60/119/41
f 138/120/41 60/119/41 139/119/41
f 138/120/41 59/120/41 60/119/41
f 89/121/41 59/120/41 138/120/41
f 89/121/41 155/122/41 59/120/41
f 89/121/41 63/122/41 155/122/41
f 89/121/41 86/121/41 63/122/41
f 109/121/41 63/122/41 86/121/41
f 109/121/41 62/122/41 63/122/41
f 107/121/41 62/122/41 109/121/41
f 107/121/41 156/122/41 62/122/41
f 107/121/41 57/120/41 156/122/41
f 107/121/41 157/120/41 57/120/41
f 158/119/41 57/120/41 157/120/41
f 158/119/41 55/119/41 57/120/41
f 159/118/41 55/119/41 158/119/41
f 159/118/41 160/123/41 55/119/41
f 159/118/41 54/123/41 160/123/41
f 159/118/41 161/118/41 54/123/41
f 162/118/41 54/123/41 161/118/41
f 162/118/41 52/123/41 54/123/41
f 141/118/41 52/123/41 162/118/41
f 141/118/41 163/123/41 52/123/41
f 141/118/41 60/119/41 163/123/41
f 113/126/105 145/127/106 123/128/78
f 144/129/106 123/128/78 145/127/106
f 144/129/106 124/130/78 123/128/78
f 141/131/107 124/130/78 144/129/106
f 141/131/107 176/132/108 124/130/78
f 141/131/107 128/132/79 176/132/108
f 141/131/107 162/131/109 128/132/79
f 161/131/109 128/132/79 162/131/109
f 161/131/109 127/132/79 128/132/79
f 159/131/110 127/132/79 161/131/109
f 159/131/110 177/132/111 127/132/79
f 159/131/110 130/130/80 177/132/111
f 159/131/110 178/129/112 130/130/80
f 179/127/112 130/130/80 178/129/112
f 179/127/112 129/128/80 130/130/80
f 117/126/113 129/128/80 179/127/112
f 117/126/113 180/133/114 129/128/80
f 117/126/113 133/133/81 180/133/114
f 117/126/113 116/126/115 133/133/81
f 115/126/115 133/133/81 116/126/115
f 115/126/115 132/133/81 133/133/81
f 113/126/105 132/133/81 115/126/115
f 113/126/105 181/133/116 132/133/81
f 113/126/105 123/128/78 181/133/116
f 101/134/117 120/135/118 175/136/104
f 119/137/118 175/136/104 120/135/118
f 119/137/118 174/138/104 175/136/104
f 117/139/119 174/138/104 119/137/118
f 117/139/119 186/140/120 174/138/104
f 117/139/119 165/141/100 186/140/120
f 117/139/119 179/142/121 165/141/100
f 178/143/121 165/141/100 179/142/121
f 178/143/121 166/144/100 165/141/100
f 159/145/122 166/144/100 178/143/121
f 159/145/122 187/146/123 166/144/100
f 159/145/122 170/147/101 187/146/123
f 159/145/122 158/148/124 170/147/101
f 157/149/124 170/147/101 158/148/124
f 157/149/124 169/150/101 170/147/101
f 107/151/125 169/150/101 157/149/124
f 107/151/125 188/152/126 169/150/101
f 107/151/125 172/153/103 188/152/126
f 107/151/125 105/154/127 172/153/103
f 104/155/127 172/153/103 105/154/127
f 104/155/127 171/156/102 172/153/103
f 101/134/117 171/156/102 104/155/127
f 101/134/117 189/157/128 171/156/102
f 101/134/117 175/136/104 189/157/128
f 190/158/129 191/159/129 192/6/130
f 190/158/129 193/160/129 191/159/129
f 194/161/131 193/73/131 195/162/131
f 194/161/131 196/79/131 193/73/131
f 197/57/132 198/163/132 199/56/132
f 197/57/133 200/164/133 198/163/133
f 195/52/134 201/165/135 197/57/135
f 195/52/134 190/166/134 201/165/135
f 202/162/136 203/79/136 204/161/136
f 202/162/136 205/73/136 203/79/136
f 206/72/137 207/167/138 208/168/137
f 206/72/137 209/74/138 207/167/138
f 210/56/139 211/164/139 212/57/139
f 210/56/140 213/163/140 211/164/140
f 214/4/141 215/3/142 192/6/143
f 214/4/141 216/5/144 215/3/142
f 200/169/145 217/170/145 218/171/145
f 200/169/146 201/172/146 217/170/146
f 218/173/147 217/170/148 219/174/149
f 220/175/150 219/174/149 217/170/148
f 220/175/150 221/176/151 219/174/149
f 222/177/152 221/176/151 220/175/150
f 222/177/152 220/175/150 223/178/153
f 223/178/153 224/179/154 222/177/152
f 223/178/153 225/180/155 224/179/154
f 225/180/155 226/2/156 224/179/154
f 225/180/155 215/3/157 226/2/156
f 226/2/156 215/3/157 216/1/158
f 227/23/159 228/25/159 229/24/159
f 191/74/160 230/168/161 214/167/160
f 191/74/160 231/72/162 230/168/161
f 232/78/61 193/73/61 196/79/61
f 233/77/61 193/73/61 232/78/61
f 234/76/61 193/73/61 233/77/61
f 235/75/61 193/73/61 234/76/61
f 231/72/61 193/73/61 235/75/61
f 191/74/61 193/73/61 231/72/61
f 236/181/163 237/182/164 238/3/165
f 239/6/166 240/5/166 207/4/166
f 239/6/166 237/183/164 240/5/166
f 239/6/166 238/3/165 237/183/164
f 196/79/167 194/161/167 241/184/167
f 242/185/168 194/50/169 243/51/170
f 242/185/168 241/186/171 194/50/169
f 190/158/99 192/6/172 215/3/172
f 215/3/172 225/180/99 190/158/99
f 225/180/99 223/178/99 190/158/99
f 223/178/99 220/175/99 190/158/99
f 217/170/99 190/158/99 220/175/99
f 201/172/99 190/158/99 217/170/99
f 214/187/173 192/6/173 191/159/173
f 231/72/174 244/188/175 230/189/176
f 244/188/175 231/72/174 235/75/177
f 244/188/175 235/75/177 245/190/178
f 245/190/178 235/75/177 234/76/179
f 245/190/178 234/76/179 246/191/180
f 246/191/180 234/76/179 233/77/181
f 246/191/180 233/77/181 247/192/182
f 247/192/182 233/77/181 232/78/183
f 247/192/182 232/78/183 248/193/184
f 249/194/185 248/193/184 232/78/183
f 232/78/183 241/195/186 249/196/185
f 232/78/183 196/79/186 241/195/186
f 200/169/187 197/197/187 201/172/187
f 212/57/188 250/166/189 202/52/189
f 212/57/188 251/165/190 250/166/189
f 252/7/191 253/8/192 254/9/191
f 252/7/191 255/10/193 253/8/192
f 256/198/194 257/199/195 258/200/195
f 256/198/194 258/200/195 259/201/196
f 256/198/194 259/201/196 260/202/196
f 256/198/194 260/202/196 261/203/196
f 256/198/194 261/203/196 262/204/196
f 256/198/194 262/204/196 263/205/195
f 263/205/195 264/206/197 256/198/194
f 263/205/195 265/207/195 264/206/197
f 263/205/195 266/208/195 265/207/195
f 267/209/198 268/210/199 269/211/199
f 267/209/198 269/211/199 270/212/200
f 267/209/198 270/212/200 271/213/200
f 267/209/198 271/213/200 272/214/200
f 267/209/198 272/214/200 273/215/200
f 267/209/198 273/215/200 274/216/199
f 274/216/199 275/217/201 267/209/198
f 274/216/199 276/218/199 275/217/201
f 274/216/199 277/219/199 276/218/199
f 278/47/202 279/25/203 280/49/202
f 278/47/202 281/23/204 279/25/203
f 282/36/205 283/34/206 284/37/207
f 282/36/205 285/35/208 283/34/206
f 286/33/209 283/34/206 285/35/208
f 286/33/209 287/30/210 283/34/206
f 286/33/209 288/32/211 287/30/210
f 289/31/212 287/30/210 288/32/211
f 289/31/212 290/29/213 287/30/210
f 289/31/212 291/27/213 290/29/213
f 291/27/213 292/26/214 290/29/213
f 291/27/213 293/28/215 292/26/214
f 294/9/216 295/10/217 296/7/218
f 294/9/216 297/8/217 295/10/217
f 298/49/219 299/23/219 300/25/219
f 298/49/220 301/47/220 299/23/220
f 302/220/221 303/221/222 304/222/221
f 302/220/221 305/223/222 303/221/222
f 305/223/222 306/224/223 303/221/222
f 305/223/222 307/225/224 306/224/223
f 307/225/224 308/226/225 306/224/223
f 307/225/224 309/227/226 308/226/225
f 309/227/226 310/228/227 308/226/225
f 309/227/226 311/229/227 310/228/227
f 311/229/227 312/230/228 310/228/227
f 311/229/227 313/231/228 312/230/228
f 313/231/228 314/232/229 312/230/228
f 313/231/228 315/233/229 314/232/229
f 315/233/229 316/234/230 314/232/229
f 315/233/229 317/235/230 316/234/230
f 317/235/230 318/236/61 316/234/230
f 317/235/230 319/237/61 318/236/61
f 320/238/231 321/239/232 322/240/233
f 320/238/231 323/241/234 321/239/232
f 323/241/234 324/242/235 321/239/232
f 323/241/234 325/243/235 324/242/235
f 325/243/235 326/244/236 324/242/235
f 325/243/235 327/245/236 326/244/236
f 327/245/236 328/246/237 326/244/236
f 327/245/236 329/247/237 328/246/237
f 329/247/237 330/248/238 328/246/237
f 329/247/237 331/249/238 330/248/238
f 331/249/238 332/250/99 330/248/238
f 331/249/238 333/251/99 332/250/99
f 333/251/99 334/252/239 332/250/99
f 333/251/99 335/253/239 334/252/239
f 335/253/239 336/254/240 334/252/239
f 335/253/239 337/255/240 336/254/240
f 337/255/240 304/222/221 336/254/240
f 337/255/240 302/220/221 304/222/221
f 338/256/241 339/257/242 340/258/241
f 338/256/241 341/259/242 339/257/242
f 341/259/242 342/260/243 339/257/242
f 341/259/242 343/261/243 342/260/243
f 343/261/243 344/262/244 342/260/243
f 343/261/243 345/263/244 344/262/244
f 345/263/244 346/264/41 344/262/244
f 345/263/244 347/265/41 346/264/41
f 347/265/41 348/266/245 346/264/41
f 347/265/41 349/267/245 348/266/245
f 349/267/245 350/268/246 348/266/245
f 349/267/245 351/269/246 350/268/246
f 351/269/246 352/270/247 350/268/246
f 351/269/246 353/271/247 352/270/247
f 353/271/247 354/272/248 352/270/247
f 353/271/247 355/273/248 354/272/248
f 355/273/248 322/240/233 354/272/248
f 355/273/248 320/238/231 322/240/233
f 356/274/249 357/275/250 358/276/249
f 356/274/249 359/277/250 357/275/250
f 359/277/250 360/278/60 357/275/250
f 359/277/250 361/279/60 360/278/60
f 361/279/60 362/280/251 360/278/60
f 361/279/60 363/281/251 362/280/251
f 363/281/251 364/282/252 362/280/251
f 363/281/251 365/283/252 364/282/252
f 365/283/252 366/284/253 364/282/252
f 365/283/252 367/285/253 366/284/253
f 367/285/253 368/286/254 366/284/253
f 367/285/253 369/287/254 368/286/254
f 369/287/254 370/288/255 368/286/254
f 369/287/254 371/289/256 370/288/255
f 371/289/256 372/290/257 370/288/255
f 371/289/256 373/291/258 372/290/257
f 373/291/258 340/258/241 372/290/257
f 373/291/258 338/256/241 340/258/241
f 319/292/61 374/293/259 318/294/61
f 319/292/61 375/295/259 374/293/259
f 375/295/259 376/296/260 374/293/259
f 375/295/259 377/297/260 376/296/260
f 377/297/260 378/298/261 376/296/260
f 377/297/260 379/299/261 378/298/261
f 379/299/261 380/300/262 378/298/261
f 379/299/261 381/301/262 380/300/262
f 381/301/262 382/302/263 380/300/262
f 381/301/262 383/303/264 382/302/263
f 383/303/264 384/304/265 382/302/263
f 383/303/264 385/305/266 384/304/265
f 385/305/266 386/306/267 384/304/265
f 385/305/266 387/307/267 386/306/267
f 387/307/267 388/308/268 386/306/267
f 387/307/267 389/309/268 388/308/268
f 389/309/268 358/276/249 388/308/268
f 389/309/268 356/274/249 358/276/249
f 390/41/269 391/21/270 392/39/271
f 390/41/269 393/310/272 391/21/270
f 394/11/273 395/44/273 396/46/273
f 394/11/273 397/311/273 395/44/273
f 398/196/274 399/79/275 400/78/276
f 398/196/274 401/195/275 399/79/275
f 402/189/277 403/188/278 404/72/279
f 403/188/278 405/75/280 404/72/279
f 403/188/278 406/190/281 405/75/280
f 406/190/281 407/76/282 405/75/280
f 406/190/281 408/191/282 407/76/282
f 408/191/282 409/77/283 407/76/282
f 408/191/282 410/192/284 409/77/283
f 400/78/276 409/77/283 410/192/284
f 400/78/276 410/192/284 411/193/285
f 411/193/285 398/194/274 400/78/276
f 412/185/286 413/50/287 401/186/288
f 412/185/286 414/51/289 413/50/287
f 415/312/290 414/51/289 412/313/286
f 415/312/290 416/53/291 414/51/289
f 415/312/290 417/314/292 416/53/291
f 417/314/292 418/54/293 416/53/291
f 417/314/292 419/315/293 418/54/293
f 419/315/293 420/55/294 418/54/293
f 419/315/293 421/316/295 420/55/294
f 422/56/296 420/55/294 421/316/295
f 422/56/296 421/316/295 423/317/297
f 424/318/298 422/56/296 423/317/297
f 404/72/171 425/167/299 402/168/171
f 404/72/171 426/74/299 425/167/299
f 427/311/300 428/46/300 429/44/300
f 427/311/300 430/11/300 428/46/300
f 431/37/301 432/10/301 433/8/301
f 431/37/302 434/38/302 432/10/302
f 435/42/303 436/41/303 437/40/303
f 435/42/303 438/39/303 436/41/303
f 439/319/304 440/320/305 441/321/305
f 439/319/304 441/321/305 442/322/306
f 439/319/304 442/322/306 443/323/306
f 439/319/304 443/323/306 444/324/306
f 439/319/304 444/324/306 445/325/305
f 439/319/304 445/325/305 446/326/305
f 446/326/305 447/327/307 439/319/304
f 446/326/305 448/328/305 447/327/307
f 446/326/305 449/329/305 448/328/305
f 450/6/308 451/160/308 452/158/308
f 450/6/308 426/159/309 451/160/308
f 453/330/310 454/331/311 455/332/310
f 453/330/310 456/333/312 454/331/311
f 457/334/313 454/331/311 456/333/312
f 457/334/313 456/333/312 458/335/314
f 458/335/314 459/336/315 457/334/313
f 458/335/314 460/337/315 459/336/315
f 428/46/316 461/45/316 429/44/316
f 428/46/316 462/43/317 461/45/316
f 463/338/318 464/337/318 465/339/318
f 463/338/318 466/336/318 464/337/318
f 467/340/319 468/321/319 469/320/319
f 467/340/319 470/341/319 468/321/319
f 471/332/320 472/342/320 473/330/320
f 471/332/320 474/343/320 472/342/320
f 475/57/321 452/166/322 476/52/322
f 475/57/321 477/165/323 452/166/322
f 462/344/324 478/71/324 479/9/324
f 462/344/324 480/345/324 478/71/324
f 480/345/324 481/25/324 478/71/324
f 480/345/324 435/24/324 481/25/324
f 482/9/325 483/345/325 484/344/325
f 482/9/325 485/71/325 483/345/325
f 485/71/325 486/24/325 483/345/325
f 485/71/325 487/25/325 486/24/325
f 488/333/326 489/330/327 490/342/327
f 488/333/326 490/342/327 491/346/328
f 488/333/326 491/346/328 492/347/328
f 488/333/326 492/347/328 493/348/328
f 488/333/326 493/348/328 494/349/328
f 488/333/326 494/349/328 495/350/327
f 495/350/327 496/335/329 488/333/326
f 495/350/327 497/337/327 496/335/329
f 495/350/327 498/339/327 497/337/327
f 499/351/330 500/207/330 501/208/330
f 499/351/330 502/352/330 500/207/330
f 476/162/331 399/79/331 413/161/331
f 476/162/331 451/73/331 399/79/331
f 424/163/332 475/57/332 422/56/333
f 424/163/332 503/164/334 475/57/332
f 504/5/335 450/6/336 505/3/337
f 504/5/335 425/4/338 450/6/336
f 503/169/339 506/170/340 477/172/339
f 503/169/339 507/171/340 506/170/340
f 508/353/98 509/354/98 510/355/98
f 508/353/98 511/356/98 509/354/98
f 508/353/98 512/357/98 511/356/98
f 508/353/98 513/358/98 512/357/98
f 508/353/98 514/359/98 513/358/98
f 508/353/98 515/360/98 514/359/98
f 508/353/98 516/361/98 517/362/98
f 508/353/98 518/363/98 516/361/98
f 508/353/98 519/364/98 518/363/98
f 508/353/98 520/365/98 519/364/98
f 508/353/98 521/366/98 520/365/98
f 508/353/98 522/367/98 521/366/98
f 508/353/98 523/368/98 522/367/98
f 508/353/98 524/369/98 523/368/98
f 508/353/98 525/370/98 524/369/98
f 508/353/98 526/371/98 525/370/98
f 508/353/98 527/372/98 526/371/98
f 508/353/98 528/373/98 527/372/98
f 508/353/98 529/374/98 528/373/98
f 508/353/98 530/375/98 529/374/98
f 508/353/98 531/376/98 530/375/98
f 508/353/98 532/377/98 531/376/98
f 508/353/98 533/378/98 532/377/98
f 508/353/98 510/355/98 533/378/98
f 508/353/98 534/379/98 535/380/98
f 508/353/98 536/381/98 534/379/98
f 508/353/98 537/382/98 536/381/98
f 508/353/98 538/383/98 537/382/98
f 508/353/98 539/384/98 538/383/98
f 508/353/98 540/385/98 539/384/98
f 508/353/98 541/386/98 540/385/98
f 508/353/98 542/387/98 541/386/98
f 508/353/98 543/388/98 542/387/98
f 508/353/98 544/389/98 543/388/98
f 508/353/98 545/390/98 544/389/98
f 508/353/98 546/391/98 545/390/98
f 508/353/98 547/392/98 546/391/98
f 508/353/98 548/393/98 547/392/98
f 508/353/98 549/394/98 548/393/98
f 508/353/98 550/395/98 549/394/98
f 508/353/98 551/396/98 550/395/98
f 508/353/98 517/362/98 551/396/98
f 195/397/341 193/160/341 190/158/341
f 552/49/342 553/48/342 554/26/342
f 552/49/342 555/47/342 553/48/342
f 506/170/41 452/158/41 477/172/41
f 556/175/41 452/158/41 506/170/41
f 452/158/41 556/175/41 557/178/41
f 452/158/41 557/178/41 558/180/41
f 452/158/41 558/180/41 505/3/343
f 505/3/343 450/6/343 452/158/41
f 243/51/344 559/312/345 242/313/346
f 243/51/344 560/314/347 559/312/345
f 243/51/344 561/53/348 560/314/347
f 561/53/348 562/315/349 560/314/347
f 561/53/348 563/54/350 562/315/349
f 563/54/350 564/316/351 562/315/349
f 563/54/350 565/55/352 564/316/351
f 565/55/352 566/317/353 564/316/351
f 565/55/352 199/56/354 566/317/353
f 199/56/354 198/318/355 566/317/353
f 254/9/356 567/344/356 252/7/356
f 568/398/357 258/200/357 257/199/357
f 568/398/358 569/399/358 258/200/358
f 570/351/359 265/207/359 266/208/359
f 570/351/359 571/352/359 265/207/359
f 555/47/360 481/25/360 437/23/360
f 555/47/361 552/49/361 481/25/361
f 572/332/362 490/342/362 489/330/362
f 572/332/362 573/343/362 490/342/362
f 479/9/363 431/37/364 433/8/365
f 479/9/363 478/71/366 431/37/364
f 574/34/367 431/37/364 478/71/366
f 478/71/366 575/30/366 574/34/367
f 478/71/366 576/29/368 575/30/366
f 478/71/366 554/26/369 576/29/368
f 478/71/366 552/49/370 554/26/369
f 478/71/366 481/25/371 552/49/370
f 435/42/372 577/21/373 438/39/374
f 435/42/372 480/70/375 577/21/373
f 480/70/375 578/19/376 577/21/373
f 578/19/376 480/70/375 579/15/377
f 579/15/377 480/70/375 580/14/378
f 430/11/375 580/14/378 480/70/375
f 480/70/375 428/46/379 430/11/375
f 480/70/375 462/43/380 428/46/379
f 581/20/381 582/22/382 577/21/383
f 581/20/381 577/21/383 578/19/384
f 583/18/385 581/20/381 578/19/384
f 583/18/385 578/19/384 579/15/386
f 583/18/385 579/15/386 584/17/387
f 585/16/388 584/17/387 579/15/386
f 585/16/388 579/15/386 580/14/389
f 585/16/388 580/14/389 586/12/390
f 580/14/389 427/13/391 586/12/390
f 580/14/389 430/11/392 427/13/391
f 587/400/236 588/401/235 589/402/236
f 587/400/236 590/403/235 588/401/235
f 590/403/235 591/404/234 588/401/235
f 590/403/235 592/405/234 591/404/234
f 592/405/234 593/406/233 591/404/234
f 592/405/234 594/407/233 593/406/233
f 594/407/233 595/408/248 593/406/233
f 594/407/233 596/409/248 595/408/248
f 596/409/248 597/410/247 595/408/248
f 596/409/248 598/411/247 597/410/247
f 598/411/247 599/412/246 597/410/247
f 598/411/247 600/413/246 599/412/246
f 600/413/246 601/414/245 599/412/246
f 600/413/246 602/415/245 601/414/245
f 602/415/245 603/416/41 601/414/245
f 602/415/245 604/417/41 603/416/41
f 605/418/225 606/419/224 607/420/225
f 605/418/225 608/421/224 606/419/224
f 608/421/224 609/422/222 606/419/224
f 608/421/224 610/423/222 609/422/222
f 610/423/222 611/424/221 609/422/222
f 610/423/222 612/425/221 611/424/221
f 612/425/221 613/426/240 611/424/221
f 612/425/221 614/427/240 613/426/240
f 614/427/240 615/428/239 613/426/240
f 614/427/240 616/429/239 615/428/239
f 616/429/239 617/430/99 615/428/239
f 616/429/239 618/431/99 617/430/99
f 618/431/99 619/432/238 617/430/99
f 618/431/99 620/433/238 619/432/238
f 620/433/238 621/434/237 619/432/238
f 620/433/238 622/435/237 621/434/237
f 622/435/237 589/402/236 621/434/237
f 622/435/237 587/400/236 589/402/236
f 623/436/262 624/437/261 625/438/262
f 623/436/262 626/439/261 624/437/261
f 626/439/261 627/440/260 624/437/261
f 626/439/261 628/441/260 627/440/260
f 628/441/260 629/442/259 627/440/260
f 628/441/260 630/443/259 629/442/259
f 630/443/259 631/444/61 629/442/259
f 630/443/259 632/445/61 631/444/61
f 632/445/61 633/446/230 631/444/61
f 632/445/61 634/447/230 633/446/230
f 634/447/230 635/448/229 633/446/230
f 634/447/230 636/449/229 635/448/229
f 636/449/229 637/450/228 635/448/229
f 636/449/229 638/451/228 637/450/228
f 638/451/228 639/452/227 637/450/228
f 638/451/228 640/453/227 639/452/227
f 640/453/227 607/420/225 639/452/227
f 640/453/227 605/418/225 607/420/225
f 641/454/252 642/455/251 643/456/252
f 641/454/252 644/457/251 642/455/251
f 644/457/251 645/458/60 642/455/251
f 644/457/251 646/459/60 645/458/60
f 646/459/60 647/460/250 645/458/60
f 646/459/60 648/461/250 647/460/250
f 648/461/250 649/462/249 647/460/250
f 648/461/250 650/463/249 649/462/249
f 650/463/249 651/464/268 649/462/249
f 650/463/249 652/465/268 651/464/268
f 652/465/268 653/466/267 651/464/268
f 652/465/268 654/467/267 653/466/267
f 654/467/267 655/468/266 653/466/267
f 654/467/267 656/469/266 655/468/266
f 656/469/266 657/470/263 655/468/266
f 656/469/266 658/471/263 657/470/263
f 658/471/263 625/438/262 657/470/263
f 658/471/263 623/436/262 625/438/262
f 604/472/41 659/473/244 603/474/41
f 604/472/41 660/475/244 659/473/244
f 660/475/244 661/476/243 659/473/244
f 660/475/244 662/477/243 661/476/243
f 662/477/243 663/478/242 661/476/243
f 662/477/243 664/479/242 663/478/242
f 664/479/242 665/480/241 663/478/242
f 664/479/242 666/481/241 665/480/241
f 666/481/241 667/482/257 665/480/241
f 666/481/241 668/483/257 667/482/257
f 668/483/257 669/484/256 667/482/257
f 668/483/257 670/485/255 669/484/256
f 670/485/255 671/486/254 669/484/256
f 670/485/255 672/487/254 671/486/254
f 672/487/254 673/488/253 671/486/254
f 672/487/254 674/489/253 673/488/253
f 674/489/253 643/456/252 673/488/253
f 674/489/253 641/454/252 643/456/252
f 675/49/393 676/23/393 487/25/393
f 675/49/394 677/47/394 676/23/394
f 678/7/395 679/8/396 482/9/395
f 678/7/395 680/10/396 679/8/396
f 394/11/397 681/12/398 397/13/399
f 394/11/397 682/14/398 681/12/398
f 683/15/400 681/12/398 682/14/398
f 683/15/400 684/16/401 681/12/398
f 683/15/400 685/17/402 684/16/401
f 686/18/403 685/17/402 683/15/400
f 686/18/403 683/15/400 687/19/404
f 686/18/403 687/19/404 688/20/405
f 688/20/405 687/19/404 391/21/406
f 688/20/405 391/21/406 393/22/407
f 689/20/408 690/21/409 691/22/410
f 689/20/408 692/19/411 690/21/409
f 693/18/412 692/19/411 689/20/408
f 693/18/412 694/15/413 692/19/411
f 693/18/412 695/17/413 694/15/413
f 696/14/414 694/15/413 695/17/413
f 696/14/414 695/17/413 697/16/415
f 696/14/414 697/16/415 698/12/416
f 699/11/417 696/14/414 698/12/416
f 699/11/417 698/12/416 700/13/418
f 701/26/419 702/27/420 703/28/421
f 701/26/419 704/29/422 702/27/420
f 705/30/423 702/27/420 704/29/422
f 705/30/423 706/31/424 702/27/420
f 705/30/423 707/32/425 706/31/424
f 708/33/426 707/32/425 705/30/423
f 708/33/426 705/30/423 709/34/427
f 708/33/426 709/34/427 710/35/428
f 711/36/429 710/35/428 709/34/427
f 711/36/429 709/34/427 712/37/430
f 679/8/431 711/38/431 712/37/431
f 679/8/432 680/10/432 711/38/432
f 392/39/433 676/40/433 390/41/433
f 392/39/433 486/42/433 676/40/433
f 484/43/434 395/44/435 678/45/436
f 484/43/434 396/46/436 395/44/435
f 677/47/437 701/26/437 703/48/437
f 677/47/437 675/49/437 701/26/437
f 392/39/438 483/70/439 486/42/440
f 392/39/438 391/21/441 483/70/439
f 391/21/441 687/19/442 483/70/439
f 683/15/443 483/70/439 687/19/442
f 682/14/442 483/70/439 683/15/443
f 483/70/439 682/14/442 394/11/444
f 394/11/444 484/43/445 483/70/439
f 394/11/444 396/46/446 484/43/445
f 679/8/447 485/71/448 482/9/449
f 679/8/447 712/37/450 485/71/448
f 485/71/448 712/37/450 709/34/451
f 709/34/451 705/30/448 485/71/448
f 705/30/448 704/29/452 485/71/448
f 704/29/452 701/26/453 485/71/448
f 701/26/453 487/25/454 485/71/448
f 701/26/453 675/49/455 487/25/454
f 197/57/98 199/56/98 195/52/98
f 565/55/98 195/52/98 199/56/98
f 563/54/98 195/52/98 565/55/98
f 561/53/98 195/52/98 563/54/98
f 561/53/98 243/51/98 195/52/98
f 195/52/98 243/51/98 194/50/98
f 713/9/456 714/344/456 715/7/456
f 716/490/457 717/211/457 718/210/457
f 716/490/457 719/491/457 717/211/457
f 720/492/458 721/328/458 722/329/458
f 720/492/458 723/493/458 721/328/458
f 724/340/459 725/321/459 726/320/459
f 724/340/459 727/341/459 725/321/459
f 728/494/460 729/218/461 730/219/460
f 728/494/460 731/495/460 729/218/461
f 732/8/462 733/71/463 713/9/464
f 732/8/462 734/37/465 733/71/463
f 733/71/463 734/37/465 735/34/466
f 735/34/466 736/30/463 733/71/463
f 736/30/463 737/29/467 733/71/463
f 737/29/467 738/26/468 733/71/463
f 738/26/468 300/25/469 733/71/463
f 738/26/468 298/49/470 300/25/469
f 739/338/471 740/337/471 741/339/471
f 739/338/471 742/336/471 740/337/471
f 743/332/472 744/342/472 745/330/472
f 743/332/472 746/343/472 744/342/472
f 747/351/473 748/207/473 749/208/473
f 747/351/473 750/352/473 748/207/473
f 751/398/474 752/200/474 753/199/474
f 751/398/474 754/399/474 752/200/474
f 726/320/475 755/496/476 724/340/475
f 726/320/475 756/319/476 755/496/476
f 757/327/477 755/496/476 756/319/476
f 757/327/477 758/497/478 755/496/476
f 757/327/477 723/493/479 758/497/478
f 757/327/477 721/328/479 723/493/479
f 759/209/480 718/210/481 717/211/481
f 759/209/480 717/211/481 760/212/482
f 759/209/480 760/212/482 761/213/482
f 759/209/480 761/213/482 762/214/482
f 759/209/480 762/214/482 763/215/482
f 759/209/480 763/215/482 764/216/481
f 764/216/481 765/217/483 759/209/480
f 764/216/481 729/218/481 765/217/483
f 764/216/481 730/219/481 729/218/481
f 766/198/484 753/199/485 752/200/485
f 766/198/484 752/200/485 767/201/486
f 766/198/484 767/201/486 768/202/486
f 766/198/484 768/202/486 769/203/486
f 766/198/484 769/203/486 770/204/485
f 766/198/484 770/204/485 771/205/485
f 771/205/485 772/206/487 766/198/484
f 771/205/485 748/207/485 772/206/487
f 771/205/485 749/208/485 748/207/485
f 773/333/488 745/330/489 744/342/489
f 773/333/488 744/342/489 774/346/490
f 773/333/488 774/346/490 775/347/490
f 773/333/488 775/347/490 776/348/490
f 773/333/488 776/348/490 777/349/490
f 773/333/488 777/349/490 778/350/491
f 778/350/491 779/335/492 773/333/488
f 778/350/491 740/337/489 779/335/492
f 778/350/491 741/339/489 740/337/489
f 780/498/493 716/490/494 718/210/494
f 780/498/493 718/210/494 759/209/495
f 759/209/495 781/499/496 780/498/493
f 759/209/495 765/217/497 781/499/496
f 731/495/498 781/499/496 765/217/497
f 731/495/498 765/217/497 729/218/498
f 473/330/499 782/331/500 471/332/499
f 473/330/499 783/333/500 782/331/500
f 782/331/500 783/333/500 784/335/501
f 782/331/500 784/335/501 785/334/502
f 784/335/501 466/336/503 785/334/502
f 784/335/501 464/337/503 466/336/503
f 753/199/504 786/500/505 751/398/504
f 753/199/504 766/198/506 786/500/505
f 787/501/507 786/500/505 766/198/506
f 787/501/507 766/198/506 772/206/508
f 772/206/508 750/352/509 787/501/507
f 772/206/508 748/207/509 750/352/509
f 788/220/268 789/221/267 790/222/268
f 788/220/268 791/223/267 789/221/267
f 791/223/267 792/224/266 789/221/267
f 791/223/267 793/225/265 792/224/266
f 793/225/265 794/226/264 792/224/266
f 793/225/265 795/227/263 794/226/264
f 795/227/263 796/228/262 794/226/264
f 795/227/263 797/229/262 796/228/262
f 797/229/262 798/230/261 796/228/262
f 797/229/262 799/231/261 798/230/261
f 799/231/261 800/232/260 798/230/261
f 799/231/261 801/233/260 800/232/260
f 801/233/260 802/234/259 800/232/260
f 801/233/260 803/235/259 802/234/259
f 803/235/259 804/236/61 802/234/259
f 803/235/259 805/237/61 804/236/61
f 806/238/257 807/239/256 808/240/258
f 806/238/257 809/241/255 807/239/256
f 809/241/255 810/242/254 807/239/256
f 809/241/255 811/243/254 810/242/254
f 811/243/254 812/244/253 810/242/254
f 811/243/254 813/245/253 812/244/253
f 813/245/253 814/246/252 812/244/253
f 813/245/253 815/247/252 814/246/252
f 815/247/252 816/248/251 814/246/252
f 815/247/252 817/249/251 816/248/251
f 817/249/251 818/250/60 816/248/251
f 817/249/251 819/251/60 818/250/60
f 819/251/60 820/252/250 818/250/60
f 819/251/60 821/253/250 820/252/250
f 821/253/250 822/254/249 820/252/250
f 821/253/250 823/255/249 822/254/249
f 823/255/249 790/222/268 822/254/249
f 823/255/249 788/220/268 790/222/268
f 824/256/248 825/257/247 826/258/248
f 824/256/248 827/259/247 825/257/247
f 827/259/247 828/260/246 825/257/247
f 827/259/247 829/261/246 828/260/246
f 829/261/246 830/262/245 828/260/246
f 829/261/246 831/263/245 830/262/245
f 831/263/245 832/264/41 830/262/245
f 831/263/245 833/265/41 832/264/41
f 833/265/41 834/266/244 832/264/41
f 833/265/41 835/267/244 834/266/244
f 835/267/244 836/268/243 834/266/244
f 835/267/244 837/269/243 836/268/243
f 837/269/243 838/270/242 836/268/243
f 837/269/243 839/271/242 838/270/242
f 839/271/242 840/272/241 838/270/242
f 839/271/242 841/273/241 840/272/241
f 841/273/241 808/240/258 840/272/241
f 841/273/241 806/238/257 808/240/258
f 842/274/240 843/275/239 844/276/240
f 842/274/240 845/277/239 843/275/239
f 845/277/239 846/278/99 843/275/239
f 845/277/239 847/279/99 846/278/99
f 847/279/99 848/280/238 846/278/99
f 847/279/99 849/281/238 848/280/238
f 849/281/238 850/282/237 848/280/238
f 849/281/238 851/283/237 850/282/237
f 851/283/237 852/284/236 850/282/237
f 851/283/237 853/285/236 852/284/236
f 853/285/236 854/286/235 852/284/236
f 853/285/236 855/287/235 854/286/235
f 855/287/235 856/288/234 854/286/235
f 855/287/235 857/289/232 856/288/234
f 857/289/232 858/290/231 856/288/234
f 857/289/232 859/291/233 858/290/231
f 859/291/233 826/258/248 858/290/231
f 859/291/233 824/256/248 826/258/248
f 805/292/61 860/293/230 804/294/61
f 805/292/61 861/295/230 860/293/230
f 861/295/230 862/296/229 860/293/230
f 861/295/230 863/297/229 862/296/229
f 863/297/229 864/298/228 862/296/229
f 863/297/229 865/299/228 864/298/228
f 865/299/228 866/300/227 864/298/228
f 865/299/228 867/301/227 866/300/227
f 867/301/227 868/302/226 866/300/227
f 867/301/227 869/303/225 868/302/226
f 869/303/225 870/304/224 868/302/226
f 869/303/225 871/305/223 870/304/224
f 871/305/223 872/306/222 870/304/224
f 871/305/223 873/307/222 872/306/222
f 873/307/222 874/308/221 872/306/222
f 873/307/222 875/309/221 874/308/221
f 875/309/221 844/276/240 874/308/221
f 875/309/221 842/274/240 844/276/240
f 876/41/510 877/21/510 878/310/510
f 876/41/510 879/39/510 877/21/510
f 756/319/511 726/320/512 725/321/512
f 756/319/511 725/321/512 880/322/513
f 756/319/511 880/322/513 881/323/513
f 756/319/511 881/323/513 882/324/513
f 756/319/511 882/324/513 883/325/513
f 756/319/511 883/325/513 884/326/512
f 884/326/512 757/327/514 756/319/511
f 884/326/512 721/328/512 757/327/514
f 884/326/512 722/329/512 721/328/512
f 745/330/515 885/331/516 743/332/515
f 745/330/515 773/333/517 885/331/516
f 886/334/518 885/331/516 773/333/517
f 886/334/518 773/333/517 779/335/519
f 779/335/519 742/336/520 886/334/518
f 779/335/519 740/337/520 742/336/520
f 887/185/521 888/50/522 889/51/523
f 887/185/521 890/186/288 888/50/522
f 891/312/524 887/313/521 889/51/523
f 889/51/523 892/314/525 891/312/524
f 889/51/523 893/53/526 892/314/525
f 894/54/527 892/314/525 893/53/526
f 894/54/527 895/315/527 892/314/525
f 896/55/528 895/315/527 894/54/527
f 896/55/528 897/316/529 895/315/527
f 898/317/530 897/316/529 896/55/528
f 898/317/530 896/55/528 899/56/531
f 900/318/532 898/317/530 899/56/531
f 901/164/533 899/56/531 902/57/533
f 901/164/533 900/163/532 899/56/531
f 903/311/534 904/46/534 905/44/534
f 903/311/534 906/11/534 904/46/534
f 907/37/535 908/10/535 909/8/535
f 907/37/536 910/38/536 908/10/536
f 911/44/537 912/43/537 913/45/537
f 911/44/537 914/46/537 912/43/537
f 888/161/538 915/73/538 916/162/538
f 888/161/538 917/79/538 915/73/538
f 918/41/539 919/42/539 920/39/539
f 918/41/539 921/40/539 919/42/539
f 922/38/540 923/8/541 924/37/542
f 922/38/540 925/10/542 923/8/541
f 914/46/543 926/311/543 927/11/543
f 914/46/543 911/44/543 926/311/543
f 920/39/544 928/310/545 918/41/546
f 920/39/544 929/21/545 928/310/545
f 930/180/547 3/3/548 2/2/549
f 930/180/547 2/2/549 931/179/550
f 931/179/550 932/178/551 930/180/547
f 931/179/550 933/177/552 932/178/551
f 933/177/552 934/175/553 932/178/551
f 933/177/552 935/176/554 934/175/553
f 935/176/554 936/170/555 934/175/553
f 935/176/554 937/174/556 936/170/555
f 937/174/556 938/173/557 936/170/555
f 299/23/558 939/24/558 300/25/558
f 940/158/559 941/159/559 5/6/560
f 940/158/559 915/160/559 941/159/559
f 942/344/561 943/71/561 944/9/561
f 942/344/561 945/345/561 943/71/561
f 945/345/561 946/25/561 943/71/561
f 945/345/561 947/24/561 946/25/561
f 948/49/562 921/23/563 949/47/562
f 948/49/562 950/25/563 921/23/563
f 940/158/41 5/6/564 3/3/564
f 3/3/564 930/180/41 940/158/41
f 930/180/41 932/178/41 940/158/41
f 932/178/41 934/175/41 940/158/41
f 936/170/41 940/158/41 934/175/41
f 951/172/41 940/158/41 936/170/41
f 452/158/565 451/160/565 476/397/565
f 952/340/566 953/321/566 954/320/566
f 952/340/566 955/341/566 953/321/566
f 956/78/567 890/195/568 957/196/569
f 956/78/567 917/79/568 890/195/568
f 958/189/570 959/72/571 960/188/572
f 961/190/573 960/188/572 959/72/571
f 961/190/573 959/72/571 962/75/574
f 963/191/575 961/190/573 962/75/574
f 963/191/575 962/75/574 964/76/575
f 965/192/576 963/191/575 964/76/575
f 965/192/576 964/76/575 966/77/577
f 966/77/577 967/193/578 965/192/576
f 966/77/577 956/78/567 967/193/578
f 956/78/567 957/194/569 967/193/578
f 958/168/570 941/74/579 959/72/571
f 958/168/570 4/167/579 941/74/579
f 399/79/580 401/184/580 413/161/580
f 968/49/581 969/48/581 970/26/581
f 968/49/581 971/47/581 969/48/581
f 972/353/40 973/354/40 974/355/40
f 972/353/40 975/356/40 973/354/40
f 972/353/40 976/357/40 975/356/40
f 972/353/40 977/358/40 976/357/40
f 972/353/40 978/359/40 977/358/40
f 972/353/40 979/360/40 978/359/40
f 972/353/40 980/361/40 981/362/40
f 972/353/40 982/363/40 980/361/40
f 972/353/40 983/364/40 982/363/40
f 972/353/40 984/365/40 983/364/40
f 972/353/40 985/366/40 984/365/40
f 972/353/40 986/367/40 985/366/40
f 972/353/40 987/368/40 986/367/40
f 972/353/40 988/369/40 987/368/40
f 972/353/40 989/370/40 988/369/40
f 972/353/40 990/371/40 989/370/40
f 972/353/40 991/372/40 990/371/40
f 972/353/40 992/373/40 991/372/40
f 972/353/40 993/374/40 992/373/40
f 972/353/40 994/375/40 993/374/40
f 972/353/40 995/376/40 994/375/40
f 972/353/40 996/377/40 995/376/40
f 972/353/40 997/378/40 996/377/40
f 972/353/40 974/355/40 997/378/40
f 972/353/40 998/379/40 999/380/40
f 972/353/40 1000/381/40 998/379/40
f 972/353/40 1001/382/40 1000/381/40
f 972/353/40 1002/383/40 1001/382/40
f 972/353/40 1003/384/40 1002/383/40
f 972/353/40 1004/385/40 1003/384/40
f 972/353/40 1005/386/40 1004/385/40
f 972/353/40 1006/387/40 1005/386/40
f 972/353/40 1007/388/40 1006/387/40
f 972/353/40 1008/389/40 1007/388/40
f 972/353/40 1009/390/40 1008/389/40
f 972/353/40 1010/391/40 1009/390/40
f 972/353/40 1011/392/40 1010/391/40
f 972/353/40 1012/393/40 1011/392/40
f 972/353/40 1013/394/40 1012/393/40
f 972/353/40 1014/395/40 1013/394/40
f 972/353/40 1015/396/40 1014/395/40
f 972/353/40 981/362/40 1015/396/40
f 425/187/582 426/159/582 450/6/582
f 1016/492/583 1017/328/583 1018/329/583
f 1016/492/583 1019/493/583 1017/328/583
f 954/320/584 1020/496/585 952/340/584
f 954/320/584 1021/319/586 1020/496/585
f 1021/319/586 1022/497/587 1020/496/585
f 1021/319/586 1023/327/588 1022/497/587
f 1023/327/588 1019/493/589 1022/497/587
f 1023/327/588 1017/328/589 1019/493/589
f 916/52/322 951/165/321 902/57/323
f 916/52/322 940/166/322 951/165/321
f 902/57/99 899/56/99 916/52/99
f 896/55/99 916/52/99 899/56/99
f 894/54/99 916/52/99 896/55/99
f 893/53/99 916/52/99 894/54/99
f 893/53/99 889/51/99 916/52/99
f 916/52/99 889/51/99 888/50/99
f 477/172/590 475/197/590 503/169/590
f 971/47/591 946/25/591 1024/23/591
f 971/47/592 968/49/592 946/25/592
f 1025/390/99 1026/384/99 1027/383/99
f 1025/390/99 1028/385/99 1026/384/99
f 1025/390/99 1029/386/99 1028/385/99
f 1025/390/99 1030/387/99 1029/386/99
f 1025/390/99 1031/388/99 1030/387/99
f 1025/390/99 1032/389/99 1031/388/99
f 1025/390/99 1033/374/99 1034/373/99
f 1025/390/99 1035/375/99 1033/374/99
f 1025/390/99 1036/376/99 1035/375/99
f 1025/390/99 1037/377/99 1036/376/99
f 1025/390/99 1038/378/99 1037/377/99
f 1025/390/99 1039/355/99 1038/378/99
f 1025/390/99 1040/354/99 1039/355/99
f 1025/390/99 1041/356/99 1040/354/99
f 1025/390/99 1042/357/99 1041/356/99
f 1025/390/99 1043/358/99 1042/357/99
f 1025/390/99 1044/359/99 1043/358/99
f 1025/390/99 1045/360/99 1044/359/99
f 1025/390/99 1046/353/99 1045/360/99
f 1025/390/99 1047/380/99 1046/353/99
f 1025/390/99 1048/379/99 1047/380/99
f 1025/390/99 1049/381/99 1048/379/99
f 1025/390/99 1050/382/99 1049/381/99
f 1025/390/99 1027/383/99 1050/382/99
f 1025/390/99 1051/392/99 1052/391/99
f 1025/390/99 1053/393/99 1051/392/99
f 1025/390/99 1054/394/99 1053/393/99
f 1025/390/99 1055/395/99 1054/394/99
f 1025/390/99 1056/396/99 1055/395/99
f 1025/390/99 1057/362/99 1056/396/99
f 1025/390/99 1058/361/99 1057/362/99
f 1025/390/99 1059/363/99 1058/361/99
f 1025/390/99 1060/364/99 1059/363/99
f 1025/390/99 1061/365/99 1060/364/99
f 1025/390/99 1062/366/99 1061/365/99
f 1025/390/99 1063/367/99 1062/366/99
f 1025/390/99 1064/368/99 1063/367/99
f 1025/390/99 1065/369/99 1064/368/99
f 1025/390/99 1066/370/99 1065/369/99
f 1025/390/99 1067/371/99 1066/370/99
f 1025/390/99 1068/372/99 1067/371/99
f 1025/390/99 1034/373/99 1068/372/99
f 507/173/593 1069/174/594 506/170/595
f 1069/174/594 556/175/596 506/170/595
f 1069/174/594 1070/176/597 556/175/596
f 556/175/596 1070/176/597 1071/177/598
f 556/175/596 1071/177/598 557/178/599
f 557/178/599 1071/177/598 1072/179/600
f 557/178/599 1072/179/600 558/180/601
f 558/180/601 1072/179/600 1073/2/602
f 558/180/601 1073/2/603 505/3/603
f 550/395/604 551/396/605 1074/502/605
f 551/396/605 1075/503/606 1074/502/605
f 551/396/605 517/362/606 1075/503/606
f 517/362/606 1076/504/607 1075/503/606
f 517/362/606 516/361/607 1076/504/607
f 516/361/607 1077/505/608 1076/504/607
f 516/361/607 518/363/608 1077/505/608
f 518/363/608 1078/506/609 1077/505/608
f 518/363/608 519/364/609 1078/506/609
f 519/364/609 1079/507/610 1078/506/609
f 519/364/609 520/365/610 1079/507/610
f 520/365/610 1080/508/611 1079/507/610
f 520/365/610 521/366/611 1080/508/611
f 521/366/611 1081/509/612 1080/508/611
f 521/366/611 522/367/612 1081/509/612
f 522/367/612 1082/510/613 1081/509/612
f 541/386/614 542/387/615 1083/511/615
f 542/387/615 1084/512/616 1083/511/615
f 542/387/615 543/388/616 1084/512/616
f 543/388/616 1085/513/617 1084/512/616
f 543/388/616 544/389/617 1085/513/617
f 544/389/617 1086/514/618 1085/513/617
f 544/389/617 545/390/618 1086/514/618
f 545/390/618 1087/515/619 1086/514/618
f 545/390/618 546/391/619 1087/515/619
f 546/391/619 1088/516/620 1087/515/619
f 546/391/619 547/392/620 1088/516/620
f 547/392/620 1089/517/621 1088/516/620
f 547/392/620 548/393/621 1089/517/621
f 548/393/621 1090/518/622 1089/517/621
f 548/393/621 549/394/622 1090/518/622
f 549/394/622 1091/519/604 1090/518/622
f 549/394/622 550/395/604 1091/519/604
f 550/395/604 1074/502/605 1091/519/604
f 515/360/623 508/353/624 1092/520/624
f 508/353/624 1093/521/625 1092/520/624
f 508/353/624 535/380/625 1093/521/625
f 535/380/625 1094/522/626 1093/521/625
f 535/380/625 534/379/626 1094/522/626
f 534/379/626 1095/523/627 1094/522/626
f 534/379/626 536/381/627 1095/523/627
f 536/381/627 1096/524/628 1095/523/627
f 536/381/627 537/382/628 1096/524/628
f 537/382/628 1097/525/629 1096/524/628
f 537/382/628 538/383/629 1097/525/629
f 538/383/629 1098/526/630 1097/525/629
f 538/383/629 539/384/630 1098/526/630
f 539/384/630 1099/527/631 1098/526/630
f 539/384/630 540/385/631 1099/527/631
f 540/385/631 1100/528/614 1099/527/631
f 540/385/631 541/386/614 1100/528/614
f 541/386/614 1083/511/615 1100/528/614
f 531/376/632 532/377/633 1101/529/633
f 532/377/633 1102/530/634 1101/529/633
f 532/377/633 533/378/634 1102/530/634
f 533/378/634 1103/531/635 1102/530/634
f 533/378/634 510/355/635 1103/531/635
f 510/355/635 1104/532/636 1103/531/635
f 510/355/635 509/354/636 1104/532/636
f 509/354/636 1105/533/637 1104/532/636
f 509/354/636 511/356/637 1105/533/637
f 511/356/637 1106/534/638 1105/533/637
f 511/356/637 512/357/638 1106/534/638
f 512/357/638 1107/535/639 1106/534/638
f 512/357/638 513/358/639 1107/535/639
f 513/358/639 1108/536/640 1107/535/639
f 513/358/639 514/359/640 1108/536/640
f 514/359/640 1109/537/623 1108/536/640
f 514/359/640 515/360/623 1109/537/623
f 515/360/623 1092/520/624 1109/537/623
f 522/367/612 523/368/613 1082/510/613
f 523/368/613 1110/538/641 1082/510/613
f 523/368/613 524/369/641 1110/538/641
f 524/369/641 1111/539/642 1110/538/641
f 524/369/641 525/370/642 1111/539/642
f 525/370/642 1112/540/643 1111/539/642
f 525/370/642 526/371/643 1112/540/643
f 526/371/643 1113/541/644 1112/540/643
f 526/371/643 527/372/644 1113/541/644
f 527/372/644 1114/542/645 1113/541/644
f 527/372/644 528/373/645 1114/542/645
f 528/373/645 1115/543/646 1114/542/645
f 528/373/645 529/374/646 1115/543/646
f 529/374/646 1116/544/647 1115/543/646
f 529/374/646 530/375/647 1116/544/647
f 530/375/647 1117/545/632 1116/544/647
f 530/375/647 531/376/632 1117/545/632
f 531/376/632 1101/529/633 1117/545/632
f 479/9/648 461/7/648 462/344/648
f 713/9/649 1206/345/649 714/344/649
f 713/9/649 733/71/649 1206/345/649
f 733/71/649 939/24/649 1206/345/649
f 733/71/649 300/25/649 939/24/649
f 1207/340/650 1208/321/650 1209/320/650
f 1207/340/650 1210/341/650 1208/321/650
f 1211/490/651 269/211/651 268/210/651
f 1211/490/651 1212/491/651 269/211/651
f 1213/494/652 1214/218/653 1215/219/652
f 1213/494/652 1216/495/652 1214/218/653
f 1217/353/61 1218/354/61 1219/355/61
f 1217/353/61 1220/356/61 1218/354/61
f 1217/353/61 1221/357/61 1220/356/61
f 1217/353/61 1222/358/61 1221/357/61
f 1217/353/61 1223/359/61 1222/358/61
f 1217/353/61 1224/360/61 1223/359/61
f 1217/353/61 1225/361/61 1226/362/61
f 1217/353/61 1227/363/61 1225/361/61
f 1217/353/61 1228/364/61 1227/363/61
f 1217/353/61 1229/365/61 1228/364/61
f 1217/353/61 1230/366/61 1229/365/61
f 1217/353/61 1231/367/61 1230/366/61
f 1217/353/61 1232/368/61 1231/367/61
f 1217/353/61 1233/369/61 1232/368/61
f 1217/353/61 1234/370/61 1233/369/61
f 1217/353/61 1235/371/61 1234/370/61
f 1217/353/61 1236/372/61 1235/371/61
f 1217/353/61 1237/373/61 1236/372/61
f 1217/353/61 1238/374/61 1237/373/61
f 1217/353/61 1239/375/61 1238/374/61
f 1217/353/61 1240/376/61 1239/375/61
f 1217/353/61 1241/377/61 1240/376/61
f 1217/353/61 1242/378/61 1241/377/61
f 1217/353/61 1219/355/61 1242/378/61
f 1217/353/61 1243/379/61 1244/380/61
f 1217/353/61 1245/381/61 1243/379/61
f 1217/353/61 1246/382/61 1245/381/61
f 1217/353/61 1247/383/61 1246/382/61
f 1217/353/61 1248/384/61 1247/383/61
f 1217/353/61 1249/385/61 1248/384/61
f 1217/353/61 1250/386/61 1249/385/61
f 1217/353/61 1251/387/61 1250/386/61
f 1217/353/61 1252/388/61 1251/387/61
f 1217/353/61 1253/389/61 1252/388/61
f 1217/353/61 1254/390/61 1253/389/61
f 1217/353/61 1255/391/61 1254/390/61
f 1217/353/61 1256/392/61 1255/391/61
f 1217/353/61 1257/393/61 1256/392/61
f 1217/353/61 1258/394/61 1257/393/61
f 1217/353/61 1259/395/61 1258/394/61
f 1217/353/61 1260/396/61 1259/395/61
f 1217/353/61 1226/362/61 1260/396/61
f 437/23/654 481/25/654 435/24/654
f 294/9/655 1261/37/656 297/8/657
f 294/9/655 1262/71/658 1261/37/656
f 1263/34/659 1261/37/656 1262/71/658
f 1262/71/658 1264/30/658 1263/34/659
f 1262/71/658 1265/29/660 1264/30/658
f 1262/71/658 1266/26/661 1265/29/660
f 1262/71/658 1267/49/662 1266/26/661
f 1262/71/658 228/25/663 1267/49/662
f 1021/319/664 954/320/665 953/321/665
f 1021/319/664 953/321/665 1268/322/666
f 1021/319/664 1268/322/666 1269/323/666
f 1021/319/664 1269/323/666 1270/324/666
f 1021/319/664 1270/324/666 1271/325/666
f 1021/319/664 1271/325/666 1272/326/665
f 1272/326/665 1023/327/667 1021/319/664
f 1272/326/665 1017/328/665 1023/327/667
f 1272/326/665 1018/329/665 1017/328/665
f 1273/338/668 1274/337/668 1275/339/668
f 1273/338/668 1276/336/668 1274/337/668
f 1277/332/669 1278/342/669 1279/330/669
f 1277/332/669 1280/343/669 1278/342/669
f 1281/351/670 1282/207/670 1283/208/670
f 1281/351/670 1284/352/670 1282/207/670
f 1285/398/671 1286/200/671 1287/199/671
f 1285/398/672 1288/399/672 1286/200/672
f 1289/39/673 1290/310/674 1291/41/675
f 1289/39/673 1292/21/674 1290/310/674
f 1293/209/676 1294/210/677 1295/211/677
f 1293/209/676 1295/211/677 1296/212/678
f 1293/209/676 1296/212/678 1297/213/678
f 1293/209/676 1297/213/678 1298/214/678
f 1293/209/676 1298/214/678 1299/215/678
f 1293/209/676 1299/215/678 1300/216/677
f 1300/216/677 1301/217/679 1293/209/676
f 1300/216/677 1214/218/677 1301/217/679
f 1300/216/677 1215/219/677 1214/218/677
f 1302/198/680 1287/199/681 1286/200/681
f 1302/198/680 1286/200/681 1303/201/682
f 1302/198/680 1303/201/682 1304/202/682
f 1302/198/680 1304/202/682 1305/203/682
f 1302/198/680 1305/203/682 1306/204/682
f 1302/198/680 1306/204/682 1307/205/681
f 1307/205/681 1308/206/683 1302/198/680
f 1307/205/681 1282/207/681 1308/206/683
f 1307/205/681 1283/208/681 1282/207/681
f 1309/333/684 1279/330/685 1278/342/685
f 1309/333/684 1278/342/685 1310/346/686
f 1309/333/684 1310/346/686 1311/347/686
f 1309/333/684 1311/347/686 1312/348/686
f 1309/333/684 1312/348/686 1313/349/686
f 1309/333/684 1313/349/686 1314/350/687
f 1314/350/687 1315/335/688 1309/333/684
f 1314/350/687 1274/337/685 1315/335/688
f 1314/350/687 1275/339/685 1274/337/685
f 1316/492/689 1317/328/689 1318/329/689
f 1316/492/689 1319/493/689 1317/328/689
f 1209/320/690 1320/496/691 1207/340/690
f 1209/320/690 1321/319/691 1320/496/691
f 1322/327/692 1320/496/691 1321/319/691
f 1322/327/692 1323/497/693 1320/496/691
f 1322/327/692 1319/493/694 1323/497/693
f 1322/327/692 1317/328/694 1319/493/694
f 1324/38/695 297/8/696 1261/37/697
f 1324/38/695 295/10/698 297/8/696
f 1325/41/699 1326/21/699 1327/310/699
f 1325/41/700 1328/39/700 1326/21/700
f 1329/46/701 1330/311/701 1331/11/701
f 1329/46/701 1332/44/701 1330/311/701
f 1333/311/702 1334/46/702 1335/44/702
f 1333/311/702 1336/11/702 1334/46/702
f 1337/37/703 1338/10/703 1339/8/703
f 1337/37/704 1340/38/704 1338/10/704
f 1341/42/705 1325/41/705 1342/40/705
f 1341/42/705 1328/39/705 1325/41/705
f 1291/41/706 229/42/706 1289/39/706
f 1291/41/706 227/40/706 229/42/706
f 1334/46/707 1343/45/707 1335/44/707
f 1334/46/707 1344/43/708 1343/45/707
f 1345/490/709 1295/211/709 1294/210/709
f 1345/490/710 1346/491/710 1295/211/710
f 496/335/711 497/337/712 1347/336/712
f 496/335/711 1347/336/712 1348/334/713
f 1348/334/713 488/333/714 496/335/711
f 1348/334/713 1349/331/714 488/333/714
f 489/330/715 488/333/714 1349/331/714
f 489/330/715 1349/331/714 572/332/715
f 257/199/716 1350/500/717 568/398/716
f 257/199/716 256/198/718 1350/500/717
f 256/198/718 1351/501/719 1350/500/717
f 256/198/718 264/206/720 1351/501/719
f 264/206/720 571/352/721 1351/501/719
f 264/206/720 265/207/721 571/352/721
f 1352/498/722 1345/490/723 1294/210/723
f 1352/498/722 1294/210/723 1293/209/724
f 1293/209/724 1353/499/725 1352/498/722
f 1293/209/724 1301/217/726 1353/499/725
f 1216/495/727 1353/499/725 1301/217/726
f 1216/495/727 1301/217/726 1214/218/727
f 1287/199/728 1354/500/729 1285/398/728
f 1287/199/728 1302/198/730 1354/500/729
f 1355/501/731 1354/500/729 1302/198/730
f 1355/501/731 1302/198/730 1308/206/732
f 1308/206/732 1284/352/733 1355/501/731
f 1308/206/732 1282/207/733 1284/352/733
f 1344/344/734 1356/71/734 1357/9/734
f 1344/344/734 1358/345/734 1356/71/734
f 1358/345/734 1359/25/734 1356/71/734
f 1358/345/734 1341/24/734 1359/25/734
f 1360/220/735 1361/221/736 1362/222/735
f 1360/220/735 1363/223/736 1361/221/736
f 1363/223/736 1364/224/737 1361/221/736
f 1363/223/736 1365/225/738 1364/224/737
f 1365/225/738 1366/226/739 1364/224/737
f 1365/225/738 1367/227/740 1366/226/739
f 1367/227/740 1368/228/741 1366/226/739
f 1367/227/740 1369/229/741 1368/228/741
f 1369/229/741 1370/230/742 1368/228/741
f 1369/229/741 1371/231/742 1370/230/742
f 1371/231/742 1372/232/743 1370/230/742
f 1371/231/742 1373/233/743 1372/232/743
f 1373/233/743 1374/234/744 1372/232/743
f 1373/233/743 1375/235/744 1374/234/744
f 1375/235/744 1376/236/60 1374/234/744
f 1375/235/744 1377/237/60 1376/236/60
f 1378/238/745 1379/239/746 1380/240/747
f 1378/238/745 1381/241/748 1379/239/746
f 1381/241/748 1382/242/749 1379/239/746
f 1381/241/748 1383/243/749 1382/242/749
f 1383/243/749 1384/244/750 1382/242/749
f 1383/243/749 1385/245/750 1384/244/750
f 1385/245/750 1386/246/751 1384/244/750
f 1385/245/750 1387/247/751 1386/246/751
f 1387/247/751 1388/248/752 1386/246/751
f 1387/247/751 1389/249/752 1388/248/752
f 1389/249/752 1390/250/98 1388/248/752
f 1389/249/752 1391/251/98 1390/250/98
f 1391/251/98 1392/252/753 1390/250/98
f 1391/251/98 1393/253/753 1392/252/753
f 1393/253/753 1394/254/754 1392/252/753
f 1393/253/753 1395/255/754 1394/254/754
f 1395/255/754 1362/222/735 1394/254/754
f 1395/255/754 1360/220/735 1362/222/735
f 1396/256/755 1397/257/756 1398/258/755
f 1396/256/755 1399/259/756 1397/257/756
f 1399/259/756 1400/260/757 1397/257/756
f 1399/259/756 1401/261/757 1400/260/757
f 1401/261/757 1402/262/758 1400/260/757
f 1401/261/757 1403/263/758 1402/262/758
f 1403/263/758 1404/264/99 1402/262/758
f 1403/263/758 1405/265/99 1404/264/99
f 1405/265/99 1406/266/759 1404/264/99
f 1405/265/99 1407/267/759 1406/266/759
f 1407/267/759 1408/268/760 1406/266/759
f 1407/267/759 1409/269/760 1408/268/760
f 1409/269/760 1410/270/761 1408/268/760
f 1409/269/760 1411/271/761 1410/270/761
f 1411/271/761 1412/272/762 1410/270/761
f 1411/271/761 1413/273/762 1412/272/762
f 1413/273/762 1380/240/747 1412/272/762
f 1413/273/762 1378/238/745 1380/240/747
f 1414/274/763 1415/275/764 1416/276/763
f 1414/274/763 1417/277/764 1415/275/764
f 1417/277/764 1418/278/40 1415/275/764
f 1417/277/764 1419/279/40 1418/278/40
f 1419/279/40 1420/280/765 1418/278/40
f 1419/279/40 1421/281/765 1420/280/765
f 1421/281/765 1422/282/766 1420/280/765
f 1421/281/765 1423/283/766 1422/282/766
f 1423/283/766 1424/284/767 1422/282/766
f 1423/283/766 1425/285/767 1424/284/767
f 1425/285/767 1426/286/768 1424/284/767
f 1425/285/767 1427/287/768 1426/286/768
f 1427/287/768 1428/288/769 1426/286/768
f 1427/287/768 1429/289/770 1428/288/769
f 1429/289/770 1430/290/771 1428/288/769
f 1429/289/770 1431/291/772 1430/290/771
f 1431/291/772 1398/258/755 1430/290/771
f 1431/291/772 1396/256/755 1398/258/755
f 1377/292/60 1432/293/773 1376/294/60
f 1377/292/60 1433/295/773 1432/293/773
f 1433/295/773 1434/296/774 1432/293/773
f 1433/295/773 1435/297/774 1434/296/774
f 1435/297/774 1436/298/775 1434/296/774
f 1435/297/774 1437/299/775 1436/298/775
f 1437/299/775 1438/300/776 1436/298/775
f 1437/299/775 1439/301/776 1438/300/776
f 1439/301/776 1440/302/777 1438/300/776
f 1439/301/776 1441/303/778 1440/302/777
f 1441/303/778 1442/304/779 1440/302/777
f 1441/303/778 1443/305/780 1442/304/779
f 1443/305/780 1444/306/781 1442/304/779
f 1443/305/780 1445/307/781 1444/306/781
f 1445/307/781 1446/308/782 1444/306/781
f 1445/307/781 1447/309/782 1446/308/782
f 1447/309/782 1416/276/763 1446/308/782
f 1447/309/782 1414/274/763 1416/276/763
f 1321/319/783 1209/320/784 1208/321/784
f 1321/319/783 1208/321/784 1448/322/785
f 1321/319/783 1448/322/785 1449/323/785
f 1321/319/783 1449/323/785 1450/324/785
f 1321/319/783 1450/324/785 1451/325/785
f 1321/319/783 1451/325/785 1452/326/784
f 1452/326/784 1322/327/786 1321/319/783
f 1452/326/784 1317/328/784 1322/327/786
f 1452/326/784 1318/329/787 1317/328/784
f 1279/330/788 1453/331/789 1277/332/788
f 1279/330/788 1309/333/790 1453/331/789
f 1454/334/791 1453/331/789 1309/333/790
f 1454/334/791 1309/333/790 1315/335/792
f 1315/335/792 1276/336/793 1454/334/791
f 1315/335/792 1274/337/793 1276/336/793
f 1455/49/794 1456/48/794 1457/26/794
f 1455/49/794 1458/47/794 1456/48/794
f 1267/49/795 227/23/796 1459/47/795
f 1267/49/795 228/25/796 227/23/796
f 204/50/40 1460/51/40 202/52/40
f 202/52/40 1460/51/40 1461/53/40
f 1462/54/40 202/52/40 1461/53/40
f 1463/55/40 202/52/40 1462/54/40
f 210/56/40 202/52/40 1463/55/40
f 202/52/40 210/56/40 212/57/40
f 434/36/797 431/37/797 574/34/798
f 434/36/799 574/34/798 1464/35/798
f 1465/33/800 1464/35/798 574/34/798
f 1465/33/800 574/34/798 575/30/801
f 1465/33/800 575/30/801 1466/32/802
f 575/30/801 1467/31/803 1466/32/802
f 575/30/801 1468/27/804 1467/31/803
f 575/30/801 576/29/805 1468/27/804
f 576/29/805 553/28/806 1468/27/804
f 576/29/805 554/26/807 553/28/806
f 1469/173/808 1470/634/809 1471/635/808
f 1469/173/808 1472/174/810 1470/634/809
f 1471/635/811 1470/634/809 1473/170/812
f 1472/174/810 1473/170/812 1470/634/809
f 1472/174/810 1474/175/813 1473/170/812
f 1472/174/810 1475/176/813 1474/175/813
f 1475/176/813 1476/178/814 1474/175/813
f 1475/176/813 1477/177/815 1476/178/814
f 1477/177/815 1478/180/816 1476/178/814
f 1477/177/815 1479/179/816 1478/180/816
f 236/181/817 1478/180/816 1479/179/816
f 236/181/817 238/3/818 1478/180/816
f 236/181/817 1479/179/816 1480/2/819
f 1480/2/819 237/182/820 236/181/817
f 1480/2/819 240/1/821 237/182/820
f 1458/47/822 1359/25/822 1342/23/822
f 1458/47/823 1455/49/823 1359/25/823
f 1343/7/824 1339/8/824 1338/10/824
f 1343/7/825 1357/9/825 1339/8/825
f 1357/9/826 1337/37/827 1339/8/828
f 1357/9/826 1356/71/829 1337/37/827
f 1481/34/830 1337/37/827 1356/71/829
f 1356/71/829 1482/30/829 1481/34/830
f 1356/71/829 1483/29/831 1482/30/829
f 1356/71/829 1457/26/832 1483/29/831
f 1356/71/829 1455/49/833 1457/26/832
f 1356/71/829 1359/25/834 1455/49/833
f 1341/42/835 1326/21/836 1328/39/837
f 1341/42/835 1358/70/838 1326/21/836
f 1358/70/838 1484/19/839 1326/21/836
f 1484/19/839 1358/70/838 1485/15/840
f 1485/15/840 1358/70/838 1486/14/839
f 1336/11/838 1486/14/839 1358/70/838
f 1358/70/838 1334/46/841 1336/11/838
f 1358/70/838 1344/43/842 1334/46/841
f 1487/20/843 1327/22/844 1326/21/845
f 1487/20/843 1326/21/845 1484/19/846
f 1488/18/847 1487/20/843 1484/19/846
f 1488/18/847 1484/19/846 1485/15/848
f 1488/18/847 1485/15/848 1489/17/848
f 1490/16/849 1489/17/848 1485/15/848
f 1490/16/849 1485/15/848 1486/14/850
f 1490/16/849 1486/14/850 1491/12/851
f 1486/14/850 1333/13/852 1491/12/851
f 1486/14/850 1336/11/853 1333/13/852
f 254/9/854 1492/345/854 567/344/854
f 254/9/854 1493/71/854 1492/345/854
f 1493/71/854 1494/24/854 1492/345/854
f 1493/71/854 279/25/854 1494/24/854
f 278/47/855 292/26/855 293/48/855
f 278/47/855 280/49/855 292/26/855
f 252/45/856 1495/46/856 1496/44/856
f 252/45/857 567/43/857 1495/46/857
f 1497/39/858 281/40/858 1498/41/858
f 1497/39/858 1494/42/858 281/40/858
f 284/37/859 255/10/860 282/38/861
f 284/37/859 253/8/862 255/10/860
f 699/11/863 1496/44/863 1495/46/863
f 699/11/863 700/311/863 1496/44/863
f 1499/41/864 1500/21/865 1501/39/866
f 1499/41/864 1502/310/867 1500/21/865
f 1503/11/868 1504/44/868 1505/46/868
f 1503/11/868 1506/311/868 1504/44/868
f 1507/37/869 1508/10/870 1509/38/871
f 1507/37/869 1510/8/872 1508/10/870
f 1501/39/873 1511/40/873 1499/41/873
f 1501/39/873 1512/42/873 1511/40/873
f 1513/45/874 1505/46/874 1504/44/874
f 1513/45/875 1514/43/875 1505/46/875
f 1515/47/876 1516/26/876 1517/48/876
f 1515/47/876 1518/49/876 1516/26/876
f 1519/9/877 1520/345/877 1514/344/877
f 1519/9/877 1521/71/877 1520/345/877
f 1521/71/877 1512/24/877 1520/345/877
f 1521/71/877 1522/25/877 1512/24/877
f 1523/41/878 1524/21/878 1525/310/878
f 1523/41/878 1526/39/878 1524/21/878
f 1527/6/879 67/160/879 1528/158/879
f 1527/6/879 68/159/880 67/160/879
f 38/41/881 20/21/882 37/39/883
f 38/41/881 21/310/884 20/21/882
f 10/11/885 40/44/885 41/46/885
f 10/11/885 12/311/885 40/44/885
f 1529/196/886 1530/79/887 1531/78/888
f 1529/196/886 1532/195/887 1530/79/887
f 1533/189/889 1534/188/890 1535/72/891
f 1534/188/890 1536/75/892 1535/72/891
f 1534/188/890 1537/190/893 1536/75/892
f 1537/190/893 1538/76/894 1536/75/892
f 1537/190/893 1539/191/894 1538/76/894
f 1539/191/894 1540/77/895 1538/76/894
f 1539/191/894 1541/192/896 1540/77/895
f 1531/78/888 1540/77/895 1541/192/896
f 1531/78/888 1541/192/896 1542/193/897
f 1542/193/897 1529/194/886 1531/78/888
f 1543/185/898 1544/50/899 1532/186/275
f 1543/185/898 1545/51/900 1544/50/899
f 1546/312/901 1545/51/900 1543/313/898
f 1546/312/901 1547/53/902 1545/51/900
f 1546/312/901 1548/314/903 1547/53/902
f 1548/314/903 1549/54/904 1547/53/902
f 1548/314/903 1550/315/904 1549/54/904
f 1550/315/904 1551/55/905 1549/54/904
f 1550/315/904 1552/316/906 1551/55/905
f 1553/56/907 1551/55/905 1552/316/906
f 1553/56/907 1552/316/906 1554/317/908
f 1555/318/909 1553/56/907 1554/317/908
f 1535/72/910 1556/167/911 1533/168/910
f 1535/72/910 1557/74/911 1556/167/911
f 1558/185/912 1559/50/913 1560/51/914
f 1558/185/912 1561/186/915 1559/50/913
f 1562/312/916 1558/313/912 1560/51/914
f 1560/51/914 1563/314/917 1562/312/916
f 1560/51/914 1564/53/918 1563/314/917
f 1565/54/919 1563/314/917 1564/53/918
f 1565/54/919 1566/315/919 1563/314/917
f 1567/55/920 1566/315/919 1565/54/919
f 1567/55/920 1568/316/921 1566/315/919
f 1569/317/922 1568/316/921 1567/55/920
f 1569/317/922 1567/55/920 1570/56/923
f 1571/318/924 1569/317/922 1570/56/923
f 1572/164/925 1570/56/923 1573/57/925
f 1572/164/925 1571/163/924 1570/56/923
f 1574/311/926 1575/46/926 1576/44/926
f 1574/311/926 1577/11/926 1575/46/926
f 1578/185/927 44/50/927 1579/186/927
f 1578/185/928 45/51/928 44/50/928
f 1580/37/929 1581/10/929 1582/8/929
f 1580/37/930 1583/38/930 1581/10/930
f 1584/42/931 1523/41/931 1585/40/931
f 1584/42/931 1526/39/931 1523/41/931
f 1586/196/932 73/79/933 72/78/934
f 1586/196/932 1579/195/933 73/79/933
f 1587/168/935 1588/74/936 1589/72/937
f 1587/168/935 1590/167/936 1588/74/936
f 1587/189/935 1589/72/937 1591/188/938
f 1592/190/939 1591/188/938 1589/72/937
f 1592/190/939 1589/72/937 1593/75/940
f 1594/191/941 1592/190/939 1593/75/940
f 1594/191/941 1593/75/940 1595/76/942
f 1596/192/943 1594/191/941 1595/76/942
f 1596/192/943 1595/76/942 1597/77/944
f 1597/77/944 1598/193/945 1596/192/943
f 1597/77/944 1599/78/946 1598/193/945
f 1599/78/946 1600/194/947 1598/193/945
f 1599/78/946 1561/195/948 1600/196/947
f 1599/78/946 1601/79/948 1561/195/948
f 505/3/949 1073/2/949 504/1/949
f 1602/6/950 1603/160/950 1604/158/950
f 1602/6/950 1557/159/951 1603/160/950
f 1605/170/952 1572/169/952 1606/172/952
f 1605/170/953 1607/171/953 1572/169/953
f 1608/48/954 1609/49/954 1610/47/954
f 1608/48/954 1611/26/954 1609/49/954
f 1575/46/955 1612/45/955 1576/44/955
f 1575/46/955 1613/43/956 1612/45/955
f 1614/44/957 1615/43/957 1616/45/957
f 1614/44/957 1617/46/957 1615/43/957
f 1590/4/958 1618/3/959 1619/6/960
f 1590/4/958 1620/5/961 1618/3/959
f 1620/1/961 1621/2/962 1618/3/959
f 413/50/99 414/51/99 476/52/99
f 476/52/99 414/51/99 416/53/99
f 418/54/99 476/52/99 416/53/99
f 420/55/99 476/52/99 418/54/99
f 422/56/99 476/52/99 420/55/99
f 476/52/99 422/56/99 475/57/99
f 399/79/98 451/73/98 400/78/98
f 400/78/98 451/73/98 409/77/98
f 409/77/98 451/73/98 407/76/98
f 407/76/98 451/73/98 405/75/98
f 405/75/98 451/73/98 404/72/98
f 404/72/98 451/73/98 426/74/98
f 1559/161/963 1622/73/963 1623/162/963
f 1559/161/963 1601/79/963 1622/73/963
f 1624/41/964 1625/42/965 1626/39/964
f 1624/41/964 1627/40/964 1625/42/965
f 1628/38/966 1629/8/967 1630/37/968
f 1628/38/966 1631/10/968 1629/8/967
f 1617/46/969 1632/311/969 1633/11/969
f 1617/46/969 1614/44/969 1632/311/969
f 1626/39/970 1634/310/971 1624/41/972
f 1626/39/970 1635/21/973 1634/310/971
f 1636/180/974 1618/3/975 1621/2/976
f 1636/180/974 1621/2/976 1637/179/977
f 1637/179/977 1638/178/978 1636/180/974
f 1637/179/977 1639/177/979 1638/178/978
f 1639/177/979 1640/175/980 1638/178/978
f 1639/177/979 1641/176/981 1640/175/980
f 1641/176/981 1605/170/982 1640/175/980
f 1641/176/981 1642/174/983 1605/170/982
f 1642/174/983 1607/173/984 1605/170/982
f 482/9/985 484/344/985 678/7/985
f 1643/158/950 1588/159/950 1619/6/951
f 1643/158/950 1622/160/950 1588/159/950
f 1644/57/986 1604/166/987 1645/52/987
f 1644/57/986 1646/165/988 1604/166/987
f 1613/344/989 1647/71/989 1648/9/989
f 1613/344/989 1649/345/989 1647/71/989
f 1649/345/989 1650/25/989 1647/71/989
f 1649/345/989 1584/24/989 1650/25/989
f 1609/49/990 1627/23/991 1610/47/990
f 1609/49/990 1651/25/991 1627/23/991
f 1652/189/992 1653/188/993 66/72/994
f 66/72/994 1653/188/993 1654/190/995
f 66/72/994 1654/190/995 69/75/996
f 1655/191/997 69/75/996 1654/190/995
f 1655/191/997 70/76/998 69/75/996
f 1656/192/999 70/76/998 1655/191/997
f 1656/192/999 71/77/1000 70/76/998
f 1657/193/1001 71/77/1000 1656/192/999
f 1657/193/1001 72/78/1002 71/77/1000
f 1657/193/1001 1586/194/1003 72/78/1002
f 8/9/1004 64/345/1004 39/344/1004
f 8/9/1004 65/71/1004 64/345/1004
f 65/71/1004 23/24/1004 64/345/1004
f 65/71/1004 24/25/1004 23/24/1004
f 1658/158/879 1659/159/879 1660/6/880
f 1658/158/879 1661/160/879 1659/159/879
f 1662/161/1005 1661/73/1005 1663/162/1005
f 1662/161/1005 1664/79/1005 1661/73/1005
f 1665/57/1006 1666/163/1006 1667/56/1006
f 1665/57/1007 1668/164/1007 1666/163/1007
f 1645/162/1005 1530/79/1005 1544/161/1005
f 1645/162/1005 1603/73/1005 1530/79/1005
f 1663/52/1008 1669/165/1009 1665/57/1009
f 1663/52/1008 1658/166/1008 1669/165/1009
f 1555/163/1010 1644/57/1010 1553/56/1011
f 1555/163/1010 1670/164/1007 1644/57/1010
f 1671/5/1012 1602/6/1013 1672/3/1014
f 1671/5/1012 1556/4/1015 1602/6/1013
f 1670/169/1016 1673/170/953 1646/172/1016
f 1670/169/1016 1674/171/953 1673/170/953
f 1643/158/41 1619/6/1017 1618/3/1017
f 1618/3/1017 1636/180/41 1643/158/41
f 1636/180/41 1638/178/41 1643/158/41
f 1638/178/41 1640/175/41 1643/158/41
f 1605/170/41 1643/158/41 1640/175/41
f 1606/172/41 1643/158/41 1605/170/41
f 676/23/1018 486/24/1018 487/25/1018
f 46/162/963 73/79/963 44/161/963
f 46/162/963 67/73/963 73/79/963
f 1675/49/1019 1676/48/1019 1677/26/1019
f 1675/49/1019 1678/47/1019 1676/48/1019
f 66/72/936 1679/167/1020 1652/168/936
f 66/72/936 68/74/1020 1679/167/1020
f 50/56/1021 1680/164/1021 51/57/1021
f 50/56/1022 1681/163/1022 1680/164/1022
f 1673/170/41 1604/158/41 1646/172/41
f 1682/175/41 1604/158/41 1673/170/41
f 1604/158/41 1682/175/41 1683/178/41
f 1604/158/41 1683/178/41 1684/180/41
f 1604/158/41 1684/180/41 1672/3/1017
f 1672/3/1017 1602/6/1017 1604/158/41
f 827/636/40 824/637/40 1685/638/40
f 824/637/40 1686/639/40 1685/638/40
f 824/637/40 859/640/40 1686/639/40
f 859/640/40 1687/641/40 1686/639/40
f 859/640/40 857/642/40 1687/641/40
f 857/642/40 1688/643/40 1687/641/40
f 857/642/40 855/644/40 1688/643/40
f 855/644/40 1689/645/40 1688/643/40
f 855/644/40 853/646/40 1689/645/40
f 853/646/40 1690/647/40 1689/645/40
f 853/646/40 851/648/40 1690/647/40
f 851/648/40 1691/649/40 1690/647/40
f 851/648/40 849/650/40 1691/649/40
f 849/650/40 1692/651/40 1691/649/40
f 849/650/40 847/652/40 1692/651/40
f 847/652/40 1693/653/40 1692/651/40
f 809/654/40 806/655/40 1694/656/40
f 806/655/40 1695/657/40 1694/656/40
f 806/655/40 841/658/40 1695/657/40
f 841/658/40 1696/659/40 1695/657/40
f 841/658/40 839/660/40 1696/659/40
f 839/660/40 1697/661/40 1696/659/40
f 839/660/40 837/662/40 1697/661/40
f 837/662/40 1698/663/40 1697/661/40
f 837/662/40 835/664/40 1698/663/40
f 835/664/40 1699/665/40 1698/663/40
f 835/664/40 833/666/40 1699/665/40
f 833/666/40 1700/667/40 1699/665/40
f 833/666/40 831/668/40 1700/667/40
f 831/668/40 1701/669/40 1700/667/40
f 831/668/40 829/670/40 1701/669/40
f 829/670/40 1702/671/40 1701/669/40
f 829/670/40 827/636/40 1702/671/40
f 827/636/40 1685/638/40 1702/671/40
f 791/672/40 788/673/40 1703/674/40
f 788/673/40 1704/675/40 1703/674/40
f 788/673/40 823/676/40 1704/675/40
f 823/676/40 1705/677/40 1704/675/40
f 823/676/40 821/678/40 1705/677/40
f 821/678/40 1706/679/40 1705/677/40
f 821/678/40 819/680/40 1706/679/40
f 819/680/40 1707/681/40 1706/679/40
f 819/680/40 817/682/40 1707/681/40
f 817/682/40 1708/683/40 1707/681/40
f 817/682/40 815/684/40 1708/683/40
f 815/684/40 1709/685/40 1708/683/40
f 815/684/40 813/686/40 1709/685/40
f 813/686/40 1710/687/40 1709/685/40
f 813/686/40 811/688/40 1710/687/40
f 811/688/40 1711/689/40 1710/687/40
f 811/688/40 809/654/40 1711/689/40
f 809/654/40 1694/656/40 1711/689/40
f 863/690/40 861/691/40 1712/692/40
f 861/691/40 1713/693/40 1712/692/40
f 861/691/40 805/694/40 1713/693/40
f 805/694/40 1714/695/40 1713/693/40
f 805/694/40 803/696/40 1714/695/40
f 803/696/40 1715/697/40 1714/695/40
f 803/696/40 801/698/40 1715/697/40
f 801/698/40 1716/699/40 1715/697/40
f 801/698/40 799/700/40 1716/699/40
f 799/700/40 1717/701/40 1716/699/40
f 799/700/40 797/702/40 1717/701/40
f 797/702/40 1718/703/40 1717/701/40
f 797/702/40 795/704/40 1718/703/40
f 795/704/40 1719/705/40 1718/703/40
f 795/704/40 793/706/40 1719/705/40
f 793/706/40 1720/707/40 1719/705/40
f 793/706/40 791/672/40 1720/707/40
f 791/672/40 1703/674/40 1720/707/40
f 847/652/40 845/708/40 1693/653/40
f 845/708/40 1721/709/40 1693/653/40
f 845/708/40 842/710/40 1721/709/40
f 842/710/40 1722/711/40 1721/709/40
f 842/710/40 875/712/40 1722/711/40
f 875/712/40 1723/713/40 1722/711/40
f 875/712/40 873/714/40 1723/713/40
f 873/714/40 1724/715/40 1723/713/40
f 873/714/40 871/716/40 1724/715/40
f 871/716/40 1725/717/40 1724/715/40
f 871/716/40 869/718/40 1725/717/40
f 869/718/40 1726/719/40 1725/717/40
f 869/718/40 867/720/40 1726/719/40
f 867/720/40 1727/721/40 1726/719/40
f 867/720/40 865/722/40 1727/721/40
f 865/722/40 1728/723/40 1727/721/40
f 865/722/40 863/690/40 1728/723/40
f 863/690/40 1712/692/40 1728/723/40
f 890/184/1023 917/79/1023 888/161/1023
f 1729/173/1024 1730/174/1025 1731/634/1026
f 1729/173/1024 1731/634/1026 1732/635/1024
f 1733/2/1027 1734/1/1028 1735/182/1028
f 1733/2/1027 1735/182/1028 1736/181/1027
f 1736/181/1027 1737/179/1029 1733/2/1027
f 1736/181/1027 1738/180/1030 1737/179/1029
f 1739/177/1031 1737/179/1029 1738/180/1030
f 1739/177/1031 1738/180/1030 1740/178/1032
f 1741/176/1033 1739/177/1031 1740/178/1032
f 1741/176/1033 1740/178/1032 1742/175/1033
f 1730/174/1025 1741/176/1033 1742/175/1033
f 1730/174/1025 1742/175/1033 1743/170/1034
f 1730/174/1025 1743/170/1034 1731/634/1026
f 1732/635/1035 1731/634/1026 1743/170/1034
f 1736/181/1027 1744/3/1036 1738/180/1030
f 902/197/1037 951/172/1037 901/169/1037
f 1745/4/1038 1746/3/1039 1660/6/1040
f 1745/4/1038 1747/5/1041 1746/3/1039
f 1668/169/1042 1748/170/1042 1749/171/1042
f 1668/169/1043 1669/172/1043 1748/170/1043
f 1749/173/1044 1748/170/1045 1750/174/1046
f 1751/175/1047 1750/174/1046 1748/170/1045
f 1751/175/1047 1752/176/1048 1750/174/1046
f 1753/177/1049 1752/176/1048 1751/175/1047
f 1753/177/1049 1751/175/1047 1754/178/1050
f 1754/178/1050 1755/179/1051 1753/177/1049
f 1754/178/1050 1756/180/1052 1755/179/1051
f 1756/180/1052 1757/2/1053 1755/179/1051
f 1756/180/1052 1746/3/1054 1757/2/1053
f 1757/2/1053 1746/3/1054 1747/1/1055
f 913/7/1056 912/344/1056 1758/9/1056
f 1659/74/910 1759/168/1057 1745/167/910
f 1659/74/910 1760/72/1058 1759/168/1057
f 1761/78/60 1661/73/60 1664/79/60
f 1762/77/60 1661/73/60 1761/78/60
f 1763/76/60 1661/73/60 1762/77/60
f 1764/75/60 1661/73/60 1763/76/60
f 1760/72/60 1661/73/60 1764/75/60
f 1659/74/60 1661/73/60 1760/72/60
f 916/397/1059 915/160/1059 940/158/1059
f 1765/185/1060 1662/50/1061 1766/51/1062
f 1765/185/1060 1767/186/133 1662/50/1061
f 1665/57/98 1667/56/98 1663/52/98
f 1768/55/98 1663/52/98 1667/56/98
f 1769/54/98 1663/52/98 1768/55/98
f 1770/53/98 1663/52/98 1769/54/98
f 1770/53/98 1766/51/98 1663/52/98
f 1663/52/98 1766/51/98 1662/50/98
f 921/23/1063 950/25/1063 919/24/1063
f 1658/158/61 1660/6/1064 1746/3/1064
f 1746/3/1064 1756/180/61 1658/158/61
f 1756/180/61 1754/178/61 1658/158/61
f 1754/178/61 1751/175/61 1658/158/61
f 1748/170/61 1658/158/61 1751/175/61
f 1669/172/61 1658/158/61 1748/170/61
f 5/6/1065 941/159/1065 4/187/1065
f 1760/72/1066 1771/188/1067 1759/189/1068
f 1771/188/1067 1760/72/1066 1764/75/1069
f 1771/188/1067 1764/75/1069 1772/190/1070
f 1772/190/1070 1764/75/1069 1763/76/1071
f 1772/190/1070 1763/76/1071 1773/191/1071
f 1773/191/1071 1763/76/1071 1762/77/1072
f 1773/191/1071 1762/77/1072 1774/192/1073
f 1774/192/1073 1762/77/1072 1761/78/1074
f 1774/192/1073 1761/78/1074 1775/193/1075
f 1776/194/1076 1775/193/1075 1761/78/1074
f 1761/78/1074 1767/195/1077 1776/196/1076
f 1761/78/1074 1664/79/1077 1767/195/1077
f 1014/395/1078 1015/396/1079 1777/502/1079
f 1015/396/1079 1778/503/1080 1777/502/1079
f 1015/396/1079 981/362/1080 1778/503/1080
f 981/362/1080 1779/504/1081 1778/503/1080
f 981/362/1080 980/361/1081 1779/504/1081
f 980/361/1081 1780/505/1082 1779/504/1081
f 980/361/1081 982/363/1082 1780/505/1082
f 982/363/1082 1781/506/1083 1780/505/1082
f 982/363/1082 983/364/1083 1781/506/1083
f 983/364/1083 1782/507/1084 1781/506/1083
f 983/364/1083 984/365/1084 1782/507/1084
f 984/365/1084 1783/508/1085 1782/507/1084
f 984/365/1084 985/366/1085 1783/508/1085
f 985/366/1085 1784/509/1086 1783/508/1085
f 985/366/1085 986/367/1086 1784/509/1086
f 986/367/1086 1785/510/1087 1784/509/1086
f 1005/386/1088 1006/387/1089 1786/511/1089
f 1006/387/1089 1787/512/1090 1786/511/1089
f 1006/387/1089 1007/388/1090 1787/512/1090
f 1007/388/1090 1788/513/1091 1787/512/1090
f 1007/388/1090 1008/389/1091 1788/513/1091
f 1008/389/1091 1789/514/1092 1788/513/1091
f 1008/389/1091 1009/390/1092 1789/514/1092
f 1009/390/1092 1790/515/1093 1789/514/1092
f 1009/390/1092 1010/391/1093 1790/515/1093
f 1010/391/1093 1791/516/1094 1790/515/1093
f 1010/391/1093 1011/392/1094 1791/516/1094
f 1011/392/1094 1792/517/1095 1791/516/1094
f 1011/392/1094 1012/393/1095 1792/517/1095
f 1012/393/1095 1793/518/1096 1792/517/1095
f 1012/393/1095 1013/394/1096 1793/518/1096
f 1013/394/1096 1794/519/1078 1793/518/1096
f 1013/394/1096 1014/395/1078 1794/519/1078
f 1014/395/1078 1777/502/1079 1794/519/1078
f 979/360/1097 972/353/1098 1795/520/1098
f 972/353/1098 1796/521/1099 1795/520/1098
f 972/353/1098 999/380/1099 1796/521/1099
f 999/380/1099 1797/522/1100 1796/521/1099
f 999/380/1099 998/379/1100 1797/522/1100
f 998/379/1100 1798/523/1101 1797/522/1100
f 998/379/1100 1000/381/1101 1798/523/1101
f 1000/381/1101 1799/524/1102 1798/523/1101
f 1000/381/1101 1001/382/1102 1799/524/1102
f 1001/382/1102 1800/525/1103 1799/524/1102
f 1001/382/1102 1002/383/1103 1800/525/1103
f 1002/383/1103 1801/526/1104 1800/525/1103
f 1002/383/1103 1003/384/1104 1801/526/1104
f 1003/384/1104 1802/527/1105 1801/526/1104
f 1003/384/1104 1004/385/1105 1802/527/1105
f 1004/385/1105 1803/528/1088 1802/527/1105
f 1004/385/1105 1005/386/1088 1803/528/1088
f 1005/386/1088 1786/511/1089 1803/528/1088
f 995/376/1106 996/377/1107 1804/529/1107
f 996/377/1107 1805/530/1108 1804/529/1107
f 996/377/1107 997/378/1108 1805/530/1108
f 997/378/1108 1806/531/1109 1805/530/1108
f 997/378/1108 974/355/1109 1806/531/1109
f 974/355/1109 1807/532/1110 1806/531/1109
f 974/355/1109 973/354/1110 1807/532/1110
f 973/354/1110 1808/533/1111 1807/532/1110
f 973/354/1110 975/356/1111 1808/533/1111
f 975/356/1111 1809/534/1112 1808/533/1111
f 975/356/1111 976/357/1112 1809/534/1112
f 976/357/1112 1810/535/1113 1809/534/1112
f 976/357/1112 977/358/1113 1810/535/1113
f 977/358/1113 1811/536/1114 1810/535/1113
f 977/358/1113 978/359/1114 1811/536/1114
f 978/359/1114 1812/537/1097 1811/536/1114
f 978/359/1114 979/360/1097 1812/537/1097
f 979/360/1097 1795/520/1098 1812/537/1097
f 986/367/1086 987/368/1087 1785/510/1087
f 987/368/1087 1813/538/1115 1785/510/1087
f 987/368/1087 988/369/1115 1813/538/1115
f 988/369/1115 1814/539/1116 1813/538/1115
f 988/369/1115 989/370/1116 1814/539/1116
f 989/370/1116 1815/540/1117 1814/539/1116
f 989/370/1116 990/371/1117 1815/540/1117
f 990/371/1117 1816/541/1118 1815/540/1117
f 990/371/1117 991/372/1118 1816/541/1118
f 991/372/1118 1817/542/1119 1816/541/1118
f 991/372/1118 992/373/1119 1817/542/1119
f 992/373/1119 1818/543/1120 1817/542/1119
f 992/373/1119 993/374/1120 1818/543/1120
f 993/374/1120 1819/544/1121 1818/543/1120
f 993/374/1120 994/375/1121 1819/544/1121
f 994/375/1121 1820/545/1106 1819/544/1121
f 994/375/1121 995/376/1106 1820/545/1106
f 995/376/1106 1804/529/1107 1820/545/1106
f 944/9/1122 1909/7/1122 942/344/1122
f 1623/52/1123 1606/165/1124 1573/57/1124
f 1623/52/1123 1643/166/1123 1606/165/1124
f 51/57/1125 1528/166/1126 46/52/1126
f 51/57/1125 1910/165/1127 1528/166/1126
f 1573/57/40 1570/56/40 1623/52/40
f 1567/55/40 1623/52/40 1570/56/40
f 1565/54/40 1623/52/40 1567/55/40
f 1564/53/40 1623/52/40 1565/54/40
f 1564/53/40 1560/51/40 1623/52/40
f 1623/52/40 1560/51/40 1559/50/40
f 1024/23/1128 946/25/1128 947/24/1128
f 1513/7/1129 1510/8/1130 1519/9/1129
f 1513/7/1129 1508/10/1131 1510/8/1130
f 1678/47/1132 1650/25/1132 1585/23/1132
f 1678/47/1133 1675/49/1133 1650/25/1133
f 1510/8/1134 1521/71/1135 1519/9/1136
f 1510/8/1134 1507/37/1137 1521/71/1135
f 1521/71/1135 1507/37/1137 1911/34/1138
f 1911/34/1138 1912/30/1135 1521/71/1135
f 1912/30/1135 1913/29/1139 1521/71/1135
f 1913/29/1139 1516/26/1140 1521/71/1135
f 1516/26/1140 1522/25/1141 1521/71/1135
f 1516/26/1140 1518/49/1142 1522/25/1141
f 1612/7/1143 1582/8/1143 1581/10/1143
f 1612/7/1144 1648/9/1144 1582/8/1144
f 1615/344/1145 1914/71/1145 1915/9/1145
f 1615/344/1145 1916/345/1145 1914/71/1145
f 1916/345/1145 1651/25/1145 1914/71/1145
f 1916/345/1145 1625/24/1145 1651/25/1145
f 1599/78/60 1622/73/60 1601/79/60
f 1597/77/60 1622/73/60 1599/78/60
f 1595/76/60 1622/73/60 1597/77/60
f 1593/75/60 1622/73/60 1595/76/60
f 1589/72/60 1622/73/60 1593/75/60
f 1588/74/60 1622/73/60 1589/72/60
f 296/7/1146 1917/344/1146 294/9/1146
f 1501/39/1147 1520/70/1148 1512/42/1149
f 1501/39/1147 1500/21/1148 1520/70/1148
f 1500/21/1148 1918/19/1150 1520/70/1148
f 1919/15/1151 1520/70/1148 1918/19/1150
f 1920/14/1152 1520/70/1148 1919/15/1151
f 1520/70/1148 1920/14/1152 1503/11/1153
f 1503/11/1153 1514/43/1154 1520/70/1148
f 1503/11/1153 1505/46/1155 1514/43/1154
f 1648/9/1156 1580/37/1157 1582/8/1158
f 1648/9/1156 1647/71/1159 1580/37/1157
f 1921/34/1160 1580/37/1157 1647/71/1159
f 1647/71/1159 1922/30/1159 1921/34/1160
f 1647/71/1159 1923/29/1161 1922/30/1159
f 1647/71/1159 1677/26/1162 1923/29/1161
f 1647/71/1159 1675/49/1163 1677/26/1162
f 1647/71/1159 1650/25/1164 1675/49/1163
f 1584/42/1165 1524/21/1166 1526/39/1167
f 1584/42/1165 1649/70/1168 1524/21/1166
f 1649/70/1168 1924/19/1169 1524/21/1166
f 1924/19/1169 1649/70/1168 1925/15/1170
f 1925/15/1170 1649/70/1168 1926/14/1171
f 1577/11/1172 1926/14/1171 1649/70/1168
f 1649/70/1168 1575/46/1173 1577/11/1172
f 1649/70/1168 1613/43/1174 1575/46/1173
f 1515/47/1175 1522/25/1176 1518/49/1175
f 1515/47/1175 1511/23/1176 1522/25/1176
f 1927/20/1177 1525/22/1178 1524/21/1179
f 1927/20/1177 1524/21/1179 1924/19/1180
f 1928/18/1181 1927/20/1177 1924/19/1180
f 1928/18/1181 1924/19/1180 1925/15/1182
f 1928/18/1181 1925/15/1182 1929/17/1183
f 1930/16/1184 1929/17/1183 1925/15/1182
f 1930/16/1184 1925/15/1182 1926/14/1185
f 1930/16/1184 1926/14/1185 1931/12/1186
f 1926/14/1185 1574/13/1187 1931/12/1186
f 1926/14/1185 1577/11/1188 1574/13/1187
f 1509/36/1189 1911/34/1190 1507/37/1191
f 1509/36/1189 1932/35/1192 1911/34/1190
f 1933/33/1193 1911/34/1190 1932/35/1192
f 1933/33/1193 1912/30/1194 1911/34/1190
f 1933/33/1193 1934/32/1195 1912/30/1194
f 1935/31/1196 1912/30/1194 1934/32/1195
f 1935/31/1196 1913/29/1197 1912/30/1194
f 1935/31/1196 1936/27/1197 1913/29/1197
f 1936/27/1197 1516/26/1198 1913/29/1197
f 1936/27/1197 1517/28/1199 1516/26/1198
f 1915/9/1200 1631/10/1201 1616/7/1202
f 1915/9/1200 1629/8/1201 1631/10/1201
f 1916/70/1203 1615/43/1204 1617/46/1205
f 1916/70/1203 1617/46/1205 1633/11/1206
f 1633/11/1206 1937/14/1207 1916/70/1203
f 1938/15/1208 1916/70/1203 1937/14/1207
f 1939/19/1207 1916/70/1203 1938/15/1208
f 1916/70/1203 1939/19/1207 1635/21/1209
f 1625/42/1210 1916/70/1203 1635/21/1209
f 1625/42/1210 1635/21/1209 1626/39/1211
f 43/49/1212 22/23/1212 24/25/1212
f 43/49/1213 42/47/1213 22/23/1213
f 1632/13/1214 1937/14/1215 1633/11/1216
f 1632/13/1214 1940/12/1217 1937/14/1215
f 1941/16/1218 1937/14/1215 1940/12/1217
f 1941/16/1218 1938/15/1219 1937/14/1215
f 1941/16/1218 1942/17/1220 1938/15/1219
f 1938/15/1219 1942/17/1220 1943/18/1221
f 1938/15/1219 1943/18/1221 1944/20/1222
f 1944/20/1222 1939/19/1223 1938/15/1219
f 1634/22/1224 1939/19/1223 1944/20/1222
f 1634/22/1225 1635/21/1225 1939/19/1223
f 1399/636/41 1396/637/41 1945/638/41
f 1396/637/41 1946/639/41 1945/638/41
f 1396/637/41 1431/640/41 1946/639/41
f 1431/640/41 1947/641/41 1946/639/41
f 1431/640/41 1429/642/41 1947/641/41
f 1429/642/41 1948/643/41 1947/641/41
f 1429/642/41 1427/644/41 1948/643/41
f 1427/644/41 1949/645/41 1948/643/41
f 1427/644/41 1425/646/41 1949/645/41
f 1425/646/41 1950/647/41 1949/645/41
f 1425/646/41 1423/648/41 1950/647/41
f 1423/648/41 1951/649/41 1950/647/41
f 1423/648/41 1421/650/41 1951/649/41
f 1421/650/41 1952/651/41 1951/649/41
f 1421/650/41 1419/652/41 1952/651/41
f 1419/652/41 1953/653/41 1952/651/41
f 1381/654/41 1378/655/41 1954/656/41
f 1378/655/41 1955/657/41 1954/656/41
f 1378/655/41 1413/658/41 1955/657/41
f 1413/658/41 1956/659/41 1955/657/41
f 1413/658/41 1411/660/41 1956/659/41
f 1411/660/41 1957/661/41 1956/659/41
f 1411/660/41 1409/662/41 1957/661/41
f 1409/662/41 1958/663/41 1957/661/41
f 1409/662/41 1407/664/41 1958/663/41
f 1407/664/41 1959/665/41 1958/663/41
f 1407/664/41 1405/666/41 1959/665/41
f 1405/666/41 1960/667/41 1959/665/41
f 1405/666/41 1403/668/41 1960/667/41
f 1403/668/41 1961/669/41 1960/667/41
f 1403/668/41 1401/670/41 1961/669/41
f 1401/670/41 1962/671/41 1961/669/41
f 1401/670/41 1399/636/41 1962/671/41
f 1399/636/41 1945/638/41 1962/671/41
f 1363/672/41 1360/673/41 1963/674/41
f 1360/673/41 1964/675/41 1963/674/41
f 1360/673/41 1395/676/41 1964/675/41
f 1395/676/41 1965/677/41 1964/675/41
f 1395/676/41 1393/678/41 1965/677/41
f 1393/678/41 1966/679/41 1965/677/41
f 1393/678/41 1391/680/41 1966/679/41
f 1391/680/41 1967/681/41 1966/679/41
f 1391/680/41 1389/682/41 1967/681/41
f 1389/682/41 1968/683/41 1967/681/41
f 1389/682/41 1387/684/41 1968/683/41
f 1387/684/41 1969/685/41 1968/683/41
f 1387/684/41 1385/686/41 1969/685/41
f 1385/686/41 1970/687/41 1969/685/41
f 1385/686/41 1383/688/41 1970/687/41
f 1383/688/41 1971/689/41 1970/687/41
f 1383/688/41 1381/654/41 1971/689/41
f 1381/654/41 1954/656/41 1971/689/41
f 1435/690/41 1433/691/41 1972/692/41
f 1433/691/41 1973/693/41 1972/692/41
f 1433/691/41 1377/694/41 1973/693/41
f 1377/694/41 1974/695/41 1973/693/41
f 1377/694/41 1375/696/41 1974/695/41
f 1375/696/41 1975/697/41 1974/695/41
f 1375/696/41 1373/698/41 1975/697/41
f 1373/698/41 1976/699/41 1975/697/41
f 1373/698/41 1371/700/41 1976/699/41
f 1371/700/41 1977/701/41 1976/699/41
f 1371/700/41 1369/702/41 1977/701/41
f 1369/702/41 1978/703/41 1977/701/41
f 1369/702/41 1367/704/41 1978/703/41
f 1367/704/41 1979/705/41 1978/703/41
f 1367/704/41 1365/706/41 1979/705/41
f 1365/706/41 1980/707/41 1979/705/41
f 1365/706/41 1363/672/41 1980/707/41
f 1363/672/41 1963/674/41 1980/707/41
f 1419/652/41 1417/708/41 1953/653/41
f 1417/708/41 1981/709/41 1953/653/41
f 1417/708/41 1414/710/41 1981/709/41
f 1414/710/41 1982/711/41 1981/709/41
f 1414/710/41 1447/712/41 1982/711/41
f 1447/712/41 1983/713/41 1982/711/41
f 1447/712/41 1445/714/41 1983/713/41
f 1445/714/41 1984/715/41 1983/713/41
f 1445/714/41 1443/716/41 1984/715/41
f 1443/716/41 1985/717/41 1984/715/41
f 1443/716/41 1441/718/41 1985/717/41
f 1441/718/41 1986/719/41 1985/717/41
f 1441/718/41 1439/720/41 1986/719/41
f 1439/720/41 1987/721/41 1986/719/41
f 1439/720/41 1437/722/41 1987/721/41
f 1437/722/41 1988/723/41 1987/721/41
f 1437/722/41 1435/690/41 1988/723/41
f 1435/690/41 1972/692/41 1988/723/41
f 250/158/1226 205/160/1226 202/397/1226
f 1630/37/1227 1989/35/1228 1628/36/1229
f 1630/37/1227 1990/34/1230 1989/35/1228
f 1990/34/1230 1991/33/1231 1989/35/1228
f 1990/34/1230 1992/32/1232 1991/33/1231
f 1990/34/1230 1993/30/1233 1992/32/1232
f 1993/30/1233 1994/31/1234 1992/32/1232
f 1993/30/1233 1995/27/1235 1994/31/1234
f 1993/30/1233 1996/29/1236 1995/27/1235
f 1996/29/1236 1608/28/1237 1995/27/1235
f 1996/29/1236 1611/26/1238 1608/28/1237
f 947/42/1239 876/41/1239 1024/40/1239
f 947/42/1239 879/39/1239 876/41/1239
f 1997/319/1240 469/320/1241 468/321/1241
f 1997/319/1240 468/321/1241 1998/322/1242
f 1997/319/1240 1998/322/1242 1999/323/1242
f 1997/319/1240 1999/323/1242 2000/324/1242
f 1997/319/1240 2000/324/1242 2001/325/1241
f 1997/319/1240 2001/325/1241 2002/326/1241
f 2002/326/1241 2003/327/1243 1997/319/1240
f 2002/326/1241 2004/328/1241 2003/327/1243
f 2002/326/1241 2005/329/1241 2004/328/1241
f 715/7/1244 732/8/1245 713/9/1244
f 715/7/1244 2006/10/1245 732/8/1245
f 2007/11/1246 2008/12/1247 2009/13/1248
f 2007/11/1246 2010/14/1249 2008/12/1247
f 2011/15/1250 2008/12/1247 2010/14/1249
f 2011/15/1250 2012/16/1251 2008/12/1247
f 2011/15/1250 2013/17/1252 2012/16/1251
f 2014/18/1253 2013/17/1252 2011/15/1250
f 2014/18/1253 2011/15/1250 2015/19/1254
f 2014/18/1253 2015/19/1254 2016/20/1255
f 2016/20/1255 2015/19/1254 2017/21/1256
f 2016/20/1255 2017/21/1256 2018/22/1257
f 211/169/1258 1473/170/1259 251/172/1259
f 211/169/1258 1471/724/1260 1473/170/1259
f 211/169/1258 1469/171/1261 1471/724/1260
f 732/8/1262 2019/38/1262 734/37/1262
f 732/8/1262 2006/10/1262 2019/38/1262
f 2020/39/1263 299/40/1264 2021/41/1264
f 2020/39/1263 939/42/1265 299/40/1264
f 714/43/1266 2022/44/1267 715/45/1267
f 714/43/1266 2023/46/1267 2022/44/1267
f 301/47/1268 738/26/1268 2024/48/1268
f 301/47/1268 298/49/1268 738/26/1268
f 2020/39/1269 1206/70/1270 939/42/1271
f 2020/39/1269 2017/21/1272 1206/70/1270
f 2017/21/1272 2015/19/1273 1206/70/1270
f 2011/15/1274 1206/70/1270 2015/19/1273
f 2010/14/1275 1206/70/1270 2011/15/1274
f 1206/70/1270 2010/14/1275 2007/11/1276
f 2007/11/1276 714/43/1277 1206/70/1270
f 2007/11/1276 2023/46/1278 714/43/1277
f 2025/490/1279 2026/211/1279 2027/210/1279
f 2025/490/1279 2028/491/1279 2026/211/1279
f 2029/494/1280 2030/218/1280 2031/219/1280
f 2029/494/1280 2032/495/1280 2030/218/1280
f 2033/398/1281 2034/200/1281 2035/199/1281
f 2033/398/1281 2036/399/1281 2034/200/1281
f 2037/198/1282 2035/199/1283 2034/200/1283
f 2037/198/1282 2034/200/1283 2038/201/1284
f 2037/198/1282 2038/201/1284 2039/202/1284
f 2037/198/1282 2039/202/1284 2040/203/1284
f 2037/198/1282 2040/203/1284 2041/204/1284
f 2037/198/1282 2041/204/1284 2042/205/1285
f 2042/205/1285 2043/206/1286 2037/198/1282
f 2042/205/1285 500/207/1283 2043/206/1286
f 2042/205/1285 501/208/1283 500/207/1283
f 2044/492/1287 448/328/1287 449/329/1287
f 2044/492/1287 2045/493/1287 448/328/1287
f 2046/340/1288 441/321/1288 440/320/1288
f 2046/340/1288 2047/341/1288 441/321/1288
f 2048/494/1289 2049/218/1290 2050/219/1289
f 2048/494/1289 2051/495/1289 2049/218/1290
f 2052/185/579 204/50/579 2053/186/579
f 2052/185/1291 1460/51/1291 204/50/1291
f 1917/344/1292 1262/71/1292 294/9/1292
f 1917/344/1292 2054/345/1292 1262/71/1292
f 2054/345/1292 228/25/1292 1262/71/1292
f 2054/345/1292 229/24/1292 228/25/1292
f 2055/338/1293 460/337/1293 2056/339/1293
f 2055/338/1293 459/336/1293 460/337/1293
f 455/332/1294 2057/342/1294 453/330/1294
f 455/332/1294 2058/343/1294 2057/342/1294
f 2059/351/1295 2060/207/1295 2061/208/1295
f 2059/351/1295 2062/352/1295 2060/207/1295
f 2063/398/1296 2064/200/1296 2065/199/1296
f 2063/398/1296 2066/399/1296 2064/200/1296
f 440/320/1297 2067/496/1298 2046/340/1297
f 440/320/1297 439/319/1298 2067/496/1298
f 447/327/1299 2067/496/1298 439/319/1298
f 447/327/1299 2068/497/1300 2067/496/1298
f 447/327/1299 2045/493/1301 2068/497/1300
f 447/327/1299 448/328/1301 2045/493/1301
f 2069/209/1302 2027/210/1303 2026/211/1303
f 2069/209/1302 2026/211/1303 2070/212/1304
f 2069/209/1302 2070/212/1304 2071/213/1304
f 2069/209/1302 2071/213/1304 2072/214/1304
f 2069/209/1302 2072/214/1304 2073/215/1303
f 2069/209/1302 2073/215/1303 2074/216/1303
f 2074/216/1303 2075/217/1305 2069/209/1302
f 2074/216/1303 2049/218/1303 2075/217/1305
f 2074/216/1303 2050/219/1303 2049/218/1303
f 2076/198/1306 2065/199/1307 2064/200/1307
f 2076/198/1306 2064/200/1307 2077/201/1308
f 2076/198/1306 2077/201/1308 2078/202/1308
f 2076/198/1306 2078/202/1308 2079/203/1308
f 2076/198/1306 2079/203/1308 2080/204/1307
f 2076/198/1306 2080/204/1307 2081/205/1309
f 2081/205/1309 2082/206/1310 2076/198/1306
f 2081/205/1309 2060/207/1307 2082/206/1310
f 2081/205/1309 2061/208/1307 2060/207/1307
f 783/333/1311 473/330/1312 472/342/1312
f 783/333/1311 472/342/1312 2083/346/1313
f 783/333/1311 2083/346/1313 2084/347/1313
f 783/333/1311 2084/347/1313 2085/348/1313
f 783/333/1311 2085/348/1313 2086/349/1312
f 783/333/1311 2086/349/1312 2087/350/1314
f 2087/350/1314 784/335/1315 783/333/1311
f 2087/350/1314 464/337/1312 784/335/1315
f 2087/350/1314 465/339/1312 464/337/1312
f 456/333/1316 453/330/1317 2057/342/1317
f 456/333/1316 2057/342/1317 2088/346/1318
f 456/333/1316 2088/346/1318 2089/347/1318
f 456/333/1316 2089/347/1318 2090/348/1318
f 456/333/1316 2090/348/1318 2091/349/1317
f 456/333/1316 2091/349/1317 2092/350/1317
f 2092/350/1317 458/335/1319 456/333/1316
f 2092/350/1317 460/337/1317 458/335/1319
f 2092/350/1317 2056/339/1317 460/337/1317
f 2093/492/1320 2004/328/1320 2005/329/1320
f 2093/492/1320 2094/493/1320 2004/328/1320
f 2095/498/1321 2025/490/1322 2027/210/1322
f 2095/498/1321 2027/210/1322 2069/209/1323
f 2069/209/1323 2096/499/1324 2095/498/1321
f 2069/209/1323 2075/217/1325 2096/499/1324
f 2051/495/1326 2096/499/1324 2075/217/1325
f 2051/495/1326 2075/217/1325 2049/218/1326
f 2065/199/1327 2097/500/1328 2063/398/1327
f 2065/199/1327 2076/198/1329 2097/500/1328
f 2098/501/1330 2097/500/1328 2076/198/1329
f 2098/501/1330 2076/198/1329 2082/206/1331
f 2082/206/1331 2062/352/1332 2098/501/1330
f 2082/206/1331 2060/207/1332 2062/352/1332
f 436/41/1333 577/21/1333 582/310/1333
f 436/41/1334 438/39/1334 577/21/1334
f 2099/338/1335 497/337/1335 498/339/1335
f 2099/338/1335 1347/336/1335 497/337/1335
f 461/7/1336 433/8/1336 432/10/1336
f 461/7/1337 479/9/1337 433/8/1337
f 936/170/1338 901/169/1338 951/172/1338
f 936/170/1339 938/171/1339 901/169/1339
f 2100/48/1340 948/49/1340 949/47/1340
f 2100/48/1340 2101/26/1340 948/49/1340
f 904/46/1341 1909/45/1341 905/44/1341
f 904/46/1341 942/43/1342 1909/45/1341
f 1909/7/1343 909/8/1343 908/10/1343
f 1909/7/1344 944/9/1344 909/8/1344
f 912/344/1345 2102/71/1345 1758/9/1345
f 912/344/1345 2103/345/1345 2102/71/1345
f 2103/345/1345 950/25/1345 2102/71/1345
f 2103/345/1345 919/24/1345 950/25/1345
f 956/78/40 915/73/40 917/79/40
f 966/77/40 915/73/40 956/78/40
f 964/76/40 915/73/40 966/77/40
f 962/75/40 915/73/40 964/76/40
f 959/72/40 915/73/40 962/75/40
f 941/74/40 915/73/40 959/72/40
f 1357/9/1346 1343/7/1346 1344/344/1346
f 944/9/1347 907/37/1348 909/8/1349
f 944/9/1347 943/71/1350 907/37/1348
f 2104/34/1351 907/37/1348 943/71/1350
f 943/71/1350 2105/30/1350 2104/34/1351
f 943/71/1350 2106/29/1352 2105/30/1350
f 943/71/1350 970/26/1353 2106/29/1352
f 943/71/1350 968/49/1354 970/26/1353
f 943/71/1350 946/25/1355 968/49/1354
f 947/42/1356 877/21/1357 879/39/1358
f 947/42/1356 945/70/1359 877/21/1357
f 945/70/1359 2107/19/1360 877/21/1357
f 2107/19/1360 945/70/1359 2108/15/1361
f 2108/15/1361 945/70/1359 2109/14/1360
f 906/11/1362 2109/14/1360 945/70/1359
f 945/70/1359 904/46/1363 906/11/1362
f 945/70/1359 942/43/1364 904/46/1363
f 2110/20/1365 878/22/1366 877/21/1367
f 2110/20/1365 877/21/1367 2107/19/1368
f 2111/18/1369 2110/20/1365 2107/19/1368
f 2111/18/1369 2107/19/1368 2108/15/1370
f 2111/18/1369 2108/15/1370 2112/17/1371
f 2113/16/1372 2112/17/1371 2108/15/1370
f 2113/16/1372 2108/15/1370 2109/14/1373
f 2113/16/1372 2109/14/1373 2114/12/1374
f 2109/14/1373 903/13/1375 2114/12/1374
f 2109/14/1373 906/11/1376 903/13/1375
f 1758/9/1377 925/10/1378 913/7/1379
f 1758/9/1377 923/8/1378 925/10/1378
f 2007/11/1380 2022/44/1380 2023/46/1380
f 2007/11/1380 2009/311/1380 2022/44/1380
f 2021/41/1381 2017/21/1382 2020/39/1383
f 2021/41/1381 2018/310/1383 2017/21/1382
f 2019/36/1384 735/34/1385 734/37/1386
f 2019/36/1384 2115/35/1385 735/34/1385
f 2116/33/1387 735/34/1385 2115/35/1385
f 2116/33/1387 736/30/1388 735/34/1385
f 2116/33/1387 2117/32/1389 736/30/1388
f 736/30/1388 2117/32/1389 2118/31/1390
f 736/30/1388 2118/31/1390 2119/27/1391
f 736/30/1388 2119/27/1391 737/29/1391
f 738/26/1392 737/29/1391 2119/27/1391
f 738/26/1392 2119/27/1391 2024/28/1393
f 2120/353/41 2121/354/41 2122/355/41
f 2120/353/41 2123/356/41 2121/354/41
f 2120/353/41 2124/357/41 2123/356/41
f 2120/353/41 2125/358/41 2124/357/41
f 2120/353/41 2126/359/41 2125/358/41
f 2120/353/41 2127/360/41 2126/359/41
f 2120/353/41 2128/361/41 2129/362/41
f 2120/353/41 2130/363/41 2128/361/41
f 2120/353/41 2131/364/41 2130/363/41
f 2120/353/41 2132/365/41 2131/364/41
f 2120/353/41 2133/366/41 2132/365/41
f 2120/353/41 2134/367/41 2133/366/41
f 2120/353/41 2135/368/41 2134/367/41
f 2120/353/41 2136/369/41 2135/368/41
f 2120/353/41 2137/370/41 2136/369/41
f 2120/353/41 2138/371/41 2137/370/41
f 2120/353/41 2139/372/41 2138/371/41
f 2120/353/41 2140/373/41 2139/372/41
f 2120/353/41 2141/374/41 2140/373/41
f 2120/353/41 2142/375/41 2141/374/41
f 2120/353/41 2143/376/41 2142/375/41
f 2120/353/41 2144/377/41 2143/376/41
f 2120/353/41 2145/378/41 2144/377/41
f 2120/353/41 2122/355/41 2145/378/41
f 2120/353/41 2146/379/41 2147/380/41
f 2120/353/41 2148/381/41 2146/379/41
f 2120/353/41 2149/382/41 2148/381/41
f 2120/353/41 2150/383/41 2149/382/41
f 2120/353/41 2151/384/41 2150/383/41
f 2120/353/41 2152/385/41 2151/384/41
f 2120/353/41 2153/386/41 2152/385/41
f 2120/353/41 2154/387/41 2153/386/41
f 2120/353/41 2155/388/41 2154/387/41
f 2120/353/41 2156/389/41 2155/388/41
f 2120/353/41 2157/390/41 2156/389/41
f 2120/353/41 2158/391/41 2157/390/41
f 2120/353/41 2159/392/41 2158/391/41
f 2120/353/41 2160/393/41 2159/392/41
f 2120/353/41 2161/394/41 2160/393/41
f 2120/353/41 2162/395/41 2161/394/41
f 2120/353/41 2163/396/41 2162/395/41
f 2120/353/41 2129/362/41 2163/396/41
f 1342/23/1394 1359/25/1394 1341/24/1394
f 239/6/129 205/160/129 250/158/129
f 239/6/129 209/159/130 205/160/129
f 253/8/1395 1493/71/1396 254/9/1397
f 253/8/1395 284/37/1398 1493/71/1396
f 1493/71/1396 284/37/1398 283/34/1399
f 283/34/1399 287/30/1396 1493/71/1396
f 287/30/1396 290/29/1400 1493/71/1396
f 290/29/1400 292/26/1401 1493/71/1396
f 292/26/1401 279/25/1402 1493/71/1396
f 292/26/1401 280/49/1403 279/25/1402
f 1497/39/1404 1492/70/1405 1494/42/1406
f 1497/39/1404 690/21/1407 1492/70/1405
f 690/21/1407 692/19/1408 1492/70/1405
f 694/15/1409 1492/70/1405 692/19/1408
f 696/14/1408 1492/70/1405 694/15/1409
f 1492/70/1405 696/14/1408 699/11/1410
f 699/11/1410 567/43/1411 1492/70/1405
f 699/11/1410 1495/46/1412 567/43/1411
f 1498/41/1413 690/21/1414 1497/39/1415
f 1498/41/1413 691/310/1416 690/21/1414
f 1982/400/750 2164/401/749 2165/402/750
f 1982/400/750 1983/403/749 2164/401/749
f 1983/403/749 2166/404/748 2164/401/749
f 1983/403/749 1984/405/748 2166/404/748
f 1984/405/748 2167/406/745 2166/404/748
f 1984/405/748 1985/407/747 2167/406/745
f 1985/407/747 2168/408/762 2167/406/745
f 1985/407/747 1986/409/762 2168/408/762
f 1986/409/762 2169/410/761 2168/408/762
f 1986/409/762 1987/411/761 2169/410/761
f 1987/411/761 2170/412/760 2169/410/761
f 1987/411/761 1988/413/760 2170/412/760
f 1988/413/760 2171/414/759 2170/412/760
f 1988/413/760 1972/415/759 2171/414/759
f 1972/415/759 2172/416/99 2171/414/759
f 1972/415/759 1973/417/99 2172/416/99
f 1946/418/739 2173/419/738 2174/420/739
f 1946/418/739 1947/421/738 2173/419/738
f 1947/421/738 2175/422/736 2173/419/738
f 1947/421/738 1948/423/736 2175/422/736
f 1948/423/736 2176/424/735 2175/422/736
f 1948/423/736 1949/425/735 2176/424/735
f 1949/425/735 2177/426/754 2176/424/735
f 1949/425/735 1950/427/754 2177/426/754
f 1950/427/754 2178/428/753 2177/426/754
f 1950/427/754 1951/429/753 2178/428/753
f 1951/429/753 2179/430/98 2178/428/753
f 1951/429/753 1952/431/98 2179/430/98
f 1952/431/98 2180/432/752 2179/430/98
f 1952/431/98 1953/433/752 2180/432/752
f 1953/433/752 2181/434/751 2180/432/752
f 1953/433/752 1981/435/751 2181/434/751
f 1981/435/751 2165/402/750 2181/434/751
f 1981/435/751 1982/400/750 2165/402/750
f 1955/436/776 2182/437/775 2183/438/776
f 1955/436/776 1956/439/775 2182/437/775
f 1956/439/775 2184/440/774 2182/437/775
f 1956/439/775 1957/441/774 2184/440/774
f 1957/441/774 2185/442/773 2184/440/774
f 1957/441/774 1958/443/773 2185/442/773
f 1958/443/773 2186/444/60 2185/442/773
f 1958/443/773 1959/445/60 2186/444/60
f 1959/445/60 2187/446/744 2186/444/60
f 1959/445/60 1960/447/744 2187/446/744
f 1960/447/744 2188/448/743 2187/446/744
f 1960/447/744 1961/449/743 2188/448/743
f 1961/449/743 2189/450/742 2188/448/743
f 1961/449/743 1962/451/742 2189/450/742
f 1962/451/742 2190/452/741 2189/450/742
f 1962/451/742 1945/453/741 2190/452/741
f 1945/453/741 2174/420/739 2190/452/741
f 1945/453/741 1946/418/739 2174/420/739
f 1964/454/766 2191/455/765 2192/456/766
f 1964/454/766 1965/457/765 2191/455/765
f 1965/457/765 2193/458/40 2191/455/765
f 1965/457/765 1966/459/40 2193/458/40
f 1966/459/40 2194/460/764 2193/458/40
f 1966/459/40 1967/461/764 2194/460/764
f 1967/461/764 2195/462/763 2194/460/764
f 1967/461/764 1968/463/763 2195/462/763
f 1968/463/763 2196/464/782 2195/462/763
f 1968/463/763 1969/465/782 2196/464/782
f 1969/465/782 2197/466/781 2196/464/782
f 1969/465/782 1970/467/781 2197/466/781
f 1970/467/781 2198/468/780 2197/466/781
f 1970/467/781 1971/469/780 2198/468/780
f 1971/469/780 2199/470/777 2198/468/780
f 1971/469/780 1954/471/777 2199/470/777
f 1954/471/777 2183/438/776 2199/470/777
f 1954/471/777 1955/436/776 2183/438/776
f 1973/472/99 2200/473/758 2172/474/99
f 1973/472/99 1974/475/758 2200/473/758
f 1974/475/758 2201/476/757 2200/473/758
f 1974/475/758 1975/477/757 2201/476/757
f 1975/477/757 2202/478/756 2201/476/757
f 1975/477/757 1976/479/756 2202/478/756
f 1976/479/756 2203/480/755 2202/478/756
f 1976/479/756 1977/481/755 2203/480/755
f 1977/481/755 2204/482/772 2203/480/755
f 1977/481/755 1978/483/772 2204/482/772
f 1978/483/772 2205/484/770 2204/482/772
f 1978/483/772 1979/485/769 2205/484/770
f 1979/485/769 2206/486/768 2205/484/770
f 1979/485/769 1980/487/768 2206/486/768
f 1980/487/768 2207/488/767 2206/486/768
f 1980/487/768 1963/489/767 2207/488/767
f 1963/489/767 2192/456/766 2207/488/767
f 1963/489/767 1964/454/766 2192/456/766
f 2054/70/1417 1917/43/1418 1329/46/1419
f 2054/70/1417 1329/46/1419 1331/11/1420
f 1331/11/1420 2208/14/1421 2054/70/1417
f 2209/15/1422 2054/70/1417 2208/14/1421
f 2210/19/1423 2054/70/1417 2209/15/1422
f 2054/70/1417 2210/19/1423 1292/21/1424
f 229/42/1425 2054/70/1417 1292/21/1424
f 229/42/1425 1292/21/1424 1289/39/1426
f 1330/13/1427 2208/14/1428 1331/11/1429
f 1330/13/1427 2211/12/1430 2208/14/1428
f 2212/16/1431 2208/14/1428 2211/12/1430
f 2212/16/1431 2209/15/1432 2208/14/1428
f 2212/16/1431 2213/17/1433 2209/15/1432
f 2209/15/1432 2213/17/1433 2214/18/1434
f 2209/15/1432 2214/18/1434 2215/20/1435
f 2215/20/1435 2210/19/1436 2209/15/1432
f 1290/22/1437 2210/19/1436 2215/20/1435
f 1290/22/1438 1292/21/1438 2210/19/1436
f 2052/313/1439 2216/312/1440 1460/51/1441
f 2216/312/1440 1461/53/1442 1460/51/1441
f 2216/312/1440 2217/314/1443 1461/53/1442
f 2217/314/1443 1462/54/1444 1461/53/1442
f 2217/314/1443 2218/315/1444 1462/54/1444
f 2218/315/1444 1463/55/1445 1462/54/1444
f 2218/315/1444 2219/316/1446 1463/55/1445
f 2219/316/1446 210/56/1447 1463/55/1445
f 2219/316/1446 2220/317/1448 210/56/1447
f 2220/317/1448 213/318/1449 210/56/1447
f 251/172/1450 212/197/1450 211/169/1450
f 1261/37/1451 2309/35/1452 1324/36/1453
f 1261/37/1451 1263/34/1454 2309/35/1452
f 1263/34/1454 2310/33/1455 2309/35/1452
f 1263/34/1454 2311/32/1456 2310/33/1455
f 1263/34/1454 1264/30/1457 2311/32/1456
f 1264/30/1457 2312/31/1458 2311/32/1456
f 1264/30/1457 2313/27/1459 2312/31/1458
f 1264/30/1457 1265/29/1460 2313/27/1459
f 1265/29/1460 2314/28/1461 2313/27/1459
f 1265/29/1460 1266/26/1462 2314/28/1461
f 2315/494/1463 276/218/1464 277/219/1463
f 2315/494/1463 2316/495/1463 276/218/1464
f 2317/490/1465 2318/211/1465 2319/210/1465
f 2317/490/1466 2320/491/1466 2318/211/1466
f 2321/492/1467 2322/328/1467 2323/329/1467
f 2321/492/1467 2324/493/1467 2322/328/1467
f 2325/340/1468 2326/321/1468 2327/320/1468
f 2325/340/1468 2328/341/1468 2326/321/1468
f 2329/494/1469 2330/218/1469 2331/219/1469
f 2329/494/1469 2332/495/1469 2330/218/1469
f 2333/220/750 2334/221/749 2335/222/750
f 2333/220/750 2336/223/749 2334/221/749
f 2336/223/749 2337/224/748 2334/221/749
f 2336/223/749 2338/225/746 2337/224/748
f 2338/225/746 2339/226/745 2337/224/748
f 2338/225/746 2340/227/747 2339/226/745
f 2340/227/747 2341/228/762 2339/226/745
f 2340/227/747 2342/229/762 2341/228/762
f 2342/229/762 2343/230/761 2341/228/762
f 2342/229/762 2344/231/761 2343/230/761
f 2344/231/761 2345/232/760 2343/230/761
f 2344/231/761 2346/233/760 2345/232/760
f 2346/233/760 2347/234/759 2345/232/760
f 2346/233/760 2348/235/759 2347/234/759
f 2348/235/759 2349/236/99 2347/234/759
f 2348/235/759 2350/237/99 2349/236/99
f 2351/238/739 2352/239/738 2353/240/740
f 2351/238/739 2354/241/737 2352/239/738
f 2354/241/737 2355/242/736 2352/239/738
f 2354/241/737 2356/243/736 2355/242/736
f 2356/243/736 2357/244/735 2355/242/736
f 2356/243/736 2358/245/735 2357/244/735
f 2358/245/735 2359/246/754 2357/244/735
f 2358/245/735 2360/247/754 2359/246/754
f 2360/247/754 2361/248/753 2359/246/754
f 2360/247/754 2362/249/753 2361/248/753
f 2362/249/753 2363/250/98 2361/248/753
f 2362/249/753 2364/251/98 2363/250/98
f 2364/251/98 2365/252/752 2363/250/98
f 2364/251/98 2366/253/752 2365/252/752
f 2366/253/752 2367/254/751 2365/252/752
f 2366/253/752 2368/255/751 2367/254/751
f 2368/255/751 2335/222/750 2367/254/751
f 2368/255/751 2333/220/750 2335/222/750
f 2369/256/776 2370/257/775 2371/258/776
f 2369/256/776 2372/259/775 2370/257/775
f 2372/259/775 2373/260/774 2370/257/775
f 2372/259/775 2374/261/774 2373/260/774
f 2374/261/774 2375/262/773 2373/260/774
f 2374/261/774 2376/263/773 2375/262/773
f 2376/263/773 2377/264/60 2375/262/773
f 2376/263/773 2378/265/60 2377/264/60
f 2378/265/60 2379/266/744 2377/264/60
f 2378/265/60 2380/267/744 2379/266/744
f 2380/267/744 2381/268/743 2379/266/744
f 2380/267/744 2382/269/743 2381/268/743
f 2382/269/743 2383/270/742 2381/268/743
f 2382/269/743 2384/271/742 2383/270/742
f 2384/271/742 2385/272/741 2383/270/742
f 2384/271/742 2386/273/741 2385/272/741
f 2386/273/741 2353/240/740 2385/272/741
f 2386/273/741 2351/238/739 2353/240/740
f 2387/274/766 2388/275/765 2389/276/766
f 2387/274/766 2390/277/765 2388/275/765
f 2390/277/765 2391/278/40 2388/275/765
f 2390/277/765 2392/279/40 2391/278/40
f 2392/279/40 2393/280/764 2391/278/40
f 2392/279/40 2394/281/764 2393/280/764
f 2394/281/764 2395/282/763 2393/280/764
f 2394/281/764 2396/283/763 2395/282/763
f 2396/283/763 2397/284/782 2395/282/763
f 2396/283/763 2398/285/782 2397/284/782
f 2398/285/782 2399/286/781 2397/284/782
f 2398/285/782 2400/287/781 2399/286/781
f 2400/287/781 2401/288/780 2399/286/781
f 2400/287/781 2402/289/779 2401/288/780
f 2402/289/779 2403/290/778 2401/288/780
f 2402/289/779 2404/291/777 2403/290/778
f 2404/291/777 2371/258/776 2403/290/778
f 2404/291/777 2369/256/776 2371/258/776
f 2350/292/99 2405/293/758 2349/294/99
f 2350/292/99 2406/295/758 2405/293/758
f 2406/295/758 2407/296/757 2405/293/758
f 2406/295/758 2408/297/757 2407/296/757
f 2408/297/757 2409/298/756 2407/296/757
f 2408/297/757 2410/299/756 2409/298/756
f 2410/299/756 2411/300/755 2409/298/756
f 2410/299/756 2412/301/755 2411/300/755
f 2412/301/755 2413/302/772 2411/300/755
f 2412/301/755 2414/303/771 2413/302/772
f 2414/303/771 2415/304/770 2413/302/772
f 2414/303/771 2416/305/769 2415/304/770
f 2416/305/769 2417/306/768 2415/304/770
f 2416/305/769 2418/307/768 2417/306/768
f 2418/307/768 2419/308/767 2417/306/768
f 2418/307/768 2420/309/767 2419/308/767
f 2420/309/767 2389/276/766 2419/308/767
f 2420/309/767 2387/274/766 2389/276/766
f 208/189/1470 2421/188/1471 206/72/1472
f 206/72/1472 2421/188/1471 2422/190/1473
f 206/72/1472 2422/190/1473 2423/75/1474
f 2424/191/1475 2423/75/1474 2422/190/1473
f 2424/191/1475 2425/76/1476 2423/75/1474
f 2426/192/1477 2425/76/1476 2424/191/1475
f 2426/192/1477 2427/77/1478 2425/76/1476
f 2428/193/1479 2427/77/1478 2426/192/1477
f 2428/193/1479 2429/78/1480 2427/77/1478
f 2428/193/1479 2430/194/1481 2429/78/1480
f 2314/48/1482 1267/49/1482 1459/47/1482
f 2314/48/1482 1266/26/1482 1267/49/1482
f 469/320/1483 2431/496/1484 467/340/1483
f 469/320/1483 1997/319/1484 2431/496/1484
f 2003/327/1485 2431/496/1484 1997/319/1484
f 2003/327/1485 2432/497/1486 2431/496/1484
f 2003/327/1485 2094/493/1487 2432/497/1486
f 2003/327/1485 2004/328/1487 2094/493/1487
f 2433/400/1488 2434/401/1489 2435/402/1488
f 2433/400/1488 2436/403/1489 2434/401/1489
f 2436/403/1489 2437/404/1490 2434/401/1489
f 2436/403/1489 2438/405/1491 2437/404/1490
f 2438/405/1491 2439/406/1492 2437/404/1490
f 2438/405/1491 2440/407/1492 2439/406/1492
f 2440/407/1492 2441/408/1493 2439/406/1492
f 2440/407/1492 2442/409/1493 2441/408/1493
f 2442/409/1493 2443/410/1494 2441/408/1493
f 2442/409/1493 2444/411/1494 2443/410/1494
f 2444/411/1494 2445/412/1495 2443/410/1494
f 2444/411/1494 2446/413/1495 2445/412/1495
f 2446/413/1495 2447/414/1496 2445/412/1495
f 2446/413/1495 2448/415/1496 2447/414/1496
f 2448/415/1496 2449/416/41 2447/414/1496
f 2448/415/1496 2450/417/41 2449/416/41
f 2451/418/1497 2452/419/1498 2453/420/1499
f 2451/418/1497 2454/421/1498 2452/419/1498
f 2454/421/1498 2455/422/1500 2452/419/1498
f 2454/421/1498 2456/423/1500 2455/422/1500
f 2456/423/1500 2457/424/1501 2455/422/1500
f 2456/423/1500 2458/425/1501 2457/424/1501
f 2458/425/1501 2459/426/1502 2457/424/1501
f 2458/425/1501 2460/427/1502 2459/426/1502
f 2460/427/1502 2461/428/1503 2459/426/1502
f 2460/427/1502 2462/429/1503 2461/428/1503
f 2462/429/1503 2463/430/40 2461/428/1503
f 2462/429/1503 2464/431/40 2463/430/40
f 2464/431/40 2465/432/1504 2463/430/40
f 2464/431/40 2466/433/1504 2465/432/1504
f 2466/433/1504 2467/434/1505 2465/432/1504
f 2466/433/1504 2468/435/1505 2467/434/1505
f 2468/435/1505 2435/402/1488 2467/434/1505
f 2468/435/1505 2433/400/1488 2435/402/1488
f 2469/436/1506 2470/437/1507 2471/438/1506
f 2469/436/1506 2472/439/1507 2470/437/1507
f 2472/439/1507 2473/440/1508 2470/437/1507
f 2472/439/1507 2474/441/1508 2473/440/1508
f 2474/441/1508 2475/442/1509 2473/440/1508
f 2474/441/1508 2476/443/1509 2475/442/1509
f 2476/443/1509 2477/444/61 2475/442/1509
f 2476/443/1509 2478/445/61 2477/444/61
f 2478/445/61 2479/446/1510 2477/444/61
f 2478/445/61 2480/447/1510 2479/446/1510
f 2480/447/1510 2481/448/1511 2479/446/1510
f 2480/447/1510 2482/449/1511 2481/448/1511
f 2482/449/1511 2483/450/1512 2481/448/1511
f 2482/449/1511 2484/451/1512 2483/450/1512
f 2484/451/1512 2485/452/1513 2483/450/1512
f 2484/451/1512 2486/453/1513 2485/452/1513
f 2486/453/1513 2453/420/1499 2485/452/1513
f 2486/453/1513 2451/418/1497 2453/420/1499
f 2487/454/1514 2488/455/1515 2489/456/1514
f 2487/454/1514 2490/457/1515 2488/455/1515
f 2490/457/1515 2491/458/98 2488/455/1515
f 2490/457/1515 2492/459/98 2491/458/98
f 2492/459/98 2493/460/1516 2491/458/98
f 2492/459/98 2494/461/1516 2493/460/1516
f 2494/461/1516 2495/462/1517 2493/460/1516
f 2494/461/1516 2496/463/1517 2495/462/1517
f 2496/463/1517 2497/464/1518 2495/462/1517
f 2496/463/1517 2498/465/1518 2497/464/1518
f 2498/465/1518 2499/466/1519 2497/464/1518
f 2498/465/1518 2500/467/1519 2499/466/1519
f 2500/467/1519 2501/468/1520 2499/466/1519
f 2500/467/1519 2502/469/1520 2501/468/1520
f 2502/469/1520 2503/470/1521 2501/468/1520
f 2502/469/1520 2504/471/1521 2503/470/1521
f 2504/471/1521 2471/438/1506 2503/470/1521
f 2504/471/1521 2469/436/1506 2471/438/1506
f 2450/472/41 2505/473/1522 2449/474/41
f 2450/472/41 2506/475/1522 2505/473/1522
f 2506/475/1522 2507/476/1523 2505/473/1522
f 2506/475/1522 2508/477/1523 2507/476/1523
f 2508/477/1523 2509/478/1524 2507/476/1523
f 2508/477/1523 2510/479/1524 2509/478/1524
f 2510/479/1524 2511/480/1525 2509/478/1524
f 2510/479/1524 2512/481/1525 2511/480/1525
f 2512/481/1525 2513/482/1526 2511/480/1525
f 2512/481/1525 2514/483/1527 2513/482/1526
f 2514/483/1527 2515/484/1528 2513/482/1526
f 2514/483/1527 2516/485/1528 2515/484/1528
f 2516/485/1528 2517/486/1529 2515/484/1528
f 2516/485/1528 2518/487/1529 2517/486/1529
f 2518/487/1529 2519/488/1530 2517/486/1529
f 2518/487/1529 2520/489/1530 2519/488/1530
f 2520/489/1530 2489/456/1514 2519/488/1530
f 2520/489/1530 2487/454/1514 2489/456/1514
f 2521/498/1531 2522/490/1532 2523/210/1532
f 2521/498/1531 2523/210/1532 2524/209/1531
f 2525/217/1533 2521/498/1531 2524/209/1531
f 2525/217/1533 2526/499/1534 2521/498/1531
f 2032/495/1535 2526/499/1534 2525/217/1533
f 2032/495/1535 2525/217/1533 2030/218/1535
f 2522/490/1536 2527/211/1536 2523/210/1536
f 2522/490/1537 2528/491/1537 2527/211/1537
f 2430/196/1538 203/79/1539 2429/78/1540
f 2430/196/1538 2053/195/1539 203/79/1539
f 2529/338/1541 2530/337/1541 2531/339/1541
f 2529/338/1541 2532/336/1541 2530/337/1541
f 2533/332/1542 2534/342/1542 2535/330/1542
f 2533/332/1542 2536/343/1542 2534/342/1542
f 2537/351/1543 2538/207/1543 2539/208/1543
f 2537/351/1543 2540/352/1543 2538/207/1543
f 2541/398/1544 2542/200/1544 2543/199/1544
f 2541/398/1544 2544/399/1544 2542/200/1544
f 2545/220/1501 2546/221/1500 2547/222/1501
f 2545/220/1501 2548/223/1500 2546/221/1500
f 2548/223/1500 2549/224/1545 2546/221/1500
f 2548/223/1500 2550/225/1498 2549/224/1545
f 2550/225/1498 2551/226/1497 2549/224/1545
f 2550/225/1498 2552/227/1499 2551/226/1497
f 2552/227/1499 2553/228/1513 2551/226/1497
f 2552/227/1499 2554/229/1513 2553/228/1513
f 2554/229/1513 2555/230/1512 2553/228/1513
f 2554/229/1513 2556/231/1512 2555/230/1512
f 2556/231/1512 2557/232/1511 2555/230/1512
f 2556/231/1512 2558/233/1511 2557/232/1511
f 2558/233/1511 2559/234/1510 2557/232/1511
f 2558/233/1511 2560/235/1510 2559/234/1510
f 2560/235/1510 2561/236/61 2559/234/1510
f 2560/235/1510 2562/237/61 2561/236/61
f 2563/238/1546 2564/239/1491 2565/240/1492
f 2563/238/1546 2566/241/1490 2564/239/1491
f 2566/241/1490 2567/242/1489 2564/239/1491
f 2566/241/1490 2568/243/1489 2567/242/1489
f 2568/243/1489 2569/244/1488 2567/242/1489
f 2568/243/1489 2570/245/1488 2569/244/1488
f 2570/245/1488 2571/246/1505 2569/244/1488
f 2570/245/1488 2572/247/1505 2571/246/1505
f 2572/247/1505 2573/248/1504 2571/246/1505
f 2572/247/1505 2574/249/1504 2573/248/1504
f 2574/249/1504 2575/250/40 2573/248/1504
f 2574/249/1504 2576/251/40 2575/250/40
f 2576/251/40 2577/252/1503 2575/250/40
f 2576/251/40 2578/253/1503 2577/252/1503
f 2578/253/1503 2579/254/1502 2577/252/1503
f 2578/253/1503 2580/255/1502 2579/254/1502
f 2580/255/1502 2547/222/1501 2579/254/1502
f 2580/255/1502 2545/220/1501 2547/222/1501
f 2581/256/1525 2582/257/1524 2583/258/1525
f 2581/256/1525 2584/259/1524 2582/257/1524
f 2584/259/1524 2585/260/1523 2582/257/1524
f 2584/259/1524 2586/261/1523 2585/260/1523
f 2586/261/1523 2587/262/1522 2585/260/1523
f 2586/261/1523 2588/263/1522 2587/262/1522
f 2588/263/1522 2589/264/41 2587/262/1522
f 2588/263/1522 2590/265/41 2589/264/41
f 2590/265/41 2591/266/1496 2589/264/41
f 2590/265/41 2592/267/1496 2591/266/1496
f 2592/267/1496 2593/268/1495 2591/266/1496
f 2592/267/1496 2594/269/1495 2593/268/1495
f 2594/269/1495 2595/270/1494 2593/268/1495
f 2594/269/1495 2596/271/1494 2595/270/1494
f 2596/271/1494 2597/272/1493 2595/270/1494
f 2596/271/1494 2598/273/1493 2597/272/1493
f 2598/273/1493 2565/240/1492 2597/272/1493
f 2598/273/1493 2563/238/1546 2565/240/1492
f 2599/274/1517 2600/275/1516 2601/276/1517
f 2599/274/1517 2602/277/1516 2600/275/1516
f 2602/277/1516 2603/278/98 2600/275/1516
f 2602/277/1516 2604/279/98 2603/278/98
f 2604/279/98 2605/280/1515 2603/278/98
f 2604/279/98 2606/281/1515 2605/280/1515
f 2606/281/1515 2607/282/1514 2605/280/1515
f 2606/281/1515 2608/283/1514 2607/282/1514
f 2608/283/1514 2609/284/1530 2607/282/1514
f 2608/283/1514 2610/285/1530 2609/284/1530
f 2610/285/1530 2611/286/1529 2609/284/1530
f 2610/285/1530 2612/287/1529 2611/286/1529
f 2612/287/1529 2613/288/1528 2611/286/1529
f 2612/287/1529 2614/289/1547 2613/288/1528
f 2614/289/1547 2615/290/1527 2613/288/1528
f 2614/289/1547 2616/291/1526 2615/290/1527
f 2616/291/1526 2583/258/1525 2615/290/1527
f 2616/291/1526 2581/256/1525 2583/258/1525
f 2562/292/61 2617/293/1509 2561/294/61
f 2562/292/61 2618/295/1509 2617/293/1509
f 2618/295/1509 2619/296/1508 2617/293/1509
f 2618/295/1509 2620/297/1508 2619/296/1508
f 2620/297/1508 2621/298/1507 2619/296/1508
f 2620/297/1508 2622/299/1507 2621/298/1507
f 2622/299/1507 2623/300/1506 2621/298/1507
f 2622/299/1507 2624/301/1506 2623/300/1506
f 2624/301/1506 2625/302/1521 2623/300/1506
f 2624/301/1506 2626/303/1548 2625/302/1521
f 2626/303/1548 2627/304/1549 2625/302/1521
f 2626/303/1548 2628/305/1520 2627/304/1549
f 2628/305/1520 2629/306/1519 2627/304/1549
f 2628/305/1520 2630/307/1519 2629/306/1519
f 2630/307/1519 2631/308/1518 2629/306/1519
f 2630/307/1519 2632/309/1518 2631/308/1518
f 2632/309/1518 2601/276/1517 2631/308/1518
f 2632/309/1518 2599/274/1517 2601/276/1517
f 2633/400/735 2634/401/736 2635/402/735
f 2633/400/735 2636/403/736 2634/401/736
f 2636/403/736 2637/404/737 2634/401/736
f 2636/403/736 2638/405/737 2637/404/737
f 2638/405/737 2639/406/739 2637/404/737
f 2638/405/737 2640/407/740 2639/406/739
f 2640/407/740 2641/408/741 2639/406/739
f 2640/407/740 2642/409/741 2641/408/741
f 2642/409/741 2643/410/742 2641/408/741
f 2642/409/741 2644/411/742 2643/410/742
f 2644/411/742 2645/412/743 2643/410/742
f 2644/411/742 2646/413/743 2645/412/743
f 2646/413/743 2647/414/744 2645/412/743
f 2646/413/743 2648/415/744 2647/414/744
f 2648/415/744 2649/416/60 2647/414/744
f 2648/415/744 2650/417/60 2649/416/60
f 2651/418/745 2652/419/746 2653/420/745
f 2651/418/745 2654/421/746 2652/419/746
f 2654/421/746 2655/422/749 2652/419/746
f 2654/421/746 2656/423/749 2655/422/749
f 2656/423/749 2657/424/750 2655/422/749
f 2656/423/749 2658/425/750 2657/424/750
f 2658/425/750 2659/426/751 2657/424/750
f 2658/425/750 2660/427/751 2659/426/751
f 2660/427/751 2661/428/752 2659/426/751
f 2660/427/751 2662/429/752 2661/428/752
f 2662/429/752 2663/430/98 2661/428/752
f 2662/429/752 2664/431/98 2663/430/98
f 2664/431/98 2665/432/753 2663/430/98
f 2664/431/98 2666/433/753 2665/432/753
f 2666/433/753 2667/434/754 2665/432/753
f 2666/433/753 2668/435/754 2667/434/754
f 2668/435/754 2635/402/735 2667/434/754
f 2668/435/754 2633/400/735 2635/402/735
f 2669/436/755 2670/437/756 2671/438/755
f 2669/436/755 2672/439/756 2670/437/756
f 2672/439/756 2673/440/757 2670/437/756
f 2672/439/756 2674/441/757 2673/440/757
f 2674/441/757 2675/442/758 2673/440/757
f 2674/441/757 2676/443/758 2675/442/758
f 2676/443/758 2677/444/99 2675/442/758
f 2676/443/758 2678/445/99 2677/444/99
f 2678/445/99 2679/446/759 2677/444/99
f 2678/445/99 2680/447/759 2679/446/759
f 2680/447/759 2681/448/760 2679/446/759
f 2680/447/759 2682/449/760 2681/448/760
f 2682/449/760 2683/450/761 2681/448/760
f 2682/449/760 2684/451/761 2683/450/761
f 2684/451/761 2685/452/762 2683/450/761
f 2684/451/761 2686/453/762 2685/452/762
f 2686/453/762 2653/420/745 2685/452/762
f 2686/453/762 2651/418/745 2653/420/745
f 2687/454/763 2688/455/764 2689/456/763
f 2687/454/763 2690/457/764 2688/455/764
f 2690/457/764 2691/458/40 2688/455/764
f 2690/457/764 2692/459/40 2691/458/40
f 2692/459/40 2693/460/765 2691/458/40
f 2692/459/40 2694/461/765 2693/460/765
f 2694/461/765 2695/462/766 2693/460/765
f 2694/461/765 2696/463/766 2695/462/766
f 2696/463/766 2697/464/767 2695/462/766
f 2696/463/766 2698/465/767 2697/464/767
f 2698/465/767 2699/466/768 2697/464/767
f 2698/465/767 2700/467/768 2699/466/768
f 2700/467/768 2701/468/769 2699/466/768
f 2700/467/768 2702/469/769 2701/468/769
f 2702/469/769 2703/470/771 2701/468/769
f 2702/469/769 2704/471/772 2703/470/771
f 2704/471/772 2671/438/755 2703/470/771
f 2704/471/772 2669/436/755 2671/438/755
f 2650/472/60 2705/473/773 2649/474/60
f 2650/472/60 2706/475/773 2705/473/773
f 2706/475/773 2707/476/774 2705/473/773
f 2706/475/773 2708/477/774 2707/476/774
f 2708/477/774 2709/478/775 2707/476/774
f 2708/477/774 2710/479/775 2709/478/775
f 2710/479/775 2711/480/776 2709/478/775
f 2710/479/775 2712/481/776 2711/480/776
f 2712/481/776 2713/482/778 2711/480/776
f 2712/481/776 2714/483/778 2713/482/778
f 2714/483/778 2715/484/779 2713/482/778
f 2714/483/778 2716/485/779 2715/484/779
f 2716/485/779 2717/486/781 2715/484/779
f 2716/485/779 2718/487/781 2717/486/781
f 2718/487/781 2719/488/782 2717/486/781
f 2718/487/781 2720/489/782 2719/488/782
f 2720/489/782 2689/456/763 2719/488/782
f 2720/489/782 2687/454/763 2689/456/763
f 2535/330/1550 2721/331/1551 2533/332/1550
f 2535/330/1550 2722/333/1551 2721/331/1551
f 2723/335/1552 2721/331/1551 2722/333/1551
f 2723/335/1552 2724/334/1553 2721/331/1551
f 2723/335/1552 2532/336/1554 2724/334/1553
f 2723/335/1552 2530/337/1554 2532/336/1554
f 2543/199/1555 2725/500/1556 2541/398/1555
f 2543/199/1555 2726/198/1556 2725/500/1556
f 2727/206/1557 2725/500/1556 2726/198/1556
f 2727/206/1557 2728/501/1558 2725/500/1556
f 2727/206/1557 2540/352/1559 2728/501/1558
f 2727/206/1557 2538/207/1559 2540/352/1559
f 2332/495/1560 2729/217/1561 2330/218/1560
f 2332/495/1560 2730/499/1562 2729/217/1561
f 2729/217/1561 2730/499/1562 2731/498/1563
f 2729/217/1561 2731/498/1563 2732/209/1563
f 2731/498/1563 2319/210/1564 2732/209/1563
f 2731/498/1563 2317/490/1564 2319/210/1564
f 1332/44/1565 1917/43/1565 296/45/1565
f 1332/44/1565 1329/46/1565 1917/43/1565
f 206/72/61 205/73/61 209/74/61
f 2423/75/61 205/73/61 206/72/61
f 2425/76/61 205/73/61 2423/75/61
f 2427/77/61 205/73/61 2425/76/61
f 2429/78/61 205/73/61 2427/77/61
f 203/79/61 205/73/61 2429/78/61
f 1340/36/1566 1337/37/1566 1481/34/1567
f 1340/36/1568 1481/34/1567 2733/35/1567
f 2734/33/1569 2733/35/1567 1481/34/1567
f 2734/33/1569 1481/34/1567 1482/30/1570
f 2734/33/1569 1482/30/1570 2735/32/1571
f 1482/30/1570 2736/31/1572 2735/32/1571
f 1482/30/1570 2737/27/1573 2736/31/1572
f 1482/30/1570 1483/29/1574 2737/27/1573
f 1483/29/1574 1456/28/1575 2737/27/1573
f 1483/29/1574 1457/26/1576 1456/28/1575
f 2316/495/1577 275/217/1578 276/218/1577
f 2316/495/1577 2738/499/1579 275/217/1578
f 2738/499/1579 267/209/1580 275/217/1578
f 2738/499/1579 2739/498/1581 267/209/1580
f 2739/498/1581 268/210/1582 267/209/1580
f 2739/498/1581 1211/490/1582 268/210/1582
f 2035/199/1583 2740/500/1584 2033/398/1583
f 2035/199/1583 2037/198/1585 2740/500/1584
f 2741/501/1586 2740/500/1584 2037/198/1585
f 2741/501/1586 2037/198/1585 2043/206/1587
f 2043/206/1587 502/352/1588 2741/501/1586
f 2043/206/1587 500/207/1588 502/352/1588
f 2327/320/1589 2742/496/1590 2325/340/1589
f 2327/320/1589 2743/319/1590 2742/496/1590
f 2744/327/1591 2742/496/1590 2743/319/1590
f 2744/327/1591 2745/497/1592 2742/496/1590
f 2744/327/1591 2324/493/1593 2745/497/1592
f 2744/327/1591 2322/328/1593 2324/493/1593
f 2103/70/1594 912/43/1595 914/46/1596
f 2103/70/1594 914/46/1596 927/11/1594
f 927/11/1594 2746/14/1597 2103/70/1594
f 2747/15/1598 2103/70/1594 2746/14/1597
f 2748/19/1597 2103/70/1594 2747/15/1598
f 2103/70/1594 2748/19/1597 929/21/1599
f 919/42/1600 2103/70/1594 929/21/1599
f 919/42/1600 929/21/1599 920/39/1601
f 926/13/1602 2746/14/1603 927/11/1604
f 926/13/1602 2749/12/1605 2746/14/1603
f 2750/16/1606 2746/14/1603 2749/12/1605
f 2750/16/1606 2747/15/1607 2746/14/1603
f 2750/16/1606 2751/17/1608 2747/15/1607
f 2747/15/1607 2751/17/1608 2752/18/1609
f 2747/15/1607 2752/18/1609 2753/20/1610
f 2753/20/1610 2748/19/1611 2747/15/1607
f 928/22/1612 2748/19/1611 2753/20/1610
f 928/22/1613 929/21/1613 2748/19/1611
f 209/159/1614 239/6/1614 207/187/1614
f 924/37/1615 2754/35/1616 922/36/1617
f 924/37/1615 2755/34/1618 2754/35/1616
f 2755/34/1618 2756/33/1619 2754/35/1616
f 2755/34/1618 2757/32/1620 2756/33/1619
f 2755/34/1618 2758/30/1621 2757/32/1620
f 2758/30/1621 2759/31/1622 2757/32/1620
f 2758/30/1621 2760/27/1623 2759/31/1622
f 2758/30/1621 2761/29/1624 2760/27/1623
f 2761/29/1624 2100/28/1625 2760/27/1623
f 2761/29/1624 2101/26/1626 2100/28/1625
f 2102/71/1627 950/25/1628 948/49/1629
f 2102/71/1627 948/49/1629 2101/26/1630
f 2102/71/1627 2101/26/1630 2761/29/1631
f 2102/71/1627 2761/29/1631 2758/30/1627
f 2102/71/1627 2758/30/1627 2755/34/1632
f 2755/34/1632 924/37/1633 2102/71/1627
f 1758/9/1634 2102/71/1627 924/37/1633
f 1758/9/1634 924/37/1633 923/8/1635
f 1915/9/1636 1630/37/1637 1629/8/1638
f 1915/9/1636 1914/71/1639 1630/37/1637
f 1990/34/1640 1630/37/1637 1914/71/1639
f 1914/71/1639 1993/30/1639 1990/34/1640
f 1914/71/1639 1996/29/1641 1993/30/1639
f 1914/71/1639 1611/26/1642 1996/29/1641
f 1914/71/1639 1609/49/1643 1611/26/1642
f 1914/71/1639 1651/25/1644 1609/49/1643
f 2524/209/1645 2523/210/1646 2527/211/1646
f 2524/209/1645 2527/211/1646 2762/212/1647
f 2524/209/1645 2762/212/1647 2763/213/1647
f 2524/209/1645 2763/213/1647 2764/214/1647
f 2524/209/1645 2764/214/1647 2765/215/1647
f 2524/209/1645 2765/215/1647 2766/216/1646
f 2766/216/1646 2525/217/1648 2524/209/1645
f 2766/216/1646 2030/218/1646 2525/217/1648
f 2766/216/1646 2031/219/1646 2030/218/1646
f 2743/319/1649 2327/320/1650 2326/321/1650
f 2743/319/1649 2326/321/1650 2767/322/1651
f 2743/319/1649 2767/322/1651 2768/323/1651
f 2743/319/1649 2768/323/1651 2769/324/1651
f 2743/319/1649 2769/324/1651 2770/325/1651
f 2743/319/1649 2770/325/1651 2771/326/1650
f 2771/326/1650 2744/327/1652 2743/319/1649
f 2771/326/1650 2322/328/1650 2744/327/1652
f 2771/326/1650 2323/329/1650 2322/328/1650
f 2732/209/1653 2319/210/1654 2318/211/1654
f 2732/209/1653 2318/211/1654 2772/212/1655
f 2732/209/1653 2772/212/1655 2773/213/1655
f 2732/209/1653 2773/213/1655 2774/214/1655
f 2732/209/1653 2774/214/1655 2775/215/1655
f 2732/209/1653 2775/215/1655 2776/216/1654
f 2776/216/1654 2729/217/1656 2732/209/1653
f 2776/216/1654 2330/218/1654 2729/217/1656
f 2776/216/1654 2331/219/1654 2330/218/1654
f 2726/198/1657 2543/199/1658 2542/200/1658
f 2726/198/1657 2542/200/1658 2777/201/1659
f 2726/198/1657 2777/201/1659 2778/202/1659
f 2726/198/1657 2778/202/1659 2779/203/1659
f 2726/198/1657 2779/203/1659 2780/204/1658
f 2726/198/1657 2780/204/1658 2781/205/1660
f 2781/205/1660 2727/206/1661 2726/198/1657
f 2781/205/1660 2538/207/1658 2727/206/1661
f 2781/205/1660 2539/208/1658 2538/207/1658
f 2722/333/1662 2535/330/1663 2534/342/1663
f 2722/333/1662 2534/342/1663 2782/346/1664
f 2722/333/1662 2782/346/1664 2783/347/1664
f 2722/333/1662 2783/347/1664 2784/348/1664
f 2722/333/1662 2784/348/1664 2785/349/1663
f 2722/333/1662 2785/349/1663 2786/350/1665
f 2786/350/1665 2723/335/1666 2722/333/1662
f 2786/350/1665 2530/337/1663 2723/335/1666
f 2786/350/1665 2531/339/1663 2530/337/1663
f 2787/388/60 2788/382/60 2789/381/60
f 2787/388/60 2790/383/60 2788/382/60
f 2787/388/60 2791/384/60 2790/383/60
f 2787/388/60 2792/385/60 2791/384/60
f 2787/388/60 2793/386/60 2792/385/60
f 2787/388/60 2794/387/1667 2793/386/60
f 2787/388/60 2795/372/60 2796/371/60
f 2787/388/60 2797/373/60 2795/372/60
f 2787/388/60 2798/374/60 2797/373/60
f 2787/388/60 2799/375/60 2798/374/60
f 2787/388/60 2800/376/60 2799/375/60
f 2787/388/60 2801/377/60 2800/376/60
f 2787/388/60 2802/378/60 2801/377/60
f 2787/388/60 2803/355/60 2802/378/60
f 2787/388/60 2804/354/60 2803/355/60
f 2787/388/60 2805/356/60 2804/354/60
f 2787/388/60 2806/357/60 2805/356/60
f 2787/388/60 2807/358/60 2806/357/60
f 2787/388/60 2808/359/60 2807/358/60
f 2787/388/60 2809/360/60 2808/359/60
f 2787/388/60 2810/353/60 2809/360/60
f 2787/388/60 2811/380/60 2810/353/60
f 2787/388/60 2812/379/60 2811/380/60
f 2787/388/60 2789/381/60 2812/379/60
f 2787/388/60 2813/390/60 2814/389/60
f 2787/388/60 2815/391/60 2813/390/60
f 2787/388/60 2816/392/60 2815/391/60
f 2787/388/60 2817/393/60 2816/392/60
f 2787/388/60 2818/394/60 2817/393/60
f 2787/388/60 2819/395/60 2818/394/60
f 2787/388/60 2820/396/60 2819/395/60
f 2787/388/60 2821/362/60 2820/396/60
f 2787/388/60 2822/361/60 2821/362/60
f 2787/388/60 2823/363/60 2822/361/60
f 2787/388/60 2824/364/60 2823/363/60
f 2787/388/60 2825/365/60 2824/364/60
f 2787/388/60 2826/366/60 2825/365/60
f 2787/388/60 2827/367/60 2826/366/60
f 2787/388/60 2828/368/60 2827/367/60
f 2787/388/60 2829/369/60 2828/368/60
f 2787/388/60 2830/370/60 2829/369/60
f 2787/388/60 2796/371/60 2830/370/60
f 1494/24/1668 279/25/1668 281/23/1668
f 385/716/98 594/717/98 592/715/98
f 385/716/98 383/718/98 594/717/98
f 383/718/98 596/719/98 594/717/98
f 383/718/98 381/720/98 596/719/98
f 381/720/98 598/721/98 596/719/98
f 381/720/98 379/722/98 598/721/98
f 379/722/98 600/723/98 598/721/98
f 379/722/98 377/690/98 600/723/98
f 377/690/98 602/692/98 600/723/98
f 377/690/98 375/691/98 602/692/98
f 375/691/98 604/693/98 602/692/98
f 375/691/98 319/694/98 604/693/98
f 319/694/98 660/695/98 604/693/98
f 319/694/98 317/696/98 660/695/98
f 317/696/98 662/697/98 660/695/98
f 317/696/98 315/698/98 662/697/98
f 369/644/98 612/645/98 610/643/98
f 369/644/98 367/646/98 612/645/98
f 367/646/98 614/647/98 612/645/98
f 367/646/98 365/648/98 614/647/98
f 365/648/98 616/649/98 614/647/98
f 365/648/98 363/650/98 616/649/98
f 363/650/98 618/651/98 616/649/98
f 363/650/98 361/652/98 618/651/98
f 361/652/98 620/653/98 618/651/98
f 361/652/98 359/708/98 620/653/98
f 359/708/98 622/709/98 620/653/98
f 359/708/98 356/710/98 622/709/98
f 356/710/98 587/711/98 622/709/98
f 356/710/98 389/712/98 587/711/98
f 389/712/98 590/713/98 587/711/98
f 389/712/98 387/714/98 590/713/98
f 387/714/98 592/715/98 590/713/98
f 387/714/98 385/716/98 592/715/98
f 351/662/98 630/663/98 628/661/98
f 351/662/98 349/664/98 630/663/98
f 349/664/98 632/665/98 630/663/98
f 349/664/98 347/666/98 632/665/98
f 347/666/98 634/667/98 632/665/98
f 347/666/98 345/668/98 634/667/98
f 345/668/98 636/669/98 634/667/98
f 345/668/98 343/670/98 636/669/98
f 343/670/98 638/671/98 636/669/98
f 343/670/98 341/636/98 638/671/98
f 341/636/98 640/638/98 638/671/98
f 341/636/98 338/637/98 640/638/98
f 338/637/98 605/639/98 640/638/98
f 338/637/98 373/640/98 605/639/98
f 373/640/98 608/641/98 605/639/98
f 373/640/98 371/642/98 608/641/98
f 371/642/98 610/643/98 608/641/98
f 371/642/98 369/644/98 610/643/98
f 333/680/98 648/681/98 646/679/98
f 333/680/98 331/682/98 648/681/98
f 331/682/98 650/683/98 648/681/98
f 331/682/98 329/684/98 650/683/98
f 329/684/98 652/685/98 650/683/98
f 329/684/98 327/686/98 652/685/98
f 327/686/98 654/687/98 652/685/98
f 327/686/98 325/688/98 654/687/98
f 325/688/98 656/689/98 654/687/98
f 325/688/98 323/654/98 656/689/98
f 323/654/98 658/656/98 656/689/98
f 323/654/98 320/655/98 658/656/98
f 320/655/98 623/657/98 658/656/98
f 320/655/98 355/658/98 623/657/98
f 355/658/98 626/659/98 623/657/98
f 355/658/98 353/660/98 626/659/98
f 353/660/98 628/661/98 626/659/98
f 353/660/98 351/662/98 628/661/98
f 315/698/98 664/699/98 662/697/98
f 315/698/98 313/700/98 664/699/98
f 313/700/98 666/701/98 664/699/98
f 313/700/98 311/702/98 666/701/98
f 311/702/98 668/703/98 666/701/98
f 311/702/98 309/704/98 668/703/98
f 309/704/98 670/705/98 668/703/98
f 309/704/98 307/706/98 670/705/98
f 307/706/98 672/707/98 670/705/98
f 307/706/98 305/672/98 672/707/98
f 305/672/98 674/674/98 672/707/98
f 305/672/98 302/673/98 674/674/98
f 302/673/98 641/675/98 674/674/98
f 302/673/98 337/676/98 641/675/98
f 337/676/98 644/677/98 641/675/98
f 337/676/98 335/678/98 644/677/98
f 335/678/98 646/679/98 644/677/98
f 335/678/98 333/680/98 646/679/98
f 589/711/1669 2831/725/1670 2832/726/1669
f 589/711/1669 588/713/1670 2831/725/1670
f 588/713/1670 2833/727/1671 2831/725/1670
f 588/713/1670 591/715/1671 2833/727/1671
f 591/715/1671 2834/728/1672 2833/727/1671
f 591/715/1671 593/717/1672 2834/728/1672
f 593/717/1672 2835/729/1673 2834/728/1672
f 593/717/1672 595/719/1673 2835/729/1673
f 595/719/1673 2836/730/1674 2835/729/1673
f 595/719/1673 597/721/1674 2836/730/1674
f 597/721/1674 2837/731/1675 2836/730/1674
f 597/721/1674 599/723/1675 2837/731/1675
f 599/723/1675 2838/732/1676 2837/731/1675
f 599/723/1675 601/692/1676 2838/732/1676
f 601/692/1676 2839/733/1677 2838/732/1676
f 601/692/1676 603/693/1677 2839/733/1677
f 607/639/1678 2840/734/1679 2841/735/1678
f 607/639/1678 606/641/1679 2840/734/1679
f 606/641/1679 2842/736/1680 2840/734/1679
f 606/641/1679 609/643/1680 2842/736/1680
f 609/643/1680 2843/737/1681 2842/736/1680
f 609/643/1680 611/645/1681 2843/737/1681
f 611/645/1681 2844/738/1682 2843/737/1681
f 611/645/1681 613/647/1682 2844/738/1682
f 613/647/1682 2845/739/1683 2844/738/1682
f 613/647/1682 615/649/1683 2845/739/1683
f 615/649/1683 2846/740/1684 2845/739/1683
f 615/649/1683 617/651/1684 2846/740/1684
f 617/651/1684 2847/741/1685 2846/740/1684
f 617/651/1684 619/653/1685 2847/741/1685
f 619/653/1685 2848/742/1686 2847/741/1685
f 619/653/1685 621/709/1686 2848/742/1686
f 621/709/1686 2832/726/1669 2848/742/1686
f 621/709/1686 589/711/1669 2832/726/1669
f 625/657/1687 2849/743/1688 2850/744/1687
f 625/657/1687 624/659/1688 2849/743/1688
f 624/659/1688 2851/745/1689 2849/743/1688
f 624/659/1688 627/661/1689 2851/745/1689
f 627/661/1689 2852/746/1690 2851/745/1689
f 627/661/1689 629/663/1690 2852/746/1690
f 629/663/1690 2853/747/1691 2852/746/1690
f 629/663/1690 631/665/1691 2853/747/1691
f 631/665/1691 2854/748/1692 2853/747/1691
f 631/665/1691 633/667/1692 2854/748/1692
f 633/667/1692 2855/749/1693 2854/748/1692
f 633/667/1692 635/669/1694 2855/749/1693
f 635/669/1694 2856/750/1695 2855/749/1693
f 635/669/1694 637/671/1695 2856/750/1695
f 637/671/1695 2857/751/1696 2856/750/1695
f 637/671/1695 639/638/1696 2857/751/1696
f 639/638/1696 2841/735/1678 2857/751/1696
f 639/638/1696 607/639/1678 2841/735/1678
f 643/675/1697 2858/752/1698 2859/753/1697
f 643/675/1697 642/677/1698 2858/752/1698
f 642/677/1698 2860/754/1699 2858/752/1698
f 642/677/1698 645/679/1699 2860/754/1699
f 645/679/1699 2861/755/1700 2860/754/1699
f 645/679/1699 647/681/1700 2861/755/1700
f 647/681/1700 2862/756/1701 2861/755/1700
f 647/681/1700 649/683/1701 2862/756/1701
f 649/683/1701 2863/757/1702 2862/756/1701
f 649/683/1701 651/685/1702 2863/757/1702
f 651/685/1702 2864/758/1703 2863/757/1702
f 651/685/1702 653/687/1703 2864/758/1703
f 653/687/1703 2865/759/1704 2864/758/1703
f 653/687/1703 655/689/1704 2865/759/1704
f 655/689/1704 2866/760/1705 2865/759/1704
f 655/689/1704 657/656/1705 2866/760/1705
f 657/656/1705 2850/744/1687 2866/760/1705
f 657/656/1705 625/657/1687 2850/744/1687
f 603/693/1677 2867/761/1706 2839/733/1677
f 603/693/1677 659/695/1706 2867/761/1706
f 659/695/1706 2868/762/1707 2867/761/1706
f 659/695/1706 661/697/1707 2868/762/1707
f 661/697/1707 2869/763/1708 2868/762/1707
f 661/697/1707 663/699/1708 2869/763/1708
f 663/699/1708 2870/764/1709 2869/763/1708
f 663/699/1708 665/701/1709 2870/764/1709
f 665/701/1709 2871/765/1710 2870/764/1709
f 665/701/1709 667/703/1710 2871/765/1710
f 667/703/1710 2872/766/1711 2871/765/1710
f 667/703/1710 669/705/1711 2872/766/1711
f 669/705/1711 2873/767/1712 2872/766/1711
f 669/705/1711 671/707/1712 2873/767/1712
f 671/707/1712 2874/768/1713 2873/767/1712
f 671/707/1712 673/674/1713 2874/768/1713
f 673/674/1713 2859/753/1697 2874/768/1713
f 673/674/1713 643/675/1697 2859/753/1697
f 1722/400/253 2875/401/254 2876/402/253
f 1722/400/253 1723/403/254 2875/401/254
f 1723/403/254 2877/404/255 2875/401/254
f 1723/403/254 1724/405/255 2877/404/255
f 1724/405/255 2878/406/257 2877/404/255
f 1724/405/255 1725/407/258 2878/406/257
f 1725/407/258 2879/408/241 2878/406/257
f 1725/407/258 1726/409/241 2879/408/241
f 1726/409/241 2880/410/242 2879/408/241
f 1726/409/241 1727/411/242 2880/410/242
f 1727/411/242 2881/412/243 2880/410/242
f 1727/411/242 1728/413/243 2881/412/243
f 1728/413/243 2882/414/244 2881/412/243
f 1728/413/243 1712/415/244 2882/414/244
f 1712/415/244 2883/416/41 2882/414/244
f 1712/415/244 1713/417/41 2883/416/41
f 1686/418/264 2884/419/265 2885/420/264
f 1686/418/264 1687/421/265 2884/419/265
f 1687/421/265 2886/422/267 2884/419/265
f 1687/421/265 1688/423/267 2886/422/267
f 1688/423/267 2887/424/268 2886/422/267
f 1688/423/267 1689/425/268 2887/424/268
f 1689/425/268 2888/426/249 2887/424/268
f 1689/425/268 1690/427/249 2888/426/249
f 1690/427/249 2889/428/250 2888/426/249
f 1690/427/249 1691/429/250 2889/428/250
f 1691/429/250 2890/430/60 2889/428/250
f 1691/429/250 1692/431/60 2890/430/60
f 1692/431/60 2891/432/251 2890/430/60
f 1692/431/60 1693/433/251 2891/432/251
f 1693/433/251 2892/434/252 2891/432/251
f 1693/433/251 1721/435/252 2892/434/252
f 1721/435/252 2876/402/253 2892/434/252
f 1721/435/252 1722/400/253 2876/402/253
f 1695/436/227 2893/437/228 2894/438/227
f 1695/436/227 1696/439/228 2893/437/228
f 1696/439/228 2895/440/229 2893/437/228
f 1696/439/228 1697/441/229 2895/440/229
f 1697/441/229 2896/442/230 2895/440/229
f 1697/441/229 1698/443/230 2896/442/230
f 1698/443/230 2897/444/61 2896/442/230
f 1698/443/230 1699/445/61 2897/444/61
f 1699/445/61 2898/446/259 2897/444/61
f 1699/445/61 1700/447/259 2898/446/259
f 1700/447/259 2899/448/260 2898/446/259
f 1700/447/259 1701/449/260 2899/448/260
f 1701/449/260 2900/450/261 2899/448/260
f 1701/449/260 1702/451/261 2900/450/261
f 1702/451/261 2901/452/262 2900/450/261
f 1702/451/261 1685/453/262 2901/452/262
f 1685/453/262 2885/420/264 2901/452/262
f 1685/453/262 1686/418/264 2885/420/264
f 1704/454/237 2902/455/238 2903/456/237
f 1704/454/237 1705/457/238 2902/455/238
f 1705/457/238 2904/458/99 2902/455/238
f 1705/457/238 1706/459/99 2904/458/99
f 1706/459/99 2905/460/239 2904/458/99
f 1706/459/99 1707/461/239 2905/460/239
f 1707/461/239 2906/462/240 2905/460/239
f 1707/461/239 1708/463/240 2906/462/240
f 1708/463/240 2907/464/221 2906/462/240
f 1708/463/240 1709/465/221 2907/464/221
f 1709/465/221 2908/466/222 2907/464/221
f 1709/465/221 1710/467/222 2908/466/222
f 1710/467/222 2909/468/223 2908/466/222
f 1710/467/222 1711/469/223 2909/468/223
f 1711/469/223 2910/470/225 2909/468/223
f 1711/469/223 1694/471/226 2910/470/225
f 1694/471/226 2894/438/227 2910/470/225
f 1694/471/226 1695/436/227 2894/438/227
f 1713/472/41 2911/473/245 2883/474/41
f 1713/472/41 1714/475/245 2911/473/245
f 1714/475/245 2912/476/246 2911/473/245
f 1714/475/245 1715/477/246 2912/476/246
f 1715/477/246 2913/478/247 2912/476/246
f 1715/477/246 1716/479/247 2913/478/247
f 1716/479/247 2914/480/248 2913/478/247
f 1716/479/247 1717/481/248 2914/480/248
f 1717/481/248 2915/482/231 2914/480/248
f 1717/481/248 1718/483/231 2915/482/231
f 1718/483/231 2916/484/232 2915/482/231
f 1718/483/231 1719/485/232 2916/484/232
f 1719/485/232 2917/486/235 2916/484/232
f 1719/485/232 1720/487/235 2917/486/235
f 1720/487/235 2918/488/236 2917/486/235
f 1720/487/235 1703/489/236 2918/488/236
f 1703/489/236 2903/456/237 2918/488/236
f 1703/489/236 1704/454/237 2903/456/237
f 2142/375/1714 2919/545/1715 2920/544/1714
f 2142/375/1714 2143/376/1715 2919/545/1715
f 2143/376/1715 2921/529/1716 2919/545/1715
f 2143/376/1715 2144/377/1716 2921/529/1716
f 2144/377/1716 2922/530/1717 2921/529/1716
f 2144/377/1716 2145/378/1717 2922/530/1717
f 2145/378/1717 2923/531/1718 2922/530/1717
f 2145/378/1717 2122/355/1718 2923/531/1718
f 2122/355/1718 2924/532/1719 2923/531/1718
f 2122/355/1718 2121/354/1719 2924/532/1719
f 2121/354/1719 2925/533/1720 2924/532/1719
f 2121/354/1719 2123/356/1720 2925/533/1720
f 2123/356/1720 2926/534/1721 2925/533/1720
f 2123/356/1720 2124/357/1721 2926/534/1721
f 2124/357/1721 2927/535/1722 2926/534/1721
f 2124/357/1721 2125/358/1722 2927/535/1722
f 2133/366/1723 2928/509/1724 2929/508/1723
f 2133/366/1723 2134/367/1724 2928/509/1724
f 2134/367/1724 2930/510/1725 2928/509/1724
f 2134/367/1724 2135/368/1725 2930/510/1725
f 2135/368/1725 2931/538/1726 2930/510/1725
f 2135/368/1725 2136/369/1726 2931/538/1726
f 2136/369/1726 2932/539/1727 2931/538/1726
f 2136/369/1726 2137/370/1727 2932/539/1727
f 2137/370/1727 2933/540/1728 2932/539/1727
f 2137/370/1727 2138/371/1728 2933/540/1728
f 2138/371/1728 2934/541/1729 2933/540/1728
f 2138/371/1728 2139/372/1729 2934/541/1729
f 2139/372/1729 2935/542/1730 2934/541/1729
f 2139/372/1729 2140/373/1730 2935/542/1730
f 2140/373/1730 2936/543/1731 2935/542/1730
f 2140/373/1730 2141/374/1731 2936/543/1731
f 2141/374/1731 2920/544/1714 2936/543/1731
f 2141/374/1731 2142/375/1714 2920/544/1714
f 2160/393/1732 2937/518/1733 2938/517/1732
f 2160/393/1732 2161/394/1733 2937/518/1733
f 2161/394/1733 2939/519/1734 2937/518/1733
f 2161/394/1733 2162/395/1734 2939/519/1734
f 2162/395/1734 2940/502/1735 2939/519/1734
f 2162/395/1734 2163/396/1735 2940/502/1735
f 2163/396/1735 2941/503/1736 2940/502/1735
f 2163/396/1735 2129/362/1736 2941/503/1736
f 2129/362/1736 2942/504/1737 2941/503/1736
f 2129/362/1736 2128/361/1737 2942/504/1737
f 2128/361/1737 2943/505/1738 2942/504/1737
f 2128/361/1737 2130/363/1738 2943/505/1738
f 2130/363/1738 2944/506/1739 2943/505/1738
f 2130/363/1738 2131/364/1739 2944/506/1739
f 2131/364/1739 2945/507/1740 2944/506/1739
f 2131/364/1739 2132/365/1740 2945/507/1740
f 2132/365/1740 2929/508/1723 2945/507/1740
f 2132/365/1740 2133/366/1723 2929/508/1723
f 2151/384/1741 2946/527/1742 2947/526/1741
f 2151/384/1741 2152/385/1742 2946/527/1742
f 2152/385/1742 2948/528/1743 2946/527/1742
f 2152/385/1742 2153/386/1743 2948/528/1743
f 2153/386/1743 2949/511/1744 2948/528/1743
f 2153/386/1743 2154/387/1744 2949/511/1744
f 2154/387/1744 2950/512/1745 2949/511/1744
f 2154/387/1744 2155/388/1745 2950/512/1745
f 2155/388/1745 2951/513/1746 2950/512/1745
f 2155/388/1745 2156/389/1746 2951/513/1746
f 2156/389/1746 2952/514/1747 2951/513/1746
f 2156/389/1746 2157/390/1747 2952/514/1747
f 2157/390/1747 2953/515/1748 2952/514/1747
f 2157/390/1747 2158/391/1748 2953/515/1748
f 2158/391/1748 2954/516/1749 2953/515/1748
f 2158/391/1748 2159/392/1749 2954/516/1749
f 2159/392/1749 2938/517/1732 2954/516/1749
f 2159/392/1749 2160/393/1732 2938/517/1732
f 2125/358/1722 2955/536/1750 2927/535/1722
f 2125/358/1722 2126/359/1750 2955/536/1750
f 2126/359/1750 2956/537/1751 2955/536/1750
f 2126/359/1750 2127/360/1751 2956/537/1751
f 2127/360/1751 2957/520/1752 2956/537/1751
f 2127/360/1751 2120/353/1752 2957/520/1752
f 2120/353/1752 2958/521/1753 2957/520/1752
f 2120/353/1752 2147/380/1753 2958/521/1753
f 2147/380/1753 2959/522/1754 2958/521/1753
f 2147/380/1753 2146/379/1754 2959/522/1754
f 2146/379/1754 2960/523/1755 2959/522/1754
f 2146/379/1754 2148/381/1755 2960/523/1755
f 2148/381/1755 2961/524/1756 2960/523/1755
f 2148/381/1755 2149/382/1756 2961/524/1756
f 2149/382/1756 2962/525/1757 2961/524/1756
f 2149/382/1756 2150/383/1757 2962/525/1757
f 2150/383/1757 2947/526/1741 2962/525/1757
f 2150/383/1757 2151/384/1741 2947/526/1741
f 2963/400/1530 2964/401/1529 2965/402/1530
f 2963/400/1530 2966/403/1529 2964/401/1529
f 2966/403/1529 2967/404/1528 2964/401/1529
f 2966/403/1529 2968/405/1547 2967/404/1528
f 2968/405/1547 2969/406/1526 2967/404/1528
f 2968/405/1547 2970/407/1526 2969/406/1526
f 2970/407/1526 2971/408/1525 2969/406/1526
f 2970/407/1526 2972/409/1525 2971/408/1525
f 2972/409/1525 2973/410/1524 2971/408/1525
f 2972/409/1525 2974/411/1524 2973/410/1524
f 2974/411/1524 2975/412/1523 2973/410/1524
f 2974/411/1524 2976/413/1523 2975/412/1523
f 2976/413/1523 2977/414/1522 2975/412/1523
f 2976/413/1523 2978/415/1522 2977/414/1522
f 2978/415/1522 2979/416/41 2977/414/1522
f 2978/415/1522 2980/417/41 2979/416/41
f 2981/418/1548 2982/419/1549 2983/420/1521
f 2981/418/1548 2984/421/1549 2982/419/1549
f 2984/421/1549 2985/422/1519 2982/419/1549
f 2984/421/1549 2986/423/1519 2985/422/1519
f 2986/423/1519 2987/424/1518 2985/422/1519
f 2986/423/1519 2988/425/1518 2987/424/1518
f 2988/425/1518 2989/426/1517 2987/424/1518
f 2988/425/1518 2990/427/1517 2989/426/1517
f 2990/427/1517 2991/428/1516 2989/426/1517
f 2990/427/1517 2992/429/1516 2991/428/1516
f 2992/429/1516 2993/430/98 2991/428/1516
f 2992/429/1516 2994/431/98 2993/430/98
f 2994/431/98 2995/432/1515 2993/430/98
f 2994/431/98 2996/433/1515 2995/432/1515
f 2996/433/1515 2997/434/1514 2995/432/1515
f 2996/433/1515 2998/435/1514 2997/434/1514
f 2998/435/1514 2965/402/1530 2997/434/1514
f 2998/435/1514 2963/400/1530 2965/402/1530
f 2999/436/1513 3000/437/1512 3001/438/1513
f 2999/436/1513 3002/439/1512 3000/437/1512
f 3002/439/1512 3003/440/1511 3000/437/1512
f 3002/439/1512 3004/441/1511 3003/440/1511
f 3004/441/1511 3005/442/1510 3003/440/1511
f 3004/441/1511 3006/443/1510 3005/442/1510
f 3006/443/1510 3007/444/61 3005/442/1510
f 3006/443/1510 3008/445/61 3007/444/61
f 3008/445/61 3009/446/1509 3007/444/61
f 3008/445/61 3010/447/1509 3009/446/1509
f 3010/447/1509 3011/448/1508 3009/446/1509
f 3010/447/1509 3012/449/1508 3011/448/1508
f 3012/449/1508 3013/450/1507 3011/448/1508
f 3012/449/1508 3014/451/1507 3013/450/1507
f 3014/451/1507 3015/452/1506 3013/450/1507
f 3014/451/1507 3016/453/1506 3015/452/1506
f 3016/453/1506 2983/420/1521 3015/452/1506
f 3016/453/1506 2981/418/1548 2983/420/1521
f 3017/454/1505 3018/455/1504 3019/456/1505
f 3017/454/1505 3020/457/1504 3018/455/1504
f 3020/457/1504 3021/458/40 3018/455/1504
f 3020/457/1504 3022/459/40 3021/458/40
f 3022/459/40 3023/460/1503 3021/458/40
f 3022/459/40 3024/461/1503 3023/460/1503
f 3024/461/1503 3025/462/1502 3023/460/1503
f 3024/461/1503 3026/463/1502 3025/462/1502
f 3026/463/1502 3027/464/1501 3025/462/1502
f 3026/463/1502 3028/465/1501 3027/464/1501
f 3028/465/1501 3029/466/1500 3027/464/1501
f 3028/465/1501 3030/467/1500 3029/466/1500
f 3030/467/1500 3031/468/1545 3029/466/1500
f 3030/467/1500 3032/469/1545 3031/468/1545
f 3032/469/1545 3033/470/1499 3031/468/1545
f 3032/469/1545 3034/471/1499 3033/470/1499
f 3034/471/1499 3001/438/1513 3033/470/1499
f 3034/471/1499 2999/436/1513 3001/438/1513
f 2980/472/41 3035/473/1496 2979/474/41
f 2980/472/41 3036/475/1496 3035/473/1496
f 3036/475/1496 3037/476/1495 3035/473/1496
f 3036/475/1496 3038/477/1495 3037/476/1495
f 3038/477/1495 3039/478/1494 3037/476/1495
f 3038/477/1495 3040/479/1494 3039/478/1494
f 3040/479/1494 3041/480/1493 3039/478/1494
f 3040/479/1494 3042/481/1493 3041/480/1493
f 3042/481/1493 3043/482/1546 3041/480/1493
f 3042/481/1493 3044/483/1546 3043/482/1546
f 3044/483/1546 3045/484/1490 3043/482/1546
f 3044/483/1546 3046/485/1490 3045/484/1490
f 3046/485/1490 3047/486/1489 3045/484/1490
f 3046/485/1490 3048/487/1489 3047/486/1489
f 3048/487/1489 3049/488/1488 3047/486/1489
f 3048/487/1489 3050/489/1488 3049/488/1488
f 3050/489/1488 3019/456/1505 3049/488/1488
f 3050/489/1488 3017/454/1505 3019/456/1505
f 2673/661/1758 3051/746/1759 3052/745/1758
f 2673/661/1758 2675/663/1759 3051/746/1759
f 2675/663/1759 3053/747/1760 3051/746/1759
f 2675/663/1759 2677/665/1760 3053/747/1760
f 2677/665/1760 3054/748/1761 3053/747/1760
f 2677/665/1760 2679/667/1761 3054/748/1761
f 2679/667/1761 3055/749/1762 3054/748/1761
f 2679/667/1761 2681/669/1762 3055/749/1762
f 2681/669/1762 3056/750/1763 3055/749/1762
f 2681/669/1762 2683/671/1763 3056/750/1763
f 2683/671/1763 3057/751/1764 3056/750/1763
f 2683/671/1763 2685/638/1764 3057/751/1764
f 2685/638/1764 3058/735/1765 3057/751/1764
f 2685/638/1764 2653/639/1765 3058/735/1765
f 2653/639/1765 3059/734/1766 3058/735/1765
f 2653/639/1765 2652/641/1766 3059/734/1766
f 2691/679/1767 3060/755/1768 3061/754/1767
f 2691/679/1767 2693/681/1768 3060/755/1768
f 2693/681/1768 3062/756/1769 3060/755/1768
f 2693/681/1768 2695/683/1769 3062/756/1769
f 2695/683/1769 3063/757/1770 3062/756/1769
f 2695/683/1769 2697/685/1770 3063/757/1770
f 2697/685/1770 3064/758/1771 3063/757/1770
f 2697/685/1770 2699/687/1771 3064/758/1771
f 2699/687/1771 3065/759/1772 3064/758/1771
f 2699/687/1771 2701/689/1772 3065/759/1772
f 2701/689/1772 3066/760/1773 3065/759/1772
f 2701/689/1772 2703/656/1773 3066/760/1773
f 2703/656/1773 3067/744/1774 3066/760/1773
f 2703/656/1773 2671/657/1774 3067/744/1774
f 2671/657/1774 3068/743/1775 3067/744/1774
f 2671/657/1774 2670/659/1775 3068/743/1775
f 2670/659/1775 3052/745/1758 3068/743/1775
f 2670/659/1775 2673/661/1758 3052/745/1758
f 2707/697/1776 3069/763/1777 3070/762/1776
f 2707/697/1776 2709/699/1777 3069/763/1777
f 2709/699/1777 3071/764/1778 3069/763/1777
f 2709/699/1777 2711/701/1778 3071/764/1778
f 2711/701/1778 3072/765/1779 3071/764/1778
f 2711/701/1778 2713/703/1779 3072/765/1779
f 2713/703/1779 3073/766/1780 3072/765/1779
f 2713/703/1779 2715/705/1780 3073/766/1780
f 2715/705/1780 3074/767/1781 3073/766/1780
f 2715/705/1780 2717/707/1781 3074/767/1781
f 2717/707/1781 3075/768/1782 3074/767/1781
f 2717/707/1781 2719/674/1782 3075/768/1782
f 2719/674/1782 3076/753/1783 3075/768/1782
f 2719/674/1782 2689/675/1783 3076/753/1783
f 2689/675/1783 3077/752/1784 3076/753/1783
f 2689/675/1783 2688/677/1784 3077/752/1784
f 2688/677/1784 3061/754/1767 3077/752/1784
f 2688/677/1784 2691/679/1767 3061/754/1767
f 2634/713/1785 3078/727/1786 3079/725/1785
f 2634/713/1785 2637/715/1786 3078/727/1786
f 2637/715/1786 3080/728/1787 3078/727/1786
f 2637/715/1786 2639/717/1787 3080/728/1787
f 2639/717/1787 3081/729/1788 3080/728/1787
f 2639/717/1787 2641/719/1788 3081/729/1788
f 2641/719/1788 3082/730/1789 3081/729/1788
f 2641/719/1788 2643/721/1789 3082/730/1789
f 2643/721/1789 3083/731/1790 3082/730/1789
f 2643/721/1789 2645/723/1790 3083/731/1790
f 2645/723/1790 3084/732/1791 3083/731/1790
f 2645/723/1790 2647/692/1791 3084/732/1791
f 2647/692/1791 3085/733/1792 3084/732/1791
f 2647/692/1791 2649/693/1792 3085/733/1792
f 2649/693/1792 3086/761/1793 3085/733/1792
f 2649/693/1792 2705/695/1793 3086/761/1793
f 2705/695/1793 3070/762/1776 3086/761/1793
f 2705/695/1793 2707/697/1776 3070/762/1776
f 2652/641/1766 3087/736/1794 3059/734/1766
f 2652/641/1766 2655/643/1794 3087/736/1794
f 2655/643/1794 3088/737/1795 3087/736/1794
f 2655/643/1794 2657/645/1795 3088/737/1795
f 2657/645/1795 3089/738/1796 3088/737/1795
f 2657/645/1795 2659/647/1796 3089/738/1796
f 2659/647/1796 3090/739/1797 3089/738/1796
f 2659/647/1796 2661/649/1797 3090/739/1797
f 2661/649/1797 3091/740/1798 3090/739/1797
f 2661/649/1797 2663/651/1798 3091/740/1798
f 2663/651/1798 3092/741/1799 3091/740/1798
f 2663/651/1798 2665/653/1799 3092/741/1799
f 2665/653/1799 3093/742/1800 3092/741/1799
f 2665/653/1799 2667/709/1800 3093/742/1800
f 2667/709/1800 3094/726/1801 3093/742/1800
f 2667/709/1800 2635/711/1801 3094/726/1801
f 2635/711/1801 3079/725/1785 3094/726/1801
f 2635/711/1801 2634/713/1785 3079/725/1785
f 3095/220/1518 3096/221/1519 3097/222/1518
f 3095/220/1518 3098/223/1519 3096/221/1519
f 3098/223/1519 3099/224/1520 3096/221/1519
f 3098/223/1519 3100/225/1549 3099/224/1520
f 3100/225/1549 3101/226/1548 3099/224/1520
f 3100/225/1549 3102/227/1521 3101/226/1548
f 3102/227/1521 3103/228/1506 3101/226/1548
f 3102/227/1521 3104/229/1506 3103/228/1506
f 3104/229/1506 3105/230/1507 3103/228/1506
f 3104/229/1506 3106/231/1507 3105/230/1507
f 3106/231/1507 3107/232/1508 3105/230/1507
f 3106/231/1507 3108/233/1508 3107/232/1508
f 3108/233/1508 3109/234/1509 3107/232/1508
f 3108/233/1508 3110/235/1509 3109/234/1509
f 3110/235/1509 3111/236/61 3109/234/1509
f 3110/235/1509 3112/237/61 3111/236/61
f 3113/238/1527 3114/239/1547 3115/240/1526
f 3113/238/1527 3116/241/1528 3114/239/1547
f 3116/241/1528 3117/242/1529 3114/239/1547
f 3116/241/1528 3118/243/1529 3117/242/1529
f 3118/243/1529 3119/244/1530 3117/242/1529
f 3118/243/1529 3120/245/1530 3119/244/1530
f 3120/245/1530 3121/246/1514 3119/244/1530
f 3120/245/1530 3122/247/1514 3121/246/1514
f 3122/247/1514 3123/248/1515 3121/246/1514
f 3122/247/1514 3124/249/1515 3123/248/1515
f 3124/249/1515 3125/250/98 3123/248/1515
f 3124/249/1515 3126/251/98 3125/250/98
f 3126/251/98 3127/252/1516 3125/250/98
f 3126/251/98 3128/253/1516 3127/252/1516
f 3128/253/1516 3129/254/1517 3127/252/1516
f 3128/253/1516 3130/255/1517 3129/254/1517
f 3130/255/1517 3097/222/1518 3129/254/1517
f 3130/255/1517 3095/220/1518 3097/222/1518
f 3131/256/1493 3132/257/1494 3133/258/1493
f 3131/256/1493 3134/259/1494 3132/257/1494
f 3134/259/1494 3135/260/1495 3132/257/1494
f 3134/259/1494 3136/261/1495 3135/260/1495
f 3136/261/1495 3137/262/1496 3135/260/1495
f 3136/261/1495 3138/263/1496 3137/262/1496
f 3138/263/1496 3139/264/41 3137/262/1496
f 3138/263/1496 3140/265/41 3139/264/41
f 3140/265/41 3141/266/1522 3139/264/41
f 3140/265/41 3142/267/1522 3141/266/1522
f 3142/267/1522 3143/268/1523 3141/266/1522
f 3142/267/1522 3144/269/1523 3143/268/1523
f 3144/269/1523 3145/270/1524 3143/268/1523
f 3144/269/1523 3146/271/1524 3145/270/1524
f 3146/271/1524 3147/272/1525 3145/270/1524
f 3146/271/1524 3148/273/1525 3147/272/1525
f 3148/273/1525 3115/240/1526 3147/272/1525
f 3148/273/1525 3113/238/1527 3115/240/1526
f 3149/274/1502 3150/275/1503 3151/276/1502
f 3149/274/1502 3152/277/1503 3150/275/1503
f 3152/277/1503 3153/278/40 3150/275/1503
f 3152/277/1503 3154/279/40 3153/278/40
f 3154/279/40 3155/280/1504 3153/278/40
f 3154/279/40 3156/281/1504 3155/280/1504
f 3156/281/1504 3157/282/1505 3155/280/1504
f 3156/281/1504 3158/283/1505 3157/282/1505
f 3158/283/1505 3159/284/1488 3157/282/1505
f 3158/283/1505 3160/285/1488 3159/284/1488
f 3160/285/1488 3161/286/1489 3159/284/1488
f 3160/285/1488 3162/287/1489 3161/286/1489
f 3162/287/1489 3163/288/1490 3161/286/1489
f 3162/287/1489 3164/289/1491 3163/288/1490
f 3164/289/1491 3165/290/1546 3163/288/1490
f 3164/289/1491 3166/291/1492 3165/290/1546
f 3166/291/1492 3133/258/1493 3165/290/1546
f 3166/291/1492 3131/256/1493 3133/258/1493
f 3112/292/61 3167/293/1510 3111/294/61
f 3112/292/61 3168/295/1510 3167/293/1510
f 3168/295/1510 3169/296/1511 3167/293/1510
f 3168/295/1510 3170/297/1511 3169/296/1511
f 3170/297/1511 3171/298/1512 3169/296/1511
f 3170/297/1511 3172/299/1512 3171/298/1512
f 3172/299/1512 3173/300/1513 3171/298/1512
f 3172/299/1512 3174/301/1513 3173/300/1513
f 3174/301/1513 3175/302/1499 3173/300/1513
f 3174/301/1513 3176/303/1497 3175/302/1499
f 3176/303/1497 3177/304/1498 3175/302/1499
f 3176/303/1497 3178/305/1545 3177/304/1498
f 3178/305/1545 3179/306/1500 3177/304/1498
f 3178/305/1545 3180/307/1500 3179/306/1500
f 3180/307/1500 3181/308/1501 3179/306/1500
f 3180/307/1500 3182/309/1501 3181/308/1501
f 3182/309/1501 3151/276/1502 3181/308/1501
f 3182/309/1501 3149/274/1502 3151/276/1502
f 1041/356/1802 3183/534/1803 3184/533/1802
f 1041/356/1802 1042/357/1803 3183/534/1803
f 1042/357/1803 3185/535/1804 3183/534/1803
f 1042/357/1803 1043/358/1804 3185/535/1804
f 1043/358/1804 3186/536/1805 3185/535/1804
f 1043/358/1804 1044/359/1805 3186/536/1805
f 1044/359/1805 3187/537/1806 3186/536/1805
f 1044/359/1805 1045/360/1806 3187/537/1806
f 1045/360/1806 3188/520/1807 3187/537/1806
f 1045/360/1806 1046/353/1807 3188/520/1807
f 1046/353/1807 3189/521/1808 3188/520/1807
f 1046/353/1807 1047/380/1808 3189/521/1808
f 1047/380/1808 3190/522/1809 3189/521/1808
f 1047/380/1808 1048/379/1809 3190/522/1809
f 1048/379/1809 3191/523/1810 3190/522/1809
f 1048/379/1809 1049/381/1810 3191/523/1810
f 1068/372/1811 3192/542/1812 3193/541/1811
f 1068/372/1811 1034/373/1812 3192/542/1812
f 1034/373/1812 3194/543/1813 3192/542/1812
f 1034/373/1812 1033/374/1813 3194/543/1813
f 1033/374/1813 3195/544/1814 3194/543/1813
f 1033/374/1813 1035/375/1814 3195/544/1814
f 1035/375/1814 3196/545/1815 3195/544/1814
f 1035/375/1814 1036/376/1815 3196/545/1815
f 1036/376/1815 3197/529/1816 3196/545/1815
f 1036/376/1815 1037/377/1816 3197/529/1816
f 1037/377/1816 3198/530/1817 3197/529/1816
f 1037/377/1816 1038/378/1817 3198/530/1817
f 1038/378/1817 3199/531/1818 3198/530/1817
f 1038/378/1817 1039/355/1818 3199/531/1818
f 1039/355/1818 3200/532/1819 3199/531/1818
f 1039/355/1818 1040/354/1819 3200/532/1819
f 1040/354/1819 3184/533/1802 3200/532/1819
f 1040/354/1819 1041/356/1802 3184/533/1802
f 1059/363/1820 3201/506/1821 3202/505/1820
f 1059/363/1820 1060/364/1821 3201/506/1821
f 1060/364/1821 3203/507/1822 3201/506/1821
f 1060/364/1821 1061/365/1822 3203/507/1822
f 1061/365/1822 3204/508/1823 3203/507/1822
f 1061/365/1822 1062/366/1823 3204/508/1823
f 1062/366/1823 3205/509/1824 3204/508/1823
f 1062/366/1823 1063/367/1824 3205/509/1824
f 1063/367/1824 3206/510/1825 3205/509/1824
f 1063/367/1824 1064/368/1825 3206/510/1825
f 1064/368/1825 3207/538/1826 3206/510/1825
f 1064/368/1825 1065/369/1826 3207/538/1826
f 1065/369/1826 3208/539/1827 3207/538/1826
f 1065/369/1826 1066/370/1827 3208/539/1827
f 1066/370/1827 3209/540/1828 3208/539/1827
f 1066/370/1827 1067/371/1828 3209/540/1828
f 1067/371/1828 3193/541/1811 3209/540/1828
f 1067/371/1828 1068/372/1811 3193/541/1811
f 1025/390/1829 3210/515/1830 3211/514/1829
f 1025/390/1829 1052/391/1830 3210/515/1830
f 1052/391/1830 3212/516/1831 3210/515/1830
f 1052/391/1830 1051/392/1831 3212/516/1831
f 1051/392/1831 3213/517/1832 3212/516/1831
f 1051/392/1831 1053/393/1832 3213/517/1832
f 1053/393/1832 3214/518/1833 3213/517/1832
f 1053/393/1832 1054/394/1833 3214/518/1833
f 1054/394/1833 3215/519/1834 3214/518/1833
f 1054/394/1833 1055/395/1834 3215/519/1834
f 1055/395/1834 3216/502/1835 3215/519/1834
f 1055/395/1834 1056/396/1835 3216/502/1835
f 1056/396/1835 3217/503/1836 3216/502/1835
f 1056/396/1835 1057/362/1836 3217/503/1836
f 1057/362/1836 3218/504/1837 3217/503/1836
f 1057/362/1836 1058/361/1837 3218/504/1837
f 1058/361/1837 3202/505/1820 3218/504/1837
f 1058/361/1837 1059/363/1820 3202/505/1820
f 1049/381/1810 3219/524/1838 3191/523/1810
f 1049/381/1810 1050/382/1838 3219/524/1838
f 1050/382/1838 3220/525/1839 3219/524/1838
f 1050/382/1838 1027/383/1839 3220/525/1839
f 1027/383/1839 3221/526/1840 3220/525/1839
f 1027/383/1839 1026/384/1840 3221/526/1840
f 1026/384/1840 3222/527/1841 3221/526/1840
f 1026/384/1840 1028/385/1841 3222/527/1841
f 1028/385/1841 3223/528/1842 3222/527/1841
f 1028/385/1841 1029/386/1842 3223/528/1842
f 1029/386/1842 3224/511/1843 3223/528/1842
f 1029/386/1842 1030/387/1843 3224/511/1843
f 1030/387/1843 3225/512/1844 3224/511/1843
f 1030/387/1843 1031/388/1844 3225/512/1844
f 1031/388/1844 3226/513/1845 3225/512/1844
f 1031/388/1844 1032/389/1845 3226/513/1845
f 1032/389/1845 3211/514/1829 3226/513/1845
f 1032/389/1845 1025/390/1829 3211/514/1829
f 3015/638/1846 2983/639/1847 3227/735/1847
f 2983/639/1847 3228/734/1848 3227/735/1847
f 2983/639/1847 2982/641/1848 3228/734/1848
f 2982/641/1848 3229/736/1849 3228/734/1848
f 2982/641/1848 2985/643/1849 3229/736/1849
f 2985/643/1849 3230/737/1850 3229/736/1849
f 2985/643/1849 2987/645/1850 3230/737/1850
f 2987/645/1850 3231/738/1851 3230/737/1850
f 2987/645/1850 2989/647/1851 3231/738/1851
f 2989/647/1851 3232/739/1852 3231/738/1851
f 2989/647/1851 2991/649/1852 3232/739/1852
f 2991/649/1852 3233/740/1853 3232/739/1852
f 2991/649/1852 2993/651/1853 3233/740/1853
f 2993/651/1853 3234/741/1854 3233/740/1853
f 2993/651/1853 2995/653/1854 3234/741/1854
f 2995/653/1854 3235/742/1855 3234/741/1854
f 2995/653/1854 2997/709/1855 3235/742/1855
f 2997/709/1855 3236/726/1856 3235/742/1855
f 2997/709/1855 2965/711/1856 3236/726/1856
f 2965/711/1856 3237/725/1857 3236/726/1856
f 2965/711/1856 2964/713/1857 3237/725/1857
f 2964/713/1857 3238/727/1858 3237/725/1857
f 2964/713/1857 2967/715/1858 3238/727/1858
f 2967/715/1858 3239/728/1859 3238/727/1858
f 2967/715/1858 2969/717/1859 3239/728/1859
f 2969/717/1859 3240/729/1860 3239/728/1859
f 2969/717/1859 2971/719/1860 3240/729/1860
f 2971/719/1860 3241/730/1861 3240/729/1860
f 2971/719/1860 2973/721/1861 3241/730/1861
f 2973/721/1861 3242/731/1862 3241/730/1861
f 2973/721/1861 2975/723/1862 3242/731/1862
f 2975/723/1862 3243/732/1863 3242/731/1862
f 2975/723/1862 2977/692/1863 3243/732/1863
f 2977/692/1863 3244/733/1864 3243/732/1863
f 2977/692/1863 2979/693/1865 3244/733/1864
f 2979/693/1865 3245/761/1866 3244/733/1864
f 2979/693/1865 3035/695/1866 3245/761/1866
f 3035/695/1866 3246/762/1867 3245/761/1866
f 3035/695/1866 3037/697/1867 3246/762/1867
f 3037/697/1867 3247/763/1868 3246/762/1867
f 3037/697/1867 3039/699/1868 3247/763/1868
f 3039/699/1868 3248/764/1869 3247/763/1868
f 3039/699/1868 3041/701/1869 3248/764/1869
f 3041/701/1869 3249/765/1870 3248/764/1869
f 3041/701/1869 3043/703/1870 3249/765/1870
f 3043/703/1870 3250/766/1871 3249/765/1870
f 3043/703/1870 3045/705/1871 3250/766/1871
f 3045/705/1871 3251/767/1872 3250/766/1871
f 3045/705/1871 3047/707/1872 3251/767/1872
f 3047/707/1872 3252/768/1873 3251/767/1872
f 3047/707/1872 3049/674/1873 3252/768/1873
f 3049/674/1873 3253/753/1874 3252/768/1873
f 3049/674/1873 3019/675/1874 3253/753/1874
f 3019/675/1874 3254/752/1875 3253/753/1874
f 3019/675/1874 3018/677/1875 3254/752/1875
f 3018/677/1875 3255/754/1876 3254/752/1875
f 3018/677/1875 3021/679/1876 3255/754/1876
f 3021/679/1876 3256/755/1877 3255/754/1876
f 3021/679/1876 3023/681/1877 3256/755/1877
f 3023/681/1877 3257/756/1878 3256/755/1877
f 3023/681/1877 3025/683/1878 3257/756/1878
f 3025/683/1878 3258/757/1879 3257/756/1878
f 3025/683/1878 3027/685/1879 3258/757/1879
f 3027/685/1879 3259/758/1880 3258/757/1879
f 3027/685/1879 3029/687/1880 3259/758/1880
f 3029/687/1880 3260/759/1881 3259/758/1880
f 3029/687/1880 3031/689/1881 3260/759/1881
f 3031/689/1881 3261/760/1882 3260/759/1881
f 3031/689/1881 3033/656/1882 3261/760/1882
f 3033/656/1882 3262/744/1883 3261/760/1882
f 3033/656/1882 3001/657/1883 3262/744/1883
f 3001/657/1883 3263/743/1884 3262/744/1883
f 3001/657/1883 3000/659/1884 3263/743/1884
f 3000/659/1884 3264/745/1885 3263/743/1884
f 3000/659/1884 3003/661/1885 3264/745/1885
f 3003/661/1885 3265/746/1886 3264/745/1885
f 3003/661/1885 3005/663/1886 3265/746/1886
f 3005/663/1886 3266/747/1887 3265/746/1886
f 3005/663/1886 3007/665/1887 3266/747/1887
f 3007/665/1887 3267/748/1888 3266/747/1887
f 3007/665/1887 3009/667/1888 3267/748/1888
f 3009/667/1888 3268/749/1889 3267/748/1888
f 3009/667/1888 3011/669/1889 3268/749/1889
f 3011/669/1889 3269/750/1890 3268/749/1889
f 3011/669/1889 3013/671/1890 3269/750/1890
f 3013/671/1890 3270/751/1846 3269/750/1890
f 3013/671/1890 3015/638/1846 3270/751/1846
f 3015/638/1846 3227/735/1847 3270/751/1846
f 3131/637/60 3166/640/60 2981/639/60
f 3166/640/60 2984/641/60 2981/639/60
f 3166/640/60 3164/642/60 2984/641/60
f 3164/642/60 2986/643/60 2984/641/60
f 3164/642/60 3162/644/60 2986/643/60
f 3162/644/60 2988/645/60 2986/643/60
f 3162/644/60 3160/646/60 2988/645/60
f 3160/646/60 2990/647/60 2988/645/60
f 3160/646/60 3158/648/60 2990/647/60
f 3158/648/60 2992/649/60 2990/647/60
f 3158/648/60 3156/650/60 2992/649/60
f 3156/650/60 2994/651/60 2992/649/60
f 3156/650/60 3154/652/60 2994/651/60
f 3154/652/60 2996/653/60 2994/651/60
f 3154/652/60 3152/708/60 2996/653/60
f 3152/708/60 2998/709/60 2996/653/60
f 3152/708/60 3149/710/60 2998/709/60
f 3149/710/60 2963/711/60 2998/709/60
f 3149/710/60 3182/712/60 2963/711/60
f 3182/712/60 2966/713/60 2963/711/60
f 3182/712/60 3180/714/60 2966/713/60
f 3180/714/60 2968/715/60 2966/713/60
f 3180/714/60 3178/716/60 2968/715/60
f 3178/716/60 2970/717/60 2968/715/60
f 3178/716/60 3176/718/60 2970/717/60
f 3176/718/60 2972/719/60 2970/717/60
f 3176/718/60 3174/720/60 2972/719/60
f 3174/720/60 2974/721/60 2972/719/60
f 3174/720/60 3172/722/60 2974/721/60
f 3172/722/60 2976/723/60 2974/721/60
f 3172/722/60 3170/690/60 2976/723/60
f 3170/690/60 2978/692/60 2976/723/60
f 3170/690/60 3168/691/60 2978/692/60
f 3168/691/60 2980/693/60 2978/692/60
f 3168/691/60 3112/694/60 2980/693/60
f 3112/694/60 3036/695/60 2980/693/60
f 3112/694/60 3110/696/60 3036/695/60
f 3110/696/60 3038/697/60 3036/695/60
f 3110/696/60 3108/698/60 3038/697/60
f 3108/698/60 3040/699/60 3038/697/60
f 3108/698/60 3106/700/60 3040/699/60
f 3106/700/60 3042/701/60 3040/699/60
f 3106/700/60 3104/702/60 3042/701/60
f 3104/702/60 3044/703/60 3042/701/60
f 3104/702/60 3102/704/60 3044/703/60
f 3102/704/60 3046/705/60 3044/703/60
f 3102/704/60 3100/706/60 3046/705/60
f 3100/706/60 3048/707/60 3046/705/60
f 3100/706/60 3098/672/60 3048/707/60
f 3098/672/60 3050/674/60 3048/707/60
f 3098/672/60 3095/673/60 3050/674/60
f 3095/673/60 3017/675/60 3050/674/60
f 3095/673/60 3130/676/60 3017/675/60
f 3130/676/60 3020/677/60 3017/675/60
f 3130/676/60 3128/678/60 3020/677/60
f 3128/678/60 3022/679/60 3020/677/60
f 3128/678/60 3126/680/60 3022/679/60
f 3126/680/60 3024/681/60 3022/679/60
f 3126/680/60 3124/682/60 3024/681/60
f 3124/682/60 3026/683/60 3024/681/60
f 3124/682/60 3122/684/60 3026/683/60
f 3122/684/60 3028/685/60 3026/683/60
f 3122/684/60 3120/686/60 3028/685/60
f 3120/686/60 3030/687/60 3028/685/60
f 3120/686/60 3118/688/60 3030/687/60
f 3118/688/60 3032/689/60 3030/687/60
f 3118/688/60 3116/654/60 3032/689/60
f 3116/654/60 3034/656/60 3032/689/60
f 3116/654/60 3113/655/60 3034/656/60
f 3113/655/60 2999/657/60 3034/656/60
f 3113/655/60 3148/658/60 2999/657/60
f 3148/658/60 3002/659/60 2999/657/60
f 3148/658/60 3146/660/60 3002/659/60
f 3146/660/60 3004/661/60 3002/659/60
f 3146/660/60 3144/662/60 3004/661/60
f 3144/662/60 3006/663/60 3004/661/60
f 3144/662/60 3142/664/60 3006/663/60
f 3142/664/60 3008/665/60 3006/663/60
f 3142/664/60 3140/666/60 3008/665/60
f 3140/666/60 3010/667/60 3008/665/60
f 3140/666/60 3138/668/60 3010/667/60
f 3138/668/60 3012/669/60 3010/667/60
f 3138/668/60 3136/670/60 3012/669/60
f 3136/670/60 3014/671/60 3012/669/60
f 3136/670/60 3134/636/60 3014/671/60
f 3134/636/60 3016/638/60 3014/671/60
f 3134/636/60 3131/637/60 3016/638/60
f 3131/637/60 2981/639/60 3016/638/60
f 2437/715/1891 2439/717/1892 3271/728/1892
f 2439/717/1892 3272/729/1893 3271/728/1892
f 2439/717/1892 2441/719/1893 3272/729/1893
f 2441/719/1893 3273/730/1894 3272/729/1893
f 2441/719/1893 2443/721/1894 3273/730/1894
f 2443/721/1894 3274/731/1895 3273/730/1894
f 2443/721/1894 2445/723/1895 3274/731/1895
f 2445/723/1895 3275/732/1896 3274/731/1895
f 2445/723/1895 2447/692/1896 3275/732/1896
f 2447/692/1896 3276/733/1897 3275/732/1896
f 2447/692/1896 2449/693/1897 3276/733/1897
f 2449/693/1897 3277/761/1898 3276/733/1897
f 2449/693/1897 2505/695/1898 3277/761/1898
f 2505/695/1898 3278/762/1899 3277/761/1898
f 2505/695/1898 2507/697/1899 3278/762/1899
f 2507/697/1899 3279/763/1900 3278/762/1899
f 2507/697/1899 2509/699/1900 3279/763/1900
f 2509/699/1900 3280/764/1901 3279/763/1900
f 2509/699/1900 2511/701/1901 3280/764/1901
f 2511/701/1901 3281/765/1902 3280/764/1901
f 2511/701/1901 2513/703/1902 3281/765/1902
f 2513/703/1902 3282/766/1903 3281/765/1902
f 2513/703/1902 2515/705/1903 3282/766/1903
f 2515/705/1903 3283/767/1904 3282/766/1903
f 2515/705/1903 2517/707/1904 3283/767/1904
f 2517/707/1904 3284/768/1905 3283/767/1904
f 2517/707/1904 2519/674/1905 3284/768/1905
f 2519/674/1905 3285/753/1906 3284/768/1905
f 2519/674/1905 2489/675/1906 3285/753/1906
f 2489/675/1906 3286/752/1907 3285/753/1906
f 2489/675/1906 2488/677/1907 3286/752/1907
f 2488/677/1907 3287/754/1908 3286/752/1907
f 2488/677/1907 2491/679/1908 3287/754/1908
f 2491/679/1908 3288/755/1909 3287/754/1908
f 2491/679/1908 2493/681/1909 3288/755/1909
f 2493/681/1909 3289/756/1910 3288/755/1909
f 2493/681/1909 2495/683/1910 3289/756/1910
f 2495/683/1910 3290/757/1911 3289/756/1910
f 2495/683/1910 2497/685/1911 3290/757/1911
f 2497/685/1911 3291/758/1912 3290/757/1911
f 2497/685/1911 2499/687/1912 3291/758/1912
f 2499/687/1912 3292/759/1913 3291/758/1912
f 2499/687/1912 2501/689/1913 3292/759/1913
f 2501/689/1913 3293/760/1914 3292/759/1913
f 2501/689/1913 2503/656/1914 3293/760/1914
f 2503/656/1914 3294/744/1915 3293/760/1914
f 2503/656/1914 2471/657/1915 3294/744/1915
f 2471/657/1915 3295/743/1916 3294/744/1915
f 2471/657/1915 2470/659/1916 3295/743/1916
f 2470/659/1916 3296/745/1917 3295/743/1916
f 2470/659/1916 2473/661/1917 3296/745/1917
f 2473/661/1917 3297/746/1918 3296/745/1917
f 2473/661/1917 2475/663/1918 3297/746/1918
f 2475/663/1918 3298/747/1919 3297/746/1918
f 2475/663/1918 2477/665/1919 3298/747/1919
f 2477/665/1919 3299/748/1920 3298/747/1919
f 2477/665/1919 2479/667/1920 3299/748/1920
f 2479/667/1920 3300/749/1921 3299/748/1920
f 2479/667/1920 2481/669/1921 3300/749/1921
f 2481/669/1921 3301/750/1922 3300/749/1921
f 2481/669/1921 2483/671/1922 3301/750/1922
f 2483/671/1922 3302/751/1923 3301/750/1922
f 2483/671/1922 2485/638/1923 3302/751/1923
f 2485/638/1923 3303/735/1924 3302/751/1923
f 2485/638/1923 2453/639/1924 3303/735/1924
f 2453/639/1924 3304/734/1925 3303/735/1924
f 2453/639/1924 2452/641/1925 3304/734/1925
f 2452/641/1925 3305/736/1926 3304/734/1925
f 2452/641/1925 2455/643/1926 3305/736/1926
f 2455/643/1926 3306/737/1927 3305/736/1926
f 2455/643/1926 2457/645/1927 3306/737/1927
f 2457/645/1927 3307/738/1928 3306/737/1927
f 2457/645/1927 2459/647/1928 3307/738/1928
f 2459/647/1928 3308/739/1929 3307/738/1928
f 2459/647/1928 2461/649/1929 3308/739/1929
f 2461/649/1929 3309/740/1930 3308/739/1929
f 2461/649/1929 2463/651/1930 3309/740/1930
f 2463/651/1930 3310/741/1931 3309/740/1930
f 2463/651/1930 2465/653/1931 3310/741/1931
f 2465/653/1931 3311/742/1932 3310/741/1931
f 2465/653/1931 2467/709/1932 3311/742/1932
f 2467/709/1932 3312/726/1933 3311/742/1932
f 2467/709/1932 2435/711/1933 3312/726/1933
f 2435/711/1933 3313/725/1934 3312/726/1933
f 2435/711/1933 2434/713/1934 3313/725/1934
f 2434/713/1934 3314/727/1891 3313/725/1934
f 2434/713/1934 2437/715/1891 3314/727/1891
f 2437/715/1891 3271/728/1892 3314/727/1891
f 2898/667/1935 2899/669/1936 3315/749/1936
f 2899/669/1936 3316/750/1937 3315/749/1936
f 2899/669/1936 2900/671/1937 3316/750/1937
f 2900/671/1937 3317/751/1938 3316/750/1937
f 2900/671/1937 2901/638/1938 3317/751/1938
f 2901/638/1938 3318/735/1939 3317/751/1938
f 2901/638/1938 2885/639/1939 3318/735/1939
f 2885/639/1939 3319/734/1940 3318/735/1939
f 2885/639/1939 2884/641/1940 3319/734/1940
f 2884/641/1940 3320/736/1941 3319/734/1940
f 2884/641/1940 2886/643/1941 3320/736/1941
f 2886/643/1941 3321/737/1942 3320/736/1941
f 2886/643/1941 2887/645/1942 3321/737/1942
f 2887/645/1942 3322/738/1943 3321/737/1942
f 2887/645/1942 2888/647/1943 3322/738/1943
f 2888/647/1943 3323/739/1944 3322/738/1943
f 2888/647/1943 2889/649/1944 3323/739/1944
f 2889/649/1944 3324/740/1945 3323/739/1944
f 2889/649/1944 2890/651/1945 3324/740/1945
f 2890/651/1945 3325/741/1946 3324/740/1945
f 2890/651/1945 2891/653/1946 3325/741/1946
f 2891/653/1946 3326/742/1947 3325/741/1946
f 2891/653/1946 2892/709/1947 3326/742/1947
f 2892/709/1947 3327/726/1948 3326/742/1947
f 2892/709/1947 2876/711/1948 3327/726/1948
f 2876/711/1948 3328/725/1949 3327/726/1948
f 2876/711/1948 2875/713/1949 3328/725/1949
f 2875/713/1949 3329/727/1950 3328/725/1949
f 2875/713/1949 2877/715/1950 3329/727/1950
f 2877/715/1950 3330/728/1951 3329/727/1950
f 2877/715/1950 2878/717/1951 3330/728/1951
f 2878/717/1951 3331/729/1952 3330/728/1951
f 2878/717/1951 2879/719/1952 3331/729/1952
f 2879/719/1952 3332/730/1953 3331/729/1952
f 2879/719/1952 2880/721/1953 3332/730/1953
f 2880/721/1953 3333/731/1954 3332/730/1953
f 2880/721/1953 2881/723/1954 3333/731/1954
f 2881/723/1954 3334/732/1955 3333/731/1954
f 2881/723/1954 2882/692/1955 3334/732/1955
f 2882/692/1955 3335/733/1956 3334/732/1955
f 2882/692/1955 2883/693/1956 3335/733/1956
f 2883/693/1956 3336/761/1957 3335/733/1956
f 2883/693/1956 2911/695/1957 3336/761/1957
f 2911/695/1957 3337/762/1958 3336/761/1957
f 2911/695/1957 2912/697/1958 3337/762/1958
f 2912/697/1958 3338/763/1959 3337/762/1958
f 2912/697/1958 2913/699/1959 3338/763/1959
f 2913/699/1959 3339/764/1960 3338/763/1959
f 2913/699/1959 2914/701/1960 3339/764/1960
f 2914/701/1960 3340/765/1961 3339/764/1960
f 2914/701/1960 2915/703/1961 3340/765/1961
f 2915/703/1961 3341/766/1962 3340/765/1961
f 2915/703/1961 2916/705/1962 3341/766/1962
f 2916/705/1962 3342/767/1963 3341/766/1962
f 2916/705/1962 2917/707/1963 3342/767/1963
f 2917/707/1963 3343/768/1964 3342/767/1963
f 2917/707/1963 2918/674/1964 3343/768/1964
f 2918/674/1964 3344/753/1965 3343/768/1964
f 2918/674/1964 2903/675/1965 3344/753/1965
f 2903/675/1965 3345/752/1966 3344/753/1965
f 2903/675/1965 2902/677/1966 3345/752/1966
f 2902/677/1966 3346/754/1967 3345/752/1966
f 2902/677/1966 2904/679/1967 3346/754/1967
f 2904/679/1967 3347/755/1968 3346/754/1967
f 2904/679/1967 2905/681/1968 3347/755/1968
f 2905/681/1968 3348/756/1969 3347/755/1968
f 2905/681/1968 2906/683/1969 3348/756/1969
f 2906/683/1969 3349/757/1970 3348/756/1969
f 2906/683/1969 2907/685/1970 3349/757/1970
f 2907/685/1970 3350/758/1971 3349/757/1970
f 2907/685/1970 2908/687/1971 3350/758/1971
f 2908/687/1971 3351/759/1972 3350/758/1971
f 2908/687/1971 2909/689/1972 3351/759/1972
f 2909/689/1972 3352/760/1973 3351/759/1972
f 2909/689/1972 2910/656/1973 3352/760/1973
f 2910/656/1973 3353/744/1974 3352/760/1973
f 2910/656/1973 2894/657/1974 3353/744/1974
f 2894/657/1974 3354/743/1975 3353/744/1974
f 2894/657/1974 2893/659/1975 3354/743/1975
f 2893/659/1975 3355/745/1976 3354/743/1975
f 2893/659/1975 2895/661/1976 3355/745/1976
f 2895/661/1976 3356/746/1977 3355/745/1976
f 2895/661/1976 2896/663/1977 3356/746/1977
f 2896/663/1977 3357/747/1978 3356/746/1977
f 2896/663/1977 2897/665/1978 3357/747/1978
f 2897/665/1978 3358/748/1935 3357/747/1978
f 2897/665/1978 2898/667/1935 3358/748/1935
f 2898/667/1935 3315/749/1936 3358/748/1935
f 2823/363/1979 2824/364/1980 3359/506/1980
f 2824/364/1980 3360/507/1981 3359/506/1980
f 2824/364/1980 2825/365/1981 3360/507/1981
f 2825/365/1981 3361/508/1982 3360/507/1981
f 2825/365/1981 2826/366/1982 3361/508/1982
f 2826/366/1982 3362/509/1983 3361/508/1982
f 2826/366/1982 2827/367/1983 3362/509/1983
f 2827/367/1983 3363/510/1984 3362/509/1983
f 2827/367/1983 2828/368/1984 3363/510/1984
f 2828/368/1984 3364/538/1985 3363/510/1984
f 2828/368/1984 2829/369/1985 3364/538/1985
f 2829/369/1985 3365/539/1986 3364/538/1985
f 2829/369/1985 2830/370/1987 3365/539/1986
f 2830/370/1987 3366/540/1988 3365/539/1986
f 2830/370/1987 2796/371/1988 3366/540/1988
f 2796/371/1988 3367/541/1989 3366/540/1988
f 2796/371/1988 2795/372/1989 3367/541/1989
f 2795/372/1989 3368/542/1990 3367/541/1989
f 2795/372/1989 2797/373/1990 3368/542/1990
f 2797/373/1990 3369/543/1991 3368/542/1990
f 2797/373/1990 2798/374/1991 3369/543/1991
f 2798/374/1991 3370/544/1992 3369/543/1991
f 2798/374/1991 2799/375/1992 3370/544/1992
f 2799/375/1992 3371/545/1993 3370/544/1992
f 2799/375/1992 2800/376/1993 3371/545/1993
f 2800/376/1993 3372/529/1994 3371/545/1993
f 2800/376/1993 2801/377/1994 3372/529/1994
f 2801/377/1994 3373/530/1995 3372/529/1994
f 2801/377/1994 2802/378/1995 3373/530/1995
f 2802/378/1995 3374/531/1996 3373/530/1995
f 2802/378/1995 2803/355/1996 3374/531/1996
f 2803/355/1996 3375/532/1997 3374/531/1996
f 2803/355/1996 2804/354/1998 3375/532/1997
f 2804/354/1998 3376/533/1999 3375/532/1997
f 2804/354/1998 2805/356/1999 3376/533/1999
f 2805/356/1999 3377/534/2000 3376/533/1999
f 2805/356/1999 2806/357/2000 3377/534/2000
f 2806/357/2000 3378/535/2001 3377/534/2000
f 2806/357/2000 2807/358/2001 3378/535/2001
f 2807/358/2001 3379/536/2002 3378/535/2001
f 2807/358/2001 2808/359/2002 3379/536/2002
f 2808/359/2002 3380/537/2003 3379/536/2002
f 2808/359/2002 2809/360/2003 3380/537/2003
f 2809/360/2003 3381/520/2004 3380/537/2003
f 2809/360/2003 2810/353/2004 3381/520/2004
f 2810/353/2004 3382/521/2005 3381/520/2004
f 2810/353/2004 2811/380/2006 3382/521/2005
f 2811/380/2006 3383/522/2007 3382/521/2005
f 2811/380/2006 2812/379/2007 3383/522/2007
f 2812/379/2007 3384/523/2008 3383/522/2007
f 2812/379/2007 2789/381/2008 3384/523/2008
f 2789/381/2008 3385/524/2009 3384/523/2008
f 2789/381/2008 2788/382/2009 3385/524/2009
f 2788/382/2009 3386/525/2010 3385/524/2009
f 2788/382/2009 2790/383/2010 3386/525/2010
f 2790/383/2010 3387/526/2011 3386/525/2010
f 2790/383/2010 2791/384/2011 3387/526/2011
f 2791/384/2011 3388/527/2012 3387/526/2011
f 2791/384/2011 2792/385/2012 3388/527/2012
f 2792/385/2012 3389/528/2013 3388/527/2012
f 2792/385/2012 2793/386/2013 3389/528/2013
f 2793/386/2013 3390/511/2014 3389/528/2013
f 2793/386/2013 2794/387/2014 3390/511/2014
f 2794/387/2014 3391/512/2015 3390/511/2014
f 2794/387/2014 2787/388/2016 3391/512/2015
f 2787/388/2016 3392/513/2017 3391/512/2015
f 2787/388/2016 2814/389/2017 3392/513/2017
f 2814/389/2017 3393/514/2018 3392/513/2017
f 2814/389/2017 2813/390/2019 3393/514/2018
f 2813/390/2019 3394/515/2020 3393/514/2018
f 2813/390/2019 2815/391/2020 3394/515/2020
f 2815/391/2020 3395/516/2021 3394/515/2020
f 2815/391/2020 2816/392/2021 3395/516/2021
f 2816/392/2021 3396/517/2022 3395/516/2021
f 2816/392/2021 2817/393/2022 3396/517/2022
f 2817/393/2022 3397/518/2023 3396/517/2022
f 2817/393/2022 2818/394/2023 3397/518/2023
f 2818/394/2023 3398/519/2024 3397/518/2023
f 2818/394/2023 2819/395/2024 3398/519/2024
f 2819/395/2024 3399/502/2025 3398/519/2024
f 2819/395/2024 2820/396/2025 3399/502/2025
f 2820/396/2025 3400/503/2026 3399/502/2025
f 2820/396/2025 2821/362/2026 3400/503/2026
f 2821/362/2026 3401/504/2027 3400/503/2026
f 2821/362/2026 2822/361/2027 3401/504/2027
f 2822/361/2027 3402/505/1979 3401/504/2027
f 2822/361/2027 2823/363/1979 3402/505/1979
f 2823/363/1979 3359/506/1980 3402/505/1979
f 2570/686/99 2568/688/99 2500/687/99
f 2568/688/99 2502/689/99 2500/687/99
f 2568/688/99 2566/654/99 2502/689/99
f 2566/654/99 2504/656/99 2502/689/99
f 2566/654/99 2563/655/99 2504/656/99
f 2563/655/99 2469/657/99 2504/656/99
f 2563/655/99 2598/658/99 2469/657/99
f 2598/658/99 2472/659/99 2469/657/99
f 2598/658/99 2596/660/99 2472/659/99
f 2596/660/99 2474/661/99 2472/659/99
f 2596/660/99 2594/662/99 2474/661/99
f 2594/662/99 2476/663/99 2474/661/99
f 2594/662/99 2592/664/99 2476/663/99
f 2592/664/99 2478/665/99 2476/663/99
f 2592/664/99 2590/666/99 2478/665/99
f 2590/666/99 2480/667/99 2478/665/99
f 2590/666/99 2588/668/99 2480/667/99
f 2588/668/99 2482/669/99 2480/667/99
f 2588/668/99 2586/670/99 2482/669/99
f 2586/670/99 2484/671/99 2482/669/99
f 2586/670/99 2584/636/99 2484/671/99
f 2584/636/99 2486/638/99 2484/671/99
f 2584/636/99 2581/637/99 2486/638/99
f 2581/637/99 2451/639/99 2486/638/99
f 2581/637/99 2616/640/99 2451/639/99
f 2616/640/99 2454/641/99 2451/639/99
f 2616/640/99 2614/642/99 2454/641/99
f 2614/642/99 2456/643/99 2454/641/99
f 2614/642/99 2612/644/99 2456/643/99
f 2612/644/99 2458/645/99 2456/643/99
f 2612/644/99 2610/646/99 2458/645/99
f 2610/646/99 2460/647/99 2458/645/99
f 2610/646/99 2608/648/99 2460/647/99
f 2608/648/99 2462/649/99 2460/647/99
f 2608/648/99 2606/650/99 2462/649/99
f 2606/650/99 2464/651/99 2462/649/99
f 2606/650/99 2604/652/99 2464/651/99
f 2604/652/99 2466/653/99 2464/651/99
f 2604/652/99 2602/708/99 2466/653/99
f 2602/708/99 2468/709/99 2466/653/99
f 2602/708/99 2599/710/99 2468/709/99
f 2599/710/99 2433/711/99 2468/709/99
f 2599/710/99 2632/712/99 2433/711/99
f 2632/712/99 2436/713/99 2433/711/99
f 2632/712/99 2630/714/99 2436/713/99
f 2630/714/99 2438/715/99 2436/713/99
f 2630/714/99 2628/716/99 2438/715/99
f 2628/716/99 2440/717/99 2438/715/99
f 2628/716/99 2626/718/99 2440/717/99
f 2626/718/99 2442/719/99 2440/717/99
f 2626/718/99 2624/720/99 2442/719/99
f 2624/720/99 2444/721/99 2442/719/99
f 2624/720/99 2622/722/99 2444/721/99
f 2622/722/99 2446/723/99 2444/721/99
f 2622/722/99 2620/690/99 2446/723/99
f 2620/690/99 2448/692/99 2446/723/99
f 2620/690/99 2618/691/99 2448/692/99
f 2618/691/99 2450/693/99 2448/692/99
f 2618/691/99 2562/694/99 2450/693/99
f 2562/694/99 2506/695/99 2450/693/99
f 2562/694/99 2560/696/99 2506/695/99
f 2560/696/99 2508/697/99 2506/695/99
f 2560/696/99 2558/698/99 2508/697/99
f 2558/698/99 2510/699/99 2508/697/99
f 2558/698/99 2556/700/99 2510/699/99
f 2556/700/99 2512/701/99 2510/699/99
f 2556/700/99 2554/702/99 2512/701/99
f 2554/702/99 2514/703/99 2512/701/99
f 2554/702/99 2552/704/99 2514/703/99
f 2552/704/99 2516/705/99 2514/703/99
f 2552/704/99 2550/706/99 2516/705/99
f 2550/706/99 2518/707/99 2516/705/99
f 2550/706/99 2548/672/99 2518/707/99
f 2548/672/99 2520/674/99 2518/707/99
f 2548/672/99 2545/673/99 2520/674/99
f 2545/673/99 2487/675/99 2520/674/99
f 2545/673/99 2580/676/99 2487/675/99
f 2580/676/99 2490/677/99 2487/675/99
f 2580/676/99 2578/678/99 2490/677/99
f 2578/678/99 2492/679/99 2490/677/99
f 2578/678/99 2576/680/99 2492/679/99
f 2576/680/99 2494/681/99 2492/679/99
f 2576/680/99 2574/682/99 2494/681/99
f 2574/682/99 2496/683/99 2494/681/99
f 2574/682/99 2572/684/99 2496/683/99
f 2572/684/99 2498/685/99 2496/683/99
f 2572/684/99 2570/686/99 2498/685/99
f 2570/686/99 2500/687/99 2498/685/99
f 1256/392/2028 1257/393/2029 3491/517/2029
f 1257/393/2029 3492/518/2030 3491/517/2029
f 1257/393/2029 1258/394/2030 3492/518/2030
f 1258/394/2030 3493/519/2031 3492/518/2030
f 1258/394/2030 1259/395/2032 3493/519/2031
f 1259/395/2032 3494/502/2033 3493/519/2031
f 1259/395/2032 1260/396/2033 3494/502/2033
f 1260/396/2033 3495/503/2034 3494/502/2033
f 1260/396/2033 1226/362/2034 3495/503/2034
f 1226/362/2034 3496/504/2035 3495/503/2034
f 1226/362/2034 1225/361/2035 3496/504/2035
f 1225/361/2035 3497/505/2036 3496/504/2035
f 1225/361/2035 1227/363/2036 3497/505/2036
f 1227/363/2036 3498/506/2037 3497/505/2036
f 1227/363/2036 1228/364/2038 3498/506/2037
f 1228/364/2038 3499/507/2039 3498/506/2037
f 1228/364/2038 1229/365/2039 3499/507/2039
f 1229/365/2039 3500/508/2040 3499/507/2039
f 1229/365/2039 1230/366/2040 3500/508/2040
f 1230/366/2040 3501/509/2041 3500/508/2040
f 1230/366/2040 1231/367/2042 3501/509/2041
f 1231/367/2042 3502/510/2043 3501/509/2041
f 1231/367/2042 1232/368/2043 3502/510/2043
f 1232/368/2043 3503/538/2044 3502/510/2043
f 1232/368/2043 1233/369/2044 3503/538/2044
f 1233/369/2044 3504/539/2045 3503/538/2044
f 1233/369/2044 1234/370/2046 3504/539/2045
f 1234/370/2046 3505/540/2047 3504/539/2045
f 1234/370/2046 1235/371/2047 3505/540/2047
f 1235/371/2047 3506/541/2048 3505/540/2047
f 1235/371/2047 1236/372/2048 3506/541/2048
f 1236/372/2048 3507/542/2049 3506/541/2048
f 1236/372/2048 1237/373/2049 3507/542/2049
f 1237/373/2049 3508/543/2050 3507/542/2049
f 1237/373/2049 1238/374/2050 3508/543/2050
f 1238/374/2050 3509/544/2051 3508/543/2050
f 1238/374/2050 1239/375/2051 3509/544/2051
f 1239/375/2051 3510/545/2052 3509/544/2051
f 1239/375/2051 1240/376/2052 3510/545/2052
f 1240/376/2052 3511/529/2053 3510/545/2052
f 1240/376/2052 1241/377/2053 3511/529/2053
f 1241/377/2053 3512/530/2054 3511/529/2053
f 1241/377/2053 1242/378/2054 3512/530/2054
f 1242/378/2054 3513/531/2055 3512/530/2054
f 1242/378/2054 1219/355/2055 3513/531/2055
f 1219/355/2055 3514/532/2056 3513/531/2055
f 1219/355/2055 1218/354/2056 3514/532/2056
f 1218/354/2056 3515/533/2057 3514/532/2056
f 1218/354/2056 1220/356/2058 3515/533/2057
f 1220/356/2058 3516/534/2059 3515/533/2057
f 1220/356/2058 1221/357/2059 3516/534/2059
f 1221/357/2059 3517/535/2060 3516/534/2059
f 1221/357/2059 1222/358/2060 3517/535/2060
f 1222/358/2060 3518/536/2061 3517/535/2060
f 1222/358/2060 1223/359/2061 3518/536/2061
f 1223/359/2061 3519/537/2062 3518/536/2061
f 1223/359/2061 1224/360/2062 3519/537/2062
f 1224/360/2062 3520/520/2063 3519/537/2062
f 1224/360/2062 1217/353/2063 3520/520/2063
f 1217/353/2063 3521/521/2064 3520/520/2063
f 1217/353/2063 1244/380/2064 3521/521/2064
f 1244/380/2064 3522/522/2065 3521/521/2064
f 1244/380/2064 1243/379/2065 3522/522/2065
f 1243/379/2065 3523/523/2066 3522/522/2065
f 1243/379/2065 1245/381/2067 3523/523/2066
f 1245/381/2067 3524/524/2068 3523/523/2066
f 1245/381/2067 1246/382/2068 3524/524/2068
f 1246/382/2068 3525/525/2069 3524/524/2068
f 1246/382/2068 1247/383/2069 3525/525/2069
f 1247/383/2069 3526/526/2070 3525/525/2069
f 1247/383/2069 1248/384/2070 3526/526/2070
f 1248/384/2070 3527/527/2071 3526/526/2070
f 1248/384/2070 1249/385/2071 3527/527/2071
f 1249/385/2071 3528/528/2072 3527/527/2071
f 1249/385/2071 1250/386/2072 3528/528/2072
f 1250/386/2072 3529/511/2073 3528/528/2072
f 1250/386/2072 1251/387/2073 3529/511/2073
f 1251/387/2073 3530/512/2074 3529/511/2073
f 1251/387/2073 1252/388/2074 3530/512/2074
f 1252/388/2074 3531/513/2075 3530/512/2074
f 1252/388/2074 1253/389/2076 3531/513/2075
f 1253/389/2076 3532/514/2077 3531/513/2075
f 1253/389/2076 1254/390/2077 3532/514/2077
f 1254/390/2077 3533/515/2078 3532/514/2077
f 1254/390/2077 1255/391/2078 3533/515/2078
f 1255/391/2078 3534/516/2028 3533/515/2078
f 1255/391/2078 1256/392/2028 3534/516/2028
f 1256/392/2028 3491/517/2029 3534/516/2028
f 2369/637/61 2404/640/61 2651/639/61
f 2404/640/61 2654/641/61 2651/639/61
f 2404/640/61 2402/642/61 2654/641/61
f 2402/642/61 2656/643/61 2654/641/61
f 2402/642/61 2400/644/61 2656/643/61
f 2400/644/61 2658/645/61 2656/643/61
f 2400/644/61 2398/646/61 2658/645/61
f 2398/646/61 2660/647/61 2658/645/61
f 2398/646/61 2396/648/61 2660/647/61
f 2396/648/61 2662/649/61 2660/647/61
f 2396/648/61 2394/650/61 2662/649/61
f 2394/650/61 2664/651/61 2662/649/61
f 2394/650/61 2392/652/61 2664/651/61
f 2392/652/61 2666/653/61 2664/651/61
f 2392/652/61 2390/708/61 2666/653/61
f 2390/708/61 2668/709/61 2666/653/61
f 2390/708/61 2387/710/61 2668/709/61
f 2387/710/61 2633/711/61 2668/709/61
f 2387/710/61 2420/712/61 2633/711/61
f 2420/712/61 2636/713/61 2633/711/61
f 2420/712/61 2418/714/61 2636/713/61
f 2418/714/61 2638/715/61 2636/713/61
f 2418/714/61 2416/716/61 2638/715/61
f 2416/716/61 2640/717/61 2638/715/61
f 2416/716/61 2414/718/61 2640/717/61
f 2414/718/61 2642/719/61 2640/717/61
f 2414/718/61 2412/720/61 2642/719/61
f 2412/720/61 2644/721/61 2642/719/61
f 2412/720/61 2410/722/61 2644/721/61
f 2410/722/61 2646/723/61 2644/721/61
f 2410/722/61 2408/690/61 2646/723/61
f 2408/690/61 2648/692/61 2646/723/61
f 2408/690/61 2406/691/61 2648/692/61
f 2406/691/61 2650/693/61 2648/692/61
f 2406/691/61 2350/694/61 2650/693/61
f 2350/694/61 2706/695/61 2650/693/61
f 2350/694/61 2348/696/61 2706/695/61
f 2348/696/61 2708/697/61 2706/695/61
f 2348/696/61 2346/698/61 2708/697/61
f 2346/698/61 2710/699/61 2708/697/61
f 2346/698/61 2344/700/61 2710/699/61
f 2344/700/61 2712/701/61 2710/699/61
f 2344/700/61 2342/702/61 2712/701/61
f 2342/702/61 2714/703/61 2712/701/61
f 2342/702/61 2340/704/61 2714/703/61
f 2340/704/61 2716/705/61 2714/703/61
f 2340/704/61 2338/706/61 2716/705/61
f 2338/706/61 2718/707/61 2716/705/61
f 2338/706/61 2336/672/61 2718/707/61
f 2336/672/61 2720/674/61 2718/707/61
f 2336/672/61 2333/673/61 2720/674/61
f 2333/673/61 2687/675/61 2720/674/61
f 2333/673/61 2368/676/61 2687/675/61
f 2368/676/61 2690/677/61 2687/675/61
f 2368/676/61 2366/678/61 2690/677/61
f 2366/678/61 2692/679/61 2690/677/61
f 2366/678/61 2364/680/61 2692/679/61
f 2364/680/61 2694/681/61 2692/679/61
f 2364/680/61 2362/682/61 2694/681/61
f 2362/682/61 2696/683/61 2694/681/61
f 2362/682/61 2360/684/61 2696/683/61
f 2360/684/61 2698/685/61 2696/683/61
f 2360/684/61 2358/686/61 2698/685/61
f 2358/686/61 2700/687/61 2698/685/61
f 2358/686/61 2356/688/61 2700/687/61
f 2356/688/61 2702/689/61 2700/687/61
f 2356/688/61 2354/654/61 2702/689/61
f 2354/654/61 2704/656/61 2702/689/61
f 2354/654/61 2351/655/61 2704/656/61
f 2351/655/61 2669/657/61 2704/656/61
f 2351/655/61 2386/658/61 2669/657/61
f 2386/658/61 2672/659/61 2669/657/61
f 2386/658/61 2384/660/61 2672/659/61
f 2384/660/61 2674/661/61 2672/659/61
f 2384/660/61 2382/662/61 2674/661/61
f 2382/662/61 2676/663/61 2674/661/61
f 2382/662/61 2380/664/61 2676/663/61
f 2380/664/61 2678/665/61 2676/663/61
f 2380/664/61 2378/666/61 2678/665/61
f 2378/666/61 2680/667/61 2678/665/61
f 2378/666/61 2376/668/61 2680/667/61
f 2376/668/61 2682/669/61 2680/667/61
f 2376/668/61 2374/670/61 2682/669/61
f 2374/670/61 2684/671/61 2682/669/61
f 2374/670/61 2372/636/61 2684/671/61
f 2372/636/61 2686/638/61 2684/671/61
f 2372/636/61 2369/637/61 2686/638/61
f 2369/637/61 2651/639/61 2686/638/61
f 238/3/172 239/6/172 250/158/99
f 250/158/99 1478/180/99 238/3/172
f 250/158/99 1476/178/99 1478/180/99
f 250/158/99 1474/175/99 1476/178/99
f 1474/175/99 250/158/99 1473/170/99
f 1473/170/99 250/158/99 251/172/99
f 2053/184/2079 204/161/2079 203/79/2079
f 2187/667/2080 2188/669/2081 3711/749/2081
f 2188/669/2081 3712/750/2082 3711/749/2081
f 2188/669/2081 2189/671/2082 3712/750/2082
f 2189/671/2082 3713/751/2083 3712/750/2082
f 2189/671/2082 2190/638/2083 3713/751/2083
f 2190/638/2083 3714/735/2084 3713/751/2083
f 2190/638/2083 2174/639/2084 3714/735/2084
f 2174/639/2084 3715/734/2085 3714/735/2084
f 2174/639/2084 2173/641/2085 3715/734/2085
f 2173/641/2085 3716/736/2086 3715/734/2085
f 2173/641/2085 2175/643/2086 3716/736/2086
f 2175/643/2086 3717/737/2087 3716/736/2086
f 2175/643/2086 2176/645/2087 3717/737/2087
f 2176/645/2087 3718/738/2088 3717/737/2087
f 2176/645/2087 2177/647/2088 3718/738/2088
f 2177/647/2088 3719/739/2089 3718/738/2088
f 2177/647/2088 2178/649/2089 3719/739/2089
f 2178/649/2089 3720/740/2090 3719/739/2089
f 2178/649/2089 2179/651/2090 3720/740/2090
f 2179/651/2090 3721/741/2091 3720/740/2090
f 2179/651/2090 2180/653/2091 3721/741/2091
f 2180/653/2091 3722/742/2092 3721/741/2091
f 2180/653/2091 2181/709/2092 3722/742/2092
f 2181/709/2092 3723/726/2093 3722/742/2092
f 2181/709/2092 2165/711/2093 3723/726/2093
f 2165/711/2093 3724/725/2094 3723/726/2093
f 2165/711/2093 2164/713/2094 3724/725/2094
f 2164/713/2094 3725/727/2095 3724/725/2094
f 2164/713/2094 2166/715/2095 3725/727/2095
f 2166/715/2095 3726/728/2096 3725/727/2095
f 2166/715/2095 2167/717/2096 3726/728/2096
f 2167/717/2096 3727/729/2097 3726/728/2096
f 2167/717/2096 2168/719/2097 3727/729/2097
f 2168/719/2097 3728/730/2098 3727/729/2097
f 2168/719/2097 2169/721/2098 3728/730/2098
f 2169/721/2098 3729/731/2099 3728/730/2098
f 2169/721/2098 2170/723/2099 3729/731/2099
f 2170/723/2099 3730/732/2100 3729/731/2099
f 2170/723/2099 2171/692/2100 3730/732/2100
f 2171/692/2100 3731/733/2101 3730/732/2100
f 2171/692/2100 2172/693/2101 3731/733/2101
f 2172/693/2101 3732/761/2102 3731/733/2101
f 2172/693/2101 2200/695/2102 3732/761/2102
f 2200/695/2102 3733/762/2103 3732/761/2102
f 2200/695/2102 2201/697/2103 3733/762/2103
f 2201/697/2103 3734/763/2104 3733/762/2103
f 2201/697/2103 2202/699/2104 3734/763/2104
f 2202/699/2104 3735/764/2105 3734/763/2104
f 2202/699/2104 2203/701/2105 3735/764/2105
f 2203/701/2105 3736/765/2106 3735/764/2105
f 2203/701/2105 2204/703/2106 3736/765/2106
f 2204/703/2106 3737/766/2107 3736/765/2106
f 2204/703/2106 2205/705/2107 3737/766/2107
f 2205/705/2107 3738/767/2108 3737/766/2107
f 2205/705/2107 2206/707/2108 3738/767/2108
f 2206/707/2108 3739/768/2109 3738/767/2108
f 2206/707/2108 2207/674/2109 3739/768/2109
f 2207/674/2109 3740/753/2110 3739/768/2109
f 2207/674/2109 2192/675/2110 3740/753/2110
f 2192/675/2110 3741/752/2111 3740/753/2110
f 2192/675/2110 2191/677/2111 3741/752/2111
f 2191/677/2111 3742/754/2112 3741/752/2111
f 2191/677/2111 2193/679/2112 3742/754/2112
f 2193/679/2112 3743/755/2113 3742/754/2112
f 2193/679/2112 2194/681/2113 3743/755/2113
f 2194/681/2113 3744/756/2114 3743/755/2113
f 2194/681/2113 2195/683/2114 3744/756/2114
f 2195/683/2114 3745/757/2115 3744/756/2114
f 2195/683/2114 2196/685/2115 3745/757/2115
f 2196/685/2115 3746/758/2116 3745/757/2115
f 2196/685/2115 2197/687/2116 3746/758/2116
f 2197/687/2116 3747/759/2117 3746/758/2116
f 2197/687/2116 2198/689/2117 3747/759/2117
f 2198/689/2117 3748/760/2118 3747/759/2117
f 2198/689/2117 2199/656/2118 3748/760/2118
f 2199/656/2118 3749/744/2119 3748/760/2118
f 2199/656/2118 2183/657/2119 3749/744/2119
f 2183/657/2119 3750/743/2120 3749/744/2119
f 2183/657/2119 2182/659/2120 3750/743/2120
f 2182/659/2120 3751/745/2121 3750/743/2120
f 2182/659/2120 2184/661/2121 3751/745/2121
f 2184/661/2121 3752/746/2122 3751/745/2121
f 2184/661/2121 2185/663/2122 3752/746/2122
f 2185/663/2122 3753/747/2123 3752/746/2122
f 2185/663/2122 2186/665/2123 3753/747/2123
f 2186/665/2123 3754/748/2080 3753/747/2123
f 2186/665/2123 2187/667/2080 3754/748/2080
f 2187/667/2080 3711/749/2081 3754/748/2080
f 910/36/2124 907/37/2124 2104/34/2125
f 910/36/2126 2104/34/2125 3755/35/2125
f 3756/33/2127 3755/35/2125 2104/34/2125
f 3756/33/2127 2104/34/2125 2105/30/2128
f 3756/33/2127 2105/30/2128 3757/32/2129
f 2105/30/2128 3758/31/2130 3757/32/2129
f 2105/30/2128 3759/27/2131 3758/31/2130
f 2105/30/2128 2106/29/2132 3759/27/2131
f 2106/29/2132 969/28/2133 3759/27/2131
f 2106/29/2132 970/26/2134 969/28/2133
f 1579/184/2135 44/161/2135 73/79/2135
f 8/9/2136 39/344/2136 6/7/2136
f 1512/24/2137 1522/25/2137 1511/23/2137
f 1530/79/60 1603/73/60 1531/78/60
f 1531/78/60 1603/73/60 1540/77/60
f 1540/77/60 1603/73/60 1538/76/60
f 1538/76/60 1603/73/60 1536/75/60
f 1536/75/60 1603/73/60 1535/72/60
f 1535/72/60 1603/73/60 1557/74/60
f 68/159/2138 1527/6/2138 1679/187/2138
f 1544/50/98 1545/51/98 1645/52/98
f 1645/52/98 1545/51/98 1547/53/98
f 1549/54/98 1645/52/98 1547/53/98
f 1551/55/98 1645/52/98 1549/54/98
f 1553/56/98 1645/52/98 1551/55/98
f 1645/52/98 1553/56/98 1644/57/98
f 3760/20/2139 1500/21/2140 1502/22/2141
f 3760/20/2139 1918/19/2142 1500/21/2140
f 3761/18/2143 1918/19/2142 3760/20/2139
f 3761/18/2143 1919/15/2144 1918/19/2142
f 3761/18/2143 3762/17/2144 1919/15/2144
f 1920/14/2145 1919/15/2144 3762/17/2144
f 1920/14/2145 3762/17/2144 3763/16/2146
f 1920/14/2145 3763/16/2146 3764/12/2147
f 1503/11/2148 1920/14/2145 3764/12/2147
f 1503/11/2148 3764/12/2147 1506/13/2149
f 1910/172/2150 51/197/2150 1680/169/2150
f 1672/3/2151 3765/2/2151 1671/1/2151
f 1527/6/2152 1734/5/2152 1679/4/2152
f 1527/6/2152 1735/183/2153 1734/5/2152
f 1527/6/2152 1744/3/2153 1735/183/2153
f 1736/181/2154 1735/182/2153 1744/3/2153
f 1680/169/2155 1743/170/2156 1910/172/2156
f 1680/169/2155 1732/724/2156 1743/170/2156
f 1680/169/2155 1729/171/2157 1732/724/2156
f 1583/36/2158 1580/37/2158 1921/34/2159
f 1583/36/2160 1921/34/2159 3766/35/2159
f 3767/33/2161 3766/35/2159 1921/34/2159
f 3767/33/2161 1921/34/2159 1922/30/2162
f 3767/33/2161 1922/30/2162 3768/32/2163
f 1922/30/2162 3769/31/2164 3768/32/2163
f 1922/30/2162 3770/27/2165 3769/31/2164
f 1922/30/2162 1923/29/2166 3770/27/2165
f 1923/29/2166 1676/28/2167 3770/27/2165
f 1923/29/2166 1677/26/2168 1676/28/2167
f 1528/158/2169 67/160/2169 46/397/2169
f 1585/23/2170 1650/25/2170 1584/24/2170
f 1561/184/2171 1601/79/2171 1559/161/2171
f 1648/9/2172 1612/7/2172 1613/344/2172
f 1573/197/2173 1606/172/2173 1572/169/2173
f 1519/9/2174 1514/344/2174 1513/7/2174
f 1616/7/2175 1615/344/2175 1915/9/2175
f 1766/51/2176 3771/312/2177 1765/313/2178
f 1766/51/2176 3772/314/2179 3771/312/2177
f 1766/51/2176 1770/53/2180 3772/314/2179
f 1770/53/2180 3773/315/2181 3772/314/2179
f 1770/53/2180 1769/54/2182 3773/315/2181
f 1769/54/2182 3774/316/2183 3773/315/2181
f 1769/54/2182 1768/55/2184 3774/316/2183
f 1768/55/2184 3775/317/2185 3774/316/2183
f 1768/55/2184 1667/56/2186 3775/317/2185
f 1667/56/2186 1666/318/2187 3775/317/2185
f 1663/397/2188 1661/160/2188 1658/158/2188
f 1623/397/2189 1622/160/2189 1643/158/2189
f 1668/169/2190 1665/197/2190 1669/172/2190
f 1604/158/2191 1603/160/2191 1645/397/2191
f 1745/187/2192 1660/6/2192 1659/159/2192
f 1627/23/2193 1651/25/2193 1625/24/2193
f 1664/79/2194 1662/161/2194 1767/184/2194
f 1619/6/2195 1588/159/2195 1590/187/2195
f 1578/313/2196 3776/312/2197 45/51/2198
f 3776/312/2197 47/53/2199 45/51/2198
f 3776/312/2197 3777/314/2200 47/53/2199
f 3777/314/2200 48/54/2201 47/53/2199
f 3777/314/2200 3778/315/2201 48/54/2201
f 3778/315/2201 49/55/2202 48/54/2201
f 3778/315/2201 3779/316/2203 49/55/2202
f 3779/316/2203 50/56/2204 49/55/2202
f 3779/316/2203 3780/317/2205 50/56/2204
f 3780/317/2205 1681/318/2206 50/56/2204
f 1744/3/1064 1527/6/1064 1528/158/61
f 1528/158/61 1738/180/61 1744/3/1064
f 1528/158/61 1740/178/61 1738/180/61
f 1528/158/61 1742/175/61 1740/178/61
f 1742/175/61 1528/158/61 1743/170/61
f 1743/170/61 1528/158/61 1910/172/61
f 1530/79/2207 1532/184/2207 1544/161/2207
f 1674/173/2208 3781/174/2209 1673/170/2210
f 3781/174/2209 1682/175/2211 1673/170/2210
f 3781/174/2209 3782/176/2212 1682/175/2211
f 1682/175/2211 3782/176/2212 3783/177/2213
f 1682/175/2211 3783/177/2213 1683/178/2214
f 1683/178/2214 3783/177/2213 3784/179/2215
f 1683/178/2214 3784/179/2215 1684/180/2216
f 1684/180/2216 3784/179/2215 3765/2/2217
f 1684/180/2216 3765/2/2218 1672/3/2218
f 1646/172/2219 1644/197/2219 1670/169/2219
f 1556/187/2220 1557/159/2220 1602/6/2220
usemtl metal_box_emission
f 52/58/41 53/59/41 54/60/41
f 55/61/41 56/62/41 57/63/41
f 55/61/41 53/59/41 56/62/41
f 58/64/41 56/62/41 53/59/41
f 52/58/41 58/64/41 53/59/41
f 59/65/41 58/64/41 60/66/41
f 59/65/41 61/67/41 58/64/41
f 58/64/41 61/67/41 56/62/41
f 61/67/41 62/68/41 56/62/41
f 61/67/41 63/69/41 62/68/41
f 74/58/61 75/59/61 76/60/61
f 77/61/61 78/62/61 79/63/61
f 77/61/61 75/59/61 78/62/61
f 80/64/61 78/62/61 75/59/61
f 74/58/61 80/64/61 75/59/61
f 81/65/61 80/64/61 82/66/61
f 81/65/61 83/67/61 80/64/61
f 80/64/61 83/67/61 78/62/61
f 83/67/61 84/68/61 78/62/61
f 83/67/61 85/69/61 84/68/61
f 122/67/40 123/69/78 124/68/78
f 122/67/40 124/68/78 125/62/40
f 126/59/40 122/67/40 125/62/40
f 127/61/79 126/59/40 125/62/40
f 127/61/79 125/62/40 128/63/79
f 129/58/80 126/59/40 130/60/80
f 129/58/80 131/64/40 126/59/40
f 126/59/40 131/64/40 122/67/40
f 131/64/40 132/65/81 122/67/40
f 131/64/40 133/66/81 132/65/81
f 151/67/98 103/69/74 106/68/74
f 151/67/98 106/68/74 152/62/98
f 153/59/98 151/67/98 152/62/98
f 87/61/63 153/59/98 152/62/98
f 87/61/63 152/62/98 88/63/63
f 94/58/66 153/59/98 91/60/66
f 94/58/66 154/64/98 153/59/98
f 153/59/98 154/64/98 151/67/98
f 154/64/98 100/65/70 151/67/98
f 154/64/98 97/66/70 100/65/70
f 164/67/99 165/69/100 166/68/100
f 164/67/99 166/68/100 167/62/99
f 168/59/99 164/67/99 167/62/99
f 169/61/101 168/59/99 167/62/99
f 169/61/101 167/62/99 170/124/101
f 171/58/102 168/59/99 172/60/103
f 171/58/102 173/64/99 168/59/99
f 168/59/99 173/64/99 164/67/99
f 173/64/99 174/125/104 164/67/99
f 173/64/99 175/66/104 174/125/104
f 182/67/60 134/69/84 135/68/84
f 182/67/60 135/68/84 183/62/60
f 184/59/60 182/67/60 183/62/60
f 140/61/87 184/59/60 183/62/60
f 140/61/87 183/62/60 137/63/87
f 146/58/91 184/59/60 143/60/91
f 146/58/91 185/64/60 184/59/60
f 184/59/60 185/64/60 182/67/60
f 185/64/60 149/65/95 182/67/60
f 185/64/60 148/66/95 149/65/95
f 1118/546/98 1119/547/98 1120/548/98
f 1119/547/98 1121/549/98 1120/548/98
f 1119/547/98 1122/550/98 1121/549/98
f 1122/550/98 1123/551/98 1121/549/98
f 1122/550/98 1124/552/98 1123/551/98
f 1124/552/98 1125/553/98 1123/551/98
f 1124/552/98 1126/554/98 1125/553/98
f 1126/554/98 1127/555/98 1125/553/98
f 1126/554/98 1128/556/98 1127/555/98
f 1128/556/98 1129/557/98 1127/555/98
f 1128/556/98 1130/558/98 1129/557/98
f 1130/558/98 1131/559/98 1129/557/98
f 1130/558/98 1132/560/98 1131/559/98
f 1132/560/98 1133/561/98 1131/559/98
f 1132/560/98 1134/562/98 1133/561/98
f 1134/562/98 1135/563/98 1133/561/98
f 1136/564/98 1137/565/98 1138/566/98
f 1137/565/98 1139/567/98 1138/566/98
f 1137/565/98 1140/568/98 1139/567/98
f 1140/568/98 1141/569/98 1139/567/98
f 1140/568/98 1142/570/98 1141/569/98
f 1142/570/98 1143/571/98 1141/569/98
f 1142/570/98 1144/572/98 1143/571/98
f 1144/572/98 1145/573/98 1143/571/98
f 1144/572/98 1146/574/98 1145/573/98
f 1146/574/98 1147/575/98 1145/573/98
f 1146/574/98 1148/576/98 1147/575/98
f 1148/576/98 1149/577/98 1147/575/98
f 1148/576/98 1150/578/98 1149/577/98
f 1150/578/98 1151/579/98 1149/577/98
f 1150/578/98 1152/580/98 1151/579/98
f 1152/580/98 1153/581/98 1151/579/98
f 1152/580/98 1118/546/98 1153/581/98
f 1118/546/98 1120/548/98 1153/581/98
f 1154/582/98 1155/583/98 1156/584/98
f 1155/583/98 1157/585/98 1156/584/98
f 1155/583/98 1158/586/98 1157/585/98
f 1158/586/98 1159/587/98 1157/585/98
f 1158/586/98 1160/588/98 1159/587/98
f 1160/588/98 1161/589/98 1159/587/98
f 1160/588/98 1162/590/98 1161/589/98
f 1162/590/98 1163/591/98 1161/589/98
f 1162/590/98 1164/592/98 1163/591/98
f 1164/592/98 1165/593/98 1163/591/98
f 1164/592/98 1166/594/98 1165/593/98
f 1166/594/98 1167/595/98 1165/593/98
f 1166/594/98 1168/596/98 1167/595/98
f 1168/596/98 1169/597/98 1167/595/98
f 1168/596/98 1170/598/98 1169/597/98
f 1170/598/98 1171/599/98 1169/597/98
f 1170/598/98 1136/564/98 1171/599/98
f 1136/564/98 1138/566/98 1171/599/98
f 1172/600/98 1173/601/98 1174/602/98
f 1173/601/98 1175/603/98 1174/602/98
f 1173/601/98 1176/604/98 1175/603/98
f 1176/604/98 1177/605/98 1175/603/98
f 1176/604/98 1178/606/98 1177/605/98
f 1178/606/98 1179/607/98 1177/605/98
f 1178/606/98 1180/608/98 1179/607/98
f 1180/608/98 1181/609/98 1179/607/98
f 1180/608/98 1182/610/98 1181/609/98
f 1182/610/98 1183/611/98 1181/609/98
f 1182/610/98 1184/612/98 1183/611/98
f 1184/612/98 1185/613/98 1183/611/98
f 1184/612/98 1186/614/98 1185/613/98
f 1186/614/98 1187/615/98 1185/613/98
f 1186/614/98 1188/616/98 1187/615/98
f 1188/616/98 1189/617/98 1187/615/98
f 1188/616/98 1154/582/98 1189/617/98
f 1154/582/98 1156/584/98 1189/617/98
f 1134/562/98 1190/618/98 1135/563/98
f 1190/618/98 1191/619/98 1135/563/98
f 1190/618/98 1192/620/98 1191/619/98
f 1192/620/98 1193/621/98 1191/619/98
f 1192/620/98 1194/622/98 1193/621/98
f 1194/622/98 1195/623/98 1193/621/98
f 1194/622/98 1196/624/98 1195/623/98
f 1196/624/98 1197/625/98 1195/623/98
f 1196/624/98 1198/626/98 1197/625/98
f 1198/626/98 1199/627/98 1197/625/98
f 1198/626/98 1200/628/98 1199/627/98
f 1200/628/98 1201/629/98 1199/627/98
f 1200/628/98 1202/630/98 1201/629/98
f 1202/630/98 1203/631/98 1201/629/98
f 1202/630/98 1204/632/98 1203/631/98
f 1204/632/98 1205/633/98 1203/631/98
f 1204/632/98 1172/600/98 1205/633/98
f 1172/600/98 1174/602/98 1205/633/98
f 1821/546/40 1822/547/40 1823/548/40
f 1822/547/40 1824/549/40 1823/548/40
f 1822/547/40 1825/550/40 1824/549/40
f 1825/550/40 1826/551/40 1824/549/40
f 1825/550/40 1827/552/40 1826/551/40
f 1827/552/40 1828/553/40 1826/551/40
f 1827/552/40 1829/554/40 1828/553/40
f 1829/554/40 1830/555/40 1828/553/40
f 1829/554/40 1831/556/40 1830/555/40
f 1831/556/40 1832/557/40 1830/555/40
f 1831/556/40 1833/558/40 1832/557/40
f 1833/558/40 1834/559/40 1832/557/40
f 1833/558/40 1835/560/40 1834/559/40
f 1835/560/40 1836/561/40 1834/559/40
f 1835/560/40 1837/562/40 1836/561/40
f 1837/562/40 1838/563/40 1836/561/40
f 1839/564/40 1840/565/40 1841/566/40
f 1840/565/40 1842/567/40 1841/566/40
f 1840/565/40 1843/568/40 1842/567/40
f 1843/568/40 1844/569/40 1842/567/40
f 1843/568/40 1845/570/40 1844/569/40
f 1845/570/40 1846/571/40 1844/569/40
f 1845/570/40 1847/572/40 1846/571/40
f 1847/572/40 1848/573/40 1846/571/40
f 1847/572/40 1849/574/40 1848/573/40
f 1849/574/40 1850/575/40 1848/573/40
f 1849/574/40 1851/576/40 1850/575/40
f 1851/576/40 1852/577/40 1850/575/40
f 1851/576/40 1853/578/40 1852/577/40
f 1853/578/40 1854/579/40 1852/577/40
f 1853/578/40 1855/580/40 1854/579/40
f 1855/580/40 1856/581/40 1854/579/40
f 1855/580/40 1821/546/40 1856/581/40
f 1821/546/40 1823/548/40 1856/581/40
f 1857/582/40 1858/583/40 1859/584/40
f 1858/583/40 1860/585/40 1859/584/40
f 1858/583/40 1861/586/40 1860/585/40
f 1861/586/40 1862/587/40 1860/585/40
f 1861/586/40 1863/588/40 1862/587/40
f 1863/588/40 1864/589/40 1862/587/40
f 1863/588/40 1865/590/40 1864/589/40
f 1865/590/40 1866/591/40 1864/589/40
f 1865/590/40 1867/592/40 1866/591/40
f 1867/592/40 1868/593/40 1866/591/40
f 1867/592/40 1869/594/40 1868/593/40
f 1869/594/40 1870/595/40 1868/593/40
f 1869/594/40 1871/596/40 1870/595/40
f 1871/596/40 1872/597/40 1870/595/40
f 1871/596/40 1873/598/40 1872/597/40
f 1873/598/40 1874/599/40 1872/597/40
f 1873/598/40 1839/564/40 1874/599/40
f 1839/564/40 1841/566/40 1874/599/40
f 1875/600/40 1876/601/40 1877/602/40
f 1876/601/40 1878/603/40 1877/602/40
f 1876/601/40 1879/604/40 1878/603/40
f 1879/604/40 1880/605/40 1878/603/40
f 1879/604/40 1881/606/40 1880/605/40
f 1881/606/40 1882/607/40 1880/605/40
f 1881/606/40 1883/608/40 1882/607/40
f 1883/608/40 1884/609/40 1882/607/40
f 1883/608/40 1885/610/40 1884/609/40
f 1885/610/40 1886/611/40 1884/609/40
f 1885/610/40 1887/612/40 1886/611/40
f 1887/612/40 1888/613/40 1886/611/40
f 1887/612/40 1889/614/40 1888/613/40
f 1889/614/40 1890/615/40 1888/613/40
f 1889/614/40 1891/616/40 1890/615/40
f 1891/616/40 1892/617/40 1890/615/40
f 1891/616/40 1857/582/40 1892/617/40
f 1857/582/40 1859/584/40 1892/617/40
f 1837/562/40 1893/618/40 1838/563/40
f 1893/618/40 1894/619/40 1838/563/40
f 1893/618/40 1895/620/40 1894/619/40
f 1895/620/40 1896/621/40 1894/619/40
f 1895/620/40 1897/622/40 1896/621/40
f 1897/622/40 1898/623/40 1896/621/40
f 1897/622/40 1899/624/40 1898/623/40
f 1899/624/40 1900/625/40 1898/623/40
f 1899/624/40 1901/626/40 1900/625/40
f 1901/626/40 1902/627/40 1900/625/40
f 1901/626/40 1903/628/40 1902/627/40
f 1903/628/40 1904/629/40 1902/627/40
f 1903/628/40 1905/630/40 1904/629/40
f 1905/630/40 1906/631/40 1904/629/40
f 1905/630/40 1907/632/40 1906/631/40
f 1907/632/40 1908/633/40 1906/631/40
f 1907/632/40 1875/600/40 1908/633/40
f 1875/600/40 1877/602/40 1908/633/40
f 2221/546/41 2222/547/41 2223/548/41
f 2222/547/41 2224/549/41 2223/548/41
f 2222/547/41 2225/550/41 2224/549/41
f 2225/550/41 2226/551/41 2224/549/41
f 2225/550/41 2227/552/41 2226/551/41
f 2227/552/41 2228/553/41 2226/551/41
f 2227/552/41 2229/554/41 2228/553/41
f 2229/554/41 2230/555/41 2228/553/41
f 2229/554/41 2231/556/41 2230/555/41
f 2231/556/41 2232/557/41 2230/555/41
f 2231/556/41 2233/558/41 2232/557/41
f 2233/558/41 2234/559/41 2232/557/41
f 2233/558/41 2235/560/41 2234/559/41
f 2235/560/41 2236/561/41 2234/559/41
f 2235/560/41 2237/562/41 2236/561/41
f 2237/562/41 2238/563/41 2236/561/41
f 2239/564/41 2240/565/41 2241/566/41
f 2240/565/41 2242/567/41 2241/566/41
f 2240/565/41 2243/568/41 2242/567/41
f 2243/568/41 2244/569/41 2242/567/41
f 2243/568/41 2245/570/41 2244/569/41
f 2245/570/41 2246/571/41 2244/569/41
f 2245/570/41 2247/572/41 2246/571/41
f 2247/572/41 2248/573/41 2246/571/41
f 2247/572/41 2249/574/41 2248/573/41
f 2249/574/41 2250/575/41 2248/573/41
f 2249/574/41 2251/576/41 2250/575/41
f 2251/576/41 2252/577/41 2250/575/41
f 2251/576/41 2253/578/41 2252/577/41
f 2253/578/41 2254/579/41 2252/577/41
f 2253/578/41 2255/580/41 2254/579/41
f 2255/580/41 2256/581/41 2254/579/41
f 2255/580/41 2221/546/41 2256/581/41
f 2221/546/41 2223/548/41 2256/581/41
f 2257/582/41 2258/583/41 2259/584/41
f 2258/583/41 2260/585/41 2259/584/41
f 2258/583/41 2261/586/41 2260/585/41
f 2261/586/41 2262/587/41 2260/585/41
f 2261/586/41 2263/588/41 2262/587/41
f 2263/588/41 2264/589/41 2262/587/41
f 2263/588/41 2265/590/41 2264/589/41
f 2265/590/41 2266/591/41 2264/589/41
f 2265/590/41 2267/592/41 2266/591/41
f 2267/592/41 2268/593/41 2266/591/41
f 2267/592/41 2269/594/41 2268/593/41
f 2269/594/41 2270/595/41 2268/593/41
f 2269/594/41 2271/596/41 2270/595/41
f 2271/596/41 2272/597/41 2270/595/41
f 2271/596/41 2273/598/41 2272/597/41
f 2273/598/41 2274/599/41 2272/597/41
f 2273/598/41 2239/564/41 2274/599/41
f 2239/564/41 2241/566/41 2274/599/41
f 2275/600/41 2276/601/41 2277/602/41
f 2276/601/41 2278/603/41 2277/602/41
f 2276/601/41 2279/604/41 2278/603/41
f 2279/604/41 2280/605/41 2278/603/41
f 2279/604/41 2281/606/41 2280/605/41
f 2281/606/41 2282/607/41 2280/605/41
f 2281/606/41 2283/608/41 2282/607/41
f 2283/608/41 2284/609/41 2282/607/41
f 2283/608/41 2285/610/41 2284/609/41
f 2285/610/41 2286/611/41 2284/609/41
f 2285/610/41 2287/612/41 2286/611/41
f 2287/612/41 2288/613/41 2286/611/41
f 2287/612/41 2289/614/41 2288/613/41
f 2289/614/41 2290/615/41 2288/613/41
f 2289/614/41 2291/616/41 2290/615/41
f 2291/616/41 2292/617/41 2290/615/41
f 2291/616/41 2257/582/41 2292/617/41
f 2257/582/41 2259/584/41 2292/617/41
f 2237/562/41 2293/618/41 2238/563/41
f 2293/618/41 2294/619/41 2238/563/41
f 2293/618/41 2295/620/41 2294/619/41
f 2295/620/41 2296/621/41 2294/619/41
f 2295/620/41 2297/622/41 2296/621/41
f 2297/622/41 2298/623/41 2296/621/41
f 2297/622/41 2299/624/41 2298/623/41
f 2299/624/41 2300/625/41 2298/623/41
f 2299/624/41 2301/626/41 2300/625/41
f 2301/626/41 2302/627/41 2300/625/41
f 2301/626/41 2303/628/41 2302/627/41
f 2303/628/41 2304/629/41 2302/627/41
f 2303/628/41 2305/630/41 2304/629/41
f 2305/630/41 2306/631/41 2304/629/41
f 2305/630/41 2307/632/41 2306/631/41
f 2307/632/41 2308/633/41 2306/631/41
f 2307/632/41 2275/600/41 2308/633/41
f 2275/600/41 2277/602/41 2308/633/41
f 3403/622/60 3404/624/60 3405/623/60
f 3404/624/60 3406/625/60 3405/623/60
f 3404/624/60 3407/626/60 3406/625/60
f 3407/626/60 3408/627/60 3406/625/60
f 3407/626/60 3409/628/60 3408/627/60
f 3409/628/60 3410/629/60 3408/627/60
f 3409/628/60 3411/630/60 3410/629/60
f 3411/630/60 3412/631/60 3410/629/60
f 3411/630/60 3413/632/60 3412/631/60
f 3413/632/60 3414/633/60 3412/631/60
f 3413/632/60 3415/600/60 3414/633/60
f 3415/600/60 3416/602/60 3414/633/60
f 3415/600/60 3417/601/60 3416/602/60
f 3417/601/60 3418/603/60 3416/602/60
f 3417/601/60 3419/604/60 3418/603/60
f 3419/604/60 3420/605/60 3418/603/60
f 3419/604/60 3421/606/60 3420/605/60
f 3421/606/60 3422/607/60 3420/605/60
f 3421/606/60 3423/608/60 3422/607/60
f 3423/608/60 3424/609/60 3422/607/60
f 3423/608/60 3425/610/60 3424/609/60
f 3425/610/60 3426/611/60 3424/609/60
f 3425/610/60 3427/612/60 3426/611/60
f 3427/612/60 3428/613/60 3426/611/60
f 3427/612/60 3429/614/60 3428/613/60
f 3429/614/60 3430/615/60 3428/613/60
f 3429/614/60 3431/616/60 3430/615/60
f 3431/616/60 3432/617/60 3430/615/60
f 3431/616/60 3433/582/60 3432/617/60
f 3433/582/60 3434/584/60 3432/617/60
f 3433/582/60 3435/583/60 3434/584/60
f 3435/583/60 3436/585/60 3434/584/60
f 3435/583/60 3437/586/60 3436/585/60
f 3437/586/60 3438/587/60 3436/585/60
f 3437/586/60 3439/588/60 3438/587/60
f 3439/588/60 3440/589/60 3438/587/60
f 3439/588/60 3441/590/60 3440/589/60
f 3441/590/60 3442/591/60 3440/589/60
f 3441/590/60 3443/592/60 3442/591/60
f 3443/592/60 3444/593/60 3442/591/60
f 3443/592/60 3445/594/60 3444/593/60
f 3445/594/60 3446/595/60 3444/593/60
f 3445/594/60 3447/596/60 3446/595/60
f 3447/596/60 3448/597/60 3446/595/60
f 3447/596/60 3449/598/60 3448/597/60
f 3449/598/60 3450/599/60 3448/597/60
f 3449/598/60 3451/564/60 3450/599/60
f 3451/564/60 3452/566/60 3450/599/60
f 3451/564/60 3453/565/60 3452/566/60
f 3453/565/60 3454/567/60 3452/566/60
f 3453/565/60 3455/568/60 3454/567/60
f 3455/568/60 3456/569/60 3454/567/60
f 3455/568/60 3457/570/60 3456/569/60
f 3457/570/60 3458/571/60 3456/569/60
f 3457/570/60 3459/572/60 3458/571/60
f 3459/572/60 3460/573/60 3458/571/60
f 3459/572/60 3461/574/60 3460/573/60
f 3461/574/60 3462/575/60 3460/573/60
f 3461/574/60 3463/576/60 3462/575/60
f 3463/576/60 3464/577/60 3462/575/60
f 3463/576/60 3465/578/60 3464/577/60
f 3465/578/60 3466/579/60 3464/577/60
f 3465/578/60 3467/580/60 3466/579/60
f 3467/580/60 3468/581/60 3466/579/60
f 3467/580/60 3469/546/60 3468/581/60
f 3469/546/60 3470/548/60 3468/581/60
f 3469/546/60 3471/547/60 3470/548/60
f 3471/547/60 3472/549/60 3470/548/60
f 3471/547/60 3473/550/60 3472/549/60
f 3473/550/60 3474/551/60 3472/549/60
f 3473/550/60 3475/552/60 3474/551/60
f 3475/552/60 3476/553/60 3474/551/60
f 3475/552/60 3477/554/60 3476/553/60
f 3477/554/60 3478/555/60 3476/553/60
f 3477/554/60 3479/556/60 3478/555/60
f 3479/556/60 3480/557/60 3478/555/60
f 3479/556/60 3481/558/60 3480/557/60
f 3481/558/60 3482/559/60 3480/557/60
f 3481/558/60 3483/560/60 3482/559/60
f 3483/560/60 3484/561/60 3482/559/60
f 3483/560/60 3485/562/60 3484/561/60
f 3485/562/60 3486/563/60 3484/561/60
f 3485/562/60 3487/618/60 3486/563/60
f 3487/618/60 3488/619/60 3486/563/60
f 3487/618/60 3489/620/60 3488/619/60
f 3489/620/60 3490/621/60 3488/619/60
f 3489/620/60 3403/622/60 3490/621/60
f 3403/622/60 3405/623/60 3490/621/60
f 3535/556/61 3536/558/61 3537/557/61
f 3536/558/61 3538/559/61 3537/557/61
f 3536/558/61 3539/560/61 3538/559/61
f 3539/560/61 3540/561/61 3538/559/61
f 3539/560/61 3541/562/61 3540/561/61
f 3541/562/61 3542/563/61 3540/561/61
f 3541/562/61 3543/618/61 3542/563/61
f 3543/618/61 3544/619/61 3542/563/61
f 3543/618/61 3545/620/61 3544/619/61
f 3545/620/61 3546/621/61 3544/619/61
f 3545/620/61 3547/622/61 3546/621/61
f 3547/622/61 3548/623/61 3546/621/61
f 3547/622/61 3549/624/61 3548/623/61
f 3549/624/61 3550/625/61 3548/623/61
f 3549/624/61 3551/626/61 3550/625/61
f 3551/626/61 3552/627/61 3550/625/61
f 3551/626/61 3553/628/61 3552/627/61
f 3553/628/61 3554/629/61 3552/627/61
f 3553/628/61 3555/630/61 3554/629/61
f 3555/630/61 3556/631/61 3554/629/61
f 3555/630/61 3557/632/61 3556/631/61
f 3557/632/61 3558/633/61 3556/631/61
f 3557/632/61 3559/600/61 3558/633/61
f 3559/600/61 3560/602/61 3558/633/61
f 3559/600/61 3561/601/61 3560/602/61
f 3561/601/61 3562/603/61 3560/602/61
f 3561/601/61 3563/604/61 3562/603/61
f 3563/604/61 3564/605/61 3562/603/61
f 3563/604/61 3565/606/61 3564/605/61
f 3565/606/61 3566/607/61 3564/605/61
f 3565/606/61 3567/608/61 3566/607/61
f 3567/608/61 3568/609/61 3566/607/61
f 3567/608/61 3569/610/61 3568/609/61
f 3569/610/61 3570/611/61 3568/609/61
f 3569/610/61 3571/612/61 3570/611/61
f 3571/612/61 3572/613/61 3570/611/61
f 3571/612/61 3573/614/61 3572/613/61
f 3573/614/61 3574/615/61 3572/613/61
f 3573/614/61 3575/616/61 3574/615/61
f 3575/616/61 3576/617/61 3574/615/61
f 3575/616/61 3577/582/61 3576/617/61
f 3577/582/61 3578/584/61 3576/617/61
f 3577/582/61 3579/583/61 3578/584/61
f 3579/583/61 3580/585/61 3578/584/61
f 3579/583/61 3581/586/61 3580/585/61
f 3581/586/61 3582/587/61 3580/585/61
f 3581/586/61 3583/588/61 3582/587/61
f 3583/588/61 3584/589/61 3582/587/61
f 3583/588/61 3585/590/61 3584/589/61
f 3585/590/61 3586/591/61 3584/589/61
f 3585/590/61 3587/592/61 3586/591/61
f 3587/592/61 3588/593/61 3586/591/61
f 3587/592/61 3589/594/61 3588/593/61
f 3589/594/61 3590/595/61 3588/593/61
f 3589/594/61 3591/596/61 3590/595/61
f 3591/596/61 3592/597/61 3590/595/61
f 3591/596/61 3593/598/61 3592/597/61
f 3593/598/61 3594/599/61 3592/597/61
f 3593/598/61 3595/564/61 3594/599/61
f 3595/564/61 3596/566/61 3594/599/61
f 3595/564/61 3597/565/61 3596/566/61
f 3597/565/61 3598/567/61 3596/566/61
f 3597/565/61 3599/568/61 3598/567/61
f 3599/568/61 3600/569/61 3598/567/61
f 3599/568/61 3601/570/61 3600/569/61
f 3601/570/61 3602/571/61 3600/569/61
f 3601/570/61 3603/572/61 3602/571/61
f 3603/572/61 3604/573/61 3602/571/61
f 3603/572/61 3605/574/61 3604/573/61
f 3605/574/61 3606/575/61 3604/573/61
f 3605/574/61 3607/576/61 3606/575/61
f 3607/576/61 3608/577/61 3606/575/61
f 3607/576/61 3609/578/61 3608/577/61
f 3609/578/61 3610/579/61 3608/577/61
f 3609/578/61 3611/580/61 3610/579/61
f 3611/580/61 3612/581/61 3610/579/61
f 3611/580/61 3613/546/61 3612/581/61
f 3613/546/61 3614/548/61 3612/581/61
f 3613/546/61 3615/547/61 3614/548/61
f 3615/547/61 3616/549/61 3614/548/61
f 3615/547/61 3617/550/61 3616/549/61
f 3617/550/61 3618/551/61 3616/549/61
f 3617/550/61 3619/552/61 3618/551/61
f 3619/552/61 3620/553/61 3618/551/61
f 3619/552/61 3621/554/61 3620/553/61
f 3621/554/61 3622/555/61 3620/553/61
f 3621/554/61 3535/556/61 3622/555/61
f 3535/556/61 3537/557/61 3622/555/61
f 3623/624/99 3624/626/99 3625/625/99
f 3624/626/99 3626/627/99 3625/625/99
f 3624/626/99 3627/628/99 3626/627/99
f 3627/628/99 3628/629/99 3626/627/99
f 3627/628/99 3629/630/99 3628/629/99
f 3629/630/99 3630/631/99 3628/629/99
f 3629/630/99 3631/632/99 3630/631/99
f 3631/632/99 3632/633/99 3630/631/99
f 3631/632/99 3633/600/99 3632/633/99
f 3633/600/99 3634/602/99 3632/633/99
f 3633/600/99 3635/601/99 3634/602/99
f 3635/601/99 3636/603/99 3634/602/99
f 3635/601/99 3637/604/99 3636/603/99
f 3637/604/99 3638/605/99 3636/603/99
f 3637/604/99 3639/606/99 3638/605/99
f 3639/606/99 3640/607/99 3638/605/99
f 3639/606/99 3641/608/99 3640/607/99
f 3641/608/99 3642/609/99 3640/607/99
f 3641/608/99 3643/610/99 3642/609/99
f 3643/610/99 3644/611/99 3642/609/99
f 3643/610/99 3645/612/99 3644/611/99
f 3645/612/99 3646/613/99 3644/611/99
f 3645/612/99 3647/614/99 3646/613/99
f 3647/614/99 3648/615/99 3646/613/99
f 3647/614/99 3649/616/99 3648/615/99
f 3649/616/99 3650/617/99 3648/615/99
f 3649/616/99 3651/582/99 3650/617/99
f 3651/582/99 3652/584/99 3650/617/99
f 3651/582/99 3653/583/99 3652/584/99
f 3653/583/99 3654/585/99 3652/584/99
f 3653/583/99 3655/586/99 3654/585/99
f 3655/586/99 3656/587/99 3654/585/99
f 3655/586/99 3657/588/99 3656/587/99
f 3657/588/99 3658/589/99 3656/587/99
f 3657/588/99 3659/590/99 3658/589/99
f 3659/590/99 3660/591/99 3658/589/99
f 3659/590/99 3661/592/99 3660/591/99
f 3661/592/99 3662/593/99 3660/591/99
f 3661/592/99 3663/594/99 3662/593/99
f 3663/594/99 3664/595/99 3662/593/99
f 3663/594/99 3665/596/99 3664/595/99
f 3665/596/99 3666/597/99 3664/595/99
f 3665/596/99 3667/598/99 3666/597/99
f 3667/598/99 3668/599/99 3666/597/99
f 3667/598/99 3669/564/99 3668/599/99
f 3669/564/99 3670/566/99 3668/599/99
f 3669/564/99 3671/565/99 3670/566/99
f 3671/565/99 3672/567/99 3670/566/99
f 3671/565/99 3673/568/99 3672/567/99
f 3673/568/99 3674/569/99 3672/567/99
f 3673/568/99 3675/570/99 3674/569/99
f 3675/570/99 3676/571/99 3674/569/99
f 3675/570/99 3677/572/99 3676/571/99
f 3677/572/99 3678/573/99 3676/571/99
f 3677/572/99 3679/574/99 3678/573/99
f 3679/574/99 3680/575/99 3678/573/99
f 3679/574/99 3681/576/99 3680/575/99
f 3681/576/99 3682/577/99 3680/575/99
f 3681/576/99 3683/578/99 3682/577/99
f 3683/578/99 3684/579/99 3682/577/99
f 3683/578/99 3685/580/99 3684/579/99
f 3685/580/99 3686/581/99 3684/579/99
f 3685/580/99 3687/546/99 3686/581/99
f 3687/546/99 3688/548/99 3686/581/99
f 3687/546/99 3689/547/99 3688/548/99
f 3689/547/99 3690/549/99 3688/548/99
f 3689/547/99 3691/550/99 3690/549/99
f 3691/550/99 3692/551/99 3690/549/99
f 3691/550/99 3693/552/99 3692/551/99
f 3693/552/99 3694/553/99 3692/551/99
f 3693/552/99 3695/554/99 3694/553/99
f 3695/554/99 3696/555/99 3694/553/99
f 3695/554/99 3697/556/99 3696/555/99
f 3697/556/99 3698/557/99 3696/555/99
f 3697/556/99 3699/558/99 3698/557/99
f 3699/558/99 3700/559/99 3698/557/99
f 3699/558/99 3701/560/99 3700/559/99
f 3701/560/99 3702/561/99 3700/559/99
f 3701/560/99 3703/562/99 3702/561/99
f 3703/562/99 3704/563/99 3702/561/99
f 3703/562/99 3705/618/99 3704/563/99
f 3705/618/99 3706/619/99 3704/563/99
f 3705/618/99 3707/620/99 3706/619/99
f 3707/620/99 3708/621/99 3706/619/99
f 3707/620/99 3709/622/99 3708/621/99
f 3709/622/99 3710/623/99 3708/621/99
f 3709/622/99 3623/624/99 3710/623/99
f 3623/624/99 3625/625/99 3710/623/99
