# Blender 5.2.0 LTS
# www.blender.org
mtllib wheatley.mtl
o Personality_Sphere_model
v 11.591959 34.704773 -6.801814
v 11.591959 34.704773 -6.562535
v 10.165417 36.494408 -6.801814
v 10.000959 28.398970 -8.249437
v 3.098045 32.301243 -6.556194
v 2.968277 31.820873 -6.199526
v 10.130728 28.879335 -8.606108
v 2.926726 32.301243 -7.143949
v 9.959407 28.879335 -9.193863
v 2.625638 31.820877 -7.375034
v 9.658319 28.398970 -9.424946
v 2.495870 31.340509 -7.018366
v 9.528550 27.918602 -9.068274
v 9.699870 27.918602 -8.480520
v 2.667190 31.340508 -6.430611
v 9.579471 19.702892 5.054580
v 2.435334 22.841402 7.696445
v 2.420886 23.207541 6.974041
v 9.593920 19.336752 5.776984
v 2.784241 23.207541 8.329169
v 9.942826 19.702892 6.409712
v 3.118697 23.939817 8.239491
v 10.277283 20.435169 6.320033
v 3.104248 24.305958 7.517089
v 10.262834 20.801308 5.597626
v 2.755342 23.939819 6.884362
v 9.913928 20.435169 4.964901
v 9.726318 26.164860 -8.367684
v 2.995336 22.128807 -5.994579
v 10.119715 25.527102 -8.060049
v 2.601939 22.766563 -6.302215
v 2.376388 22.766565 -7.080198
v 9.500769 26.164860 -9.145670
v 2.544235 22.128811 -7.550551
v 9.668614 25.527103 -9.616019
v 2.937632 21.491056 -7.242915
v 10.062011 24.889345 -9.308383
v 3.163183 21.491055 -6.464932
v 10.287561 24.889345 -8.530397
v 10.257617 34.988937 2.541039
v 2.976006 34.496624 -0.719119
v 3.313967 34.901611 -1.333858
v 9.919656 34.583950 3.155778
v 2.630278 34.901611 -0.108717
v 9.573928 34.988937 3.766181
v 2.622510 35.711582 -0.113051
v 9.566161 35.798908 3.761846
v 9.904121 36.203896 3.147108
v 2.960472 36.116566 -0.727790
v 3.306199 35.711578 -1.338193
v 10.249849 35.798908 2.536705
v -1.983608 35.244320 -3.486829
v -1.708126 36.257965 -4.003325
v -1.413204 35.244320 -4.508971
v -2.278531 36.257965 -2.981184
v -2.554013 35.244320 -2.464688
v -2.259090 34.230679 -2.970333
v -1.688686 34.230679 -3.992474
v -1.982003 34.146160 -5.394293
v -1.733892 35.064606 -6.076226
v -2.309559 34.146168 -6.518054
v -1.406336 35.064602 -4.952465
v -1.654447 34.146156 -4.270529
v -2.230114 33.227718 -4.712357
v -2.557671 33.227722 -5.836120
v -1.983607 19.861444 -5.394483
v -2.552088 20.783039 -5.839032
v -2.309541 19.861446 -6.518716
v -2.226154 20.783035 -4.714798
v -1.657673 19.861441 -4.270250
v -1.415125 18.939850 -4.949935
v -1.741058 18.939854 -6.074169
v -1.983608 18.760059 -3.486831
v -1.688686 19.773705 -3.992477
v -1.413203 18.760061 -4.508973
v -2.259091 19.773705 -2.970335
v -2.554013 18.760059 -2.464690
v -2.278531 17.746414 -2.981185
v -1.708126 17.746416 -4.003326
v -1.983609 25.900810 8.881311
v -1.716624 26.817225 8.203786
v -2.286756 25.900810 7.750719
v -1.413476 26.817225 9.334376
v -1.680460 25.900810 10.011901
v -2.250592 24.984396 9.558832
v -2.553741 24.984396 8.428241
v 12.885235 19.805782 -2.372908
v 12.923007 19.502253 -0.441659
v 11.836773 17.897980 -0.672554
v 11.799001 18.201511 -2.603803
v 11.593296 18.598106 -4.271224
v 11.461595 17.821510 -2.656928
v 11.499367 17.517979 -0.725679
v 11.697230 17.762924 1.042721
v 12.548727 18.938595 -0.977502
v 13.521047 20.703493 0.977659
v 13.521048 20.703491 -0.977662
v 14.186992 22.417898 -0.977664
v 13.943553 22.494543 -2.916251
v 13.289699 20.811264 -2.916249
v 13.493883 20.645504 -0.977543
v 13.262987 20.754225 -2.916116
v 12.334005 19.076523 -2.916076
v 12.626992 20.232445 -4.263551
v 11.616518 18.740061 -4.478342
v 11.979352 20.518921 -6.118089
v 12.152699 20.774940 -6.081241
v 12.069828 20.856785 -6.310011
v 11.908247 19.350060 -4.804754
v 12.039248 21.180763 -6.516853
v 12.805161 20.969851 -4.804794
v 12.295846 21.209742 -6.202348
v 13.460838 22.646523 -4.804940
v 12.830957 21.024961 -4.804939
v 12.320624 21.262697 -6.202498
v 12.923849 22.815636 -6.202501
v 13.493893 20.645548 0.977762
v 13.289700 20.811266 2.916246
v 13.263018 20.754354 2.916332
v 12.830960 21.024967 4.804936
v 12.805209 20.970066 4.805001
v 11.908296 19.350275 4.805041
v 12.334037 19.076653 2.916373
v 12.739663 19.327049 1.497140
v 12.548737 18.938641 0.977804
v 12.338340 19.283169 3.410326
v 11.729190 17.834667 1.282350
v 12.164994 19.027153 3.373478
v 12.264753 19.290421 3.656155
v 12.154140 20.257904 5.301629
v 12.295912 21.210020 6.202543
v 12.320631 21.262703 6.202495
v 13.460841 22.646528 4.804935
v 13.943554 22.494547 2.916245
v 14.186992 22.417900 0.977658
v 12.923855 22.815641 6.202492
v 12.069983 19.246326 2.854024
v 13.205023 20.781628 0.956859
v 12.280101 19.111259 0.956900
v 12.979078 20.888111 2.853985
v 12.280091 19.111216 -0.956605
v 13.005186 20.943802 -2.853904
v 13.205013 20.781584 -0.956646
v 13.231597 20.838329 -0.956761
v 12.979048 20.887983 -2.853774
v 12.556242 21.152935 -4.702211
v 12.530996 21.099005 -4.702069
v 11.653286 19.513895 -4.702030
v 12.069953 19.246199 -2.853734
v 12.609396 19.959845 -2.322138
v 12.646360 19.662804 -0.432176
v 12.466929 19.491346 1.465176
v 11.653334 19.514105 4.702312
v 12.531044 21.099215 4.702272
v 12.556245 21.152943 4.702208
v 13.005187 20.943804 2.853901
v 13.231596 20.838333 0.956759
v 12.074173 19.448414 3.337455
v 11.546414 18.389915 -2.548091
v 13.930025 22.637787 0.956784
v 13.691661 22.712471 2.853978
v 13.219008 22.860565 4.702327
v 12.692584 23.025545 6.070661
v 12.056887 21.385567 6.070662
v 12.032696 21.334011 6.070710
v 11.896112 20.401489 5.183506
v 12.003976 19.455143 3.573234
v 11.911445 19.208954 3.303125
v 11.467458 18.016113 1.252943
v 11.446606 17.960094 1.025947
v 11.583379 18.092875 -0.658128
v 11.259378 17.728733 -0.708995
v 11.222416 18.025780 -2.599012
v 11.344679 18.779125 -4.185245
v 12.356668 20.377390 -4.172361
v 11.892502 20.908291 -5.951186
v 11.813396 20.986580 -6.170684
v 11.783768 21.303885 -6.372937
v 12.032632 21.333738 -6.070519
v 11.357192 18.902176 -4.384748
v 11.729764 20.668869 -5.985753
v 12.056879 21.385561 -6.070666
v 12.692577 23.025541 -6.070667
v 13.219005 22.860558 -4.702332
v 13.691658 22.712471 -2.853983
v 13.930025 22.637787 -0.956790
v 12.869316 22.956896 6.156382
v 12.869310 22.956890 -6.156391
v 9.758203 19.311457 3.529487
v 2.375063 18.700281 -0.126866
v 9.554113 18.610001 3.879401
v 2.579154 19.401739 -0.476780
v 2.973882 19.401739 -1.184114
v 10.152930 19.311457 2.822152
v 3.164518 18.700281 -1.541537
v 10.343568 18.610001 2.464730
v 2.960428 17.998825 -1.191623
v 10.139477 17.908546 2.814643
v 2.565700 17.998825 -0.484287
v 9.744749 17.908546 3.521979
v 11.720477 36.228397 0.977664
v 11.378856 36.608345 0.977664
v 11.549275 36.093628 2.690094
v 11.378856 36.608349 -0.977658
v 11.993752 34.487595 4.804940
v 12.092186 34.184677 5.045199
v 12.169933 34.230858 4.804940
v 11.837218 34.939907 4.385832
v 12.605039 34.489300 2.916252
v 11.578044 35.985859 2.916251
v 12.824470 34.619637 0.977664
v 11.720477 36.228397 -0.977658
v 11.549276 36.093632 -2.690085
v 12.824470 34.619637 -0.977658
v 12.605039 34.489304 -2.916245
v 12.593310 34.509018 -2.916137
v 12.158605 34.249924 -4.804818
v 13.465405 32.801048 -2.916164
v 13.000596 32.600910 -4.804844
v 13.152952 32.232941 -4.804936
v 12.629814 32.024895 -6.202495
v 13.688701 30.577892 -4.804937
v 13.142890 30.439890 -6.202495
v 12.169933 34.230858 -4.804935
v 11.698638 35.456657 3.775845
v 12.593326 34.508930 2.916327
v 12.812546 34.639637 0.977752
v 12.812540 34.639664 -0.977559
v 12.483513 32.378250 -6.202398
v 12.113670 33.155331 -6.149321
v 12.184070 33.211437 -5.945805
v 11.947342 33.799347 -5.730298
v 12.092188 34.184681 -5.045191
v 11.993753 34.487595 -4.804935
v 11.837220 34.939911 -4.385823
v 11.578045 35.985859 -2.916245
v 11.698638 35.456661 -3.775837
v 12.158631 34.249779 4.805002
v 13.465420 32.800961 2.916300
v 13.699824 32.901936 0.977725
v 13.699819 32.901962 -0.977587
v 13.623205 32.419952 -2.916248
v 14.179343 30.701910 -2.916248
v 13.860357 32.514267 -0.977660
v 13.860357 32.514267 0.977662
v 13.623205 32.419952 2.916249
v 13.152952 32.232941 4.804939
v 13.000624 32.600769 4.804976
v 14.426781 30.764454 -0.977661
v 14.426781 30.764452 0.977662
v 14.179343 30.701910 2.916249
v 13.688701 30.577892 4.804938
v 12.629813 32.024895 6.202498
v 12.483547 32.378067 6.202526
v 12.113704 33.155148 6.149476
v 12.184086 33.211346 5.945885
v 11.947358 33.799263 5.730387
v 13.142889 30.439886 6.202498
v 3.527994 35.306461 -1.751538
v 3.233071 36.320107 -1.245892
v 2.957590 35.306461 -0.729397
v 2.662668 36.320107 -0.223752
v 2.387185 35.306465 0.292744
v 2.682108 34.292820 -0.212901
v 3.252512 34.292816 -1.235043
v 2.612662 31.751175 -7.952801
v 3.188328 32.669613 -7.510974
v 2.940217 31.751169 -6.829040
v 3.515884 32.669609 -6.387212
v 3.267775 31.751165 -5.705276
v 2.692106 30.832727 -6.147102
v 2.364550 30.832731 -7.270864
v 2.631653 22.218393 -7.951244
v 2.389105 23.139986 -7.271561
v 2.957586 22.218391 -6.827013
v 2.715039 23.139984 -6.147326
v 3.283521 22.218388 -5.702777
v 3.526069 21.296797 -6.382464
v 3.200135 21.296799 -7.506696
v 3.527996 18.697918 -1.751540
v 3.252515 19.711565 -1.235044
v 2.957592 18.697918 -0.729399
v 2.682110 19.711565 -0.212903
v 2.387187 18.697918 0.292742
v 2.662669 17.684273 -0.223753
v 3.233074 17.684273 -1.245894
v 2.654444 23.481739 6.425819
v 3.224576 24.398151 6.878886
v 2.957592 23.481737 7.556410
v 3.527724 24.398151 8.009476
v 3.260740 23.481735 8.686999
v 2.690609 22.565323 8.233933
v 2.387460 22.565325 7.103344
v 13.402561 22.789265 4.769028
v 13.881750 22.638634 2.894455
v 14.123412 22.562670 0.970353
v 14.123412 22.562668 -0.970359
v 13.881749 22.638630 -2.894461
v 13.402558 22.789257 -4.769033
v 11.743983 34.316193 4.702332
v 11.835177 34.032021 4.932690
v 11.697384 33.650520 5.598555
v 11.925476 33.079556 5.814053
v 11.854017 33.022552 6.017644
v 12.216315 32.262989 6.070693
v 12.359450 31.917374 6.070666
v 12.899949 30.243603 6.070665
v 13.080332 30.301994 6.156388
v 11.441653 35.280308 -3.703321
v 11.319384 35.808357 -2.853978
v 11.301715 35.898750 -2.638068
v 11.141532 36.394966 -0.956784
v 11.141536 36.394966 0.956790
v 11.301711 35.898750 2.638078
v 11.319382 35.808357 2.853984
v 11.441652 35.280304 3.703328
v 11.584686 34.766609 4.293123
v 13.080332 30.301998 -6.156384
v 12.899951 30.243607 -6.070662
v 12.359452 31.917377 -6.070663
v 12.216283 32.263168 -6.070568
v 11.853982 33.022732 -6.017492
v 11.925461 33.079643 -5.813974
v 11.697372 33.650604 -5.598468
v 11.835180 34.032024 -4.932683
v 11.743987 34.316193 -4.702328
v 11.584688 34.766613 -4.293115
v 10.862095 30.241251 3.239061
v 10.862096 31.349892 2.510146
v 10.862097 30.552076 3.549884
v 10.862093 30.969212 2.290358
v 10.862099 31.426828 1.185578
v 10.862099 31.851423 1.299349
v 10.862099 32.022484 0.000000
v 10.862099 31.582907 -0.000000
v 10.862099 31.426826 -1.185578
v 10.862099 31.851421 -1.299348
v 10.862099 31.349892 -2.510144
v 10.862099 30.969212 -2.290357
v 10.862095 30.241255 -3.239061
v 10.862097 30.552078 -3.549885
v 10.862097 29.512339 -4.347700
v 10.862096 29.292551 -3.967017
v 10.862098 28.187773 -4.424636
v 10.862099 28.301542 -4.849231
v 10.862099 27.002193 -5.020290
v 10.862099 27.002193 -4.580715
v 10.862097 25.816616 -4.424633
v 10.862099 25.702847 -4.849229
v 10.862099 24.492048 -4.347701
v 10.862097 24.711838 -3.967016
v 10.862095 23.763136 -3.239061
v 10.862097 23.452311 -3.549885
v 10.862097 22.654495 -2.510145
v 10.862097 23.035175 -2.290358
v 10.862101 22.577559 -1.185580
v 10.862099 22.152962 -1.299349
v 10.862098 21.981903 -0.000000
v 10.862098 22.421478 -0.000001
v 12.335185 34.329014 2.853904
v 11.909369 34.076088 4.702212
v 11.909369 34.076092 -4.702207
v 12.335185 34.329018 -2.853900
v 12.549932 34.456566 -0.956757
v 11.469572 36.030891 -0.956757
v 11.469572 36.030891 0.956764
v 12.549932 34.456566 0.956763
v 12.323723 34.348221 2.853979
v 11.898309 34.094604 4.702272
v 12.722273 32.480900 4.702247
v 13.331553 32.303967 2.853903
v 13.406547 32.775639 0.956823
v 13.563644 32.396267 0.956761
v 13.177149 32.676819 2.853952
v 12.871344 32.120949 4.702210
v 12.538262 34.476139 0.956849
v 12.538257 34.476166 -0.956661
v 12.323708 34.348309 -2.853793
v 11.898283 34.094742 -4.702093
v 13.177134 32.676903 -2.853820
v 12.722248 32.481037 -4.702119
v 12.871343 32.120949 -4.702209
v 13.331553 32.303967 -2.853902
v 13.406541 32.775665 -0.956687
v 13.563644 32.396267 -0.956759
v 13.915354 30.498804 -2.853981
v 13.434978 30.378094 -4.702329
v 13.434978 30.378094 4.702330
v 13.915354 30.498804 2.853981
v 14.157615 30.559681 0.956788
v 14.157614 30.559681 -0.956787
v 13.622323 30.438740 -4.769030
v 14.109369 30.561609 -2.894458
v 14.354995 30.623573 -0.970356
v 14.354995 30.623573 0.970357
v 14.109370 30.561607 2.894459
v 13.622323 30.438738 4.769031
v 6.795845 15.743345 12.132195
v 6.795845 15.743344 12.344536
v 6.329776 15.870330 12.344536
v 7.262964 15.866408 12.344536
v 7.262964 15.866409 12.132195
v 7.605969 16.206543 12.344536
v 7.605969 16.206545 12.132195
v 7.732952 16.672613 12.132196
v 7.732952 16.672611 12.344537
v 7.609889 17.139732 12.132196
v 7.609889 17.139732 12.344537
v 7.269753 17.482737 12.132196
v 7.269753 17.482735 12.344537
v 6.803684 17.609720 12.132196
v 6.803684 17.609718 12.344537
v 6.336565 17.486656 12.132196
v 6.336565 17.486656 12.344537
v 5.993560 17.146521 12.132196
v 5.993560 17.146519 12.344537
v 5.866577 16.680452 12.132196
v 5.866577 16.680450 12.344537
v 5.989641 16.213333 12.344536
v 5.989641 16.213333 12.132195
v 6.329776 15.870329 12.132195
v 10.119236 10.939499 11.305981
v 9.715379 10.722172 11.305981
v 10.019122 11.114595 11.305981
v 9.909983 10.669151 11.305981
v 9.953181 10.330025 11.305981
v 9.778084 10.229908 11.305981
v 10.170506 9.926167 11.305981
v 10.223528 10.120770 11.305981
v 10.662768 9.988873 11.305981
v 10.562654 10.163971 11.305981
v 10.966512 10.381294 11.305981
v 10.771908 10.434315 11.305981
v 10.903807 10.873554 11.305981
v 10.728709 10.773441 11.305981
v 10.511385 11.177301 11.305981
v 10.458364 10.982697 11.305981
v 8.270724 16.515678 12.670075
v 8.634647 15.791242 12.344536
v 8.270724 16.515678 12.344537
v 8.641248 15.778100 12.670074
v 11.299719 10.486050 12.344536
v 11.299719 10.486050 12.670074
v 11.349316 10.297791 12.670074
v 11.349316 10.297791 12.344536
v 11.298139 10.109959 12.670074
v 11.298139 10.109959 12.344536
v 10.318525 9.549850 12.670074
v 10.318525 9.549850 12.344536
v 10.506783 9.599449 12.344536
v 10.506783 9.599449 12.670074
v 11.159902 9.972878 12.670074
v 11.159902 9.972878 12.344536
v 10.130692 9.601028 12.670074
v 10.130692 9.601028 12.344536
v 6.192232 15.327275 12.344536
v 6.712127 14.563029 12.670074
v 6.192232 15.327275 12.670074
v 6.712598 14.562337 12.344536
v 9.993611 9.739265 12.670074
v 9.993611 9.739265 12.344536
v 5.765543 16.085201 12.670074
v 5.773773 16.462952 12.842903
v 5.633430 16.433735 12.670075
v 5.757988 16.790453 12.842903
v 5.615487 16.806038 12.670075
v 5.844180 17.106804 12.842903
v 5.713469 17.165661 12.670075
v 6.023911 17.381037 12.842903
v 5.917785 17.477406 12.670075
v 6.279588 17.586308 12.842903
v 6.208435 17.710754 12.670075
v 6.586184 17.702522 12.842903
v 6.556969 17.842865 12.670075
v 6.913686 17.718307 12.842903
v 6.929269 17.860809 12.670075
v 7.230037 17.632116 12.842903
v 7.288892 17.762829 12.670075
v 7.600636 17.558514 12.670075
v 7.504269 17.452385 12.842903
v 7.833986 17.267860 12.670075
v 7.709540 17.196709 12.842903
v 7.966099 16.919327 12.670075
v 7.825757 16.890112 12.842903
v 7.984043 16.547028 12.670075
v 7.841541 16.562611 12.842903
v 7.886061 16.187405 12.670074
v 7.755349 16.246260 12.842902
v 7.681745 15.875661 12.670074
v 7.575618 15.972027 12.842902
v 7.391094 15.642312 12.670074
v 7.319941 15.766754 12.842902
v 7.042561 15.510198 12.670074
v 7.013346 15.650539 12.842902
v 6.685843 15.634756 12.842902
v 6.670260 15.492253 12.670074
v 6.369493 15.720947 12.842902
v 6.310637 15.590238 12.670074
v 6.095260 15.900679 12.842902
v 5.998893 15.794553 12.670074
v 5.889989 16.156355 12.842902
v 8.248437 16.978104 12.670075
v 8.084343 17.411007 12.670075
v 7.794506 17.772015 12.670075
v 7.407297 18.025791 12.670075
v 6.960618 18.147491 12.670075
v 6.498194 18.125202 12.670075
v 6.065290 17.961109 12.670075
v 5.704281 17.671272 12.670075
v 5.450506 17.284065 12.670075
v 5.328805 16.837387 12.670075
v 5.351093 16.374962 12.670075
v 5.515186 15.942060 12.670074
v 5.805023 15.581048 12.670074
v 6.799765 16.676533 12.344537
v 8.248437 16.978104 12.344537
v 8.084343 17.411007 12.344537
v 7.794506 17.772015 12.344537
v 7.407297 18.025791 12.344537
v 6.960618 18.147491 12.344537
v 6.498194 18.125202 12.344537
v 6.065290 17.961109 12.344537
v 5.704281 17.671272 12.344537
v 5.450506 17.284065 12.344537
v 5.328805 16.837387 12.344537
v 5.351093 16.374962 12.344537
v 5.515186 15.942060 12.344536
v 5.805023 15.581048 12.344536
v 11.588536 9.675720 0.020691
v 11.832419 9.460133 0.020691
v 11.309855 9.113392 0.020691
v 11.911563 9.512646 0.132971
v 11.936286 9.151634 0.020691
v 12.031161 9.157425 0.132971
v 11.872301 8.832886 0.020691
v 11.957484 8.790405 0.132971
v 11.657610 8.589298 0.020691
v 11.710278 8.509926 0.132971
v 11.355776 8.391148 0.132971
v 11.349736 8.486145 0.020691
v 10.988969 8.465893 0.132971
v 11.031176 8.551060 0.020691
v 10.708145 8.714134 0.132971
v 10.787289 8.766647 0.020691
v 10.962102 9.637478 0.020691
v 10.662228 9.436375 0.132971
v 10.909435 9.716854 0.132971
v 10.747410 9.393890 0.020691
v 10.588549 9.069355 0.132971
v 10.683423 9.075146 0.020691
v 9.892696 10.798553 10.014096
v 9.841858 10.545311 10.014096
v 9.832063 10.560070 12.826663
v 9.882901 10.813316 12.826663
v 10.063270 10.992085 10.014096
v 10.053474 11.006845 12.826663
v 10.298080 11.088802 12.826663
v 10.307875 11.074043 10.014097
v 10.551176 11.037230 12.826666
v 10.560969 11.022469 10.014097
v 10.744946 10.865940 12.826664
v 10.754739 10.851181 10.014097
v 10.827465 10.620838 12.826662
v 10.837258 10.606079 10.014096
v 10.776628 10.367596 12.826663
v 10.786423 10.352833 10.014097
v 10.606055 10.174065 12.826663
v 10.615851 10.159302 10.014097
v 10.371245 10.077347 10.014097
v 10.361451 10.092106 12.826663
v 10.118148 10.128922 10.014097
v 10.108355 10.143681 12.826663
v 9.924379 10.300205 10.014097
v 9.914585 10.314968 12.826663
v 11.420369 9.727291 6.660109
v 11.337848 9.972397 6.660108
v 11.144079 10.143681 6.660108
v 10.890985 10.195255 6.660108
v 10.646379 10.113297 6.660108
v 10.475806 9.919769 6.660108
v 10.424971 9.666523 6.660109
v 10.507489 9.421421 6.660108
v 10.701258 9.250134 6.660107
v 10.954354 9.198563 6.660107
v 11.198958 9.280521 6.660107
v 11.369533 9.474049 6.660107
v 10.317101 9.659939 6.660108
v 10.201365 9.652874 6.497631
v 10.320961 9.297653 6.497633
v 10.378957 9.968071 6.660108
v 10.275040 10.019894 6.497633
v 10.586498 10.203541 6.660108
v 10.522248 10.300373 6.497631
v 10.417508 9.361717 6.660108
v 10.653272 9.153305 6.660108
v 10.601786 9.049412 6.497633
v 10.961221 9.090553 6.660107
v 10.968590 8.974667 6.497633
v 11.258840 9.190277 6.660108
v 11.323090 9.093445 6.497633
v 11.570298 9.373924 6.497633
v 11.466382 9.425747 6.660108
v 11.643974 9.740944 6.497633
v 11.528236 9.733879 6.660108
v 11.524378 10.096165 6.497633
v 11.427830 10.032101 6.660108
v 11.192067 10.240513 6.660108
v 10.884118 10.303265 6.660108
v 11.243554 10.344406 6.497633
v 10.876748 10.419151 6.497633
v 10.088886 10.953476 12.943268
v 10.302142 11.024930 12.943268
v 9.940175 10.784752 12.943269
v 9.895855 10.563965 12.943269
v 9.967798 10.350277 12.943269
v 10.136732 10.200943 12.943268
v 10.357388 10.155979 12.943269
v 10.570643 10.227432 12.943268
v 10.719354 10.396156 12.943268
v 10.763676 10.616943 12.943266
v 10.691731 10.830635 12.943269
v 10.522797 10.979969 12.943268
v 10.395846 9.359776 4.827672
v 10.515442 9.004555 4.827671
v 10.796267 8.756313 4.827672
v 11.163071 8.681568 4.827671
v 11.517570 8.800346 4.827671
v 11.764780 9.080826 4.827671
v 11.838456 9.447845 4.827671
v 11.718860 9.803066 4.827672
v 11.438037 10.051308 4.827672
v 10.469525 9.726795 4.827672
v 10.591683 9.542694 3.154408
v 10.518003 9.175674 3.154408
v 10.637599 8.820454 3.154408
v 10.918424 8.572212 3.154408
v 11.285228 8.497467 3.154408
v 11.639729 8.616249 3.154408
v 11.886938 8.896725 3.154408
v 11.960616 9.263744 3.154408
v 11.841018 9.618965 3.154408
v 10.716730 10.007275 4.827671
v 10.838888 9.823174 3.154408
v 11.630742 9.760887 0.132971
v 11.560194 9.867207 3.154408
v 11.263936 9.835632 0.132971
v 11.193389 9.941952 3.154408
v 11.071231 10.126053 4.827672
v 10.862103 22.577560 1.185576
v 10.862101 22.152966 1.299346
v 10.862097 22.654495 2.510144
v 10.862097 23.035175 2.290356
v 10.862095 23.763132 3.239060
v 10.862097 23.452309 3.549883
v 10.862101 24.492046 4.347699
v 10.862103 24.711836 3.967017
v 10.862099 25.816614 4.424635
v 10.862099 25.702845 4.849230
v 10.862099 27.002193 5.020290
v 10.862099 27.002193 4.580716
v 10.862097 28.187771 4.424634
v 10.862099 28.301540 4.849230
v 10.862097 29.512337 4.347701
v 10.862097 29.292549 3.967017
v 7.596350 15.121249 11.920115
v 7.769782 15.294683 12.344536
v 7.769782 15.294683 11.920115
v 7.596350 15.121249 12.344536
v 7.769782 14.947816 11.920115
v 7.769782 14.947816 12.344536
v 7.943213 15.121249 11.920115
v 7.943213 15.121249 12.344536
v 6.799765 16.676533 12.132196
v 7.954722 14.753675 11.467189
v 10.285517 11.159369 11.638557
v 10.077719 11.040557 11.467191
v 8.162519 14.872483 11.638555
v 8.047365 14.806643 11.823837
v 10.170363 11.093529 11.823839
v 7.839568 14.687835 11.652471
v 9.962565 10.974716 11.652472
v 10.119236 10.939503 -11.887377
v 9.715379 10.722176 -11.887377
v 10.019122 11.114599 -11.887376
v 9.909983 10.669155 -11.887377
v 9.953181 10.330029 -11.887377
v 9.778084 10.229912 -11.887377
v 10.170506 9.926170 -11.887377
v 10.223528 10.120773 -11.887377
v 10.662768 9.988876 -11.887377
v 10.562654 10.163975 -11.887377
v 10.966512 10.381298 -11.887377
v 10.771908 10.434319 -11.887377
v 10.903807 10.873558 -11.887377
v 10.728709 10.773445 -11.887377
v 10.511385 11.177304 -11.887377
v 10.458364 10.982700 -11.887377
v 8.270724 16.515682 -12.670076
v 8.634647 15.791245 -12.344540
v 8.641248 15.778104 -12.670077
v 8.270724 16.515682 -12.344538
v 11.349316 10.297794 -12.670078
v 11.299719 10.486053 -12.344540
v 11.349316 10.297794 -12.344540
v 11.299719 10.486053 -12.670078
v 11.298139 10.109962 -12.670078
v 11.298139 10.109962 -12.344540
v 11.159902 9.972881 -12.670078
v 11.159902 9.972881 -12.344540
v 10.506783 9.599453 -12.344540
v 10.506783 9.599453 -12.670078
v 10.318525 9.549854 -12.670078
v 10.318525 9.549854 -12.344540
v 10.130692 9.601032 -12.670078
v 10.130692 9.601032 -12.344540
v 9.993611 9.739269 -12.670078
v 9.993611 9.739269 -12.344540
v 6.712598 14.562342 -12.344541
v 6.712127 14.563033 -12.670078
v 6.192232 15.327278 -12.344540
v 6.192232 15.327278 -12.670078
v 10.458364 10.982697 11.887373
v 10.019122 11.114595 11.887373
v 10.119236 10.939499 11.887373
v 10.511385 11.177299 11.887373
v 10.728709 10.773441 11.887373
v 10.903807 10.873554 11.887373
v 10.771908 10.434315 11.887373
v 10.966512 10.381294 11.887373
v 10.562654 10.163971 11.887373
v 10.662768 9.988873 11.887373
v 10.223528 10.120770 11.887373
v 10.170506 9.926167 11.887373
v 9.953181 10.330025 11.887373
v 9.778084 10.229908 11.887373
v 9.715379 10.722172 11.887373
v 9.909983 10.669151 11.887373
v 6.799765 16.676533 12.842903
v 7.833986 17.267866 -12.670078
v 7.709540 17.196712 -12.842905
v 7.504269 17.452389 -12.842905
v 7.966099 16.919333 -12.670078
v 7.825757 16.890116 -12.842905
v 7.984043 16.547031 -12.670077
v 5.765543 16.085207 -12.670078
v 5.633430 16.433741 -12.670078
v 5.773773 16.462955 -12.842904
v 5.757988 16.790457 -12.842905
v 5.615487 16.806042 -12.670077
v 5.844180 17.106808 -12.842905
v 5.713469 17.165665 -12.670076
v 6.023911 17.381041 -12.842905
v 5.917785 17.477409 -12.670076
v 6.279588 17.586311 -12.842905
v 6.208435 17.710758 -12.670076
v 6.586184 17.702526 -12.842906
v 6.556969 17.842871 -12.670078
v 6.913686 17.718311 -12.842906
v 6.929269 17.860813 -12.670076
v 7.230037 17.632120 -12.842905
v 7.288892 17.762833 -12.670076
v 7.600636 17.558517 -12.670077
v 11.269976 9.740635 0.020691
v 7.841541 16.562614 -12.842905
v 7.886061 16.187408 -12.670077
v 7.755349 16.246264 -12.842907
v 7.681745 15.875664 -12.670078
v 7.575618 15.972031 -12.842905
v 7.391094 15.642315 -12.670078
v 7.319941 15.766759 -12.842906
v 7.042561 15.510202 -12.670078
v 7.013346 15.650544 -12.842906
v 6.685843 15.634760 -12.842907
v 6.670260 15.492258 -12.670078
v 6.369493 15.720952 -12.842906
v 6.310637 15.590240 -12.670078
v 6.095260 15.900682 -12.842907
v 5.998893 15.794556 -12.670078
v 5.889989 16.156359 -12.842907
v 10.329764 10.590454 12.943268
v 7.157606 16.881134 10.491988
v 7.211965 16.674801 12.132196
v 7.211965 16.674801 10.491988
v 7.157606 16.881132 12.132196
v 7.007364 17.032644 10.491988
v 7.007364 17.032644 12.132196
v 6.801496 17.088734 10.491988
v 6.801496 17.088732 12.132196
v 6.595164 17.034374 10.491988
v 6.595164 17.034374 12.132196
v 6.443655 16.884132 10.491988
v 6.443655 16.884132 12.132196
v 6.387565 16.678265 10.491988
v 6.387565 16.678265 12.132196
v 6.441923 16.471931 10.491988
v 6.441923 16.471931 12.132196
v 6.592165 16.320423 10.491987
v 6.592165 16.320421 12.132195
v 6.798033 16.264334 10.491987
v 6.798033 16.264334 12.132195
v 7.004365 16.318691 10.491987
v 7.004365 16.318691 12.132195
v 7.155875 16.468933 10.491988
v 7.155875 16.468933 12.132196
v 8.256613 15.121249 11.920115
v 7.769782 15.121249 11.920115
v 8.191390 14.877831 11.920115
v 8.013197 14.699639 11.920115
v 8.191390 15.364667 11.920115
v 7.769782 14.634416 11.920115
v 8.013197 15.542857 11.920115
v 7.526366 14.699639 11.920115
v 7.769782 15.608079 11.920115
v 7.348173 14.877831 11.920115
v 7.526366 15.542857 11.920115
v 7.282950 15.121249 11.920115
v 7.348173 15.364667 11.920115
v 8.191390 14.877831 11.414496
v 7.769782 15.121249 11.414496
v 8.256613 15.121249 11.414496
v 8.013197 14.699639 11.414496
v 8.191390 15.364667 11.414496
v 7.769782 14.634416 11.414496
v 8.013197 15.542857 11.414496
v 7.526366 14.699639 11.414496
v 7.769782 15.608079 11.414496
v 7.348173 14.877831 11.414496
v 7.526366 15.542857 11.414496
v 7.282950 15.121249 11.414496
v 7.348173 15.364667 11.414496
v 7.605969 16.206549 -12.132198
v 7.732952 16.672617 -12.132198
v 6.799765 16.676537 -12.132198
v 7.609889 17.139736 -12.132198
v 7.269753 17.482740 -12.132198
v 6.803684 17.609724 -12.132198
v 6.336565 17.486660 -12.132198
v 5.993560 17.146524 -12.132198
v 5.866577 16.680456 -12.132198
v 5.989641 16.213337 -12.132200
v 6.329776 15.870334 -12.132199
v 6.795845 15.743349 -12.132198
v 7.262964 15.866413 -12.132200
v 7.269753 17.482740 -12.344540
v 7.609889 17.139736 -12.344538
v 7.732952 16.672617 -12.344540
v 7.605969 16.206549 -12.344540
v 7.262964 15.866412 -12.344541
v 6.795845 15.743349 -12.344540
v 6.329776 15.870334 -12.344541
v 5.989641 16.213337 -12.344539
v 5.866577 16.680456 -12.344540
v 5.993560 17.146524 -12.344540
v 6.336565 17.486660 -12.344538
v 6.803684 17.609724 -12.344540
v 10.458364 10.982700 -11.305984
v 10.019122 11.114599 -11.305985
v 10.119236 10.939503 -11.305984
v 10.511385 11.177304 -11.305984
v 10.728709 10.773445 -11.305984
v 10.903807 10.873558 -11.305984
v 10.771908 10.434319 -11.305984
v 10.966512 10.381298 -11.305984
v 10.562654 10.163975 -11.305984
v 10.662768 9.988876 -11.305984
v 10.223528 10.120773 -11.305984
v 10.170506 9.926170 -11.305984
v 9.953181 10.330029 -11.305984
v 9.778084 10.229912 -11.305984
v 9.715379 10.722176 -11.305984
v 9.909983 10.669155 -11.305984
v 6.799765 16.676537 -12.842904
v 8.248437 16.978107 -12.670076
v 8.084343 17.411011 -12.670077
v 7.794506 17.772020 -12.670078
v 7.407297 18.025795 -12.670076
v 6.960618 18.147495 -12.670077
v 6.498194 18.125208 -12.670078
v 6.065290 17.961115 -12.670078
v 5.704281 17.671278 -12.670078
v 5.450506 17.284069 -12.670076
v 5.328805 16.837391 -12.670076
v 5.351093 16.374966 -12.670077
v 5.515186 15.942062 -12.670078
v 5.805023 15.581053 -12.670078
v 8.248437 16.978107 -12.344538
v 6.799765 16.676537 -12.344538
v 8.084343 17.411011 -12.344539
v 7.794506 17.772020 -12.344540
v 7.407297 18.025795 -12.344538
v 6.960618 18.147495 -12.344539
v 6.498194 18.125208 -12.344540
v 6.065290 17.961115 -12.344540
v 5.704281 17.671278 -12.344540
v 5.450506 17.284069 -12.344538
v 5.328805 16.837391 -12.344538
v 5.351093 16.374966 -12.344539
v 5.515186 15.942062 -12.344540
v 5.805023 15.581053 -12.344540
v 10.962102 9.637478 -0.020697
v 11.309855 9.113392 -0.020697
v 11.269976 9.740635 -0.020697
v 11.911563 9.512646 -0.132977
v 11.630742 9.760887 -0.132977
v 11.588536 9.675720 -0.020697
v 11.263936 9.835632 -0.132977
v 10.909435 9.716854 -0.132977
v 11.832419 9.460133 -0.020697
v 11.936286 9.151634 -0.020697
v 12.031161 9.157425 -0.132977
v 11.872301 8.832886 -0.020697
v 11.957484 8.790405 -0.132977
v 11.657610 8.589298 -0.020697
v 11.710278 8.509926 -0.132977
v 11.355776 8.391148 -0.132977
v 11.349736 8.486145 -0.020697
v 10.988969 8.465893 -0.132977
v 11.031176 8.551060 -0.020697
v 10.708145 8.714134 -0.132977
v 10.787289 8.766647 -0.020697
v 10.683423 9.075146 -0.020697
v 10.588549 9.069355 -0.132977
v 10.747410 9.393890 -0.020697
v 10.662228 9.436375 -0.132977
v 10.827465 10.620842 -12.826666
v 10.754739 10.851185 -10.014101
v 10.837258 10.606083 -10.014099
v 10.744946 10.865944 -12.826668
v 10.560969 11.022471 -10.014102
v 10.551176 11.037233 -12.826669
v 10.307875 11.074044 -10.014100
v 10.298080 11.088807 -12.826668
v 11.337848 9.972397 -6.660112
v 11.420369 9.727291 -6.660114
v 11.144079 10.143681 -6.660112
v 10.890985 10.195255 -6.660112
v 10.063270 10.992088 -10.014099
v 10.053474 11.006849 -12.826667
v 9.882901 10.813320 -12.826668
v 9.892696 10.798557 -10.014099
v 9.832063 10.560074 -12.826668
v 9.841858 10.545315 -10.014099
v 9.914585 10.314972 -12.826668
v 9.924379 10.300209 -10.014101
v 10.108355 10.143684 -12.826668
v 10.118148 10.128925 -10.014101
v 10.361451 10.092110 -12.826668
v 10.371245 10.077351 -10.014101
v 10.606055 10.174068 -12.826668
v 10.615851 10.159306 -10.014101
v 10.786423 10.352837 -10.014101
v 10.776628 10.367599 -12.826668
v 10.646379 10.113297 -6.660112
v 10.475806 9.919769 -6.660112
v 10.424971 9.666523 -6.660114
v 10.507489 9.421421 -6.660112
v 10.701258 9.250134 -6.660110
v 10.954354 9.198563 -6.660110
v 11.198958 9.280521 -6.660110
v 11.369533 9.474049 -6.660110
v 11.192067 10.240513 -6.660112
v 11.243554 10.344406 -6.497637
v 11.524378 10.096165 -6.497639
v 10.884118 10.303265 -6.660112
v 10.876748 10.419151 -6.497637
v 10.586498 10.203541 -6.660112
v 10.522248 10.300373 -6.497637
v 11.427830 10.032101 -6.660112
v 11.528236 9.733879 -6.660112
v 11.643974 9.740944 -6.497637
v 11.466382 9.425747 -6.660112
v 11.570298 9.373924 -6.497639
v 11.258840 9.190277 -6.660112
v 11.323090 9.093445 -6.497637
v 10.968590 8.974667 -6.497637
v 10.961221 9.090553 -6.660110
v 10.601786 9.049412 -6.497637
v 10.653272 9.153305 -6.660112
v 10.320961 9.297653 -6.497637
v 10.417508 9.361717 -6.660112
v 10.317101 9.659939 -6.660112
v 10.378957 9.968071 -6.660112
v 10.275040 10.019894 -6.497637
v 10.201365 9.652874 -6.497637
v 10.357388 10.155983 -12.943272
v 10.329764 10.590458 -12.943272
v 10.570643 10.227436 -12.943272
v 10.136732 10.200947 -12.943272
v 10.719354 10.396160 -12.943272
v 9.967798 10.350281 -12.943272
v 10.763676 10.616947 -12.943270
v 9.895855 10.563969 -12.943272
v 10.691731 10.830639 -12.943272
v 9.940175 10.784756 -12.943272
v 10.522797 10.979973 -12.943272
v 10.088886 10.953480 -12.943272
v 10.302142 11.024935 -12.943273
v 11.285228 8.497467 -3.154411
v 10.918424 8.572212 -3.154411
v 10.637599 8.820454 -3.154411
v 10.518003 9.175674 -3.154411
v 10.591683 9.542694 -3.154411
v 10.838888 9.823174 -3.154411
v 10.469525 9.726795 -4.827677
v 10.716730 10.007275 -4.827675
v 10.395846 9.359776 -4.827677
v 10.515442 9.004555 -4.827675
v 10.796267 8.756313 -4.827677
v 11.163071 8.681568 -4.827675
v 11.517570 8.800346 -4.827675
v 11.639729 8.616249 -3.154411
v 11.886938 8.896725 -3.154411
v 11.764780 9.080826 -4.827675
v 11.960616 9.263744 -3.154411
v 11.838456 9.447845 -4.827675
v 11.841018 9.618965 -3.154411
v 11.718860 9.803066 -4.827677
v 11.438037 10.051308 -4.827677
v 11.560194 9.867207 -3.154411
v 11.193389 9.941952 -3.154411
v 11.071231 10.126053 -4.827677
v 6.387565 16.678268 -10.491991
v 6.443655 16.884136 -12.132198
v 6.387565 16.678268 -12.132198
v 6.443655 16.884136 -10.491991
v 6.595164 17.034378 -12.132198
v 6.595164 17.034378 -10.491991
v 6.801496 17.088737 -12.132199
v 6.801496 17.088736 -10.491990
v 7.007364 17.032646 -12.132197
v 7.007364 17.032646 -10.491990
v 7.157606 16.881138 -12.132199
v 7.157606 16.881136 -10.491990
v 7.211965 16.674805 -12.132198
v 7.211965 16.674805 -10.491991
v 7.155875 16.468937 -12.132198
v 7.155875 16.468937 -10.491991
v 7.004365 16.318695 -12.132200
v 7.004365 16.318695 -10.491991
v 6.798033 16.264336 -12.132199
v 6.798033 16.264336 -10.491992
v 6.592165 16.320427 -12.132199
v 6.592165 16.320425 -10.491990
v 6.441923 16.471935 -12.132198
v 6.441923 16.471935 -10.491991
v 7.348173 14.877836 -11.414500
v 7.282950 15.121253 -11.920119
v 7.348173 14.877836 -11.920119
v 7.282950 15.121253 -11.414500
v 7.348173 15.364670 -11.920118
v 7.348173 15.364670 -11.414499
v 7.526366 15.542861 -11.920119
v 7.526366 15.542861 -11.414500
v 7.769782 15.608083 -11.920119
v 7.769782 15.608083 -11.414500
v 8.013197 15.542861 -11.920119
v 8.013197 15.542861 -11.414500
v 8.191390 15.364670 -11.920118
v 8.191390 15.364670 -11.414499
v 8.256613 15.121253 -11.920119
v 8.256613 15.121253 -11.414500
v 8.191390 14.877836 -11.920119
v 8.191390 14.877836 -11.414500
v 8.013197 14.699644 -11.920119
v 8.013197 14.699644 -11.414500
v 7.769782 14.634420 -11.920119
v 7.769782 14.634420 -11.414500
v 7.526366 14.699644 -11.920119
v 7.526366 14.699644 -11.414500
v 6.795845 38.338448 -12.132195
v 6.795845 38.338448 -12.344536
v 6.329776 38.211464 -12.344536
v 7.262964 38.215385 -12.344536
v 7.262964 38.215385 -12.132195
v 7.605969 37.875252 -12.344536
v 7.605969 37.875252 -12.132195
v 7.732952 37.409180 -12.132196
v 7.732952 37.409180 -12.344537
v 7.609889 36.942062 -12.132196
v 7.609889 36.942062 -12.344537
v 7.269753 36.599060 -12.132196
v 7.269753 36.599056 -12.344537
v 6.803684 36.472076 -12.132196
v 6.803684 36.472073 -12.344537
v 6.336565 36.595139 -12.132196
v 6.336565 36.595139 -12.344537
v 5.993560 36.935272 -12.132196
v 5.993560 36.935272 -12.344537
v 5.866577 37.401344 -12.132196
v 5.866577 37.401340 -12.344537
v 5.989641 37.868462 -12.344536
v 5.989641 37.868462 -12.132195
v 6.329776 38.211464 -12.132195
v 7.839568 14.687838 -11.652474
v 10.077719 11.040562 -11.467195
v 7.954722 14.753677 -11.467193
v 9.962565 10.974720 -11.652477
v 10.170363 11.093533 -11.823844
v 8.047365 14.806647 -11.823841
v 10.285517 11.159372 -11.638562
v 8.162519 14.872487 -11.638557
v 7.769782 15.121253 -11.920119
v 7.769782 15.121253 -11.414500
v 7.596350 38.960545 -11.920115
v 7.769782 38.787113 -12.344536
v 7.769782 38.787113 -11.920115
v 7.596350 38.960545 -12.344536
v 7.769782 39.133980 -11.920115
v 7.769782 39.133980 -12.344536
v 7.943213 38.960545 -11.920115
v 7.943213 38.960545 -12.344536
v 6.799765 37.405258 -12.132196
v 10.119236 43.142300 -11.305981
v 9.715379 43.359627 -11.305981
v 10.019122 42.967201 -11.305981
v 9.909983 43.412647 -11.305981
v 9.953181 43.751774 -11.305981
v 9.778084 43.851887 -11.305981
v 10.170506 44.155632 -11.305981
v 10.223528 43.961025 -11.305981
v 10.662768 44.092926 -11.305981
v 10.562654 43.917828 -11.305981
v 10.966512 43.700504 -11.305981
v 10.771908 43.647480 -11.305981
v 10.903807 43.208241 -11.305981
v 10.728709 43.308353 -11.305981
v 10.458364 43.099102 -11.305981
v 10.511385 42.904495 -11.305981
v 8.270724 37.566116 -12.670075
v 8.634647 38.290554 -12.344536
v 8.270724 37.566116 -12.344537
v 8.641248 38.303696 -12.670074
v 11.299719 43.595745 -12.344536
v 11.299719 43.595745 -12.670074
v 11.349316 43.784004 -12.670074
v 11.349316 43.784004 -12.344536
v 11.298139 43.971836 -12.670074
v 11.298139 43.971836 -12.344536
v 10.318525 44.531944 -12.670074
v 10.318525 44.531944 -12.344536
v 10.506783 44.482346 -12.344536
v 10.506783 44.482346 -12.670074
v 11.159902 44.108917 -12.670074
v 11.159902 44.108917 -12.344536
v 10.130692 44.480766 -12.670074
v 10.130692 44.480766 -12.344536
v 6.192232 38.754520 -12.344536
v 6.712127 39.518764 -12.670074
v 6.192232 38.754520 -12.670074
v 6.712598 39.519455 -12.344536
v 9.993611 44.342529 -12.670074
v 9.993611 44.342529 -12.344536
v 5.765543 37.996590 -12.670074
v 5.773773 37.618843 -12.842903
v 5.633430 37.648056 -12.670075
v 5.757988 37.291340 -12.842903
v 5.615487 37.275757 -12.670075
v 5.844180 36.974991 -12.842903
v 5.713469 36.916134 -12.670075
v 6.023911 36.700756 -12.842903
v 5.917785 36.604389 -12.670075
v 6.279588 36.495487 -12.842903
v 6.208435 36.371040 -12.670075
v 6.586184 36.379272 -12.842903
v 6.556969 36.238926 -12.670075
v 6.913686 36.363487 -12.842903
v 6.929269 36.220985 -12.670075
v 7.230037 36.449677 -12.842903
v 7.288892 36.318966 -12.670075
v 7.600636 36.523281 -12.670075
v 7.504269 36.629410 -12.842903
v 7.833986 36.813931 -12.670075
v 7.709540 36.885086 -12.842903
v 7.966099 37.162464 -12.670075
v 7.825757 37.191681 -12.842903
v 7.984043 37.534767 -12.670075
v 7.841541 37.519184 -12.842903
v 7.886061 37.894390 -12.670074
v 7.755349 37.835533 -12.842902
v 7.681745 38.206135 -12.670074
v 7.575618 38.109768 -12.842902
v 7.391094 38.439484 -12.670074
v 7.319941 38.315037 -12.842902
v 7.013346 38.431252 -12.842902
v 7.042561 38.571594 -12.670074
v 6.685843 38.447037 -12.842902
v 6.670260 38.589539 -12.670074
v 6.369493 38.360847 -12.842902
v 6.310637 38.491558 -12.670074
v 6.095260 38.181114 -12.842902
v 5.998893 38.287243 -12.670074
v 5.889989 37.925438 -12.842902
v 8.248437 37.103691 -12.670075
v 8.084343 36.670788 -12.670075
v 7.794506 36.309776 -12.670075
v 7.407297 36.056004 -12.670075
v 6.960618 35.934303 -12.670075
v 6.498194 35.956589 -12.670075
v 6.065290 36.120682 -12.670075
v 5.704281 36.410519 -12.670075
v 5.450506 36.797729 -12.670075
v 5.328805 37.244408 -12.670075
v 5.351093 37.706833 -12.670074
v 5.515186 38.139736 -12.670074
v 5.805023 38.500744 -12.670074
v 6.799765 37.405262 -12.344537
v 8.248437 37.103691 -12.344537
v 8.084343 36.670788 -12.344537
v 7.794506 36.309776 -12.344537
v 7.407297 36.056004 -12.344537
v 6.960618 35.934303 -12.344537
v 6.498194 35.956589 -12.344537
v 6.065290 36.120682 -12.344537
v 5.704281 36.410519 -12.344537
v 5.450506 36.797729 -12.344537
v 5.328805 37.244408 -12.344537
v 5.351093 37.706833 -12.344536
v 5.515186 38.139736 -12.344536
v 5.805023 38.500744 -12.344536
v 11.588536 44.406078 -0.020691
v 11.832419 44.621666 -0.020691
v 11.309855 44.968407 -0.020691
v 11.911563 44.569149 -0.132971
v 11.936286 44.930164 -0.020691
v 12.031161 44.924370 -0.132971
v 11.872301 45.248909 -0.020691
v 11.957484 45.291393 -0.132971
v 11.657610 45.492496 -0.020691
v 11.710278 45.571873 -0.132971
v 11.355776 45.690647 -0.132971
v 11.349736 45.595654 -0.020691
v 10.988969 45.615906 -0.132971
v 11.031176 45.530739 -0.020691
v 10.708145 45.367664 -0.132971
v 10.787289 45.315147 -0.020691
v 10.962102 44.444317 -0.020691
v 10.662228 44.645424 -0.132971
v 10.909435 44.364944 -0.132971
v 10.747410 44.687904 -0.020691
v 10.588549 45.012444 -0.132971
v 10.683423 45.006649 -0.020691
v 9.892696 43.283241 -10.014096
v 9.841858 43.536484 -10.014096
v 9.832063 43.521725 -12.826663
v 9.882901 43.268478 -12.826663
v 10.063270 43.089710 -10.014096
v 10.053474 43.074951 -12.826663
v 10.298080 42.992992 -12.826663
v 10.307875 43.007755 -10.014097
v 10.551176 43.044567 -12.826666
v 10.560969 43.059326 -10.014097
v 10.744946 43.215855 -12.826664
v 10.754739 43.230614 -10.014097
v 10.827465 43.460957 -12.826662
v 10.837258 43.475716 -10.014096
v 10.776628 43.714199 -12.826663
v 10.786423 43.728962 -10.014097
v 10.606055 43.907730 -12.826663
v 10.615851 43.922493 -10.014097
v 10.371245 44.004448 -10.014097
v 10.361451 43.989689 -12.826663
v 10.118148 43.952873 -10.014097
v 10.108355 43.938114 -12.826663
v 9.924379 43.781590 -10.014097
v 9.914585 43.766827 -12.826663
v 11.420369 44.354504 -6.660109
v 11.337848 44.109402 -6.660108
v 11.144079 43.938114 -6.660108
v 10.890985 43.886539 -6.660108
v 10.646379 43.968498 -6.660108
v 10.475806 44.162029 -6.660108
v 10.424971 44.415272 -6.660109
v 10.507489 44.660374 -6.660108
v 10.701258 44.831661 -6.660107
v 10.954354 44.883236 -6.660107
v 11.198958 44.801273 -6.660107
v 11.369533 44.607746 -6.660107
v 10.317101 44.421856 -6.660108
v 10.201365 44.428921 -6.497631
v 10.320961 44.784145 -6.497633
v 10.378957 44.113728 -6.660108
v 10.275040 44.061901 -6.497633
v 10.586498 43.878254 -6.660108
v 10.522248 43.781425 -6.497631
v 10.417508 44.720081 -6.660108
v 10.653272 44.928490 -6.660108
v 10.601786 45.032383 -6.497633
v 10.961221 44.991241 -6.660107
v 10.968590 45.107132 -6.497633
v 11.258840 44.891521 -6.660108
v 11.323090 44.988350 -6.497633
v 11.570298 44.707874 -6.497633
v 11.466382 44.656048 -6.660108
v 11.643974 44.340855 -6.497633
v 11.528236 44.347919 -6.660108
v 11.524378 43.985630 -6.497633
v 11.427830 44.049694 -6.660108
v 11.192067 43.841286 -6.660108
v 10.884118 43.778534 -6.660108
v 11.243554 43.737389 -6.497633
v 10.876748 43.662647 -6.497633
v 10.088886 43.128319 -12.943268
v 10.302142 43.056866 -12.943268
v 9.940175 43.297047 -12.943269
v 9.895855 43.517830 -12.943269
v 9.967798 43.731522 -12.943269
v 10.136732 43.880852 -12.943268
v 10.357388 43.925816 -12.943269
v 10.570643 43.854362 -12.943268
v 10.719354 43.685638 -12.943268
v 10.763676 43.464851 -12.943266
v 10.691731 43.251163 -12.943269
v 10.522797 43.101826 -12.943268
v 10.395846 44.722019 -4.827672
v 10.515442 45.077244 -4.827671
v 10.796267 45.325485 -4.827672
v 11.163071 45.400230 -4.827671
v 11.517570 45.281448 -4.827671
v 11.764780 45.000973 -4.827671
v 11.838456 44.633949 -4.827671
v 11.718860 44.278728 -4.827672
v 11.438037 44.030487 -4.827672
v 10.469525 44.355003 -4.827672
v 10.591683 44.539104 -3.154408
v 10.518003 44.906120 -3.154408
v 10.637599 45.261341 -3.154408
v 10.918424 45.509583 -3.154408
v 11.285228 45.584332 -3.154408
v 11.639729 45.465549 -3.154408
v 11.886938 45.185074 -3.154408
v 11.960616 44.818054 -3.154408
v 11.841018 44.462830 -3.154408
v 10.716730 44.074524 -4.827671
v 10.838888 44.258625 -3.154408
v 11.630742 44.320911 -0.132971
v 11.560194 44.214588 -3.154408
v 11.263936 44.246166 -0.132971
v 11.193389 44.139847 -3.154408
v 11.071231 43.955746 -4.827672
v 10.458364 43.099098 -11.887373
v 10.019122 42.967201 -11.887373
v 10.119236 43.142296 -11.887373
v 10.511385 42.904495 -11.887373
v 10.903807 43.208241 -11.887373
v 10.728709 43.308353 -11.887373
v 10.771908 43.647480 -11.887373
v 10.966512 43.700500 -11.887373
v 10.562654 43.917824 -11.887373
v 10.662768 44.092922 -11.887373
v 10.223528 43.961025 -11.887373
v 10.170506 44.155628 -11.887373
v 9.953181 43.751770 -11.887373
v 9.778084 43.851887 -11.887373
v 9.715379 43.359623 -11.887373
v 9.909983 43.412643 -11.887373
v 6.799765 37.405262 -12.842903
v 7.954722 39.328121 -11.467189
v 10.285517 42.922424 -11.638557
v 10.077719 43.041237 -11.467191
v 8.162519 39.209309 -11.638555
v 8.047365 39.275150 -11.823837
v 10.170363 42.988266 -11.823839
v 7.839568 39.393959 -11.652471
v 9.962565 43.107079 -11.652472
v 11.269976 44.341164 -0.020691
v 7.769782 38.787109 11.920119
v 7.943213 38.960541 12.344540
v 7.769782 38.787109 12.344539
v 7.943213 38.960541 11.920118
v 7.769782 39.133972 12.344541
v 7.769782 39.133972 11.920119
v 7.596350 38.960541 12.344540
v 7.596350 38.960541 11.920118
v 10.119236 43.142292 11.887377
v 9.715379 43.359619 11.887377
v 10.019122 42.967194 11.887376
v 9.909983 43.412640 11.887377
v 9.953181 43.751766 11.887377
v 9.778084 43.851883 11.887377
v 10.170506 44.155624 11.887377
v 10.223528 43.961021 11.887377
v 10.662768 44.092918 11.887377
v 10.562654 43.917820 11.887377
v 10.966512 43.700497 11.887377
v 10.771908 43.647476 11.887377
v 10.903807 43.208237 11.887377
v 10.728709 43.308350 11.887377
v 10.458364 43.099094 11.887377
v 10.511385 42.904491 11.887377
v 8.270724 37.566113 12.670077
v 8.634647 38.290550 12.344539
v 8.641248 38.303688 12.670078
v 8.270724 37.566113 12.344539
v 11.349316 43.784000 12.670078
v 11.299719 43.595741 12.344540
v 11.349316 43.784000 12.344540
v 11.299719 43.595741 12.670078
v 11.298139 43.971832 12.670078
v 11.298139 43.971832 12.344540
v 11.159902 44.108913 12.670078
v 11.159902 44.108913 12.344540
v 10.506783 44.482342 12.344540
v 10.506783 44.482342 12.670078
v 10.318525 44.531940 12.670078
v 10.318525 44.531940 12.344540
v 10.130692 44.480762 12.670078
v 10.130692 44.480762 12.344540
v 9.993611 44.342525 12.670078
v 9.993611 44.342525 12.344540
v 6.712598 39.519451 12.344540
v 6.712127 39.518761 12.670077
v 6.192232 38.754517 12.344539
v 6.192232 38.754517 12.670077
v 7.833986 36.813927 12.670077
v 7.709540 36.885082 12.842906
v 7.504269 36.629402 12.842905
v 7.966099 37.162460 12.670077
v 7.825757 37.191681 12.842905
v 7.984043 37.534760 12.670078
v 5.765543 37.996586 12.670079
v 5.633430 37.648052 12.670077
v 5.773773 37.618839 12.842905
v 5.757988 37.291336 12.842904
v 5.615487 37.275753 12.670077
v 5.844180 36.974987 12.842906
v 5.713469 36.916130 12.670077
v 6.023911 36.700752 12.842904
v 5.917785 36.604385 12.670077
v 6.279588 36.495483 12.842906
v 6.208435 36.371037 12.670077
v 6.586184 36.379265 12.842905
v 6.556969 36.238922 12.670077
v 6.913686 36.363480 12.842905
v 6.929269 36.220982 12.670077
v 7.230037 36.449673 12.842904
v 7.288892 36.318962 12.670077
v 7.600636 36.523277 12.670076
v 10.329764 43.491341 -12.943268
v 7.157606 37.200661 -10.491988
v 7.211965 37.406998 -12.132196
v 7.211965 37.406994 -10.491988
v 7.157606 37.200661 -12.132196
v 7.007364 37.049149 -10.491988
v 7.007364 37.049149 -12.132196
v 6.801496 36.993061 -10.491988
v 6.801496 36.993061 -12.132196
v 6.595164 37.047417 -10.491988
v 6.595164 37.047417 -12.132196
v 6.443655 37.197662 -10.491988
v 6.443655 37.197662 -12.132196
v 6.387565 37.403526 -10.491988
v 6.387565 37.403526 -12.132196
v 6.441923 37.609859 -10.491988
v 6.441923 37.609863 -12.132196
v 6.592165 37.761372 -10.491987
v 6.592165 37.761372 -12.132195
v 6.798033 37.817459 -10.491987
v 6.798033 37.817459 -12.132195
v 7.004365 37.763100 -10.491987
v 7.004365 37.763100 -12.132195
v 7.155875 37.612862 -10.491988
v 7.155875 37.612862 -12.132196
v 8.256613 38.960545 -11.920115
v 7.769782 38.960545 -11.920115
v 8.191390 39.203960 -11.920115
v 8.013197 39.382153 -11.920115
v 8.191390 38.717129 -11.920115
v 7.769782 39.447376 -11.920115
v 8.013197 38.538937 -11.920115
v 7.526366 39.382153 -11.920115
v 7.769782 38.473717 -11.920115
v 7.348173 39.203960 -11.920115
v 7.526366 38.538937 -11.920115
v 7.282950 38.960545 -11.920115
v 7.348173 38.717129 -11.920115
v 8.191390 39.203960 -11.414496
v 7.769782 38.960545 -11.414496
v 8.256613 38.960545 -11.414496
v 8.013197 39.382153 -11.414496
v 8.191390 38.717129 -11.414496
v 7.769782 39.447376 -11.414496
v 8.013197 38.538937 -11.414496
v 7.526366 39.382153 -11.414496
v 7.769782 38.473717 -11.414496
v 7.348173 39.203960 -11.414496
v 7.526366 38.538937 -11.414496
v 7.282950 38.960545 -11.414496
v 7.348173 38.717129 -11.414496
v 7.605969 37.875248 12.132199
v 7.732952 37.409176 12.132199
v 6.799765 37.405258 12.132197
v 7.609889 36.942059 12.132197
v 7.269753 36.599052 12.132199
v 6.803684 36.472069 12.132199
v 6.336565 36.595135 12.132197
v 5.993560 36.935268 12.132199
v 5.866577 37.401337 12.132199
v 5.989641 37.868458 12.132199
v 6.329776 38.211460 12.132200
v 6.795845 38.338444 12.132199
v 7.262964 38.215382 12.132199
v 7.269753 36.599052 12.344539
v 7.609889 36.942059 12.344539
v 7.732952 37.409176 12.344539
v 7.605969 37.875248 12.344539
v 7.262964 38.215382 12.344540
v 6.795845 38.338444 12.344541
v 6.329776 38.211460 12.344540
v 5.989641 37.868454 12.344540
v 5.866577 37.401337 12.344539
v 5.993560 36.935268 12.344539
v 6.336565 36.595135 12.344539
v 6.803684 36.472069 12.344539
v 10.458364 43.099094 11.305984
v 10.019122 42.967194 11.305985
v 10.119236 43.142292 11.305984
v 10.511385 42.904491 11.305984
v 10.903807 43.208237 11.305984
v 10.728709 43.308350 11.305984
v 10.771908 43.647476 11.305984
v 10.966512 43.700497 11.305984
v 10.562654 43.917820 11.305984
v 10.662768 44.092918 11.305984
v 10.223528 43.961021 11.305984
v 10.170506 44.155624 11.305984
v 9.953181 43.751766 11.305984
v 9.778084 43.851883 11.305984
v 9.715379 43.359619 11.305984
v 9.909983 43.412640 11.305984
v 7.841541 37.519180 12.842906
v 6.799765 37.405258 12.842905
v 7.755349 37.835529 12.842906
v 7.575618 38.109764 12.842906
v 7.319941 38.315033 12.842906
v 7.013346 38.431252 12.842907
v 6.685843 38.447033 12.842906
v 6.369493 38.360840 12.842907
v 6.095260 38.181110 12.842906
v 5.889989 37.925438 12.842907
v 6.310637 38.491554 12.670077
v 6.670260 38.589535 12.670079
v 7.042561 38.571590 12.670079
v 7.391094 38.439480 12.670077
v 7.681745 38.206131 12.670078
v 7.886061 37.894386 12.670078
v 8.248437 37.103687 12.670077
v 8.084343 36.670784 12.670078
v 7.794506 36.309772 12.670077
v 7.407297 36.056000 12.670077
v 6.960618 35.934296 12.670078
v 6.498194 35.956585 12.670076
v 6.065290 36.120678 12.670077
v 5.704281 36.410515 12.670077
v 5.450506 36.797726 12.670077
v 5.328805 37.244404 12.670077
v 5.351093 37.706825 12.670078
v 5.515186 38.139732 12.670077
v 5.805023 38.500740 12.670079
v 5.998893 38.287239 12.670077
v 8.248437 37.103687 12.344539
v 6.799765 37.405258 12.344539
v 8.084343 36.670784 12.344540
v 7.794506 36.309772 12.344539
v 7.407297 36.056000 12.344539
v 6.960618 35.934296 12.344540
v 6.498194 35.956585 12.344538
v 6.065290 36.120678 12.344539
v 5.704281 36.410515 12.344539
v 5.450506 36.797726 12.344539
v 5.328805 37.244404 12.344539
v 5.351093 37.706825 12.344540
v 5.515186 38.139732 12.344539
v 5.805023 38.500740 12.344541
v 10.827465 43.460953 12.826666
v 10.754739 43.230610 10.014101
v 10.837258 43.475712 10.014101
v 10.744946 43.215851 12.826668
v 10.560969 43.059322 10.014101
v 10.551176 43.044563 12.826670
v 10.307875 43.007751 10.014101
v 10.298080 42.992989 12.826668
v 11.337848 44.109402 6.660112
v 11.420369 44.354504 6.660114
v 11.144079 43.938114 6.660112
v 10.890985 43.886539 6.660112
v 10.063270 43.089706 10.014101
v 10.053474 43.074947 12.826668
v 9.882901 43.268475 12.826666
v 9.892696 43.283237 10.014099
v 9.832063 43.521721 12.826666
v 9.841858 43.536480 10.014101
v 9.914585 43.766823 12.826666
v 9.924379 43.781586 10.014101
v 10.108355 43.938110 12.826668
v 10.118148 43.952869 10.014101
v 10.361451 43.989685 12.826668
v 10.371245 44.004444 10.014101
v 10.606055 43.907726 12.826666
v 10.615851 43.922489 10.014101
v 10.786423 43.728958 10.014101
v 10.776628 43.714195 12.826666
v 10.646379 43.968498 6.660112
v 10.475806 44.162029 6.660112
v 10.424971 44.415272 6.660114
v 10.507489 44.660374 6.660112
v 10.701258 44.831661 6.660110
v 10.954354 44.883236 6.660112
v 11.198958 44.801273 6.660110
v 11.369533 44.607746 6.660110
v 11.192067 43.841286 6.660112
v 11.243554 43.737389 6.497637
v 11.524378 43.985630 6.497639
v 10.884118 43.778534 6.660112
v 10.876748 43.662647 6.497637
v 10.586498 43.878254 6.660112
v 10.522248 43.781425 6.497637
v 11.427830 44.049694 6.660112
v 11.528236 44.347919 6.660112
v 11.643974 44.340855 6.497637
v 11.466382 44.656048 6.660112
v 11.570298 44.707874 6.497639
v 11.258840 44.891521 6.660112
v 11.323090 44.988350 6.497637
v 10.968590 45.107132 6.497637
v 10.961221 44.991241 6.660110
v 10.601786 45.032383 6.497637
v 10.653272 44.928490 6.660112
v 10.320961 44.784145 6.497637
v 10.417508 44.720081 6.660112
v 10.317101 44.421856 6.660112
v 10.378957 44.113728 6.660112
v 10.275040 44.061901 6.497637
v 10.201365 44.428921 6.497637
v 10.962102 44.444317 0.020697
v 11.309855 44.968407 0.020697
v 11.269976 44.341164 0.020697
v 11.911563 44.569149 0.132977
v 11.630742 44.320911 0.132977
v 11.588536 44.406078 0.020697
v 11.263936 44.246166 0.132977
v 10.909435 44.364944 0.132977
v 11.832419 44.621666 0.020697
v 11.936286 44.930164 0.020697
v 12.031161 44.924370 0.132977
v 11.872301 45.248909 0.020697
v 11.957484 45.291393 0.132977
v 11.657610 45.492496 0.020697
v 11.710278 45.571873 0.132977
v 11.355776 45.690647 0.132977
v 11.349736 45.595654 0.020697
v 10.988969 45.615906 0.132977
v 11.031176 45.530739 0.020697
v 10.708145 45.367664 0.132977
v 10.787289 45.315147 0.020697
v 10.683423 45.006649 0.020697
v 10.588549 45.012444 0.132977
v 10.747410 44.687904 0.020697
v 10.662228 44.645424 0.132977
v 9.940175 43.297039 12.943274
v 9.895855 43.517826 12.943272
v 10.088886 43.128315 12.943272
v 10.302142 43.056862 12.943272
v 10.522797 43.101822 12.943272
v 10.691731 43.251156 12.943274
v 10.763676 43.464848 12.943270
v 10.719354 43.685635 12.943272
v 10.570643 43.854359 12.943272
v 10.357388 43.925812 12.943272
v 10.136732 43.880848 12.943272
v 9.967798 43.731514 12.943274
v 11.438037 44.030487 4.827677
v 11.718860 44.278728 4.827677
v 11.838456 44.633949 4.827675
v 11.764780 45.000973 4.827677
v 11.517570 45.281448 4.827675
v 11.163071 45.400230 4.827677
v 10.796267 45.325485 4.827677
v 10.515442 45.077244 4.827677
v 10.395846 44.722019 4.827677
v 10.469525 44.355003 4.827677
v 10.591683 44.539104 3.154411
v 10.518003 44.906120 3.154411
v 10.637599 45.261341 3.154411
v 10.918424 45.509583 3.154411
v 11.285228 45.584332 3.154411
v 11.639729 45.465549 3.154411
v 11.886938 45.185074 3.154411
v 11.960616 44.818054 3.154411
v 11.841018 44.462830 3.154411
v 10.838888 44.258625 3.154411
v 10.716730 44.074524 4.827677
v 11.560194 44.214588 3.154411
v 11.193389 44.139847 3.154411
v 11.071231 43.955746 4.827677
v 10.329764 43.491337 12.943272
v 8.256613 38.960541 11.920118
v 8.191390 39.203957 11.920118
v 7.769782 38.960541 11.920118
v 8.013197 39.382149 11.920118
v 8.191390 38.717125 11.920118
v 7.769782 39.447372 11.920118
v 8.013197 38.538933 11.920118
v 7.526366 39.382149 11.920118
v 7.769782 38.473709 11.920120
v 7.348173 39.203957 11.920118
v 7.526366 38.538933 11.920118
v 7.282950 38.960541 11.920118
v 7.348173 38.717125 11.920118
v 8.191390 39.203957 11.414499
v 8.256613 38.960541 11.414499
v 7.769782 38.960541 11.414499
v 8.013197 39.382149 11.414499
v 8.191390 38.717125 11.414499
v 7.769782 39.447372 11.414499
v 8.013197 38.538933 11.414499
v 7.526366 39.382149 11.414499
v 7.769782 38.473709 11.414501
v 7.348173 39.203957 11.414499
v 7.526366 38.538933 11.414499
v 7.282950 38.960541 11.414499
v 7.348173 38.717125 11.414499
v 11.035944 32.613449 1.503532
v 11.035944 31.820107 0.000000
v 11.035944 32.811390 0.000001
v 11.035944 31.655937 1.246968
v 11.035944 32.033108 2.904599
v 11.035944 31.174625 2.408957
v 11.035944 31.109915 4.107723
v 11.035944 30.408970 3.406778
v 11.035944 29.411148 4.172434
v 11.035944 29.906792 5.030913
v 11.035944 28.249159 4.653745
v 11.035944 28.505724 5.611255
v 11.035944 27.002193 4.817913
v 11.035944 27.002192 5.809197
v 11.035944 25.498661 5.611255
v 11.035944 25.755226 4.653745
v 11.035944 24.097593 5.030912
v 11.035944 24.593237 4.172432
v 11.035944 22.894470 4.107722
v 11.035944 23.595415 3.406777
v 11.035944 22.829760 2.408955
v 11.035944 21.971281 2.904598
v 11.035941 21.390940 1.503531
v 11.035941 22.348450 1.246965
v 11.035941 22.184282 -0.000000
v 11.035941 21.192997 -0.000001
v 11.035941 21.390942 -1.503532
v 11.035941 22.348450 -1.246968
v 11.035944 22.829762 -2.408957
v 11.035944 21.971281 -2.904600
v 11.035944 22.894472 -4.107723
v 11.035944 23.595417 -3.406778
v 11.035944 24.593239 -4.172434
v 11.035944 24.097595 -5.030912
v 11.035944 25.498663 -5.611252
v 11.035944 25.755226 -4.653743
v 11.035944 27.002193 -4.817912
v 11.035944 27.002193 -5.809196
v 11.035944 28.505726 -5.611252
v 11.035944 28.249161 -4.653743
v 11.035944 29.411150 -4.172432
v 11.035944 29.906792 -5.030912
v 11.035944 31.109917 -4.107722
v 11.035944 30.408970 -3.406776
v 11.035944 31.174625 -2.408955
v 11.035944 32.033104 -2.904598
v 11.035944 32.613445 -1.503531
v 11.035944 31.655937 -1.246965
v 7.570969 32.811390 0.000001
v 7.570969 32.613445 -1.503531
v 7.570969 27.002193 0.000000
v 7.570969 32.033104 -2.904598
v 7.570969 31.109917 -4.107722
v 7.570969 29.906792 -5.030912
v 7.570969 28.505726 -5.611252
v 7.570969 27.002193 -5.809196
v 7.570969 25.498663 -5.611252
v 7.570969 24.097595 -5.030912
v 7.570969 22.894472 -4.107723
v 7.570969 21.971281 -2.904600
v 7.570969 21.390942 -1.503532
v 7.570969 21.192997 -0.000001
v 7.570969 32.613449 1.503532
v 7.570969 32.033108 2.904599
v 7.570969 31.109915 4.107723
v 7.570969 29.906792 5.030913
v 7.570969 28.505724 5.611255
v 7.570969 27.002192 5.809197
v 7.570969 25.498661 5.611255
v 7.570969 24.097593 5.030912
v 7.570969 22.894470 4.107722
v 7.570969 21.971281 2.904598
v 7.570969 21.390940 1.503531
v 8.025028 31.655937 -1.246965
v 8.025028 31.820107 0.000000
v 8.025028 27.002193 0.000000
v 8.025028 31.174625 -2.408955
v 8.025028 30.408970 -3.406776
v 8.025028 29.411150 -4.172432
v 8.025028 28.249161 -4.653743
v 8.025028 27.002193 -4.817912
v 8.025028 25.755226 -4.653743
v 8.025028 24.593239 -4.172434
v 8.025028 23.595417 -3.406778
v 8.025028 22.829762 -2.408957
v 8.025026 22.348450 -1.246968
v 8.025026 22.184282 -0.000000
v 8.025028 31.655937 1.246968
v 8.025028 31.174625 2.408957
v 8.025028 30.408970 3.406778
v 8.025028 29.411148 4.172434
v 8.025028 28.249159 4.653745
v 8.025028 27.002193 4.817913
v 8.025028 25.755226 4.653745
v 8.025028 24.593237 4.172432
v 8.025028 23.595415 3.406777
v 8.025028 22.829760 2.408955
v 8.025026 22.348450 1.246965
v 12.127586 21.928747 -1.359427
v 11.709274 21.749773 -0.000000
v 12.127586 21.749773 -0.000000
v 11.709274 21.928747 -1.359427
v 12.127586 22.453465 -2.626211
v 11.709274 22.453465 -2.626211
v 12.127586 23.288174 -3.714022
v 11.709274 23.288174 -3.714022
v 12.127586 24.375984 -4.548729
v 11.709274 24.375984 -4.548729
v 12.127586 25.642767 -5.073448
v 11.709274 25.642767 -5.073448
v 12.127586 27.002193 -5.252421
v 11.709274 27.002193 -5.252421
v 11.709274 28.361620 -5.073448
v 12.127586 28.361620 -5.073448
v 11.709274 29.628403 -4.548728
v 12.127586 29.628403 -4.548728
v 11.709274 30.716213 -3.714021
v 12.127586 30.716213 -3.714021
v 11.709274 31.550922 -2.626209
v 12.127586 31.550922 -2.626209
v 11.709274 32.075638 -1.359426
v 12.127586 32.075638 -1.359426
v 11.709274 32.254616 0.000000
v 12.127586 32.254616 0.000000
v 7.954722 39.328117 11.467194
v 9.962565 43.107075 11.652477
v 10.077719 43.041233 11.467196
v 7.839568 39.393955 11.652475
v 10.170363 42.988262 11.823844
v 8.047365 39.275146 11.823840
v 10.285517 42.922424 11.638562
v 8.162519 39.209305 11.638558
v 11.709274 22.453465 2.626209
v 11.709274 22.611866 4.390325
v 11.709274 23.288172 3.714020
v 11.709274 21.625164 3.104429
v 11.709274 21.928745 1.359426
v 11.709274 21.004896 1.606969
v 11.709274 20.793333 -0.000001
v 11.709274 32.999489 1.606971
v 11.709274 33.211052 0.000001
v 11.709274 32.075642 1.359427
v 11.709274 32.379223 3.104430
v 11.709274 31.550922 2.626210
v 11.709274 31.392519 4.390326
v 11.709274 30.716213 3.714021
v 11.709274 30.106623 5.377028
v 11.709274 29.628403 4.548729
v 11.709274 28.361618 5.073446
v 11.709274 28.609163 5.997297
v 11.709274 27.002193 5.252419
v 11.709274 27.002192 6.208859
v 11.709274 25.395222 5.997297
v 11.709274 25.642767 5.073446
v 11.709274 23.897762 5.377028
v 11.709274 24.375982 4.548728
v 6.387565 37.403526 10.491990
v 6.443655 37.197659 12.132197
v 6.387565 37.403526 12.132197
v 6.443655 37.197659 10.491990
v 6.595164 37.047417 12.132197
v 6.595164 37.047417 10.491990
v 6.801496 36.993057 12.132198
v 6.801496 36.993057 10.491991
v 7.007364 37.049149 12.132198
v 7.007364 37.049149 10.491989
v 7.157606 37.200657 12.132198
v 7.157606 37.200657 10.491991
v 7.211965 37.406990 12.132199
v 7.211965 37.406990 10.491990
v 7.155875 37.612858 12.132197
v 7.155875 37.612858 10.491990
v 7.004365 37.763100 12.132199
v 7.004365 37.763100 10.491992
v 6.798033 37.817459 12.132198
v 6.798033 37.817459 10.491991
v 6.592165 37.761368 12.132200
v 6.592165 37.761368 10.491991
v 6.441923 37.609856 12.132198
v 6.441923 37.609859 10.491989
v 11.709274 32.379223 -3.104430
v 11.709274 31.392519 -4.390326
v 11.709274 32.999489 -1.606970
v 11.709274 21.004896 -1.606972
v 11.709274 21.625166 -3.104431
v 11.709274 22.611868 -4.390327
v 11.709274 23.897764 -5.377029
v 11.709274 25.395224 -5.997297
v 11.709274 27.002193 -6.208860
v 11.709274 28.609165 -5.997297
v 11.709274 30.106623 -5.377029
v 12.127586 33.211052 0.000001
v 12.127586 32.999489 1.606971
v 12.127586 32.075642 1.359427
v 12.127586 32.379223 3.104430
v 12.127586 31.550922 2.626210
v 12.127586 31.392519 4.390326
v 12.127586 30.716213 3.714021
v 12.127586 30.106623 5.377028
v 12.127586 29.628403 4.548729
v 12.127586 28.361618 5.073446
v 12.127586 28.609163 5.997297
v 12.127586 27.002193 5.252419
v 12.127586 27.002192 6.208859
v 12.127586 25.395222 5.997297
v 12.127586 25.642767 5.073446
v 12.127586 23.897762 5.377028
v 12.127586 24.375982 4.548728
v 12.127586 23.288172 3.714020
v 12.127586 22.611866 4.390325
v 12.127586 22.453465 2.626209
v 12.127586 21.625164 3.104429
v 12.127586 21.928745 1.359426
v 12.127586 21.004896 1.606969
v 12.127586 20.793333 -0.000001
v 12.127586 21.625166 -3.104431
v 12.127586 22.611868 -4.390327
v 12.127586 21.004896 -1.606972
v 12.127586 32.999489 -1.606970
v 12.127586 32.379223 -3.104430
v 12.127586 31.392519 -4.390326
v 12.127586 30.106623 -5.377029
v 12.127586 28.609165 -5.997297
v 12.127586 27.002193 -6.208860
v 12.127586 25.395224 -5.997297
v 12.127586 23.897764 -5.377029
v 11.030091 17.404392 2.571722
v 11.030092 17.822182 3.802485
v 11.030094 18.397039 4.968186
v 11.030092 21.699574 3.061470
v 11.030092 21.087889 1.584733
v 11.030092 17.065821 0.000000
v 11.030092 20.879253 -0.000001
v 11.030092 21.087889 -1.584734
v 11.030091 17.404392 -2.571724
v 11.030094 18.397041 -4.968186
v 11.030092 21.699574 -3.061469
v 11.030091 19.976118 -7.026077
v 11.030092 22.672621 -4.329571
v 11.030092 23.940723 -5.302620
v 11.030092 22.034008 -8.605154
v 11.030092 25.417461 -5.914304
v 11.030091 24.430471 -9.597800
v 11.030092 27.002193 -9.936374
v 11.030092 25.705238 -9.851367
v 11.030092 27.002193 -6.122939
v 11.030091 29.573917 -9.597800
v 11.030092 28.299152 -9.851367
v 11.030092 28.586927 -5.914303
v 11.030092 31.970383 -8.605151
v 11.030092 30.063663 -5.302619
v 11.030091 34.028275 -7.026076
v 11.030092 31.331768 -4.329570
v 11.030092 32.304817 -3.061469
v 11.030094 35.607346 -4.968184
v 11.030091 36.599995 -2.571721
v 11.030092 32.916500 -1.584733
v 11.030092 36.938568 0.000001
v 11.030092 33.125134 0.000001
v 11.030092 32.916500 1.584734
v 11.030091 36.599995 2.571724
v 11.030092 32.304813 3.061471
v 11.030094 35.607346 4.968188
v 11.030092 36.182205 3.802486
v 11.030091 19.976114 7.026076
v 11.030092 19.119137 6.048881
v 11.030092 22.672621 4.329571
v 11.030092 23.940723 5.302620
v 11.030092 22.034006 8.605152
v 11.030092 25.417459 5.914306
v 11.030091 24.430470 9.597801
v 11.030092 27.002192 6.122940
v 11.030091 27.002193 9.936375
v 11.030092 28.586927 5.914306
v 11.030091 29.573915 9.597801
v 11.030092 31.970379 8.605154
v 11.030092 30.063663 5.302621
v 11.030091 34.028271 7.026078
v 11.030092 31.331766 4.329572
v 11.030092 34.885250 6.048883
v 11.880578 27.002195 -9.930876
v 11.880578 24.431894 -9.592491
v 11.880579 22.036757 -8.600393
v 11.880578 19.980003 -7.022190
v 11.880581 18.401800 -4.965439
v 11.880579 17.409702 -2.570302
v 11.880578 17.071316 0.000000
v 11.880578 17.409706 2.570300
v 11.880581 18.401798 4.965438
v 11.880581 35.602589 4.965440
v 11.880578 34.024384 7.022191
v 11.880579 31.967632 8.600394
v 11.880579 29.572493 9.592492
v 11.880578 27.002193 9.930877
v 11.880578 24.431892 9.592492
v 11.880579 22.036753 8.600393
v 11.880579 19.980001 7.022190
v 11.880579 36.594685 2.570303
v 11.880578 36.933071 0.000002
v 11.880579 36.594688 -2.570299
v 11.880581 35.602589 -4.965437
v 11.880579 34.024387 -7.022189
v 11.880579 31.967634 -8.600391
v 11.880579 29.572495 -9.592491
v 12.161137 31.967634 -8.600391
v 12.161135 29.572495 -9.592491
v 12.161135 27.002195 -9.930876
v 12.161135 24.431894 -9.592491
v 12.161137 22.036757 -8.600393
v 12.161135 19.980003 -7.022190
v 12.161139 18.401800 -4.965439
v 12.161135 17.409702 -2.570302
v 12.161137 17.071316 0.000000
v 12.161135 17.593895 -2.520947
v 12.161137 17.262005 0.000000
v 12.161139 18.566944 -4.870093
v 12.161135 20.114841 -6.887353
v 12.161137 22.132101 -8.435251
v 12.161135 24.481249 -9.408298
v 12.161135 27.002193 -9.740186
v 12.161135 29.523142 -9.408298
v 12.161137 31.872288 -8.435249
v 12.161135 19.980001 7.022190
v 12.161139 18.566942 4.870093
v 12.161135 20.114840 6.887352
v 12.161139 18.401798 4.965438
v 12.161135 17.409706 2.570300
v 12.161135 17.593895 2.520946
v 12.161137 36.933071 0.000002
v 12.161135 36.410492 2.520948
v 12.161137 36.742378 0.000001
v 12.161135 36.594685 2.570303
v 12.161139 35.602589 4.965440
v 12.161139 35.437447 4.870095
v 12.161135 34.024384 7.022191
v 12.161135 33.889545 6.887354
v 12.161137 31.872288 8.435251
v 12.161137 31.967632 8.600394
v 12.161135 29.523140 9.408298
v 12.161135 29.572493 9.592492
v 12.161135 27.002193 9.930877
v 12.161135 27.002193 9.740188
v 12.161135 24.431892 9.592492
v 12.161135 24.481245 9.408298
v 12.161137 22.036753 8.600393
v 12.161137 22.132099 8.435250
v 12.161135 36.594688 -2.570299
v 12.161135 36.410492 -2.520945
v 12.161137 36.000954 -3.727407
v 12.161139 35.602589 -4.965437
v 12.161139 35.437447 -4.870092
v 14.028621 22.672621 -4.329571
v 14.336040 22.335478 -4.666715
v 14.336040 23.702328 -5.715535
v 14.336040 21.286659 -3.299867
v 14.028621 21.699574 -3.061469
v 14.336041 20.627342 -1.708137
v 14.028621 21.087889 -1.584734
v 14.028621 20.931637 -0.799204
v 14.336040 20.413933 -0.175021
v 14.028621 20.890726 -0.175021
v 14.028621 33.072750 -0.799202
v 14.336040 33.590458 -0.175019
v 14.028621 33.113663 -0.175019
v 14.336041 33.377045 -1.708136
v 14.028621 32.916500 -1.584733
v 14.028621 32.304817 -3.061469
v 14.336040 32.717731 -3.299865
v 14.028621 31.331768 -4.329570
v 14.336040 31.668911 -4.666714
v 14.028621 30.063663 -5.302619
v 14.336040 30.302059 -5.715535
v 14.028621 28.586927 -5.914303
v 14.336040 28.710331 -6.374852
v 14.028622 27.002193 -6.122939
v 14.336041 27.002193 -6.599733
v 14.336040 25.294058 -6.374852
v 14.028621 25.417461 -5.914303
v 14.028621 23.940723 -5.302620
v 13.073514 18.124540 -0.175021
v 12.764391 18.124540 -0.175021
v 12.463655 17.273478 -0.175021
v 13.568556 20.413933 -0.175021
v 13.737460 20.890726 -0.175021
v 13.073514 35.879848 -0.175019
v 12.463655 36.730911 -0.175018
v 12.764110 35.879848 -0.175019
v 13.571047 33.590458 -0.175019
v 13.737203 33.113663 -0.175019
v 12.463654 17.593895 -2.520947
v 12.463656 18.566944 -4.870093
v 12.463654 20.114841 -6.887353
v 12.463655 22.132101 -8.435251
v 12.463654 24.481249 -9.408298
v 12.463654 27.002193 -9.740186
v 12.463654 29.523142 -9.408298
v 12.463655 31.872288 -8.435249
v 14.028621 20.890726 0.175020
v 13.568556 20.413933 0.175020
v 13.737460 20.890726 0.175020
v 14.336040 20.413933 0.175020
v 13.073514 18.124540 0.175020
v 12.764391 18.124540 0.175020
v 12.463655 17.273478 0.175019
v 13.737460 20.890726 -0.000001
v 13.073514 29.302868 8.586240
v 12.463654 27.002193 9.740188
v 13.073514 27.002193 8.889131
v 12.463654 29.523140 9.408298
v 12.463655 31.872288 8.435251
v 12.463654 17.593895 2.520946
v 13.073514 18.415955 2.300675
v 14.336041 20.627342 1.708137
v 14.336040 21.286657 3.299867
v 13.073516 19.303982 4.444564
v 14.336040 22.335476 4.666716
v 13.073514 20.716629 6.285563
v 13.073516 22.557629 7.698212
v 12.463655 22.132099 8.435250
v 13.073514 24.701517 8.586240
v 12.463654 24.481245 9.408298
v 14.336041 27.002192 6.599734
v 14.336040 28.710331 6.374853
v 13.073516 31.446758 7.698213
v 14.336040 25.294056 6.374852
v 14.336040 23.702326 5.715536
v 12.463654 20.114840 6.887352
v 12.463656 18.566942 4.870093
v 14.336040 33.590458 0.175022
v 13.073514 35.588432 2.300677
v 14.336041 33.377045 1.708138
v 14.336040 32.717731 3.299867
v 13.073516 34.700405 4.444566
v 14.336040 31.668911 4.666717
v 13.073514 33.287758 6.285565
v 14.336040 30.302059 5.715537
v 12.463654 33.889545 6.887354
v 12.463656 35.437447 4.870095
v 12.463654 36.410492 2.520948
v 13.073514 35.879848 0.175022
v 12.463655 36.730911 0.175022
v 14.028621 30.063663 5.302621
v 14.028621 31.331766 4.329572
v 14.028621 32.304813 3.061471
v 14.028621 32.916500 1.584734
v 14.028621 33.072750 0.799205
v 14.028621 33.113663 0.175022
v 14.028621 20.931637 0.799203
v 14.028621 21.087889 1.584733
v 14.028621 21.699574 3.061470
v 14.028621 22.672621 4.329571
v 14.028621 23.940723 5.302620
v 14.028621 25.417459 5.914306
v 14.028622 27.002192 6.122940
v 14.028621 28.586927 5.914306
v 13.571047 33.590458 0.175022
v 12.764110 35.879848 0.175022
v 13.737203 33.113663 0.175022
v 13.737203 33.113663 0.000001
v 12.463654 33.889549 -6.887351
v 13.263222 32.244644 -5.046776
v 12.463655 32.244644 -8.186449
v 13.224458 33.289154 -4.002266
v 13.311789 32.889439 -4.081776
v 12.463655 35.865410 -4.002266
v 12.463656 35.437447 -4.870092
v 14.065700 32.889439 -4.081776
v 13.939664 32.244644 -5.242447
v 13.911334 33.289154 -4.002266
v 13.625703 33.930626 -4.001699
v 13.073516 34.918522 -4.002266
v 13.073514 32.244644 -7.165081
v -2.576268 34.028271 -7.026075
v -1.806540 33.059956 -4.648285
v -2.576268 32.401409 -5.399215
v -1.806540 34.885250 -6.048881
v -1.143163 33.614853 -3.817822
v -1.143166 35.607346 -4.968188
v 10.704371 26.808090 -12.184730
v 10.342983 27.263950 -12.181807
v 10.705180 27.263538 -12.182055
v 10.342175 26.808498 -12.184480
v 11.701358 26.801853 -10.827165
v 11.701921 27.258667 -11.186686
v 11.702167 27.257305 -10.824491
v 11.701112 26.803215 -11.189359
v 9.235476 28.642921 -11.062227
v 10.593348 27.895355 -9.709264
v 10.594662 28.636276 -9.704913
v 9.234162 27.902000 -11.066578
v 10.768540 27.895815 -9.884695
v 9.409907 28.214283 -11.240178
v 10.769094 28.207638 -9.882864
v 9.409355 27.902460 -11.242008
v 9.410980 28.817589 -11.236635
v 10.770165 28.810944 -9.879322
v 9.760127 28.818508 -11.586257
v 11.119312 28.811863 -10.228943
v 9.759056 28.215202 -11.589799
v 11.118241 28.208555 -10.232485
v 9.904078 28.629715 -11.731851
v 11.261040 27.369995 -10.381894
v 9.901854 27.376640 -11.739208
v 11.263265 28.623070 -10.374538
v 11.117596 27.844505 -10.234622
v 9.758410 27.851151 -11.591937
v 11.359299 27.256405 -10.481158
v 10.000113 27.263050 -11.838473
v 11.027744 27.844269 -10.144651
v 9.668560 27.850914 -11.501966
v 10.588945 25.417049 -9.723815
v 9.231076 26.164618 -11.076778
v 9.229760 25.423695 -11.081128
v 10.590261 26.157972 -9.719463
v 10.764901 25.846607 -9.896727
v 9.406269 26.165077 -11.252210
v 10.765454 26.158432 -9.894896
v 9.405715 25.853256 -11.254041
v 10.763830 25.243301 -9.900270
v 9.404645 25.249947 -11.257583
v 9.753791 25.250866 -11.607203
v 11.112978 25.244221 -10.249890
v 9.754863 25.854172 -11.603662
v 11.114048 25.847527 -10.246347
v 9.900640 26.693489 -11.743219
v 11.257601 25.433771 -10.393262
v 9.898415 25.440414 -11.750577
v 11.259827 26.686844 -10.385904
v 9.755509 26.218222 -11.601524
v 11.114697 26.211576 -10.244210
v 9.999305 26.807598 -11.841147
v 11.358490 26.800953 -10.483832
v 11.026296 27.027805 -10.149445
v 11.024846 26.211342 -10.154238
v 12.463654 36.410492 -2.520945
v 13.073514 35.588432 -2.300674
v 13.073516 31.446760 -7.698210
v 13.073514 29.302870 -8.586239
v 13.073514 27.002193 -8.889129
v 13.073514 24.701519 -8.586239
v 13.073516 22.557631 -7.698211
v 13.073514 20.716631 -6.285564
v 13.073516 19.303982 -4.444564
v 13.073514 18.415955 -2.300675
v -1.806540 36.182205 -3.802485
v -1.806539 34.056606 -2.922034
v -2.576269 34.377659 -1.976250
v -2.576268 36.599995 -2.571724
v 9.667110 27.034451 -11.506760
v 9.665662 26.217987 -11.511554
v -3.133971 34.056606 -2.922034
v -3.133972 34.377659 -1.976250
v -3.133972 33.614853 -3.817822
v -3.133972 33.059956 -4.648285
v -3.133972 32.401409 -5.399215
v 10.976933 25.724182 -9.647717
v 11.089608 25.818993 -9.759821
v 8.856310 25.829914 -11.990045
v 8.743635 25.735100 -11.877940
v 10.933689 25.571136 -9.605582
v 8.700390 25.582058 -11.835806
v 10.976390 25.418320 -9.649512
v 8.743092 25.429237 -11.879736
v 11.088730 25.324099 -9.762727
v 8.855431 25.335018 -11.992951
v 8.994497 25.335382 -12.132208
v 11.227796 25.324463 -9.901983
v 9.107173 25.430195 -12.244312
v 11.340471 25.419275 -10.014088
v 9.150418 25.583239 -12.286447
v 11.383717 25.572319 -10.056222
v 9.107716 25.736057 -12.242517
v 11.341015 25.725138 -10.012292
v 8.995377 25.830278 -12.129301
v 11.228675 25.819359 -9.899076
v 8.795002 25.692017 -11.929706
v 8.875836 25.760035 -12.010134
v 8.633517 25.761219 -12.252119
v 8.552684 25.693203 -12.171695
v 8.763977 25.582224 -11.899477
v 8.521660 25.583408 -12.141466
v 8.794614 25.472591 -11.930997
v 8.552295 25.473778 -12.172983
v 8.875206 25.404999 -12.012220
v 8.632887 25.406183 -12.254204
v 8.732653 25.406445 -12.354106
v 8.974972 25.405260 -12.112120
v 8.813486 25.474463 -12.434529
v 9.055805 25.473278 -12.192545
v 8.844510 25.584255 -12.464756
v 9.086829 25.583073 -12.222773
v 8.813875 25.693888 -12.433240
v 9.056194 25.692703 -12.191256
v 8.733284 25.761482 -12.352020
v 8.975602 25.760296 -12.110035
v 10.976932 28.280205 9.647716
v 11.089608 28.185394 9.759821
v 8.856310 28.174473 11.990046
v 8.743634 28.269287 11.877940
v 10.933689 28.433250 9.605582
v 8.700391 28.422329 11.835807
v 10.976391 28.586067 9.649513
v 8.743093 28.575148 11.879737
v 11.088730 28.680288 9.762726
v 8.855431 28.669369 11.992951
v 8.994498 28.669004 12.132208
v 11.227797 28.679924 9.901983
v 9.107174 28.574192 12.244314
v 11.340471 28.585112 10.014089
v 9.150418 28.421150 12.286448
v 11.383717 28.432068 10.056223
v 9.107715 28.268330 12.242517
v 11.341015 28.279249 10.012292
v 8.995377 28.174109 12.129302
v 11.228675 28.185028 9.899076
v 10.704371 26.808083 12.184730
v 10.342983 27.263943 12.181807
v 10.342175 26.808493 12.184480
v 10.705180 27.263533 12.182055
v 11.701358 26.801849 10.827165
v 11.701921 27.258659 11.186686
v 11.701112 26.803211 11.189359
v 11.702167 27.257299 10.824491
v 9.235476 28.642918 11.062227
v 10.593348 27.895350 9.709264
v 9.234162 27.901995 11.066578
v 10.594662 28.636272 9.704913
v 9.409907 28.214279 11.240178
v 10.768540 27.895809 9.884695
v 10.769094 28.207634 9.882864
v 9.409355 27.902454 11.242008
v 9.410980 28.817585 11.236635
v 10.770165 28.810940 9.879322
v 9.760127 28.818501 11.586257
v 11.119312 28.811857 10.228943
v 9.759056 28.215195 11.589799
v 11.118241 28.208549 10.232485
v 11.261040 27.369991 10.381894
v 9.904078 28.629709 11.731851
v 9.901854 27.376637 11.739208
v 11.263265 28.623064 10.374538
v 11.117596 27.844501 10.234622
v 9.758410 27.851145 11.591937
v 11.359299 27.256397 10.481158
v 10.000113 27.263042 11.838473
v 11.027744 27.844265 10.144651
v 9.668560 27.850910 11.501966
v 9.231076 26.164612 11.076778
v 10.588945 25.417046 9.723815
v 9.229760 25.423691 11.081128
v 10.590261 26.157967 9.719463
v 10.764901 25.846603 9.896727
v 9.406269 26.165071 11.252210
v 9.405715 25.853249 11.254041
v 10.765454 26.158428 9.894896
v 10.763830 25.243298 9.900270
v 9.404645 25.249943 11.257583
v 9.753791 25.250858 11.607203
v 11.112978 25.244215 10.249889
v 9.754863 25.854166 11.603661
v 11.114048 25.847521 10.246347
v 9.900640 26.693481 11.743219
v 11.257601 25.433765 10.393262
v 11.259827 26.686838 10.385904
v 9.898415 25.440411 11.750577
v 9.755509 26.218216 11.601524
v 11.114697 26.211571 10.244210
v 9.999305 26.807592 11.841147
v 11.358490 26.800949 10.483832
v 11.026296 27.027802 10.149445
v 11.024846 26.211334 10.154238
v 8.925404 28.421745 -12.061127
v 9.107174 28.574200 -12.244313
v 9.150418 28.421154 -12.286448
v 9.107715 28.268337 -12.242517
v 8.994498 28.669010 -12.132208
v 8.995377 28.174114 -12.129302
v 8.855431 28.669376 -11.992951
v 8.856310 28.174480 -11.990046
v 8.743093 28.575153 -11.879737
v 8.700391 28.422337 -11.835807
v 8.743634 28.269291 -11.877941
v 11.340471 28.585117 -10.014089
v 11.158702 28.432663 -9.830902
v 11.383717 28.432072 -10.056223
v 11.341015 28.279255 -10.012291
v 11.227797 28.679928 -9.901981
v 11.228675 28.185032 -9.899078
v 11.088730 28.680294 -9.762726
v 11.089608 28.185398 -9.759821
v 10.976391 28.586071 -9.649513
v 10.933689 28.433254 -9.605582
v 10.976932 28.280210 -9.647716
v 9.667110 27.034443 11.506760
v 9.665662 26.217979 11.511554
v 8.795006 28.312370 11.929710
v 8.875836 28.244352 12.010134
v 8.633517 28.243168 12.252119
v 8.552686 28.311184 12.171697
v 8.763982 28.422163 11.899483
v 8.521662 28.420979 12.141469
v 8.794614 28.531796 11.930997
v 8.552295 28.530609 12.172983
v 8.875206 28.599388 12.012218
v 8.632887 28.598204 12.254204
v 8.732653 28.597942 12.354106
v 8.974972 28.599125 12.112120
v 8.813485 28.529922 12.434528
v 9.055802 28.531107 12.192541
v 8.844508 28.420130 12.464755
v 9.086826 28.421314 12.222770
v 8.813875 28.310499 12.433241
v 9.056195 28.311684 12.191257
v 8.733285 28.242905 12.352021
v 8.975602 28.244091 12.110036
v 11.030091 27.818665 9.952937
v 11.030091 28.165352 10.301175
v 11.030091 27.818665 10.301175
v 11.030091 28.165354 9.952937
v 1.913936 25.839027 14.538336
v 5.785069 25.839027 13.966581
v 1.973130 25.839027 14.987976
v 5.611515 25.839027 13.547582
v 9.202748 25.839027 11.993389
v 8.926664 25.839027 11.633588
v 10.689461 25.839029 10.689578
v 10.368773 25.839029 10.368892
v 11.030091 25.839029 10.301175
v 10.733561 25.839029 9.952937
v 11.030090 25.839029 9.952937
v 8.925404 25.582649 -12.061127
v 11.158702 25.571728 -9.830902
v 8.683085 28.420559 -12.303112
v 8.813485 28.529930 -12.434528
v 8.844508 28.420135 -12.464755
v 8.813875 28.310505 -12.433241
v 8.732653 28.597948 -12.354106
v 8.733285 28.242912 -12.352021
v 8.632887 28.598209 -12.254204
v 8.633517 28.243174 -12.252119
v 8.552295 28.530615 -12.172983
v 8.521662 28.420984 -12.141469
v 8.552686 28.311192 -12.171697
v 8.875836 28.244358 -12.010134
v 8.975602 28.244095 -12.110036
v 9.056195 28.311691 -12.191257
v 9.086826 28.421318 -12.222770
v 9.055802 28.531113 -12.192541
v 8.974972 28.599133 -12.112120
v 8.875206 28.599394 -12.012218
v 8.794614 28.531799 -11.930997
v 8.763982 28.422169 -11.899484
v 8.795006 28.312376 -11.929710
v 8.683085 25.583832 -12.303112
v 8.925404 28.421738 12.061127
v 11.158702 28.432659 9.830902
v 10.689460 27.818665 10.689578
v 10.689460 28.165352 10.689578
v 9.202748 28.165352 11.993389
v 9.202748 27.818665 11.993389
v 5.785069 27.818665 13.966581
v 5.785069 28.165352 13.966581
v 1.973129 27.818665 14.987976
v 1.973129 28.165352 14.987976
v 10.733561 28.165354 9.952937
v 10.368774 28.165352 10.368892
v 8.926665 28.165352 11.633588
v 5.611515 28.165352 13.547583
v 1.913936 28.165352 14.538336
v 1.854740 27.710342 14.088696
v 5.437963 26.294039 13.128586
v 1.854739 26.294037 14.088697
v 5.437964 27.710342 13.128585
v 8.650579 26.294039 11.273786
v 8.650580 27.710342 11.273785
v 10.131637 26.294039 9.952937
v 10.131639 27.710342 9.952937
v 1.943096 27.818665 14.759844
v 5.697015 27.818665 13.753995
v 9.062674 27.818665 11.810838
v 10.526756 27.818665 10.526872
v 10.526756 26.185717 10.526871
v 11.030091 26.185717 9.952937
v 9.062674 26.185715 11.810838
v 5.697015 26.185715 13.753996
v 1.943095 26.185715 14.759844
v 8.925404 25.582642 12.061127
v 9.107173 25.430187 12.244312
v 9.150418 25.583233 12.286447
v 9.107716 25.736050 12.242517
v 8.994497 25.335377 12.132208
v 8.995377 25.830273 12.129301
v 8.855431 25.335011 11.992951
v 8.856310 25.829906 11.990045
v 8.743092 25.429232 11.879736
v 8.700390 25.582050 11.835806
v 8.743635 25.735096 11.877941
v 11.340471 25.419270 10.014088
v 11.158702 25.571724 9.830902
v 11.383717 25.572315 10.056222
v 11.341015 25.725132 10.012292
v 11.227796 25.324459 9.901981
v 11.228675 25.819355 9.899078
v 11.088730 25.324093 9.762727
v 11.089608 25.818989 9.759821
v 10.976390 25.418314 9.649511
v 10.933689 25.571133 9.605582
v 10.976933 25.724178 9.647717
v 8.683085 28.420555 12.303112
v 8.683085 25.583828 12.303112
v 8.813486 25.474457 12.434529
v 8.844510 25.584251 12.464756
v 8.813875 25.693882 12.433239
v 8.732653 25.406439 12.354106
v 8.733284 25.761475 12.352020
v 8.632887 25.406178 12.254204
v 8.633517 25.761213 12.252119
v 8.552295 25.473770 12.172983
v 8.521660 25.583403 12.141466
v 8.552684 25.693195 12.171695
v 8.875836 25.760029 12.010134
v 8.975602 25.760290 12.110035
v 9.056194 25.692696 12.191256
v 9.086829 25.583065 12.222773
v 9.055805 25.473272 12.192545
v 8.974972 25.405254 12.112120
v 8.875206 25.404993 12.012220
v 8.794614 25.472588 11.930997
v 8.763977 25.582218 11.899478
v 8.795002 25.692011 11.929706
v 11.030091 26.185717 10.301175
v 10.689461 26.185717 10.689578
v 9.202748 26.185715 11.993389
v 5.785069 26.185715 13.966582
v 1.973129 26.185715 14.987976
v 10.733561 26.294039 9.952937
v 10.733561 27.710342 9.952937
v 11.030091 27.818670 -9.953050
v 11.030091 28.165358 -10.301288
v 11.030091 28.165358 -9.953050
v 11.030092 27.818670 -10.301289
v 1.943096 27.818672 -14.759954
v 5.697015 26.185722 -13.754109
v 1.943095 26.185722 -14.759957
v 5.697015 27.818672 -13.754109
v 9.062674 26.185722 -11.810950
v 9.062674 27.818670 -11.810949
v 10.526756 26.185722 -10.526984
v 10.526756 27.818670 -10.526984
v 11.030091 26.185722 -9.953050
v 5.611515 25.839035 -13.547694
v 1.854740 26.294044 -14.088810
v 1.913936 25.839035 -14.538449
v 5.437963 26.294044 -13.128698
v 8.650579 26.294044 -11.273898
v 8.926665 25.839035 -11.633700
v 10.368774 25.839035 -10.369004
v 10.131638 26.294044 -9.953050
v 10.733561 25.839033 -9.953050
v 1.973130 28.165359 -14.988089
v 5.785069 27.818672 -13.966694
v 1.973129 27.818672 -14.988089
v 5.785069 28.165359 -13.966694
v 9.202748 27.818670 -11.993502
v 9.202748 28.165359 -11.993502
v 10.689461 27.818670 -10.689692
v 10.689460 28.165358 -10.689691
v 11.030091 25.839035 -10.301288
v 11.030092 26.185722 -10.301288
v 11.030091 25.839033 -9.953050
v -1.914082 25.839035 -14.538408
v -1.854886 26.294044 -14.088767
v -5.438089 26.294044 -13.128646
v -5.611646 25.839035 -13.547642
v -8.926797 25.839035 -11.633625
v -8.650713 26.294044 -11.273825
v -11.633587 25.839033 -8.926779
v -11.273785 26.294044 -8.650693
v -13.128584 26.294043 -5.438076
v -13.547581 25.839033 -5.611629
v -14.538334 25.839031 -1.914048
v -14.088696 26.294041 -1.854852
v -14.538334 25.839031 1.913936
v -14.088695 26.294041 1.854739
v -13.547582 25.839029 5.611516
v -13.128584 26.294041 5.437963
v -11.633588 25.839029 8.926666
v -11.273785 26.294039 8.650578
v -8.650713 26.294039 11.273713
v -8.926797 25.839027 11.633512
v -5.611646 25.839027 13.547529
v -5.438089 26.294039 13.128533
v -1.914082 25.839027 14.538296
v -1.854886 26.294037 14.088654
v -11.993388 26.185722 -9.202862
v -9.202885 25.839035 -11.993425
v -11.993389 25.839033 -9.202862
v -9.202885 26.185722 -11.993425
v -5.785201 25.839035 -13.966639
v -5.785201 26.185722 -13.966640
v -1.973280 25.839035 -14.988045
v -1.973280 26.185722 -14.988046
v 1.973130 25.839035 -14.988089
v 1.973129 26.185722 -14.988089
v -1.973280 26.185715 14.987934
v -1.973280 25.839027 14.987934
v -5.785201 25.839027 13.966526
v -5.785201 26.185715 13.966525
v -9.202885 25.839027 11.993313
v -9.202885 26.185715 11.993313
v -11.993388 26.185719 9.202749
v -11.993388 25.839029 9.202749
v -13.966579 25.839029 5.785069
v -13.966579 26.185719 5.785069
v -14.987973 25.839031 1.973129
v -14.987974 26.185719 1.973129
v -14.987973 26.185719 -1.973243
v -14.987973 25.839031 -1.973243
v -13.966579 25.839033 -5.785182
v -13.966579 26.185720 -5.785182
v 5.785069 26.185722 -13.966694
v 5.785069 25.839035 -13.966694
v 9.202748 25.839035 -11.993502
v 9.202748 26.185722 -11.993502
v 10.689461 25.839035 -10.689691
v 10.689462 26.185722 -10.689691
v -11.273784 27.710342 8.650580
v -8.650711 27.710342 11.273711
v -5.438089 27.710342 13.128533
v -1.854885 27.710342 14.088655
v 1.854740 27.710350 -14.088808
v -1.854885 27.710348 -14.088767
v -5.438089 27.710348 -13.128646
v -8.650711 27.710348 -11.273824
v -11.273784 27.710348 -8.650694
v -13.128583 27.710346 -5.438076
v -14.088694 27.710346 -1.854852
v -14.088694 27.710346 1.854740
v -13.128583 27.710344 5.437963
v -1.943245 26.185715 14.759804
v -5.697145 26.185715 13.753941
v -9.062809 26.185715 11.810762
v -11.810837 26.185719 9.062675
v -13.753994 26.185719 5.697015
v -14.759843 26.185719 1.943095
v -14.759843 26.185719 -1.943208
v -13.753995 26.185720 -5.697128
v -11.810837 26.185722 -9.062787
v -9.062809 26.185722 -11.810875
v -5.697145 26.185722 -13.754054
v -1.943245 26.185722 -14.759915
v -11.810837 27.818668 -9.062787
v -9.062808 27.818672 -11.810874
v -5.697144 27.818672 -13.754054
v -1.943245 27.818672 -14.759915
v -1.943245 27.818665 14.759804
v -5.697145 27.818665 13.753942
v -9.062808 27.818665 11.810760
v -11.810837 27.818665 9.062675
v -13.753994 27.818666 5.697015
v -14.759842 27.818666 1.943096
v -14.759843 27.818668 -1.943208
v -13.753995 27.818668 -5.697127
v -1.914083 28.165352 14.538296
v -5.611646 28.165352 13.547528
v -8.926796 28.165352 11.633512
v -11.633588 28.165354 8.926666
v -13.547581 28.165354 5.611515
v -14.538334 28.165356 1.913936
v -14.538334 28.165356 -1.914048
v -13.547581 28.165358 -5.611629
v -11.633587 28.165358 -8.926779
v -8.926797 28.165359 -11.633625
v -5.611646 28.165359 -13.547642
v -1.914083 28.165359 -14.538408
v 1.913936 28.165359 -14.538448
v -11.993388 27.818665 9.202749
v -9.202885 28.165352 11.993313
v -11.993389 28.165354 9.202749
v -9.202885 27.818665 11.993313
v -5.785201 27.818665 13.966525
v -5.785201 28.165352 13.966525
v -1.973280 27.818665 14.987934
v -1.973280 28.165352 14.987934
v -1.973280 28.165359 -14.988046
v -1.973280 27.818672 -14.988046
v -5.785201 28.165359 -13.966639
v -5.785201 27.818672 -13.966639
v -9.202885 28.165359 -11.993425
v -9.202885 27.818672 -11.993425
v -11.993388 28.165358 -9.202862
v -11.993388 27.818668 -9.202862
v -13.966579 28.165358 -5.785183
v -13.966580 27.818668 -5.785182
v -14.987974 28.165356 -1.973242
v -14.987974 27.818668 -1.973242
v -14.987974 28.165356 1.973130
v -14.987974 27.818668 1.973130
v -13.966579 28.165354 5.785069
v -13.966579 27.818666 5.785069
v 8.650580 27.710348 -11.273897
v 10.131638 27.710348 -9.953050
v 5.437964 27.710348 -13.128696
v 0.000000 29.784992 -13.616040
v -0.823759 30.076504 -13.216082
v 0.000000 30.184952 -13.216081
v 0.823758 30.076502 -13.216082
v 0.720240 29.690172 -13.616041
v 1.391398 29.412170 -13.616040
v 1.591378 29.758545 -13.216082
v 2.250549 29.252745 -13.216081
v 1.967734 28.969931 -13.616041
v 2.409972 28.393595 -13.616041
v 2.756348 28.593575 -13.216081
v 2.687975 27.722435 -13.616040
v 3.074307 27.825954 -13.216082
v 2.782797 27.002197 -13.616040
v -1.967736 25.034460 -13.616040
v -1.591379 24.245846 -13.216081
v -2.250550 24.751646 -13.216081
v -2.756350 25.410816 -13.216081
v -2.409974 25.610798 -13.616041
v -2.687977 26.281956 -13.616040
v -3.074308 26.178436 -13.216081
v -2.782798 27.002197 -13.616040
v -3.182758 27.002197 -13.216081
v -3.074308 27.825954 -13.216082
v -2.687976 27.722435 -13.616040
v -2.409974 28.393595 -13.616041
v -2.756349 28.593575 -13.216081
v -1.967735 28.969933 -13.616041
v -2.250550 29.252747 -13.216081
v -1.591379 29.758545 -13.216082
v -1.391399 29.412170 -13.616040
v -0.720241 29.690172 -13.616041
v 3.182757 27.002197 -13.216081
v 2.687976 26.281954 -13.616040
v 3.074307 26.178436 -13.216081
v 2.756349 25.410816 -13.216081
v 2.409973 25.610798 -13.616041
v 1.967735 25.034460 -13.616041
v 2.250549 24.751646 -13.216081
v 1.391398 24.592222 -13.616039
v 1.591378 24.245846 -13.216080
v 0.823758 23.927887 -13.216082
v 0.720240 24.314220 -13.616040
v -0.000001 24.219398 -13.616041
v -0.000001 23.819439 -13.216082
v -0.823759 23.927887 -13.216082
v -0.720242 24.314220 -13.616040
v -1.391399 24.592222 -13.616039
v -0.823759 30.076504 -12.880306
v 0.000000 30.184954 -12.880304
v 0.823758 30.076504 -12.880304
v 1.591378 29.758545 -12.880306
v 2.250549 29.252745 -12.880304
v 2.756348 28.593575 -12.880304
v 3.074307 27.825954 -12.880305
v 3.182757 27.002197 -12.880304
v 3.074307 26.178436 -12.880304
v 2.756349 25.410816 -12.880304
v 2.250549 24.751646 -12.880304
v 1.591378 24.245846 -12.880304
v 0.823758 23.927887 -12.880306
v -0.000001 23.819439 -12.880304
v -0.823759 23.927887 -12.880306
v -1.591379 24.245846 -12.880304
v -2.250550 24.751646 -12.880304
v -2.756350 25.410816 -12.880304
v -3.074308 26.178436 -12.880304
v -3.182758 27.002197 -12.880304
v -3.074308 27.825954 -12.880305
v -2.756349 28.593575 -12.880304
v -2.250550 29.252747 -12.880304
v -1.591379 29.758545 -12.880306
v -6.673147 24.464022 -10.595883
v -7.506740 25.297613 -9.909322
v -7.506740 25.297613 -10.595883
v -6.673147 24.464022 -9.909322
v -7.506740 28.706776 -10.595883
v -6.673147 29.540367 -9.909322
v -6.673147 29.540367 -10.595883
v -7.506740 28.706776 -9.909322
v -2.422067 24.464022 -12.347660
v 1.398724 24.464022 -12.911963
v 1.398724 24.464022 -12.347660
v -2.613492 24.464022 -12.911963
v -3.896050 24.464022 -9.909322
v -4.585398 24.464022 -10.595883
v 1.398724 26.845951 -12.911963
v -2.613492 26.845951 -12.911963
v 1.398724 29.540367 -12.911963
v -2.613492 29.540367 -12.911963
v -2.422067 29.540367 -12.347660
v 1.398724 29.540367 -12.347660
v -4.585398 29.540367 -10.595883
v -3.896050 29.540367 -9.909322
v 1.398724 26.845951 -12.347660
v -2.422067 26.845951 -12.347660
v -3.585813 27.096752 -11.769934
v -3.546091 26.845951 -10.595883
v -3.585813 27.096752 -10.595883
v -3.546091 26.845951 -11.816589
v -3.701093 27.323002 -11.634533
v -3.701093 27.323002 -10.595883
v -3.880646 27.502554 -11.423641
v -3.880646 27.502554 -10.595883
v -4.106895 27.617832 -11.157903
v -4.106895 27.617832 -10.595883
v -4.357695 27.657555 -10.863328
v -4.357695 27.657555 -10.595883
v -4.357695 26.034348 -10.863328
v -4.106895 26.074070 -10.595883
v -4.106895 26.074070 -11.157902
v -4.357695 26.034348 -10.595883
v -3.880646 26.189350 -10.595883
v -3.880646 26.189350 -11.423641
v -3.701093 26.368904 -10.595883
v -3.701093 26.368904 -11.634532
v -3.585814 26.595154 -10.595883
v -3.585814 26.595154 -11.769933
v -4.357695 26.845951 -10.595883
v -4.585398 26.070412 -10.595883
v -4.585398 26.845951 -10.595883
v -4.585398 27.621492 -10.595883
v -7.506740 26.845951 -10.595883
v 10.733561 28.165358 -9.953050
v 10.368774 28.165358 -10.369004
v 8.926665 28.165358 -11.633700
v 5.611515 28.165359 -13.547695
v 0.000000 27.002192 15.245544
v 0.000000 26.612576 15.245544
v 0.229011 26.686985 15.245546
v -0.229012 26.686985 15.245546
v -0.370548 26.881794 15.245546
v 0.370548 26.881794 15.245546
v -0.370548 27.122589 15.245544
v 0.370548 27.122589 15.245544
v 0.229011 27.317398 15.245546
v -0.229012 27.317398 15.245546
v 0.000000 27.391809 15.245546
v -3.074308 27.825951 12.880305
v -3.074308 27.825951 13.459804
v -2.756349 28.593571 13.459803
v -3.182758 27.002193 13.459803
v -3.182758 27.002193 12.880304
v -3.074308 26.178432 13.459803
v -3.074308 26.178432 12.880304
v -2.756350 25.410812 13.459803
v -2.756350 25.410812 12.880304
v -2.250550 24.751642 12.880304
v -2.250550 24.751642 13.459803
v -1.591379 24.245844 13.459803
v -1.591379 24.245842 12.880304
v -0.823759 23.927883 12.880304
v -0.823759 23.927883 13.459803
v -0.000001 23.819435 13.459803
v -0.000001 23.819435 12.880304
v 0.823758 23.927883 12.880304
v 0.823758 23.927883 13.459803
v 1.591378 24.245842 13.459803
v 1.591378 24.245842 12.880304
v 2.250549 24.751642 12.880304
v 2.250549 24.751642 13.459803
v 2.756349 25.410812 12.880304
v 2.756349 25.410812 13.459803
v 3.074307 26.178432 13.459803
v 3.074307 26.178432 12.880304
v 3.182757 27.002193 13.459803
v 3.182757 27.002193 12.880304
v 3.074307 27.825951 12.880305
v 3.074307 27.825951 13.459804
v 2.756348 28.593571 13.459803
v 2.756348 28.593571 12.880304
v 2.250549 29.252741 13.459803
v 2.250549 29.252741 12.880304
v 1.591378 29.758541 12.880304
v 1.591378 29.758541 13.459803
v 0.823758 30.076500 13.459805
v 0.823758 30.076500 12.880306
v 0.000000 30.184950 13.459803
v 0.000000 30.184950 12.880304
v -0.823759 30.076500 12.880304
v -0.823759 30.076500 13.459803
v -1.591379 29.758541 13.459803
v -1.591379 29.758541 12.880304
v -2.250550 29.252743 13.459803
v -2.250550 29.252743 12.880304
v -2.756349 28.593571 12.880304
v 10.733561 26.294044 -9.953050
v 10.733561 27.710348 -9.953050
v -6.895581 25.694330 10.404922
v -7.403597 26.202347 9.604182
v -6.895581 25.694330 9.604182
v -7.403597 26.202347 10.404922
v -7.403597 27.679989 10.404922
v -6.895581 28.188007 9.604182
v -7.403597 27.679989 9.604182
v -6.895581 28.188007 10.404922
v -2.991012 25.694328 12.536402
v -0.849563 25.694328 12.880304
v -3.294726 25.694328 12.880304
v -0.849563 25.694328 12.536402
v -4.496464 25.694330 10.404922
v -4.076355 25.694330 9.604183
v -0.849563 28.188005 12.880304
v -2.991012 28.188005 12.536402
v -3.294726 28.188005 12.880304
v -0.849563 28.188005 12.536402
v -4.496464 28.188007 10.404922
v -4.076355 28.188007 9.604182
v -0.849563 26.845949 12.880304
v -0.849563 26.845949 12.536402
v -0.000001 27.002197 -13.616040
v -0.000001 27.002197 -12.880304
v -7.506740 26.845951 -9.909322
v -4.076355 26.845949 9.604183
v -2.991012 26.845949 12.536402
v -10.029222 34.519348 -6.595908
v -9.778836 34.023277 -6.099838
v -10.029222 34.023277 -6.099838
v -9.778836 34.519348 -6.595910
v -9.453128 33.965611 -6.165595
v -9.453128 34.461681 -6.661666
v -9.214692 33.808060 -6.345244
v -9.214692 34.304131 -6.841315
v -9.127419 33.592846 -6.590650
v -9.127418 34.088917 -7.086720
v -9.214692 33.843513 -7.301939
v -9.214692 33.347443 -6.805868
v -9.453128 33.663864 -7.459489
v -9.453128 33.167793 -6.963418
v -9.778836 33.598106 -7.517156
v -9.778836 33.102036 -7.021086
v -10.029222 33.102036 -7.021085
v -10.029222 33.598106 -7.517157
v -10.029222 19.485041 6.595908
v -9.778836 19.981112 6.099837
v -10.029222 19.981112 6.099837
v -9.778836 19.485039 6.595909
v -9.453128 20.038776 6.165594
v -9.453128 19.542706 6.661665
v -9.214692 20.196327 6.345243
v -9.214692 19.700256 6.841314
v -9.127419 20.411541 6.590650
v -9.127418 19.915472 7.086720
v -9.214692 20.160873 7.301938
v -9.214692 20.656944 6.805867
v -9.453128 20.340523 7.459488
v -9.453128 20.836594 6.963418
v -9.778836 20.406279 7.517155
v -9.778836 20.902349 7.021085
v -10.029222 20.902349 7.021084
v -10.029222 20.406281 7.517156
v -10.029222 31.662495 -8.071873
v -10.029222 35.074059 -4.660294
v -10.029222 36.005188 -2.412345
v -5.195274 35.074059 -4.660294
v -5.195274 36.005188 -2.412345
v -5.195274 33.592846 -6.590650
v -5.195274 31.662495 -8.071873
v -5.195274 29.414543 -9.003006
v -10.029222 29.414543 -9.003006
v -5.195274 27.002193 -9.320597
v -10.029222 27.002193 -9.320597
v -5.195274 24.589846 -9.003006
v -10.029222 24.589846 -9.003006
v -5.195274 22.341896 -8.071875
v -10.029222 22.341896 -8.071875
v -9.127419 20.411543 -6.590652
v -5.195274 20.411543 -6.590652
v -5.195274 18.930328 -4.660295
v -10.029222 18.930328 -4.660295
v -10.029222 19.981113 -6.099840
v -9.778836 19.981113 -6.099840
v -9.453128 20.038778 -6.165597
v -9.214692 20.196329 -6.345246
v -10.029222 20.902351 -7.021087
v -9.778836 20.902351 -7.021088
v -9.453128 20.836596 -6.963420
v -9.214692 20.656948 -6.805870
v -5.195274 17.999199 -2.412348
v -10.029222 17.999199 -2.412348
v -5.195274 17.681606 -0.000001
v -10.029222 17.681606 -0.000001
v -5.195274 17.999199 2.412344
v -10.029222 17.999199 2.412344
v -5.195274 18.930326 4.660293
v -10.029222 18.930326 4.660293
v -5.195274 20.411541 6.590650
v -5.195274 22.341892 8.071873
v -10.029222 22.341892 8.071873
v -5.195274 24.589844 9.003005
v -10.029222 24.589844 9.003005
v -5.195274 27.002193 9.320596
v -10.029222 27.002193 9.320596
v -5.195274 29.414541 9.003005
v -10.029222 29.414541 9.003005
v -5.195274 31.662491 8.071875
v -10.029222 31.662491 8.071875
v -9.127419 33.592842 6.590652
v -5.195274 33.592842 6.590652
v -5.195274 35.074059 4.660295
v -10.029222 35.074059 4.660295
v -5.195274 36.005188 2.412346
v -10.029222 36.005188 2.412346
v -5.195274 36.322781 0.000001
v -10.029222 36.322781 0.000001
v -10.029222 34.023273 6.099838
v -9.778836 34.023273 6.099838
v -9.453128 33.965607 6.165596
v -9.214692 33.808060 6.345245
v -9.453128 33.167793 6.963420
v -9.214692 33.347439 6.805870
v -9.778836 33.102036 7.021087
v -10.029222 33.102036 7.021086
v -10.029222 18.322767 5.011067
v -10.029222 21.991116 8.679435
v -5.195274 27.002193 10.022148
v -10.029222 29.596117 9.680653
v -10.029222 27.002193 10.022148
v -5.195274 24.408268 9.680652
v -10.029222 24.408268 9.680652
v -5.195274 21.991116 8.679435
v -5.195274 19.915472 7.086720
v -5.195274 18.322767 5.011067
v -5.195274 17.321552 2.593919
v -10.029222 17.321552 2.593919
v -5.195274 16.980055 -0.000001
v -10.029222 16.980055 -0.000001
v -5.195274 17.321552 -2.593923
v -10.029222 17.321552 -2.593923
v -5.195274 18.322769 -5.011069
v -10.029222 18.322769 -5.011069
v -9.127418 19.915474 -7.086722
v -10.029222 19.485043 -6.595910
v -9.778836 19.485043 -6.595912
v -9.453128 19.542707 -6.661668
v -9.214692 19.700256 -6.841317
v -5.195274 21.991119 -8.679437
v -5.195274 19.915474 -7.086722
v -10.029222 32.013271 -8.679435
v -5.195274 32.013271 -8.679435
v -10.029222 29.596119 -9.680652
v -5.195274 29.596119 -9.680652
v -10.029222 27.002193 -10.022148
v -5.195274 27.002193 -10.022148
v -10.029222 24.408270 -9.680653
v -5.195274 24.408270 -9.680653
v -10.029222 21.991119 -8.679437
v -10.029222 20.406281 -7.517159
v -9.778836 20.406281 -7.517158
v -9.453128 20.340527 -7.459491
v -9.214692 20.160877 -7.301941
v -5.195274 34.088917 -7.086720
v -5.195274 35.681618 -5.011067
v -10.029222 35.681618 -5.011067
v -5.195274 36.682835 -2.593920
v -10.029222 36.682835 -2.593920
v -5.195274 37.024330 0.000001
v -10.029222 37.024330 0.000001
v -5.195274 36.682835 2.593922
v -10.029222 36.682835 2.593922
v -5.195274 35.681618 5.011069
v -10.029222 35.681618 5.011069
v -9.127418 34.088913 7.086722
v -5.195274 34.088913 7.086722
v -5.195274 32.013268 8.679437
v -10.029222 32.013268 8.679437
v -5.195274 29.596117 9.680653
v -10.029222 33.598106 7.517158
v -9.778836 33.598106 7.517158
v -9.453128 33.663860 7.459490
v -9.214692 33.843510 7.301940
v -9.453128 34.461678 6.661667
v -9.214692 34.304131 6.841315
v -9.778836 34.519344 6.595911
v -10.029222 34.519344 6.595910
v -3.896050 26.845951 -9.909322
v 0.000000 27.002195 -15.245544
v 0.000000 26.612579 -15.245544
v -0.229012 26.686989 -15.245546
v 0.229011 26.686989 -15.245546
v -0.370548 26.881798 -15.245546
v 0.370548 26.881798 -15.245546
v -0.370548 27.122595 -15.245544
v 0.370548 27.122595 -15.245544
v 0.229011 27.317402 -15.245546
v -0.229012 27.317402 -15.245546
v 0.000000 27.391813 -15.245546
v 10.704371 14.817464 0.194106
v 10.342983 14.820387 -0.261755
v 10.705180 14.820138 -0.261344
v 10.342175 14.817714 0.193695
v 11.701358 16.175030 0.200340
v 11.701921 15.815508 -0.256471
v 11.702167 16.177704 -0.255110
v 11.701112 15.812835 0.198979
v 9.235476 15.939966 -1.640727
v 10.593348 17.292931 -0.893161
v 10.594662 17.297279 -1.634082
v 9.234162 15.935616 -0.899806
v 10.768540 17.117498 -0.893620
v 9.409907 15.762015 -1.212089
v 10.769094 17.119329 -1.205443
v 9.409355 15.760185 -0.900266
v 9.410980 15.765558 -1.815396
v 10.770165 17.122871 -1.808750
v 9.760127 15.415936 -1.816313
v 11.119312 16.773251 -1.809668
v 9.759056 15.412395 -1.213006
v 11.118241 16.769709 -1.206361
v 9.904078 15.270343 -1.627520
v 11.261040 16.620300 -0.367802
v 9.901854 15.262985 -0.374447
v 11.263265 16.627655 -1.620874
v 11.117596 16.767570 -0.842311
v 9.758410 15.410256 -0.848956
v 11.359299 16.521034 -0.254209
v 10.000113 15.163720 -0.260854
v 11.027744 16.857542 -0.842074
v 9.668560 15.500228 -0.848720
v 10.588945 17.278378 1.585144
v 9.231076 15.925415 0.837578
v 9.229760 15.921065 1.578499
v 10.590261 17.282730 0.844222
v 10.764901 17.105467 1.155585
v 9.406269 15.749984 0.837116
v 10.765454 17.107298 0.843761
v 9.405715 15.748153 1.148941
v 10.763830 17.101925 1.758892
v 9.404645 15.744611 1.752247
v 9.753791 15.394991 1.751329
v 11.112978 16.752304 1.757975
v 9.754863 15.398533 1.148024
v 11.114048 16.755846 1.154669
v 9.900640 15.258974 0.308705
v 11.257601 16.608932 1.568425
v 9.898415 15.251616 1.561779
v 11.259827 16.616289 0.315351
v 9.755509 15.400669 0.783973
v 11.114697 16.757984 0.790618
v 9.999305 15.161046 0.194596
v 11.358490 16.518360 0.201241
v 11.026296 16.852749 -0.025610
v 11.024846 16.847956 0.790854
v 0.781458 24.085749 13.616041
v 1.509661 24.387383 13.616040
v -0.000001 27.002193 13.616040
v 2.134984 24.867208 13.616041
v 2.614810 25.492531 13.616041
v 2.916442 26.220734 13.616040
v 3.019323 27.002193 13.616040
v 2.916441 27.783649 13.616040
v 2.614810 28.511854 13.616041
v 2.134983 29.137177 13.616041
v 1.509661 29.617002 13.616039
v 0.781458 29.918633 13.616040
v 0.000000 30.021515 13.616039
v -0.781459 29.918633 13.616040
v -1.509662 29.617002 13.616039
v -2.134984 29.137177 13.616041
v -2.614811 28.511854 13.616041
v -2.916442 27.783649 13.616040
v -3.019324 27.002193 13.616040
v -2.916443 26.220734 13.616040
v -2.614811 25.492531 13.616041
v -2.134984 24.867208 13.616040
v -1.509662 24.387383 13.616040
v -0.781459 24.085749 13.616041
v -0.000001 23.982868 13.616039
v 9.667110 15.495434 -0.032255
v 9.665662 15.490640 0.784208
v -0.000001 27.002193 12.880304
v 10.976933 17.354477 1.278012
v 11.089608 17.242373 1.183201
v 8.856310 15.012149 1.172282
v 8.743635 15.124252 1.267095
v 10.933689 17.396610 1.431057
v 8.700390 15.166388 1.420138
v 10.976390 17.352680 1.583876
v 8.743092 15.122458 1.572957
v 11.088730 17.239468 1.678096
v 8.855431 15.009242 1.667177
v 8.994497 14.869986 1.666813
v 11.227796 17.100212 1.677731
v 9.107173 14.757881 1.572001
v 11.340471 16.988106 1.582919
v 9.150418 14.715747 1.418957
v 11.383717 16.945972 1.429874
v 9.107716 14.759677 1.266138
v 11.341015 16.989902 1.277057
v 8.995377 14.872892 1.171917
v 11.228675 17.103115 1.182836
v 8.795002 15.072488 1.310178
v 8.875836 14.992060 1.242160
v 8.633517 14.750074 1.240975
v 8.552684 14.830499 1.308993
v 8.763977 15.102715 1.419971
v 8.521660 14.860727 1.418786
v 8.794614 15.071197 1.529603
v 8.552295 14.829210 1.528418
v 8.875206 14.989973 1.597197
v 8.632887 14.747990 1.596011
v 8.732653 14.648088 1.595750
v 8.974972 14.890074 1.596934
v 8.813486 14.567664 1.527732
v 9.055805 14.809649 1.528916
v 8.844510 14.537437 1.417938
v 9.086829 14.779421 1.419124
v 8.813875 14.568954 1.308308
v 9.056194 14.810938 1.309491
v 8.733284 14.650173 1.240713
v 8.975602 14.892159 1.241898
v 10.976932 36.649910 -1.278014
v 11.089608 36.762016 -1.183201
v 8.856310 38.992241 -1.172282
v 8.743634 38.880135 -1.267095
v 10.933689 36.607777 -1.431057
v 8.700391 38.838001 -1.420138
v 10.976391 36.651707 -1.583875
v 8.743093 38.881931 -1.572957
v 11.088730 36.764919 -1.678096
v 8.855431 38.995144 -1.667177
v 8.994498 39.134399 -1.666813
v 11.227797 36.904175 -1.677731
v 9.107174 39.246506 -1.572001
v 11.340471 37.016281 -1.582919
v 9.150418 39.288643 -1.418958
v 11.383717 37.058418 -1.429875
v 9.107715 39.244709 -1.266138
v 11.341015 37.014484 -1.277057
v 8.995377 39.131496 -1.171916
v 11.228675 36.901272 -1.182836
v 10.704371 39.186924 0.194110
v 10.342983 39.183998 -0.261751
v 10.342175 39.186672 0.193699
v 10.705180 39.184250 -0.261340
v 11.701358 37.829357 0.200343
v 11.701921 38.188881 -0.256468
v 11.701112 38.191551 0.198982
v 11.702167 37.826683 -0.255107
v 9.235476 38.064423 -1.640724
v 10.593348 36.711456 -0.893158
v 9.234162 38.068771 -0.899802
v 10.594662 36.707108 -1.634079
v 9.409907 38.242371 -1.212086
v 10.768540 36.886887 -0.893618
v 10.769094 36.885056 -1.205441
v 9.409355 38.244202 -0.900263
v 9.410980 38.238831 -1.815392
v 10.770165 36.881516 -1.808748
v 9.760127 38.588451 -1.816310
v 11.119312 37.231136 -1.809665
v 9.759056 38.591991 -1.213002
v 11.118241 37.234680 -1.206358
v 11.261040 37.384087 -0.367799
v 9.904078 38.734043 -1.627517
v 9.901854 38.741402 -0.374443
v 11.263265 37.376732 -1.620872
v 11.117596 37.236816 -0.842308
v 9.758410 38.594131 -0.848952
v 11.359299 37.483353 -0.254206
v 10.000113 38.840668 -0.260851
v 11.027744 37.146843 -0.842072
v 9.668560 38.504158 -0.848717
v 9.231076 38.078972 0.837581
v 10.588945 36.726009 1.585147
v 9.229760 38.083321 1.578502
v 10.590261 36.721657 0.844224
v 10.764901 36.898918 1.155588
v 9.406269 38.254402 0.837120
v 9.405715 38.256233 1.148944
v 10.765454 36.897087 0.843764
v 10.763830 36.902462 1.758895
v 9.404645 38.259777 1.752250
v 9.753791 38.609398 1.751332
v 11.112978 37.252083 1.757977
v 9.754863 38.605858 1.148026
v 11.114048 37.248543 1.154672
v 9.900640 38.745415 0.308708
v 11.257601 37.395454 1.568428
v 11.259827 37.388100 0.315353
v 9.898415 38.752769 1.561782
v 9.755509 38.603718 0.783976
v 11.114697 37.246403 0.790621
v 9.999305 38.843342 0.194599
v 11.358490 37.486027 0.201244
v 11.026296 37.151638 -0.025608
v 11.024846 37.156433 0.790856
v -7.403597 26.845949 10.404922
v -4.496464 26.845949 10.404924
v -3.294726 26.845949 12.880304
v 9.667110 38.508953 -0.032252
v 9.665662 38.513748 0.784212
v -7.403597 26.845949 9.604182
v 8.795006 38.931904 -1.310178
v 8.875836 39.012329 -1.242161
v 8.633517 39.254311 -1.240975
v 8.552686 39.173889 -1.308993
v 8.763982 38.901680 -1.419971
v 8.521662 39.143661 -1.418786
v 8.794614 38.933189 -1.529602
v 8.552295 39.175179 -1.528418
v 8.875206 39.014412 -1.597197
v 8.632887 39.256397 -1.596011
v 8.732653 39.356300 -1.595750
v 8.974972 39.114311 -1.596934
v 8.813485 39.436722 -1.527731
v 9.055802 39.194733 -1.528914
v 8.844508 39.466949 -1.417937
v 9.086826 39.224964 -1.419122
v 8.813875 39.435432 -1.308308
v 9.056195 39.193451 -1.309491
v 8.733285 39.354214 -1.240713
v 8.975602 39.112228 -1.241898
v 11.030091 36.955132 -0.816473
v 11.030091 37.303368 -1.163160
v 11.030091 37.303368 -0.816473
v 11.030091 36.955132 -1.163160
v 1.913936 41.540527 1.163164
v 5.785069 40.968773 1.163164
v 1.973130 41.990170 1.163164
v 5.611515 40.549774 1.163164
v 9.202748 38.995583 1.163164
v 8.926664 38.635780 1.163164
v 10.689461 37.691772 1.163163
v 10.368773 37.371086 1.163163
v 11.030091 37.303368 1.163163
v 10.733561 36.955132 1.163163
v 11.030090 36.955132 1.163163
v 10.689460 37.691772 -0.816473
v 10.689460 37.691772 -1.163160
v 9.202748 38.995583 -1.163160
v 9.202748 38.995583 -0.816472
v 5.785069 40.968773 -0.816472
v 5.785069 40.968773 -1.163160
v 1.973129 41.990170 -0.816472
v 1.973129 41.990170 -1.163160
v 10.733561 36.955132 -1.163160
v 10.368774 37.371086 -1.163160
v 8.926665 38.635780 -1.163160
v 5.611515 40.549774 -1.163160
v 1.913936 41.540527 -1.163160
v 1.854740 41.090889 -0.708150
v 5.437963 40.130779 0.708154
v 1.854739 41.090889 0.708154
v 5.437964 40.130779 -0.708150
v 8.650579 38.275978 0.708154
v 8.650580 38.275978 -0.708151
v 10.131637 36.955132 0.708154
v 10.131639 36.955132 -0.708151
v 1.943096 41.762039 -0.816472
v 5.697015 40.756187 -0.816472
v 9.062674 38.813030 -0.816473
v 10.526756 37.529064 -0.816473
v 10.526756 37.529064 0.816476
v 11.030091 36.955132 0.816476
v 9.062674 38.813030 0.816476
v 5.697015 40.756187 0.816476
v 1.943095 41.762039 0.816476
v 10.733561 36.955132 0.708154
v 10.733561 36.955132 -0.708151
v 11.030091 37.303368 0.816476
v 11.030091 17.049145 -0.816476
v 11.030091 16.700905 -1.163163
v 11.030091 17.049145 -1.163163
v 11.030092 16.700905 -0.816476
v 1.943096 12.242239 -0.816476
v 5.697015 13.248084 0.816472
v 1.943095 12.242236 0.816472
v 5.697015 13.248084 -0.816476
v 9.062674 15.191243 0.816473
v 9.062674 15.191244 -0.816476
v 10.526756 16.475208 0.816473
v 10.526756 16.475208 -0.816476
v 11.030091 17.049145 0.816473
v 1.973130 12.014105 -1.163164
v 5.785069 13.035500 -0.816476
v 1.973129 12.014105 -0.816476
v 5.785069 13.035500 -1.163164
v 9.202748 15.008692 -0.816476
v 9.202748 15.008692 -1.163164
v 10.689461 16.312502 -0.816476
v 10.689460 16.312504 -1.163163
v -11.993389 17.799332 1.163161
v -8.926797 15.368568 1.163160
v -11.633587 18.075415 1.163161
v -9.202885 15.008768 1.163160
v -5.785201 13.035555 1.163160
v -5.611646 13.454552 1.163160
v -1.973280 12.014149 1.163160
v -1.914082 12.463785 1.163160
v 1.913936 12.463744 1.163160
v 1.973130 12.014105 1.163160
v -1.973280 41.990128 1.163164
v -1.914082 41.540489 1.163164
v -5.611646 40.549721 1.163164
v -5.785201 40.968719 1.163164
v -8.926797 38.635704 1.163163
v -9.202885 38.995506 1.163164
v -11.993388 36.204941 1.163163
v -11.633588 35.928860 1.163163
v -13.966579 32.787262 1.163163
v -13.547582 32.613708 1.163163
v -14.987973 28.975323 1.163162
v -14.538334 28.916130 1.163162
v -14.987973 25.028952 1.163162
v -14.538334 25.088144 1.163162
v -13.966579 21.217010 1.163161
v -13.547581 21.390564 1.163161
v -11.273784 35.652775 -0.708151
v -8.650713 38.275906 0.708154
v -11.273785 35.652771 0.708153
v -8.650711 38.275906 -0.708151
v -5.438089 40.130726 0.708154
v -5.438089 40.130726 -0.708150
v -1.854886 41.090847 0.708154
v -1.854885 41.090847 -0.708150
v 1.854740 12.913383 0.708150
v 1.854740 12.913385 -0.708154
v -1.854885 12.913426 -0.708153
v -1.854886 12.913426 0.708150
v -5.438089 13.873548 -0.708154
v -5.438089 13.873548 0.708150
v -8.650711 15.728370 -0.708154
v -8.650713 15.728369 0.708151
v -11.273784 18.351500 -0.708154
v -11.273785 18.351501 0.708151
v -13.128583 21.564117 -0.708153
v -13.128584 21.564117 0.708151
v -14.088694 25.147341 -0.708152
v -14.088696 25.147341 0.708152
v -14.088695 28.856934 0.708152
v -14.088694 28.856934 -0.708152
v -13.128584 32.440155 0.708153
v -13.128583 32.440155 -0.708151
v -1.973280 41.990128 0.816476
v 1.973129 41.990170 0.816476
v -1.943245 41.761997 0.816476
v -5.697145 40.756134 0.816476
v -5.785201 40.968719 0.816476
v -9.202885 38.995506 0.816476
v -9.062809 38.812958 0.816476
v -11.993388 36.204941 0.816476
v -11.810837 36.064869 0.816475
v -13.753994 32.699207 0.816475
v -13.966579 32.787262 0.816475
v -14.987974 28.975323 0.816474
v -14.759843 28.945288 0.816474
v -14.759843 25.058985 0.816474
v -14.987973 25.028952 0.816474
v -13.753995 21.305065 0.816473
v -13.966579 21.217010 0.816473
v -11.993388 17.799332 0.816473
v -11.810837 17.939407 0.816473
v -9.062809 15.191319 0.816472
v -9.202885 15.008768 0.816472
v -5.697145 13.248139 0.816472
v -5.785201 13.035554 0.816472
v -1.973280 12.014148 0.816472
v -1.943245 12.242278 0.816472
v 1.973129 12.014105 0.816472
v -11.810837 17.939407 -0.816475
v -9.062808 15.191319 -0.816476
v -5.697144 13.248139 -0.816476
v -1.943245 12.242278 -0.816476
v -1.943245 41.761997 -0.816472
v -5.697145 40.756134 -0.816472
v -9.062808 38.812954 -0.816472
v -11.810837 36.064869 -0.816473
v -13.753994 32.699207 -0.816473
v -14.759842 28.945290 -0.816474
v -14.759843 25.058985 -0.816474
v -13.753995 21.305065 -0.816475
v -1.914083 41.540489 -1.163160
v -5.611646 40.549721 -1.163160
v -8.926796 38.635704 -1.163160
v -11.633588 35.928860 -1.163161
v -13.547581 32.613708 -1.163161
v -14.538334 28.916130 -1.163162
v -14.538334 25.088146 -1.163162
v -13.547581 21.390564 -1.163163
v -11.633587 18.075415 -1.163163
v -8.926797 15.368568 -1.163163
v -5.611646 13.454552 -1.163164
v -1.914083 12.463785 -1.163163
v 1.913936 12.463745 -1.163164
v -11.993388 36.204941 -0.816473
v -9.202885 38.995506 -1.163160
v -11.993389 36.204941 -1.163161
v -9.202885 38.995506 -0.816472
v -5.785201 40.968719 -0.816472
v -5.785201 40.968719 -1.163160
v -1.973280 41.990128 -0.816472
v -1.973280 41.990128 -1.163160
v -1.973280 12.014148 -1.163163
v -1.973280 12.014148 -0.816476
v -5.785201 13.035555 -1.163164
v -5.785201 13.035555 -0.816476
v -9.202885 15.008768 -1.163164
v -9.202885 15.008768 -0.816476
v -11.993388 17.799332 -1.163163
v -11.993388 17.799332 -0.816476
v -13.966579 21.217010 -1.163163
v -13.966580 21.217010 -0.816475
v -14.987974 25.028952 -1.163162
v -14.987974 25.028952 -0.816474
v -14.987974 28.975325 -1.163162
v -14.987974 28.975325 -0.816474
v -13.966579 32.787262 -1.163161
v -13.966579 32.787262 -0.816473
v -8.860826 27.002193 -9.327841
v -8.860826 24.587973 -9.010003
v -8.166451 24.829395 -8.109003
v -8.166451 22.804667 -7.270333
v -8.860826 22.338276 -8.078148
v -8.166451 21.065994 -5.936202
v -8.860826 20.406416 -6.595780
v -8.166451 19.731863 -4.197528
v -8.860826 18.924049 -4.663920
v -8.166451 18.893192 -2.172802
v -8.860826 17.992193 -2.414224
v -8.860826 17.674355 -0.000001
v -8.166451 18.607140 -0.000001
v -8.166451 18.893192 2.172799
v -8.860826 33.597973 6.595780
v -8.860826 35.080338 4.663920
v -8.166451 34.272522 4.197528
v -8.166451 35.111195 2.172802
v -8.860826 36.012192 2.414224
v -8.860826 36.330032 0.000001
v -8.166451 35.397247 0.000001
v -8.166451 35.111195 -2.172799
v -8.860826 36.012192 -2.414221
v -8.166451 34.272526 -4.197526
v -8.860826 35.080338 -4.663918
v -8.860826 33.597973 -6.595778
v -8.166451 32.938393 -5.936201
v -8.860826 31.666115 -8.078146
v -8.166451 31.199722 -7.270332
v -8.860826 29.416416 -9.010003
v -8.166451 29.174995 -8.109003
v -8.166451 27.002193 -8.395058
v -15.395237 28.264860 1.262666
v -13.891882 27.685543 1.649752
v -13.891882 28.264860 1.262666
v -15.395237 27.685543 1.649752
v -13.891882 27.002193 1.785679
v -15.395237 27.002193 1.785679
v -13.891882 26.318844 1.649752
v -15.395237 26.318844 1.649752
v -13.891882 25.739527 1.262666
v -15.395237 25.739527 1.262666
v -13.891882 25.352442 0.683350
v -15.395237 25.352442 0.683350
v -13.891882 25.216515 -0.000000
v -15.395237 25.216515 -0.000000
v -13.891882 25.352440 -0.683349
v -15.395237 25.352440 -0.683349
v -13.891882 25.739527 -1.262665
v -15.395237 25.739527 -1.262665
v -13.891882 26.318842 -1.649752
v -15.395237 26.318842 -1.649752
v -13.891882 27.002193 -1.785679
v -15.395237 27.002193 -1.785679
v -13.891882 27.685543 -1.649753
v -15.395237 27.685543 -1.649753
v -13.891882 28.264858 -1.262666
v -15.395237 28.264858 -1.262666
v -13.891882 28.651945 -0.683350
v -15.395237 28.651945 -0.683350
v -13.891882 28.787872 -0.000001
v -15.395237 28.787872 -0.000001
v -13.891882 28.651947 0.683349
v -15.395237 28.651945 0.683349
v 11.591959 35.783512 5.069900
v 11.591959 34.704773 6.562537
v 10.165417 36.494408 6.801816
v 11.591959 35.046635 6.172720
v -12.029757 34.607033 7.780817
v -11.807768 34.458706 6.562536
v -11.807768 34.458706 7.780817
v -12.029757 34.607033 6.562536
v -1.826257 40.874012 7.780817
v -3.621268 40.516960 6.562536
v -1.826257 40.874012 6.562536
v -3.621268 40.516960 7.780819
v -5.354320 39.928669 6.562536
v -5.354320 39.928669 7.780819
v -6.995756 39.119202 6.562536
v -6.995756 39.119202 7.780817
v -8.517493 38.102409 6.562537
v -8.517493 38.102409 7.780818
v -9.893495 36.895691 6.562536
v -9.893495 36.895691 7.780817
v -11.100215 35.519688 6.562535
v -11.100215 35.519688 7.780818
v 11.100219 35.519688 7.780817
v 11.632751 34.720638 6.562535
v 12.222853 33.781887 7.780818
v 11.100219 35.519688 6.562536
v 9.893499 36.895687 6.562537
v 9.893499 36.895687 7.780818
v 8.517497 38.102409 6.562535
v 8.517497 38.102409 7.780818
v 6.995761 39.119202 7.780817
v 6.995761 39.119202 6.562536
v 5.354323 39.928669 6.562536
v 5.354323 39.928669 7.780819
v 3.621273 40.516960 6.562536
v 3.621273 40.516960 7.780819
v 1.826261 40.874012 6.562537
v 1.826261 40.874012 7.780818
v 0.000002 40.993710 6.562537
v 0.000002 40.993710 7.780818
v -8.860826 17.992193 2.414221
v -8.166451 19.731861 4.197526
v -8.860826 18.924047 4.663918
v -8.860826 20.406414 6.595778
v -8.166451 21.065992 5.936201
v -8.166451 22.804665 7.270332
v -8.860826 22.338272 8.078147
v -8.860826 24.587971 9.010003
v -8.166451 24.829391 8.109003
v -8.860826 27.002193 9.327841
v -8.166451 27.002193 8.395058
v -8.166451 29.174992 8.109003
v -8.860826 29.416414 9.010003
v -8.166451 31.199720 7.270333
v -8.860826 31.666111 8.078148
v -8.166451 32.938393 5.936202
v 0.229011 27.317402 -13.616041
v 0.000000 27.391813 -13.616041
v -0.229012 27.317402 -13.616041
v -0.370548 27.122593 -13.616041
v -0.370548 26.881798 -13.616041
v -0.229012 26.686989 -13.616041
v 0.000000 26.612579 -13.616039
v 0.229011 26.686989 -13.616041
v 0.370548 26.881798 -13.616041
v 0.370548 27.122593 -13.616041
v 0.000002 41.260120 7.780819
v -1.861031 41.138145 7.780817
v -3.690221 40.774296 7.780817
v -5.456271 40.174801 7.780819
v -7.128962 39.349922 7.780817
v -8.679674 38.313770 7.780818
v -10.081875 37.084072 7.780817
v -11.311573 35.681870 7.780818
v 12.406334 33.781887 7.780818
v 12.347731 34.131157 7.780818
v 11.556318 35.315590 7.780817
v 11.311578 35.681870 7.780816
v 10.081881 37.084068 7.780818
v 8.679679 38.313766 7.780817
v 7.128966 39.349922 7.780817
v 5.456275 40.174801 7.780819
v 3.690225 40.774296 7.780817
v 1.861035 41.138145 7.780817
v -11.311573 35.681870 6.562535
v -10.081875 37.084072 6.562536
v -8.679674 38.313770 6.562535
v -7.128962 39.349922 6.562536
v -5.456271 40.174801 6.562536
v -3.690221 40.774296 6.562536
v -1.861031 41.138145 6.562536
v 0.000002 41.260120 6.562536
v 1.861035 41.138145 6.562536
v 3.690225 40.774296 6.562536
v 5.456275 40.174801 6.562536
v 7.128966 39.349922 6.562536
v 8.679679 38.313766 6.562536
v 10.081881 37.084068 6.562537
v 11.311578 35.681870 6.562535
v 11.555853 35.316284 6.562536
v 12.169849 35.099072 7.780817
v 11.833097 35.554661 7.780817
v 11.833097 35.554661 6.562536
v 12.169849 35.099072 6.499012
v 11.833097 35.554657 6.562536
v 11.591959 34.704773 6.801816
v 11.833097 35.554657 6.801816
v -12.029438 35.248592 6.801816
v -11.588068 34.701385 6.562535
v -11.588068 34.701385 6.801816
v -12.029438 35.249081 6.562537
v -12.029438 34.461845 7.459651
v -11.588068 34.168770 7.169868
v -11.578995 27.476301 10.121739
v -13.303513 27.502193 8.856355
v -12.816160 27.479303 8.507125
v -12.029438 27.502193 10.516765
v -13.303513 29.302868 8.586238
v -13.303513 30.403915 8.212483
v -12.816160 30.270269 7.889836
v -12.816160 29.212482 8.248908
v -13.303513 28.162457 8.813079
v -12.816160 28.116873 8.466836
v -13.303513 35.858551 0.500001
v -12.816158 35.509319 0.477111
v -12.816158 35.469032 1.114681
v -13.303513 35.815277 1.160265
v -12.816160 35.251102 2.210290
v -13.303513 35.588432 2.300676
v -12.816160 34.892029 3.268078
v -13.303513 35.214676 3.401724
v -12.816160 34.397964 4.269951
v -13.303513 34.700405 4.444565
v -13.303513 34.054413 5.411359
v -12.816158 33.777351 5.198761
v -13.303513 33.287758 6.285564
v -12.816158 33.040813 6.038620
v -12.816158 32.200954 6.775157
v -13.303513 32.413551 7.052220
v -12.816158 31.272142 7.395767
v -13.303513 31.446756 7.698211
v -11.588068 28.308491 10.059834
v -11.588068 29.612440 9.800463
v -11.588068 30.871380 9.373110
v -11.588068 32.063766 8.785090
v -11.588068 33.169201 8.046465
v 5.143034 40.622765 6.801818
v 7.076621 39.731663 6.562537
v 5.143034 40.622765 6.562537
v 7.076621 39.731663 6.801816
v 8.889126 38.567383 6.562537
v 8.889126 38.567383 6.801816
v 9.740185 37.851097 6.801817
v 9.746934 37.851097 6.562538
v 10.549536 37.053963 6.801816
v 10.549536 37.053963 6.562537
v -10.549536 37.053959 6.801816
v -10.549536 37.053959 6.562537
v -8.889126 38.567383 6.801817
v -8.889126 38.567383 6.562536
v -7.076621 39.731659 6.562537
v -7.076621 39.731659 6.801818
v -5.143034 40.622765 6.562537
v -5.143034 40.622765 6.801818
v -3.121448 41.225437 6.562538
v -3.121448 41.225437 6.801817
v -1.046453 41.529373 6.562537
v -1.046453 41.529373 6.801818
v 1.046453 41.529373 6.562537
v 1.046453 41.529373 6.801818
v 3.121448 41.225437 6.562538
v 3.121448 41.225437 6.801817
v 4.956578 39.977715 6.801817
v 6.819473 39.119194 6.801818
v 8.565713 37.967545 6.801817
v 9.385656 37.262398 6.801817
v -10.162270 36.494404 6.801816
v -8.012514 38.378036 6.801817
v -6.816324 39.119190 6.801816
v -4.953429 39.977715 6.801817
v -3.005753 40.558357 6.801818
v -1.006620 40.851181 6.801816
v 1.009769 40.851181 6.801816
v 3.008902 40.558357 6.801818
v 8.925404 14.941067 -1.419551
v 9.107174 14.757880 -1.572004
v 9.150418 14.715746 -1.418961
v 9.107715 14.759677 -1.266142
v 8.994498 14.869986 -1.666816
v 8.995377 14.872891 -1.171920
v 8.855431 15.009242 -1.667181
v 8.856310 15.012148 -1.172286
v 8.743093 15.122457 -1.572960
v 8.700391 15.166387 -1.420141
v 8.743634 15.124254 -1.267097
v 11.340471 16.988106 -1.582922
v 11.158702 17.171291 -1.430469
v 11.383717 16.945971 -1.429878
v 11.341015 16.989902 -1.277060
v 11.227797 17.100210 -1.677733
v 11.228675 17.103117 -1.182838
v 11.088730 17.239468 -1.678099
v 11.089608 17.242373 -1.183204
v 10.976391 17.352680 -1.583878
v 10.933689 17.396610 -1.431060
v 10.976932 17.354477 -1.278016
v -8.556454 39.775070 0.467369
v -10.162270 38.472340 1.495696
v -10.154617 38.548550 0.470486
v -7.798351 40.078037 1.893207
v -7.798351 40.246567 0.466172
v -11.588068 36.799366 2.613541
v -11.588068 35.783993 5.064866
v -11.588068 36.372013 3.872479
v -10.162270 37.018772 5.777765
v -11.588068 37.058739 1.309591
v -11.578995 37.123936 0.474111
v 10.154617 38.548550 0.470488
v 11.833094 37.748863 0.472239
v 11.591959 37.109215 0.472239
v 10.549536 38.998867 0.500003
v 13.003967 36.220947 3.818534
v 12.663742 37.040939 2.689875
v 12.663741 36.603958 3.977181
v 13.003969 36.640499 2.582577
v 13.003969 36.895138 1.302430
v 12.663742 37.306160 1.356543
v 12.663742 37.361511 0.472239
v 13.003969 36.946945 0.472239
v 13.003967 28.304623 9.892941
v 12.663741 27.502193 10.359323
v 13.003967 27.502193 9.944754
v 12.663741 28.358734 10.303962
v 12.663742 29.692066 10.038745
v 13.003969 29.584768 9.638303
v 13.003969 30.820726 9.218755
v 12.663742 30.979374 9.601765
v 12.663742 32.198631 9.000494
v 13.003969 31.991346 8.641467
v 13.003969 33.076603 7.916324
v 12.663742 33.328976 8.245223
v 12.663742 34.351067 7.348873
v 13.003969 34.057922 7.055729
v 13.003967 34.918518 6.074409
v 12.663741 35.247417 6.326781
v 12.663741 36.002686 5.196439
v 13.003967 35.643661 4.989154
v 12.747149 36.582355 1.261253
v 12.747149 36.631462 0.472239
v 12.747149 36.335770 2.500924
v 12.747149 35.929482 3.697804
v 12.747149 35.370445 4.831413
v 12.747150 34.668232 5.882357
v 12.747150 33.834846 6.832652
v 12.747149 32.884552 7.666037
v 12.747150 31.833607 8.368254
v 12.747149 30.699997 8.927290
v 12.747147 29.503117 9.333570
v 12.747149 28.263443 9.580158
v 12.747150 27.502193 9.629273
v 12.305107 27.492363 10.001036
v 11.833097 27.502193 10.746675
v 11.591957 27.475336 10.107020
v 11.591959 36.370140 3.880335
v 11.591959 36.796486 2.624373
v 11.591959 37.055241 1.323511
v 12.305105 37.003223 0.472239
v 11.591959 28.325701 10.053044
v 11.591959 29.626564 9.794287
v 11.591959 30.882524 9.367949
v 11.591959 32.072090 8.781321
v 11.591959 33.174911 8.044441
v 11.591959 34.172112 7.169920
v 8.925404 14.941067 1.419547
v 11.158702 17.171291 1.430466
v 8.683085 14.699081 -1.418365
v 8.813485 14.567665 -1.527734
v 8.844508 14.537438 -1.417941
v 8.813875 14.568953 -1.308311
v 8.732653 14.648088 -1.595753
v 8.733285 14.650172 -1.240717
v 8.632887 14.747990 -1.596015
v 8.633517 14.750074 -1.240979
v 8.552295 14.829210 -1.528421
v 8.521662 14.860724 -1.418790
v 8.552686 14.830497 -1.308997
v 8.875836 14.992060 -1.242164
v 8.975602 14.892157 -1.241900
v 9.056195 14.810937 -1.309495
v 9.086826 14.779424 -1.419125
v 9.055802 14.809652 -1.528918
v 8.974972 14.890074 -1.596938
v 8.875206 14.989975 -1.597200
v 8.794614 15.071197 -1.529605
v 8.763982 15.102711 -1.419973
v 8.795006 15.072483 -1.310181
v 8.683085 14.699081 1.418363
v 8.925404 39.063320 -1.419547
v 11.158702 36.833096 -1.430466
v 9.445805 39.176659 0.470725
v 9.445805 39.874035 0.500002
v 9.445805 39.130352 0.469008
v -8.889126 40.272945 0.500001
v -7.798351 40.933624 0.500002
v -10.549536 38.998867 0.500001
v -12.029438 37.518959 0.500002
v -8.889126 40.191902 1.736459
v -7.798351 40.846928 1.822695
v -7.798351 40.785309 2.132472
v -12.029438 36.748695 4.037135
v -12.029438 37.192265 2.730423
v -12.029438 37.461479 1.376991
v -10.549536 38.928726 1.570159
v -8.889126 39.852409 3.443207
v -8.000002 40.386463 3.586305
v -7.076621 40.863205 3.714049
v -7.076621 40.259842 5.491498
v -5.143034 41.636833 3.921340
v -5.143034 40.999794 5.797996
v -3.121448 42.160057 4.061539
v -3.121448 41.500244 6.005290
v -10.549536 38.115952 4.603470
v -12.029438 36.138359 5.274770
v -10.549536 38.621742 3.113450
v -8.889126 39.293045 5.091039
v -3.121448 42.543774 2.132472
v -5.143034 41.992661 2.132471
v -7.076621 41.177799 2.132471
v -1.046453 41.752625 6.109831
v -1.046453 42.423927 4.132242
v -1.046453 42.817272 2.132472
v -10.549536 37.419998 6.014724
v 1.046453 41.752625 6.109831
v 1.046453 42.423927 4.132242
v 1.046453 42.817272 2.132472
v 11.833092 36.961746 4.125383
v 10.556285 37.419998 6.014727
v 11.833094 36.338074 5.390073
v 10.549536 38.115952 4.603471
v 8.889126 39.293045 5.091042
v 7.076621 40.259842 5.491499
v 5.143034 40.999794 5.797996
v 3.121448 41.500244 6.005290
v 3.121448 42.160057 4.061539
v 3.121448 42.543774 2.132472
v 11.833096 37.690117 1.407091
v 11.833092 37.415012 2.790107
v 10.549536 38.621746 3.113452
v 8.889126 39.852409 3.443208
v 7.076620 40.863205 3.714048
v 5.143033 41.636833 3.921340
v 5.143033 41.992661 2.132471
v 10.549536 38.928726 1.570161
v 9.445805 39.707275 2.132472
v 8.889126 40.113132 2.132472
v 7.076620 41.177799 2.132471
v 9.445805 39.796402 1.684392
v 11.833094 28.409285 10.687917
v 11.833092 29.792299 10.412815
v 11.833094 31.127575 9.959553
v 11.833092 32.392265 9.335878
v 11.833088 33.564728 8.552462
v 11.833094 34.624908 7.622712
v -6.946473 40.899044 1.893208
v -7.798351 40.431671 1.893208
v -5.048232 41.699009 1.893208
v -3.063601 42.240047 1.893208
v -1.026537 42.510681 1.893208
v 1.028111 42.510681 1.893208
v 3.065175 42.240047 1.893208
v 5.049806 41.699009 1.893208
v 6.948047 40.899044 1.893208
v 8.727419 39.853836 1.893207
v 9.445805 39.326904 1.893207
v 8.925404 39.063320 1.419551
v 9.107173 39.246506 1.572004
v 9.150418 39.288639 1.418960
v 9.107716 39.244709 1.266142
v 8.994497 39.134399 1.666816
v 8.995377 39.131493 1.171921
v 8.855431 38.995144 1.667181
v 8.856310 38.992237 1.172286
v 8.743092 38.881927 1.572960
v 8.700390 38.837997 1.420142
v 8.743635 38.880135 1.267097
v 11.340471 37.016281 1.582921
v 11.158702 36.833096 1.430469
v 11.383717 37.058414 1.429877
v 11.341015 37.014484 1.277060
v 11.227796 36.904175 1.677733
v 11.228675 36.901268 1.182838
v 11.088730 36.764919 1.678099
v 11.089608 36.762016 1.183204
v 10.976390 36.651707 1.583879
v 10.933689 36.607777 1.431060
v 10.976933 36.649910 1.278015
v 8.683085 39.305305 -1.418363
v 8.683085 39.305305 1.418365
v 8.813486 39.436722 1.527735
v 8.844510 39.466949 1.417942
v 8.813875 39.435432 1.308311
v 8.732653 39.356300 1.595753
v 8.733284 39.354214 1.240717
v 8.632887 39.256397 1.596015
v 8.633517 39.254311 1.240979
v 8.552295 39.175179 1.528421
v 8.521660 39.143661 1.418790
v 8.552684 39.173889 1.308997
v 8.875836 39.012329 1.242163
v 8.975602 39.112228 1.241900
v 9.056194 39.193451 1.309495
v 9.086829 39.224968 1.419127
v 9.055805 39.194740 1.528920
v 8.974972 39.114311 1.596938
v 8.875206 39.014412 1.597200
v 8.794614 38.933189 1.529606
v 8.763977 38.901672 1.419974
v 8.795002 38.931900 1.310181
v 10.689461 37.691772 0.816476
v 9.202748 38.995583 0.816476
v 5.785069 40.968777 0.816476
v 8.545123 39.971794 0.500002
v 8.585862 39.949646 1.884089
v 8.585862 40.066998 0.500002
v 8.545605 39.851204 1.884089
v 9.277061 39.648571 0.500002
v 9.044810 40.066998 0.500002
v 9.394048 39.911766 0.500002
v 9.278275 39.533951 1.884089
v 9.394048 39.794418 1.884089
v 9.044810 39.949646 1.884089
v -6.897447 40.921494 0.500002
v -6.940444 40.904137 1.884089
v -6.911671 40.801746 1.884089
v -6.927068 41.020721 0.500002
v -7.383025 41.073036 0.500002
v -7.661457 40.683811 0.500002
v -7.747680 40.958630 0.500002
v -7.675728 40.570076 1.884089
v -7.761056 40.842041 1.884089
v -7.396401 40.956451 1.884089
v -12.029757 34.607033 -7.780815
v -11.807768 34.458706 -6.562534
v -12.029757 34.607033 -6.562534
v -11.807768 34.458706 -7.780815
v 11.632751 34.720638 -6.562534
v 11.100219 35.519691 -7.780815
v 12.222853 33.781891 -7.780815
v 11.100219 35.519691 -6.562534
v 9.893499 36.895691 -6.562533
v 9.893499 36.895691 -7.780815
v 8.517497 38.102409 -6.562533
v 8.517497 38.102409 -7.780816
v 6.995761 39.119205 -7.780815
v 6.995761 39.119202 -6.562533
v 5.354323 39.928673 -6.562533
v 5.354323 39.928673 -7.780814
v 3.621273 40.516960 -6.562533
v 3.621273 40.516964 -7.780814
v 1.826261 40.874016 -6.562533
v 1.826261 40.874016 -7.780814
v 0.000002 40.993713 -6.562533
v 0.000002 40.993713 -7.780814
v -1.826257 40.874012 -6.562533
v -1.826257 40.874012 -7.780814
v -3.621268 40.516960 -6.562533
v -3.621268 40.516964 -7.780814
v -5.354320 39.928673 -6.562533
v -5.354320 39.928673 -7.780814
v -6.995756 39.119202 -6.562533
v -6.995756 39.119205 -7.780815
v -8.517493 38.102409 -6.562533
v -8.517493 38.102413 -7.780815
v -9.893495 36.895691 -6.562533
v -9.893495 36.895691 -7.780815
v -11.100215 35.519691 -6.562534
v -11.100215 35.519691 -7.780815
v 5.611515 13.454499 1.163159
v 5.437963 13.873495 0.708150
v 8.650579 15.728295 0.708151
v 8.926665 15.368493 1.163160
v 10.368774 16.633190 1.163160
v 10.131638 17.049145 0.708151
v 10.733561 17.049145 1.163160
v 1.861035 41.138145 -7.780814
v 3.690225 40.774296 -7.780814
v 5.456275 40.174805 -7.780814
v 7.128966 39.349922 -7.780815
v 8.679679 38.313766 -7.780815
v 10.081881 37.084072 -7.780815
v 11.311578 35.681870 -7.780815
v 11.556318 35.315590 -7.780815
v 12.347731 34.131157 -7.780815
v 12.406334 33.781891 -7.780815
v -11.311573 35.681873 -7.780815
v -10.081875 37.084076 -7.780815
v -8.679674 38.313770 -7.780815
v -7.128962 39.349926 -7.780815
v -5.456271 40.174805 -7.780814
v -3.690221 40.774296 -7.780814
v -1.861031 41.138145 -7.780814
v 0.000002 41.260124 -7.780814
v 5.785069 13.035500 0.816472
v 5.785069 13.035500 1.163160
v 9.202748 15.008692 1.163160
v 9.202748 15.008692 0.816472
v 10.689461 16.312504 1.163160
v 10.689462 16.312504 0.816473
v 11.030091 16.700905 1.163160
v 11.030092 16.700905 0.816473
v -11.311573 35.681870 -6.562534
v -10.081875 37.084076 -6.562533
v -8.679674 38.313770 -6.562533
v -7.128962 39.349922 -6.562533
v -5.456271 40.174805 -6.562533
v -3.690221 40.774296 -6.562533
v -1.861031 41.138145 -6.562533
v 0.000002 41.260124 -6.562533
v 1.861035 41.138145 -6.562533
v 3.690225 40.774296 -6.562533
v 5.456275 40.174805 -6.562533
v 7.128966 39.349922 -6.562533
v 8.679679 38.313766 -6.562533
v 10.081881 37.084068 -6.562533
v 11.311578 35.681870 -6.562534
v 11.555853 35.316284 -6.562534
v 12.169849 35.099075 -7.780815
v 11.833097 35.554665 -7.780815
v 11.833097 35.554665 -6.562534
v 12.169849 35.099075 -6.499010
v 9.459163 38.963421 -1.431164
v 8.577826 39.612354 -1.914977
v 9.459163 38.963421 -1.914978
v 8.577826 39.612350 -1.431164
v 6.829117 40.639545 -1.914977
v 6.829117 40.639545 -1.431163
v 4.963588 41.425728 -1.914977
v 4.963588 41.425728 -1.431163
v 3.013157 41.957439 -1.431163
v 3.013157 41.957439 -1.914977
v 1.011197 42.225590 -1.914977
v 1.011197 42.225590 -1.431163
v -1.008044 42.225590 -1.914977
v -1.008044 42.225590 -1.431163
v -3.010004 41.957439 -1.914977
v -3.010004 41.957439 -1.431163
v -4.960434 41.425728 -1.914977
v -4.960434 41.425728 -1.431162
v -6.825963 40.639549 -1.431164
v -6.825963 40.639545 -1.914977
v -7.809380 40.096527 -1.431163
v -7.809380 40.096527 -1.914977
v 11.030091 17.049145 1.163160
v 11.833097 35.554657 -6.562535
v 11.833097 35.554657 -6.801814
v -11.588068 34.701385 -6.562534
v -12.029438 35.248592 -6.801814
v -11.588068 34.701385 -6.801814
v -12.029438 35.249084 -6.562535
v -12.029438 34.461845 -7.459649
v -11.588068 34.168770 -7.169866
v -12.029438 27.502195 -10.516765
v -11.588068 28.308495 -10.059834
v -11.578995 27.476303 -10.121739
v -12.029438 28.379185 -10.459283
v -11.588068 29.612442 -9.800463
v -12.029438 29.732616 -10.190070
v -11.588068 30.871380 -9.373109
v -12.029438 31.039330 -9.746500
v -11.588068 32.063770 -8.785089
v -12.029438 32.276966 -9.136166
v -11.588068 33.169205 -8.046463
v -12.029438 33.424347 -8.369511
v -13.303513 27.502193 -8.856355
v -12.816160 27.479305 -8.507125
v -12.816158 35.469032 -1.114679
v -12.816158 35.509319 -0.477109
v -13.303513 35.858551 -0.499999
v -13.303513 35.815277 -1.160263
v -12.816160 35.251102 -2.210287
v -13.303513 35.588432 -2.300674
v -12.816160 34.892033 -3.268076
v -13.303513 35.214676 -3.401721
v -12.816160 34.397964 -4.269948
v -13.303513 34.700405 -4.444563
v -13.303513 34.054413 -5.411357
v -12.816158 33.777351 -5.198760
v -13.303513 33.287758 -6.285562
v -12.816158 33.040813 -6.038618
v -12.816158 32.200954 -6.775156
v -13.303513 32.413555 -7.052219
v -12.816158 31.272144 -7.395766
v -13.303513 31.446758 -7.698210
v -12.816160 30.270271 -7.889835
v -13.303513 30.403917 -8.212483
v -13.303513 29.302872 -8.586238
v -12.816160 29.212484 -8.248908
v -13.303513 28.162460 -8.813079
v -12.816160 28.116875 -8.466836
v 8.650580 15.728296 -0.708154
v 10.131638 17.049145 -0.708154
v 5.437964 13.873497 -0.708154
v -10.549536 37.053963 -6.801814
v -10.549536 37.053963 -6.562534
v -8.889126 38.567383 -6.801814
v -8.889126 38.567383 -6.562533
v -7.076621 39.731663 -6.562534
v -7.076621 39.731663 -6.801814
v -5.143034 40.622765 -6.562534
v -5.143034 40.622765 -6.801813
v -3.121448 41.225441 -6.562534
v -3.121448 41.225441 -6.801813
v -1.046453 41.529377 -6.562534
v -1.046453 41.529377 -6.801813
v 1.046453 41.529377 -6.562534
v 1.046453 41.529377 -6.801813
v 3.121448 41.225441 -6.562534
v 3.121448 41.225441 -6.801813
v 5.143034 40.622765 -6.562534
v 5.143034 40.622765 -6.801813
v 7.076621 39.731667 -6.562534
v 7.076621 39.731663 -6.801813
v 8.889126 38.567387 -6.562534
v 8.889126 38.567387 -6.801814
v 9.740185 37.851097 -6.801814
v 9.746934 37.851097 -6.562534
v 10.549536 37.053963 -6.801814
v 10.549536 37.053963 -6.562534
v -10.162270 36.494408 -6.801814
v -8.012514 38.378036 -6.801814
v -6.816324 39.119190 -6.801814
v -4.953429 39.977715 -6.801813
v -3.005753 40.558357 -6.801813
v -1.006620 40.851181 -6.801813
v 1.009769 40.851181 -6.801813
v 3.008902 40.558357 -6.801813
v 4.956578 39.977715 -6.801813
v 6.819473 39.119194 -6.801815
v 8.565713 37.967545 -6.801815
v 9.385656 37.262402 -6.801814
v 10.733561 17.049145 -1.163163
v 10.368774 16.633190 -1.163163
v 8.926665 15.368493 -1.163164
v 5.611515 13.454498 -1.163164
v 11.591959 35.783516 -5.069898
v 11.591959 35.046635 -6.172718
v 11.833094 37.748863 -0.472237
v 10.154617 38.548550 -0.470485
v 11.591959 37.109215 -0.472237
v 10.549536 38.998867 -0.499999
v 12.663741 27.502195 -10.359323
v 13.003967 28.304626 -9.892941
v 13.003967 27.502193 -9.944754
v 12.663741 28.358738 -10.303962
v 12.663742 29.692070 -10.038745
v 13.003969 29.584770 -9.638303
v 13.003969 30.820728 -9.218753
v 12.663742 30.979378 -9.601764
v 12.663742 32.198631 -9.000492
v 13.003969 31.991348 -8.641465
v 13.003969 33.076603 -7.916322
v 12.663742 33.328979 -8.245221
v 12.663742 34.351067 -7.348871
v 13.003969 34.057922 -7.055727
v 13.003967 34.918518 -6.074407
v 12.663741 35.247417 -6.326780
v 12.663741 36.002689 -5.196436
v 13.003967 35.643661 -4.989151
v 13.003967 36.220947 -3.818531
v 12.663741 36.603958 -3.977180
v 12.663742 37.040939 -2.689872
v 13.003969 36.640499 -2.582574
v 13.003969 36.895138 -1.302427
v 12.663742 37.306160 -1.356540
v 12.663742 37.361511 -0.472237
v 13.003969 36.946945 -0.472237
v 12.747149 28.263447 -9.580158
v 12.747150 27.502193 -9.629273
v 12.747147 29.503120 -9.333570
v 12.747149 30.699999 -8.927287
v 12.747150 31.833609 -8.368252
v 12.747149 32.884552 -7.666035
v 12.747150 33.834846 -6.832650
v 12.747150 34.668232 -5.882356
v 12.747149 35.370449 -4.831411
v 12.747149 35.929482 -3.697803
v 12.747149 36.335770 -2.500922
v 12.747149 36.582355 -1.261250
v 12.747149 36.631462 -0.472237
v 12.305105 37.003223 -0.472237
v -8.889126 40.191902 -1.736455
v -8.889126 40.272945 -0.499997
v -7.798351 40.933624 -0.499998
v -7.798351 40.846928 -1.822691
v -7.798351 40.785309 -2.132468
v -1.046453 42.423927 -4.132237
v -1.046453 42.817272 -2.132468
v 1.046453 42.817272 -2.132468
v -3.121448 42.543774 -2.132468
v -3.121448 42.160057 -4.061535
v -5.143034 41.992661 -2.132468
v -5.143034 41.636833 -3.921336
v -7.076621 41.177799 -2.132468
v -7.076621 40.863205 -3.714045
v -8.889126 39.852409 -3.443203
v -10.549536 38.928726 -1.570156
v -10.549536 38.998867 -0.499997
v -12.029438 37.461479 -1.376988
v -12.029438 37.518959 -0.499999
v -12.029438 37.192265 -2.730420
v -12.029438 36.138363 -5.274767
v -12.029438 36.748699 -4.037132
v -10.549536 38.115952 -4.603467
v -10.549536 38.621742 -3.113446
v -8.889126 39.293045 -5.091036
v -7.076621 40.259842 -5.491495
v -5.143034 40.999794 -5.797993
v -10.549536 37.419998 -6.014720
v 10.733561 17.049145 0.708151
v 10.733561 17.049145 -0.708154
v 11.833096 37.690117 -1.407088
v 10.549536 38.928726 -1.570158
v 9.445805 39.796402 -1.684388
v 9.445805 39.707275 -2.132468
v 9.445805 39.874035 -0.499998
v 11.833092 37.415012 -2.790104
v 10.549536 38.621746 -3.113449
v 8.889126 39.852409 -3.443205
v 8.889126 40.113132 -2.132468
v 7.076620 40.863205 -3.714045
v 7.076620 41.177799 -2.132468
v 5.143033 41.636833 -3.921336
v 5.143033 41.992661 -2.132468
v 3.121448 42.160057 -4.061535
v 3.121448 42.543774 -2.132468
v 1.046453 42.423927 -4.132237
v 11.833092 36.961746 -4.125380
v 11.833094 36.338074 -5.390070
v 10.556285 37.419998 -6.014723
v 10.549536 38.115952 -4.603468
v 8.889126 39.293045 -5.091038
v 7.076621 40.259842 -5.491496
v 5.143034 40.999794 -5.797993
v 3.121448 41.500244 -6.005286
v 1.046453 41.752628 -6.109827
v -1.046453 41.752628 -6.109827
v -3.121448 41.500244 -6.005286
v 11.833097 27.502195 -10.746675
v 11.833094 28.409286 -10.687917
v 11.833092 29.792301 -10.412815
v 11.833094 31.127579 -9.959552
v 11.833092 32.392265 -9.335876
v 11.833088 33.564728 -8.552460
v 11.833094 34.624908 -7.622710
v -15.395237 27.002193 0.000000
v 10.165417 38.472340 -1.495694
v 11.591959 36.370144 -3.880332
v 11.591959 36.796486 -2.624371
v -7.798351 40.078037 -1.893204
v -10.162270 37.018776 -5.777763
v -4.953429 41.405357 -1.893204
v -1.006620 42.204094 -1.893203
v 3.008902 41.936321 -1.893204
v 6.819473 40.620289 -1.893204
v 9.445805 38.946529 -1.893204
v -10.162270 38.472340 -1.495692
v -11.588068 36.799366 -2.613538
v -11.588068 35.783997 -5.064864
v -11.588068 36.372017 -3.872478
v -11.588068 37.058739 -1.309588
v -11.578995 37.123936 -0.474108
v -10.154617 38.548550 -0.470483
v -8.556454 39.775070 -0.467365
v -7.798351 40.246567 -0.466167
v 8.577826 39.612354 1.914981
v 9.459163 38.963421 1.431167
v 9.459163 38.963421 1.914981
v 8.577826 39.612350 1.431167
v 6.829117 40.639545 1.914981
v 6.829117 40.639545 1.431167
v 4.963588 41.425728 1.914981
v 4.963588 41.425728 1.431167
v 3.013157 41.957439 1.431167
v 3.013157 41.957439 1.914981
v 1.011197 42.225590 1.914981
v 1.011197 42.225590 1.431167
v -1.008044 42.225590 1.914981
v -1.008044 42.225590 1.431168
v -3.010004 41.957439 1.914981
v -3.010004 41.957439 1.431168
v -4.960434 41.425728 1.914981
v -4.960434 41.425728 1.431166
v -6.825963 40.639549 1.431167
v -6.825963 40.639545 1.914981
v -7.809380 40.096527 1.431167
v -7.809380 40.096527 1.914981
v 9.445805 39.176659 -0.470721
v 9.445805 39.130352 -0.469006
v -6.891129 40.779121 1.914981
v -7.809380 40.273598 1.431167
v -7.809380 40.273598 1.914981
v -6.891129 40.779121 1.431167
v -5.007903 41.572762 1.914982
v -5.007903 41.572762 1.431168
v -3.038968 42.109516 1.431167
v -3.038968 42.109520 1.914982
v -1.018016 42.379105 1.431168
v -1.018016 42.379105 1.914982
v 1.020381 42.379105 1.431168
v 1.020381 42.379105 1.914982
v 3.041333 42.109520 1.431168
v 3.041333 42.109520 1.914982
v 5.010267 41.572762 1.431167
v 5.010267 41.572762 1.914982
v 6.893495 40.779121 1.431167
v 6.893495 40.779121 1.914981
v 8.658793 39.742180 1.431167
v 8.658794 39.742184 1.914981
v 9.459163 39.153877 1.431167
v 9.459163 39.153877 1.914981
v 8.545123 39.971794 -0.499998
v 8.585862 39.949646 -1.884086
v 8.545605 39.851204 -1.884086
v 8.585862 40.066998 -0.499998
v 9.044810 40.066998 -0.499998
v 9.277061 39.648571 -0.499998
v 9.394048 39.911766 -0.499998
v 9.278275 39.533951 -1.884086
v 9.394048 39.794418 -1.884086
v 9.044810 39.949646 -1.884086
v -6.897447 40.921494 -0.499998
v -6.940444 40.904137 -1.884086
v -6.927068 41.020721 -0.499998
v -6.911671 40.801746 -1.884086
v -7.661457 40.683811 -0.499998
v -7.383025 41.073036 -0.499998
v -7.747680 40.958630 -0.499998
v -7.675728 40.570076 -1.884086
v -7.761056 40.842041 -1.884086
v -7.396401 40.956451 -1.884086
v -12.029757 19.397356 -7.780817
v -11.807768 19.545683 -6.562536
v -11.807768 19.545683 -7.780817
v -12.029757 19.397356 -6.562536
v -1.826257 13.130376 -7.780817
v -3.621268 13.487426 -6.562536
v -1.826257 13.130376 -6.562536
v -3.621268 13.487426 -7.780819
v -5.354320 14.075717 -6.562536
v -5.354320 14.075717 -7.780819
v -6.995756 14.885184 -6.562536
v -6.995756 14.885184 -7.780817
v -8.517493 15.901977 -6.562537
v -8.517493 15.901977 -7.780818
v -9.893495 17.108696 -6.562536
v -9.893495 17.108696 -7.780817
v -11.100215 18.484699 -6.562535
v -11.100215 18.484699 -7.780818
v 11.100219 18.484699 -7.780817
v 11.632751 19.283749 -6.562535
v 12.222853 20.222498 -7.780818
v 11.100219 18.484699 -6.562536
v 9.893499 17.108700 -6.562537
v 9.893499 17.108700 -7.780818
v 8.517497 15.901978 -6.562535
v 8.517497 15.901978 -7.780818
v 6.995761 14.885184 -7.780817
v 6.995761 14.885184 -6.562536
v 5.354323 14.075717 -6.562536
v 5.354323 14.075717 -7.780819
v 3.621273 13.487426 -6.562536
v 3.621273 13.487426 -7.780819
v 1.826261 13.130375 -6.562537
v 1.826261 13.130375 -7.780818
v 0.000002 13.010677 -6.562537
v 0.000002 13.010677 -7.780818
v -4.953429 41.405357 1.893207
v -1.006620 42.204094 1.893207
v 3.008902 41.936321 1.893208
v 6.819473 40.620289 1.893207
v 9.445805 38.946529 1.893207
v 0.000002 12.744266 -7.780819
v -1.861031 12.866242 -7.780817
v -3.690221 13.230092 -7.780817
v -5.456271 13.829585 -7.780819
v -7.128962 14.654464 -7.780817
v -8.679674 15.690618 -7.780818
v -10.081875 16.920315 -7.780817
v -11.311573 18.322517 -7.780818
v 12.406334 20.222498 -7.780818
v 12.347731 19.873230 -7.780818
v 11.556318 18.688797 -7.780817
v 11.311578 18.322517 -7.780816
v 10.081881 16.920319 -7.780818
v 8.679679 15.690620 -7.780817
v 7.128966 14.654466 -7.780817
v 5.456275 13.829585 -7.780819
v 3.690225 13.230092 -7.780817
v 1.861035 12.866242 -7.780817
v -11.311573 18.322517 -6.562535
v -10.081875 16.920315 -6.562536
v -8.679674 15.690618 -6.562535
v -7.128962 14.654464 -6.562536
v -5.456271 13.829585 -6.562536
v -3.690221 13.230092 -6.562536
v -1.861031 12.866242 -6.562536
v 0.000002 12.744266 -6.562536
v 1.861035 12.866242 -6.562536
v 3.690225 13.230092 -6.562536
v 5.456275 13.829585 -6.562536
v 7.128966 14.654466 -6.562536
v 8.679679 15.690620 -6.562536
v 10.081881 16.920319 -6.562537
v 11.311578 18.322517 -6.562535
v 11.555853 18.688103 -6.562536
v 12.169849 18.905315 -7.780817
v 11.833097 18.449726 -7.780817
v 11.833097 18.449726 -6.562536
v 12.169849 18.905315 -6.499012
v 11.833098 18.449730 -6.562536
v 11.591960 19.299614 -6.801816
v 11.591960 19.299614 -6.562537
v 11.833098 18.449730 -6.801816
v -12.029437 18.755795 -6.801816
v -11.588067 19.303001 -6.562535
v -11.588067 19.303001 -6.801816
v -12.029437 18.755306 -6.562537
v -12.029437 19.542543 -7.459651
v -11.588067 19.835619 -7.169868
v -11.578994 26.528086 -10.121739
v -13.303512 26.502193 -8.856355
v -12.816159 26.525084 -8.507125
v -12.029437 26.502193 -10.516765
v -13.303512 24.701519 -8.586238
v -13.303512 23.600471 -8.212483
v -12.816159 23.734118 -7.889836
v -12.816159 24.791904 -8.248908
v -13.303512 25.841930 -8.813079
v -12.816159 25.887514 -8.466836
v -13.303512 18.145836 -0.500001
v -12.816157 18.495068 -0.477111
v -12.816157 18.535355 -1.114681
v -13.303512 18.189112 -1.160265
v -12.816159 18.753284 -2.210290
v -13.303512 18.415955 -2.300676
v -12.816159 19.112356 -3.268078
v -13.303512 18.789709 -3.401724
v -12.816159 19.606424 -4.269951
v -13.303512 19.303982 -4.444565
v -13.303512 19.949974 -5.411359
v -12.816157 20.227037 -5.198761
v -13.303512 20.716631 -6.285564
v -12.816157 20.963573 -6.038620
v -12.816157 21.803434 -6.775157
v -13.303512 21.590836 -7.052220
v -12.816157 22.732244 -7.395767
v -13.303512 22.557631 -7.698211
v -11.588067 25.695896 -10.059834
v -11.588067 24.391947 -9.800463
v -11.588067 23.133007 -9.373110
v -11.588067 21.940620 -8.785090
v -11.588067 20.835186 -8.046465
v -7.076620 14.272726 -6.801818
v -5.143033 13.381624 -6.801818
v -5.143033 13.381624 -6.562537
v -7.076620 14.272726 -6.562537
v -9.138150 15.635549 -6.801816
v -9.138150 15.635549 -6.562537
v -10.549535 16.950428 -6.801816
v -10.549535 16.950428 -6.562537
v -11.813452 18.449730 -6.801816
v -11.813452 18.449730 -6.562536
v 10.549537 16.950424 -6.562537
v 10.549537 16.950424 -6.801816
v 8.889127 15.437003 -6.801816
v 8.889127 15.437003 -6.562537
v 7.076622 14.272724 -6.801816
v 7.076622 14.272724 -6.562537
v 5.143035 13.381624 -6.801818
v 5.143035 13.381624 -6.562537
v 3.121449 12.778949 -6.801817
v 3.121449 12.778949 -6.562538
v 1.046454 12.475012 -6.801818
v 1.046454 12.475012 -6.562537
v -1.046452 12.475012 -6.801818
v -1.046452 12.475012 -6.562537
v -3.121447 12.778949 -6.801817
v -3.121447 12.778949 -6.562538
v -12.029438 28.379183 10.459283
v -12.029438 29.732613 10.190070
v -12.029438 31.039326 9.746502
v -12.029438 32.276962 9.136168
v -12.029438 33.424347 8.369513
v 3.008903 13.446032 -6.801818
v 4.956579 14.026673 -6.801817
v 6.819474 14.885195 -6.801818
v 8.565714 16.036842 -6.801817
v 10.165418 17.509979 -6.801816
v -10.984596 18.447849 -6.801816
v -10.162269 17.509983 -6.801816
v -8.562564 16.036844 -6.801817
v -6.816323 14.885197 -6.801816
v -4.953428 14.026673 -6.801817
v -3.005752 13.446032 -6.801818
v -1.006619 13.153206 -6.801816
v 1.009770 13.153206 -6.801816
v -10.984596 18.447849 -6.562537
v -10.162269 17.509983 -6.562537
v -7.798350 13.926351 -1.893207
v -8.556453 14.229319 -0.467369
v -7.798350 13.757821 -0.466171
v -10.154616 15.455836 -0.470486
v -11.588067 17.205021 -2.613541
v -11.588067 17.632374 -3.872479
v -11.588067 16.945648 -1.309591
v -11.588067 18.220394 -5.064866
v -11.578994 16.880451 -0.474111
v 10.154618 15.455836 -0.470488
v 11.833095 16.255524 -0.472239
v 11.591960 16.895170 -0.472239
v 10.549537 15.005521 -0.500003
v 13.003968 17.783440 -3.818534
v 12.663743 16.963446 -2.689875
v 12.663742 17.400429 -3.977181
v 13.003970 17.363888 -2.582577
v 13.003970 17.109249 -1.302430
v 12.663743 16.698227 -1.356543
v 12.663743 16.642876 -0.472239
v 13.003970 17.057442 -0.472239
v 13.003968 25.699764 -9.892941
v 12.663742 26.502193 -10.359323
v 13.003968 26.502193 -9.944754
v 12.663742 25.645653 -10.303962
v 12.663743 24.312321 -10.038745
v 13.003970 24.419619 -9.638303
v 13.003970 23.183661 -9.218755
v 12.663743 23.025013 -9.601765
v 12.663743 21.805756 -9.000494
v 13.003970 22.013041 -8.641467
v 13.003970 20.927784 -7.916324
v 12.663743 20.675411 -8.245223
v 12.663743 19.653320 -7.348873
v 13.003970 19.946465 -7.055729
v 13.003968 19.085869 -6.074409
v 12.663742 18.756969 -6.326781
v 12.663742 18.001699 -5.196439
v 13.003968 18.360725 -4.989154
v 12.747150 17.422031 -1.261253
v 12.747150 17.372925 -0.472239
v 12.747150 17.668617 -2.500924
v 12.747150 18.074905 -3.697804
v 12.747150 18.633940 -4.831413
v 12.747151 19.336155 -5.882357
v 12.747151 20.169542 -6.832652
v 12.747150 21.119835 -7.666037
v 12.747151 22.170780 -8.368254
v 12.747150 23.304390 -8.927290
v 12.747148 24.501270 -9.333570
v 12.747150 25.740944 -9.580158
v 12.747151 26.502193 -9.629273
v 10.165417 38.472340 1.495698
v 12.305108 26.512024 -10.001036
v 11.833098 26.502193 -10.746675
v 11.591958 26.529051 -10.107020
v 11.591960 17.634245 -3.880335
v 11.591960 17.207901 -2.624373
v 11.591960 16.949146 -1.323511
v 12.305106 17.001163 -0.472239
v 11.591960 25.678686 -10.053044
v 11.591960 24.377823 -9.794287
v 11.591960 23.121862 -9.367949
v 11.591960 21.932295 -8.781321
v 11.591960 20.829475 -8.044441
v 11.591960 19.832275 -7.169920
v 11.591960 18.957752 -6.172720
v 11.591960 18.220875 -5.069900
v 9.445806 14.827727 -0.470725
v 9.445806 14.130353 -0.500002
v 9.445806 14.874034 -0.469008
v -8.889125 13.731442 -0.500001
v -7.798350 13.070765 -0.500002
v -10.549535 15.005521 -0.500001
v -12.029437 16.485426 -0.500002
v 1.046454 12.251761 -6.109831
v 1.046454 11.580462 -4.132242
v -1.046452 11.580462 -4.132242
v -1.046452 11.187114 -2.132472
v -3.121447 11.460614 -2.132472
v 1.046454 11.187114 -2.132472
v 11.833093 17.042641 -4.125383
v 10.556286 16.584389 -6.014727
v 11.833095 17.666313 -5.390073
v 10.549537 15.888436 -4.603471
v 8.889127 14.711341 -5.091042
v 7.076622 13.744546 -5.491499
v 5.143035 13.004595 -5.797996
v 3.121449 12.504145 -6.005290
v 3.121449 11.844331 -4.061539
v 3.121449 11.460614 -2.132472
v 11.833097 16.314272 -1.407091
v 11.833093 16.589375 -2.790107
v 10.549537 15.382642 -3.113452
v 8.889127 14.151977 -3.443208
v 7.076621 13.141182 -3.714048
v 5.143034 12.367556 -3.921340
v 5.143034 12.011726 -2.132471
v 10.549537 15.075663 -1.570161
v 9.445806 14.297111 -2.132472
v 8.889127 13.891255 -2.132472
v 7.076621 12.826588 -2.132471
v 9.445806 14.207983 -1.684392
v 11.833095 25.595102 -10.687917
v 11.833093 24.212088 -10.412815
v 11.833095 22.876812 -9.959553
v 11.833093 21.612122 -9.335878
v 11.833089 20.439659 -8.552462
v 11.833095 19.379480 -7.622712
v -1.046452 12.251761 -6.109831
v -3.121447 11.844331 -4.061539
v -5.143033 12.011726 -2.132471
v -5.143033 12.367556 -3.921340
v -7.076620 12.826588 -2.132471
v -7.076620 13.141184 -3.714049
v -7.798350 13.219077 -2.132472
v -8.889125 14.151978 -3.443207
v -8.889125 13.812484 -1.736459
v -10.549535 15.075663 -1.570159
v -12.029437 16.542908 -1.376991
v -12.029437 16.812122 -2.730423
v -7.798350 13.157458 -1.822695
v -10.549535 15.888437 -4.603470
v -10.549535 15.382643 -3.113450
v -12.029437 17.255692 -4.037135
v -12.029437 17.866026 -5.274770
v -10.549535 16.584389 -6.014724
v -12.029437 18.632683 -6.422153
v -12.693654 19.274784 -5.929451
v -12.029437 20.580042 -8.369513
v -12.029437 21.727425 -9.136168
v -12.029437 22.965061 -9.746502
v -12.029437 24.271774 -10.190070
v -12.029437 25.625204 -10.459283
v 11.833095 16.255524 0.472237
v 10.154618 15.455836 0.470485
v 11.591960 16.895170 0.472237
v 10.549537 15.005521 0.499999
v 11.591960 23.121861 9.367947
v 12.747150 23.304388 8.927287
v 12.747151 22.170778 8.368252
v 12.747148 24.501266 9.333570
v 11.591960 24.377819 9.794288
v 11.591960 25.678684 10.053044
v 12.747150 25.740940 9.580158
v 12.305108 26.512020 10.001036
v 12.747151 26.502193 9.629273
v 11.591958 26.529049 10.107020
v 12.305106 17.001163 0.472237
v 12.747150 17.422031 1.261250
v 12.747150 17.372925 0.472237
v 11.591960 16.949146 1.323509
v 12.747150 17.668617 2.500922
v 11.591960 17.207903 2.624371
v 12.747150 18.074903 3.697803
v 11.591960 17.634243 3.880332
v 12.747150 18.633938 4.831411
v 11.591960 18.220873 5.069898
v 12.747151 19.336153 5.882356
v 11.591960 18.957752 6.172718
v 11.591960 19.299612 6.562535
v 12.747151 20.169540 6.832650
v 11.591960 19.832273 7.169918
v 12.747150 21.119833 7.666035
v 11.591960 20.829475 8.044439
v 11.591960 21.932293 8.781318
v 12.663742 26.502192 10.359323
v 13.003968 25.699760 9.892941
v 13.003968 26.502193 9.944754
v 12.663742 25.645649 10.303962
v 12.663743 24.312317 10.038745
v 13.003970 24.419617 9.638303
v 13.003970 23.183659 9.218753
v 12.663743 23.025009 9.601764
v 12.663743 21.805754 9.000492
v 13.003970 22.013039 8.641465
v 13.003970 20.927782 7.916322
v 12.663743 20.675409 8.245221
v 12.663743 19.653318 7.348871
v 13.003970 19.946463 7.055727
v 13.003968 19.085867 6.074407
v 12.663742 18.756969 6.326780
v 12.663742 18.001698 5.196436
v 13.003968 18.360725 4.989151
v 13.003968 17.783440 3.818531
v 12.663742 17.400427 3.977180
v 12.663743 16.963446 2.689872
v 13.003970 17.363888 2.582574
v 13.003970 17.109249 1.302427
v 12.663743 16.698227 1.356540
v 12.663743 16.642876 0.472237
v 13.003970 17.057442 0.472237
v 9.445806 15.057858 1.893204
v 9.445806 14.874034 0.469006
v 10.165418 17.509979 6.801814
v 11.591960 19.299614 6.801814
v 8.658794 39.742184 -1.914977
v 9.459163 39.153877 -1.431164
v 9.459163 39.153877 -1.914977
v 8.658793 39.742180 -1.431164
v 6.893495 40.779121 -1.914977
v 6.893495 40.779121 -1.431163
v 5.010267 41.572762 -1.914977
v 5.010267 41.572762 -1.431163
v 3.041333 42.109520 -1.914977
v 3.041333 42.109520 -1.431163
v 1.020381 42.379105 -1.914977
v 1.020381 42.379105 -1.431163
v -1.018016 42.379105 -1.914977
v -1.018016 42.379105 -1.431163
v -3.038968 42.109520 -1.914977
v -3.038968 42.109516 -1.431163
v -5.007903 41.572762 -1.914977
v -5.007903 41.572762 -1.431163
v -6.891129 40.779121 -1.431163
v -6.891129 40.779121 -1.914977
v -7.809380 40.273598 -1.431164
v -7.809380 40.273598 -1.914977
v -12.029437 16.542908 1.376988
v -10.549535 15.382643 3.113446
v -12.029437 16.812122 2.730420
v -10.549535 15.075663 1.570156
v -8.889125 14.151978 3.443203
v -10.549535 15.888435 4.603467
v -12.029437 17.255688 4.037132
v -13.303512 18.415953 2.300674
v -13.303512 18.189112 1.160263
v -13.303512 18.145836 0.499999
v -12.029437 16.485426 0.499999
v -10.549535 15.005521 0.499997
v -8.889125 13.812484 1.736455
v -7.798350 13.219077 2.132468
v -7.076620 13.141182 3.714044
v -7.076620 12.826589 2.132468
v -5.143033 12.367555 3.921336
v -5.143033 12.011727 2.132468
v -3.121447 11.844329 4.061535
v -12.029437 17.866024 5.274767
v -7.798350 13.157458 1.822691
v -8.889125 13.731442 0.499997
v -7.798350 13.070765 0.499998
v -13.303512 18.789709 3.401721
v -13.303512 19.303982 4.444563
v -12.693654 19.274780 5.929450
v -13.303512 19.949972 5.411357
v -13.303512 20.716629 6.285562
v 7.076621 13.141180 3.714046
v 7.076621 12.826589 2.132468
v 8.889127 13.891255 2.132468
v 5.143034 12.367555 3.921336
v 5.143035 13.004593 5.797993
v 3.121449 12.504143 6.005286
v 3.121449 12.778946 6.562534
v 1.046454 12.475010 6.562534
v 1.046454 12.251760 6.109827
v -1.046452 12.475010 6.562534
v -1.046452 12.251760 6.109827
v -3.121447 12.504143 6.005286
v -5.143033 13.004593 5.797993
v -7.076620 13.744544 5.491495
v -8.889125 14.711341 5.091036
v 3.121449 11.844329 4.061535
v 1.046454 11.580458 4.132237
v -1.046452 11.580458 4.132237
v -3.121447 11.460614 2.132468
v -1.046452 11.187114 2.132468
v 1.046454 11.187114 2.132468
v 3.121449 11.460614 2.132468
v 5.143034 12.011727 2.132468
v -12.029437 18.755304 6.562535
v -12.029437 18.632681 6.422151
v -11.813452 18.449728 6.562535
v -10.549535 16.950424 6.562534
v -10.549535 16.584389 6.014720
v -9.138150 15.635546 6.562534
v -7.076620 14.272724 6.562534
v -5.143033 13.381622 6.562534
v -3.121447 12.778946 6.562534
v -13.303512 26.502193 8.856355
v -12.029437 25.625202 10.459283
v -12.029437 26.502192 10.516765
v -13.303512 25.841927 8.813079
v -13.303512 24.701515 8.586238
v -12.029437 24.271770 10.190070
v -12.029437 22.965057 9.746500
v -13.303512 23.600470 8.212483
v -13.303512 22.557629 7.698210
v -12.029437 21.727421 9.136166
v -13.303512 21.590834 7.052219
v -12.029437 20.580040 8.369511
v -12.029437 19.542542 7.459649
v 11.833097 16.314272 1.407088
v 10.549537 15.075663 1.570158
v 9.445806 14.207983 1.684388
v 9.445806 14.297111 2.132468
v 9.445806 14.130353 0.499998
v 5.143035 13.381622 6.562534
v 7.076622 13.744545 5.491496
v 8.889127 14.151977 3.443205
v 10.549537 15.382642 3.113449
v 11.833093 16.589375 2.790104
v 11.833093 17.042639 4.125380
v 10.549537 15.888434 4.603468
v 8.889127 14.711340 5.091038
v 7.076622 14.272722 6.562534
v 8.889127 15.437000 6.562534
v 9.746935 16.153288 6.562534
v 10.556286 16.584389 6.014723
v 11.833095 17.666313 5.390070
v 10.549537 16.950422 6.562534
v 11.833098 18.449728 6.562535
v 11.833098 26.502192 10.746675
v 11.833095 25.595100 10.687917
v 11.833093 24.212086 10.412815
v 11.833095 22.876808 9.959552
v 11.833093 21.612120 9.335876
v 11.833089 20.439657 8.552460
v 11.833095 19.379478 7.622710
v -10.162269 17.509979 6.562534
v -11.588067 18.220390 5.064864
v -10.984596 18.447847 6.562535
v -11.588067 17.632372 3.872478
v -7.798350 13.926351 1.893204
v -7.798350 13.757821 0.466168
v -8.556453 14.229319 0.467365
v -8.562564 16.036842 6.801814
v -10.154616 15.455836 0.470483
v -11.588067 17.205021 2.613538
v -12.816159 18.753284 2.210287
v -12.816159 19.112354 3.268077
v -12.816159 19.606422 4.269948
v -11.588067 18.959021 6.170299
v -12.816157 20.227036 5.198760
v -11.588067 19.303001 6.562534
v -11.588067 16.945648 1.309588
v -12.816157 18.535355 1.114679
v -12.816157 18.495068 0.477109
v -11.578994 16.880451 0.474108
v -10.162269 17.509979 6.801814
v -10.984596 18.447849 6.801814
v -11.588067 19.303001 6.801814
v -7.798351 40.431671 -1.893204
v -6.946473 40.899044 -1.893204
v -5.048232 41.699009 -1.893204
v -3.063601 42.240047 -1.893204
v -1.026537 42.510685 -1.893204
v 1.028111 42.510685 -1.893204
v 3.065175 42.240047 -1.893204
v 5.049806 41.699009 -1.893204
v 6.948047 40.899044 -1.893204
v 8.727419 39.853836 -1.893204
v 9.445805 39.326904 -1.893204
v 9.445806 14.827727 0.470721
v 8.545123 14.032595 0.499998
v 8.585862 14.054741 1.884086
v 8.545605 14.153185 1.884086
v 8.585862 13.937389 0.499998
v 9.044810 13.937389 0.499998
v 9.277061 14.355817 0.499998
v 9.394048 14.092619 0.499998
v 9.278275 14.470438 1.884086
v 9.394048 14.209970 1.884086
v 9.044810 14.054741 1.884086
v -6.897447 13.082891 0.499998
v -6.940444 13.100250 1.884086
v -6.927068 12.983664 0.499998
v -6.911671 13.202641 1.884086
v -7.661457 13.320576 0.499998
v -7.383025 12.931349 0.499998
v -7.747680 13.045758 0.499998
v -7.675728 13.434311 1.884086
v -7.761056 13.162345 1.884086
v -7.396401 13.047935 1.884086
v 7.343863 28.969975 13.757605
v 7.176692 28.925182 14.793547
v 6.434447 30.717123 14.793547
v 7.602926 27.002192 13.757605
v 7.429860 27.002192 14.793546
v 7.176692 25.079201 14.793546
v 7.343863 25.034409 13.757605
v 6.434447 23.287262 14.793545
v 6.584327 23.200726 13.757604
v 5.253704 21.748486 14.793545
v 5.376081 21.626110 13.757603
v 3.714930 20.567741 14.793545
v 3.801463 20.417862 13.757604
v 1.922989 19.825497 14.793545
v -7.343863 28.969975 13.757605
v -6.584327 30.803658 13.757606
v -6.434447 30.717123 14.793547
v -5.253704 32.255898 14.793547
v -5.376081 32.378273 13.757607
v -3.714930 33.436642 14.793547
v -3.801463 33.586521 13.757605
v -1.922989 34.178886 14.793546
v -1.967782 34.346058 13.757605
v 0.000000 34.432053 14.793546
v 0.000000 34.605122 13.757607
v 1.922989 34.178886 14.793546
v 1.967782 34.346058 13.757605
v 3.801463 33.586521 13.757605
v 3.714930 33.436642 14.793547
v 5.376081 32.378273 13.757607
v 5.253704 32.255898 14.793547
v 6.584327 30.803658 13.757606
v 0.000000 18.600513 13.791298
v -1.967782 19.658325 13.757604
v 0.000000 19.399261 13.757604
v 1.967782 19.658325 13.757604
v 2.174513 18.886795 13.791298
v 4.200836 19.726128 13.791298
v 5.940881 21.061310 13.791298
v 7.276064 22.801350 13.791298
v 8.115394 24.827679 13.791299
v -5.940881 32.943077 13.791300
v -7.276064 31.203033 13.791300
v -8.115394 29.176704 13.791299
v -7.602926 27.002192 13.757605
v -8.401673 27.002192 13.791299
v -8.115394 24.827679 13.791299
v -7.343863 25.034409 13.757605
v -6.584327 23.200726 13.757604
v -7.276064 22.801350 13.791298
v -5.376081 21.626110 13.757603
v -5.940881 21.061310 13.791298
v -3.801463 20.417862 13.757604
v -4.200836 19.726128 13.791298
v -2.174513 18.886795 13.791298
v 8.401673 27.002192 13.791299
v 8.115394 29.176704 13.791299
v 7.276064 31.203033 13.791300
v 5.940881 32.943077 13.791300
v 4.200836 34.278259 13.791299
v 2.174513 35.117588 13.791301
v 0.000000 35.403870 13.791301
v -2.174513 35.117588 13.791301
v -4.200836 34.278259 13.791299
v 11.591959 28.325703 -10.053044
v 11.591957 27.475338 -10.107020
v 11.591959 29.626568 -9.794288
v 11.591959 30.882526 -9.367947
v 11.591959 32.072094 -8.781318
v 11.591959 33.174911 -8.044439
v 11.591959 34.172112 -7.169918
v 7.602926 27.002192 14.923766
v 7.343863 28.969975 14.923766
v 7.343863 25.034409 14.923766
v 6.584327 23.200726 14.923765
v 5.376081 21.626110 14.923765
v 3.801463 20.417862 14.923765
v 1.967782 19.658325 14.923765
v 0.000000 19.399261 14.923765
v -5.376081 32.378273 14.923767
v -6.584327 30.803658 14.923766
v -3.801463 33.586521 14.923767
v -1.967782 34.346058 14.923767
v 0.000000 34.605122 14.923767
v 1.967782 34.346058 14.923767
v 3.801463 33.586521 14.923767
v 5.376081 32.378273 14.923767
v 6.584327 30.803658 14.923766
v 8.401673 27.002192 14.258214
v 8.115394 29.176704 14.258214
v 8.115394 24.827679 14.258214
v 7.276064 22.801350 14.258213
v 5.940881 21.061310 14.258213
v 4.200836 19.726128 14.258213
v 2.174513 18.886795 14.258213
v -5.940881 32.943077 14.258215
v -7.276064 31.203033 14.258215
v -4.200836 34.278259 14.258214
v -2.174513 35.117588 14.258216
v 0.000000 35.403870 14.258216
v 2.174513 35.117588 14.258216
v 4.200836 34.278259 14.258214
v 5.940881 32.943077 14.258215
v 7.276064 31.203033 14.258215
v 0.000000 18.600513 14.258213
v -1.967782 19.658325 14.923765
v -2.174513 18.886795 14.258213
v -4.200836 19.726128 14.258213
v -3.801463 20.417862 14.923765
v -5.940881 21.061310 14.258213
v -5.376081 21.626110 14.923765
v -7.276064 22.801350 14.258213
v -6.584327 23.200726 14.923765
v -8.115394 24.827679 14.258214
v -7.343863 25.034409 14.923766
v -7.602926 27.002192 14.923766
v -8.401673 27.002192 14.258214
v -8.115394 29.176704 14.258214
v -7.343863 28.969975 14.923766
v -12.544099 34.697666 7.191782
v -12.536945 34.807373 7.634696
v -12.536945 34.922180 7.506641
v -12.601616 34.455814 7.372437
v -12.536945 33.721817 8.565907
v -12.601486 33.420696 8.269115
v -12.536945 32.521290 9.350552
v -12.601486 32.273964 9.026575
v -12.536945 31.226326 9.975210
v -12.601486 31.037031 9.629587
v -12.536945 29.859085 10.429186
v -12.601486 29.731062 10.067833
v -12.536945 28.442966 10.704716
v -12.601486 28.378401 10.333817
v -12.536945 27.002193 10.797087
v -12.601486 27.002193 10.422989
v 12.544101 19.306721 7.191780
v 12.536946 19.197014 7.634693
v 12.536946 19.082207 7.506639
v 12.601616 19.548574 7.372435
v 12.536946 20.282570 8.565906
v 12.601486 20.583693 8.269114
v 12.536946 21.483099 9.350550
v 12.601486 21.730423 9.026573
v 12.536946 22.778061 9.975207
v 12.601486 22.967356 9.629586
v 12.536946 24.145300 10.429185
v 12.601486 24.273325 10.067834
v 12.536946 25.561420 10.704716
v 12.601486 25.625986 10.333817
v 12.536946 27.002193 10.797087
v 12.601486 27.002193 10.422989
v 12.601486 28.378401 10.333817
v 12.536946 28.442966 10.704716
v 12.601486 29.731062 10.067833
v 12.536946 29.859085 10.429186
v 12.601486 31.037031 9.629587
v 12.536946 31.226326 9.975210
v 12.601486 32.273964 9.026575
v 12.536946 32.521290 9.350552
v 12.601486 33.420696 8.269115
v 12.536946 33.721817 8.565907
v 12.601616 34.455814 7.372437
v 12.536946 34.807373 7.634696
v 12.538554 34.685898 7.173353
v 12.536946 34.922180 7.506641
v 7.344999 39.827801 7.094883
v 5.296438 40.765388 7.114945
v 5.360014 40.855324 7.506641
v 7.375174 39.893730 7.506642
v 9.264148 38.579693 7.506640
v 9.227293 38.499153 7.107116
v 10.994610 36.977325 7.506641
v 10.938899 36.912796 7.108867
v -10.994608 35.902294 8.705700
v -10.994608 36.977325 7.506641
v -10.994608 34.664455 9.767546
v -10.994608 33.295517 10.662262
v -10.994608 31.818893 11.374545
v -10.994608 30.259857 11.892207
v -10.994608 28.645081 12.206390
v -10.994608 27.002193 12.311720
v -9.264146 27.002193 13.615693
v -9.264146 28.819084 13.499208
v -9.264146 30.604885 13.151751
v -9.264146 32.329044 12.579260
v -9.264146 33.962063 11.791534
v -9.264146 35.475990 10.802057
v -9.264146 36.844933 9.627750
v -9.264146 38.045464 8.288712
v -9.264146 38.579693 7.506640
v -7.375175 38.914124 8.940698
v -7.375175 32.748055 13.568742
v -7.375175 30.888273 14.186263
v -7.375175 34.509521 12.719057
v -5.360012 33.068748 14.326056
v -7.837985 27.002193 14.443767
v -7.589106 28.947014 14.449717
v -7.375175 29.617756 14.433463
v -6.772948 30.959175 14.445097
v -5.360012 32.726944 14.439552
v -4.912568 33.120895 14.449204
v -5.360012 34.928532 13.428949
v -7.375175 36.142536 11.651743
v -3.253140 34.146656 14.422920
v -7.375175 39.893730 7.506642
v -5.360012 39.578972 9.439710
v -5.360012 38.211731 10.964692
v -5.360012 40.855324 7.506641
v -3.253140 41.327351 7.821154
v -3.253140 36.997719 12.741897
v -3.253140 38.612499 11.356709
v -3.253140 40.028622 9.777201
v -1.090602 41.560745 7.989005
v -7.375175 37.619164 10.385067
v -5.360012 36.652691 12.302067
v -3.253140 35.211918 13.909067
v -1.090602 34.790440 14.423450
v -1.090602 35.354832 14.151197
v 1.090604 35.354832 14.151197
v 1.090604 34.790440 14.423448
v 3.253138 35.211918 13.909067
v 3.253138 34.146660 14.422920
v 5.360014 34.928532 13.428949
v 4.912570 33.120895 14.449204
v 5.360014 33.068748 14.326056
v 5.360014 32.726944 14.439550
v 3.253138 36.997719 12.741897
v 5.360014 36.652691 12.302067
v 5.360014 38.211731 10.964692
v 3.253138 38.612499 11.356709
v 5.360014 39.578972 9.439710
v 3.253138 40.028622 9.777201
v 3.253138 41.327351 7.821154
v 1.090604 41.560745 7.989005
v 1.090604 40.255386 9.947404
v -1.090602 40.255386 9.947404
v -1.090602 38.814613 11.554406
v -1.090602 37.171722 12.963709
v 1.090604 37.171722 12.963709
v 1.090604 38.814613 11.554406
v 10.994610 28.645081 12.206390
v 10.994610 30.259857 11.892207
v 9.264148 28.819084 13.499208
v 9.264148 30.604885 13.151751
v 7.589111 28.947014 14.449717
v 7.375174 30.888273 14.186263
v 7.375174 29.617773 14.433458
v 6.772950 30.959175 14.445095
v 7.375174 32.748055 13.568742
v 7.375174 34.509521 12.719057
v 7.375174 36.142536 11.651743
v 7.375174 37.619164 10.385067
v 7.375174 38.914124 8.940698
v 10.994610 31.818893 11.374545
v 9.264148 32.329044 12.579260
v 9.264148 33.962063 11.791534
v 9.264148 35.475990 10.802057
v 9.264148 36.844933 9.627750
v 9.264148 38.045464 8.288712
v 10.994610 33.295517 10.662262
v 10.994610 34.664455 9.767546
v 10.994610 35.902294 8.705700
v 7.375174 19.494862 12.719055
v 5.360014 20.935635 14.326055
v 5.360014 19.075853 13.428946
v 7.375174 21.256330 13.568740
v 9.264148 25.185303 13.499208
v 9.264148 27.002193 13.615693
v 7.837976 27.002193 14.443771
v 7.589104 25.057371 14.449720
v 9.264148 23.399502 13.151749
v 7.375174 23.116114 14.186261
v 9.264148 21.675341 12.579259
v 9.264148 20.042324 11.791533
v 9.264148 18.528393 10.802055
v 7.375174 17.861847 11.651742
v 5.360014 17.351692 12.302065
v 3.253138 18.792469 13.909065
v 3.253138 17.006664 12.741895
v 1.090604 18.649551 14.151196
v 1.090604 16.832663 12.963706
v -1.090602 18.649551 14.151196
v -1.090602 16.832663 12.963706
v 10.994610 27.002193 12.311720
v 10.994610 25.359306 12.206390
v 10.994610 23.744530 11.892207
v 10.994610 22.185493 11.374543
v 10.994610 20.708872 10.662260
v 10.994610 19.339931 9.767543
v 10.994610 18.102093 8.705699
v 9.264148 17.159454 9.627748
v 7.375174 16.385225 10.385065
v 10.994610 17.027061 7.506639
v 9.264148 15.958923 8.288707
v -9.264146 15.424696 7.506639
v -7.375175 14.110659 7.506638
v -7.375175 15.090261 8.940694
v -5.360012 14.425416 9.439705
v -5.360012 13.149061 7.506638
v -3.253140 12.677035 7.821150
v -3.253140 13.975765 9.777198
v -1.090602 12.443642 7.989001
v -1.090602 13.749001 9.947400
v -1.090602 15.189775 11.554402
v 1.090604 13.749001 9.947400
v 1.090604 15.189775 11.554402
v 3.253138 13.975765 9.777198
v 3.253138 15.391889 11.356705
v 5.360014 14.425416 9.439705
v 5.360014 15.792656 10.964688
v 7.375174 15.090261 8.940694
v 9.264148 15.424696 7.506639
v 7.375174 14.110659 7.506638
v 5.360014 13.149061 7.506638
v 3.253138 12.677035 7.821150
v 1.090604 12.443642 7.989001
v -3.253140 15.391889 11.356705
v -5.360012 15.792656 10.964688
v -7.375175 16.385225 10.385065
v -9.264146 15.958923 8.288707
v -9.264146 17.159454 9.627748
v -7.375175 17.861847 11.651742
v -9.264146 18.528393 10.802055
v -3.253140 17.006664 12.741895
v -5.360012 17.351692 12.302065
v -5.360012 19.075853 13.428946
v -7.375175 19.494862 12.719055
v -5.360012 20.935635 14.326055
v -7.375175 21.256330 13.568740
v -5.360012 21.277443 14.439550
v -6.772948 23.045212 14.445095
v -7.375175 23.116114 14.186261
v -7.375175 24.386627 14.433462
v -7.589106 25.057371 14.449718
v -9.264146 20.042324 11.791533
v -9.264146 21.675341 12.579259
v -9.264146 23.399502 13.151749
v -9.264146 25.185303 13.499208
v -12.536945 25.561420 10.704716
v -10.994608 25.359306 12.206390
v -10.994608 23.744530 11.892207
v -10.994608 22.185493 11.374543
v -10.994608 20.708872 10.662260
v -10.994608 19.339931 9.767543
v -10.994608 18.102093 8.705699
v -10.994608 17.027061 7.506639
v -12.536945 24.145300 10.429185
v -12.536945 22.778061 9.975207
v -12.536945 21.483099 9.350550
v -12.536945 20.282570 8.565906
v -12.536945 19.197014 7.634693
v -12.536945 19.082207 7.506639
v -4.912564 20.883490 14.449203
v -3.253140 19.857727 14.422920
v -3.253140 18.792469 13.909065
v -1.090602 19.213949 14.423448
v 1.090604 19.213949 14.423448
v 3.253138 19.857731 14.422920
v 4.912562 20.883488 14.449203
v 5.360014 21.277447 14.439550
v 6.772943 23.045212 14.445097
v 7.375174 24.386639 14.433465
v 11.591959 37.055241 -1.323509
v 12.305107 27.492367 -10.001036
v -7.517863 29.036013 13.841229
v -7.783065 27.002193 13.843328
v -10.079986 27.002193 12.381763
v -7.716477 28.027878 13.814116
v -10.079986 30.434937 11.959864
v -6.725492 30.953659 13.844597
v -6.740332 30.931232 13.842313
v -7.190613 30.009350 13.817853
v -10.079986 33.633747 10.722923
v -6.336546 34.724800 12.487110
v -6.336546 31.541367 13.833390
v -4.738030 33.236427 13.835968
v -2.161280 35.289570 13.400318
v -2.161280 34.542179 13.821882
v -1.015892 34.793045 13.820066
v -2.014406 34.592514 13.813877
v -6.174721 31.785889 13.816398
v -5.503457 32.558693 13.822437
v -2.978451 34.262112 13.809334
v -3.891533 33.807487 13.813348
v -6.336546 37.923611 10.195682
v -10.079986 36.380627 8.755229
v -10.938897 36.912796 7.108867
v -9.227291 38.499153 7.107116
v -7.344999 39.827801 7.094883
v -5.296436 40.765388 7.114945
v -3.186813 41.222870 7.439263
v -2.161280 38.722313 10.941316
v 2.161279 35.289570 13.400318
v 2.161279 34.542179 13.821882
v 2.014405 34.592514 13.813877
v 1.015894 34.793045 13.820066
v 4.738032 33.236427 13.835969
v 6.336545 34.724800 12.487110
v 2.978453 34.262115 13.809335
v 3.891535 33.807491 13.813347
v 1.065346 41.449532 7.606067
v -1.065346 41.449532 7.606067
v 2.161279 38.722313 10.941316
v 6.336545 37.923611 10.195682
v 10.079988 36.380627 8.755229
v 10.079988 33.633747 10.722923
v 3.186811 41.222870 7.439263
v 6.174726 31.785889 13.816397
v 5.503458 32.558693 13.822433
v 6.336545 31.541372 13.833390
v 6.725493 30.953657 13.844596
v 10.079988 30.434937 11.959864
v 10.079988 27.002193 12.381763
v 7.517869 29.036013 13.841228
v 6.740334 30.931232 13.842311
v 7.190619 30.009350 13.817847
v 7.783056 27.002193 13.843333
v 7.716483 28.027878 13.814113
v 7.517858 24.968372 13.841234
v 10.079988 23.569448 11.959864
v 7.716475 25.976507 13.814116
v 10.079988 20.370640 10.722921
v 10.938899 17.091587 7.108864
v 6.740326 23.073154 13.842314
v 7.190612 23.995035 13.817856
v 6.725486 23.050728 13.844597
v 6.336545 19.279585 12.487107
v 10.079988 17.623760 8.755227
v 6.336545 16.080776 10.195678
v 2.161279 18.714813 13.400316
v 2.161279 15.282071 10.941311
v -2.161280 15.282071 10.941311
v -2.161280 18.714813 13.400316
v -6.336546 16.080776 10.195678
v -6.336546 19.279585 12.487107
v -10.079986 17.623760 8.755227
v -10.079986 20.370640 10.722921
v -12.601616 19.548574 7.372435
v -12.601486 21.730423 9.026573
v -12.601486 20.583693 8.269114
v -10.938897 17.091587 7.108864
v -12.544099 19.306721 7.191780
v -9.227291 15.505234 7.107112
v -7.344999 14.176585 7.094879
v -5.296436 13.238995 7.114941
v -3.186813 12.781519 7.439259
v 1.065346 12.554856 7.606064
v 5.296438 13.238995 7.114941
v 7.344999 14.176585 7.094879
v 9.227293 15.505234 7.107112
v -1.065346 12.554856 7.606064
v 3.186811 12.781519 7.439259
v 4.738028 20.767960 13.835967
v 6.174719 22.218498 13.816397
v 6.336545 22.463026 13.833393
v 5.503455 21.445694 13.822437
v 2.978449 19.742275 13.809336
v 3.891531 20.196896 13.813345
v 2.161279 19.462212 13.821880
v -1.015892 19.211340 13.820065
v 2.014405 19.411871 13.813874
v 1.015890 19.211342 13.820065
v -2.161280 19.462208 13.821880
v -2.014406 19.411871 13.813874
v -4.738030 20.767960 13.835970
v -3.891533 20.196896 13.813345
v -2.978451 19.742275 13.809332
v -6.336546 22.463018 13.833390
v -6.174721 22.218498 13.816395
v -5.503457 21.445690 13.822430
v -12.601486 22.967356 9.629586
v -12.601486 24.273325 10.067834
v -10.079986 23.569448 11.959864
v -6.725492 23.050728 13.844595
v -12.601486 25.625986 10.333817
v -7.517863 24.968372 13.841229
v -6.740332 23.073151 13.842310
v -7.190613 23.995035 13.817854
v -7.716477 25.976507 13.814116
v -3.801463 33.586525 -13.757604
v -5.940881 32.943077 -13.791298
v -5.376081 32.378277 -13.757603
v -7.276064 31.203037 -13.791298
v -6.584327 30.803661 -13.757604
v -8.115394 29.176708 -13.791299
v -7.343863 28.969978 -13.757605
v -7.602926 27.002195 -13.757605
v -8.401673 27.002195 -13.791299
v -8.115394 24.827682 -13.791299
v -7.343863 25.034412 -13.757605
v -6.584327 23.200729 -13.757606
v -7.276064 22.801353 -13.791300
v -5.376081 21.626114 -13.757607
v -5.940881 21.061312 -13.791300
v -3.801463 20.417866 -13.757605
v -4.200836 19.726130 -13.791299
v -1.967782 19.658329 -13.757605
v -2.174513 18.886799 -13.791301
v 0.000000 18.600517 -13.791301
v 0.000000 19.399265 -13.757607
v 1.967782 19.658329 -13.757605
v 2.174513 18.886799 -13.791301
v 4.200836 19.726130 -13.791299
v 3.801463 20.417866 -13.757605
v 5.940881 21.061312 -13.791300
v 5.376081 21.626114 -13.757607
v 7.276064 22.801353 -13.791300
v 6.584327 23.200729 -13.757606
v 8.115394 24.827682 -13.791299
v 7.343863 25.034412 -13.757605
v 7.602926 27.002195 -13.757605
v 8.401673 27.002195 -13.791299
v 8.115394 29.176708 -13.791299
v 7.343863 28.969978 -13.757605
v 6.584327 30.803661 -13.757604
v 7.276064 31.203037 -13.791298
v 5.376081 32.378277 -13.757603
v 5.940881 32.943077 -13.791298
v 3.801463 33.586525 -13.757604
v 4.200836 34.278259 -13.791298
v 1.967782 34.346062 -13.757604
v 2.174513 35.117592 -13.791298
v 0.000000 35.403873 -13.791298
v 0.000000 34.605125 -13.757604
v -1.967782 34.346062 -13.757604
v -2.174513 35.117592 -13.791298
v -4.200836 34.278259 -13.791298
v 3.714930 33.436646 -14.793545
v 3.801463 33.586525 -14.923765
v 5.376081 32.378277 -14.923765
v 1.922989 34.178890 -14.793545
v 1.967782 34.346062 -14.923765
v 0.000000 34.605125 -14.923765
v 0.000000 34.432056 -14.793545
v -1.922989 34.178890 -14.793545
v -1.967782 34.346062 -14.923765
v -3.801463 33.586525 -14.923765
v -3.714930 33.436646 -14.793545
v -5.376081 32.378277 -14.923765
v -5.253704 32.255901 -14.793545
v -6.584327 30.803661 -14.923765
v -6.434447 30.717125 -14.793545
v -7.343863 28.969978 -14.923766
v -7.176692 28.925186 -14.793546
v -7.429860 27.002195 -14.793546
v -7.602926 27.002195 -14.923766
v -7.343863 25.034412 -14.923766
v -7.176692 25.079205 -14.793547
v -6.434447 23.287264 -14.793547
v -6.584327 23.200729 -14.923766
v -5.253704 21.748489 -14.793547
v -5.376081 21.626114 -14.923767
v -3.714930 20.567745 -14.793547
v -3.801463 20.417866 -14.923767
v -1.922989 19.825499 -14.793546
v -1.967782 19.658329 -14.923767
v 0.000000 19.399265 -14.923767
v 0.000000 19.572332 -14.793546
v 1.922989 19.825499 -14.793546
v 1.967782 19.658329 -14.923767
v 3.801463 20.417866 -14.923767
v 3.714930 20.567745 -14.793547
v 5.376081 21.626114 -14.923767
v 5.253704 21.748489 -14.793547
v 6.584327 23.200729 -14.923766
v 6.434447 23.287264 -14.793547
v 7.343863 25.034412 -14.923766
v 7.176692 25.079205 -14.793547
v 7.429860 27.002195 -14.793546
v 7.602926 27.002195 -14.923766
v 7.343863 28.969978 -14.923766
v 7.176692 28.925186 -14.793546
v 6.434447 30.717125 -14.793545
v 6.584327 30.803661 -14.923765
v 5.253704 32.255901 -14.793545
v -8.115394 24.827682 -14.258214
v -7.276064 22.801353 -14.258215
v -5.940881 21.061312 -14.258215
v -4.200836 19.726130 -14.258214
v -2.174513 18.886799 -14.258216
v 0.000000 18.600517 -14.258216
v 4.200836 34.278259 -14.258213
v 5.940881 32.943077 -14.258213
v 2.174513 35.117592 -14.258213
v 0.000000 35.403873 -14.258213
v -2.174513 35.117592 -14.258213
v -4.200836 34.278259 -14.258213
v -5.940881 32.943077 -14.258213
v -7.276064 31.203037 -14.258213
v -8.115394 29.176708 -14.258214
v -8.401673 27.002195 -14.258214
v 2.174513 18.886799 -14.258216
v 4.200836 19.726130 -14.258214
v 5.940881 21.061312 -14.258215
v 7.276064 22.801353 -14.258215
v 8.115394 24.827682 -14.258214
v 8.401673 27.002195 -14.258214
v 8.115394 29.176708 -14.258214
v 7.276064 31.203037 -14.258213
v -12.601486 25.625988 -10.333817
v -12.601486 27.002197 -10.422989
v -12.536945 27.002197 -10.797087
v -12.536945 25.561424 -10.704716
v -12.601486 24.273327 -10.067835
v -12.536945 24.145302 -10.429186
v -12.601486 22.967358 -9.629588
v -12.536945 22.778065 -9.975208
v -12.601486 21.730425 -9.026575
v -12.536945 21.483101 -9.350552
v -12.601486 20.583694 -8.269115
v -12.536945 20.282570 -8.565907
v -12.601616 19.548576 -7.372437
v -12.536945 19.197016 -7.634696
v -12.544099 19.306723 -7.191782
v -12.536945 19.082207 -7.506640
v 12.601486 31.037033 -9.629586
v 12.601486 29.731064 -10.067834
v 12.536946 29.859089 -10.429185
v 12.536946 31.226330 -9.975207
v 12.601486 32.273964 -9.026573
v 12.536946 32.521294 -9.350550
v 12.601486 33.420696 -8.269114
v 12.536946 33.721821 -8.565906
v 12.601616 34.455814 -7.372435
v 12.536946 34.807373 -7.634693
v 12.538554 34.685902 -7.173351
v 12.536946 34.922184 -7.506639
v 12.544101 19.306723 -7.191782
v 12.536946 19.082207 -7.506640
v 12.536946 19.197016 -7.634696
v 12.601616 19.548576 -7.372437
v 12.536946 20.282570 -8.565907
v 12.601486 20.583694 -8.269115
v 12.536946 21.483101 -9.350552
v 12.601486 21.730425 -9.026575
v 12.536946 22.778065 -9.975208
v 12.601486 22.967358 -9.629588
v 12.536946 24.145302 -10.429186
v 12.601486 24.273327 -10.067835
v 12.536946 25.561424 -10.704716
v 12.601486 25.625988 -10.333817
v 12.536946 27.002197 -10.797087
v 12.601486 27.002197 -10.422989
v 12.601486 28.378403 -10.333817
v 12.536946 28.442968 -10.704716
v -10.994608 25.359310 -12.206390
v -10.994608 23.744534 -11.892207
v -10.994608 22.185497 -11.374544
v -10.994608 20.708874 -10.662262
v -10.994608 19.339933 -9.767545
v -10.994608 18.102093 -8.705701
v -10.994608 17.027063 -7.506641
v -10.994608 27.002197 -12.311720
v -9.264146 27.002197 -13.615693
v -9.264146 25.185307 -13.499208
v -9.264146 23.399504 -13.151752
v -9.264146 21.675344 -12.579261
v -9.264146 20.042328 -11.791536
v -9.264146 18.528397 -10.802057
v -9.264146 17.159456 -9.627748
v -9.264146 15.958925 -8.288710
v -9.264146 15.424697 -7.506640
v -7.375175 15.090264 -8.940698
v -7.837985 27.002197 -14.443767
v -7.589106 25.057375 -14.449718
v -7.375175 23.116117 -14.186264
v -7.375175 21.256334 -13.568742
v -7.375175 19.494865 -12.719057
v -7.375175 17.861851 -11.651745
v -7.375175 16.385227 -10.385067
v -5.360012 15.792660 -10.964692
v -5.360012 14.425419 -9.439710
v -3.253140 15.391891 -11.356708
v -3.253140 13.975768 -9.777203
v -7.375175 24.386631 -14.433464
v -6.772948 23.045216 -14.445097
v -5.360012 21.277447 -14.439552
v 7.375174 17.861851 -11.651745
v 5.360014 17.351696 -12.302067
v 5.360014 19.075857 -13.428949
v 3.253138 18.792471 -13.909066
v 3.253138 17.006668 -12.741896
v 1.090604 18.649555 -14.151198
v 1.090604 16.832664 -12.963707
v -1.090602 18.649555 -14.151198
v -1.090602 16.832664 -12.963707
v -3.253140 17.006668 -12.741896
v -5.360012 17.351696 -12.302067
v -5.360012 19.075857 -13.428949
v -5.360012 20.935638 -14.326057
v -3.253140 18.792471 -13.909066
v -4.912564 20.883492 -14.449203
v -3.253140 19.857733 -14.422922
v -1.090602 19.213953 -14.423450
v 1.090604 19.213953 -14.423450
v 3.253138 19.857735 -14.422922
v 4.912562 20.883492 -14.449206
v 5.360014 20.935638 -14.326057
v 5.360014 21.277451 -14.439552
v 7.375174 21.256334 -13.568742
v 6.772943 23.045214 -14.445100
v 7.375174 23.116117 -14.186264
v 7.375174 24.386644 -14.433464
v 7.589104 25.057375 -14.449720
v 7.375174 19.494865 -12.719057
v 7.375174 32.748058 -13.568740
v 7.375174 30.888277 -14.186261
v 6.772950 30.959179 -14.445095
v 7.375174 29.617775 -14.433460
v 7.589111 28.947018 -14.449717
v 9.264148 30.604889 -13.151749
v 9.264148 28.819086 -13.499208
v 7.837976 27.002197 -14.443771
v 9.264148 27.002197 -13.615693
v 9.264148 25.185307 -13.499208
v 9.264148 23.399504 -13.151752
v 9.264148 21.675344 -12.579261
v 9.264148 20.042328 -11.791536
v 9.264148 18.528397 -10.802057
v 9.264148 32.329048 -12.579259
v 9.264148 33.962063 -11.791533
v 7.375174 34.509525 -12.719055
v 5.360014 33.068752 -14.326055
v 5.360014 34.928535 -13.428946
v 10.994610 22.185497 -11.374544
v 10.994610 23.744534 -11.892207
v 10.994610 25.359310 -12.206390
v 10.994610 27.002197 -12.311720
v 10.994610 28.645084 -12.206390
v 10.994610 30.259859 -11.892207
v 10.994610 31.818897 -11.374543
v 10.994610 33.295517 -10.662260
v 10.994610 34.664459 -9.767543
v 9.264148 35.475994 -10.802055
v 7.375174 36.142540 -11.651742
v 10.994610 35.902294 -8.705699
v 9.264148 36.844936 -9.627748
v 7.375174 37.619164 -10.385065
v 5.360014 36.652695 -12.302065
v 5.360014 38.211731 -10.964688
v 3.253138 36.997726 -12.741895
v 3.253138 38.612503 -11.356705
v 10.994610 36.977325 -7.506639
v 11.791021 35.983391 -7.506639
v -9.264146 38.579697 -7.506639
v -7.375175 39.893730 -7.506638
v -7.375175 38.914124 -8.940694
v -5.360012 39.578976 -9.439705
v -5.360012 40.855324 -7.506638
v -3.253140 41.327354 -7.821150
v -3.253140 40.028622 -9.777198
v -1.090602 41.560745 -7.989001
v -1.090602 40.255386 -9.947400
v 1.090604 40.255386 -9.947400
v 1.090604 38.814613 -11.554402
v 3.253138 40.028622 -9.777198
v 5.360014 39.578976 -9.439705
v 7.375174 38.914124 -8.940694
v 9.264148 38.045464 -8.288707
v 9.264148 38.579697 -7.506639
v 7.375174 39.893730 -7.506638
v 5.360014 40.855324 -7.506638
v 3.253138 41.327354 -7.821150
v 1.090604 41.560745 -7.989001
v 1.090604 37.171730 -12.963706
v -1.090602 38.814613 -11.554402
v -3.253140 38.612503 -11.356705
v -5.360012 38.211731 -10.964688
v -7.375175 37.619164 -10.385065
v -9.264146 38.045464 -8.288707
v -9.264146 36.844936 -9.627748
v -7.375175 36.142540 -11.651742
v -9.264146 35.475994 -10.802055
v -7.375175 34.509525 -12.719055
v -9.264146 33.962063 -11.791533
v -7.375175 32.748058 -13.568740
v -9.264146 32.329048 -12.579259
v 3.253138 35.211922 -13.909065
v 1.090604 35.354836 -14.151196
v -1.090602 37.171730 -12.963706
v -3.253140 36.997726 -12.741895
v -5.360012 36.652695 -12.302065
v -5.360012 34.928535 -13.428946
v -5.360012 33.068752 -14.326055
v -5.360012 32.726948 -14.439550
v -4.912568 33.120903 -14.449203
v -3.253140 34.146660 -14.422918
v -3.253140 35.211922 -13.909065
v -1.090602 35.354836 -14.151196
v 1.090604 34.790443 -14.423446
v 3.253138 34.146664 -14.422918
v 4.912570 33.120903 -14.449203
v 5.360014 32.726948 -14.439548
v -1.090602 34.790443 -14.423447
v -6.772948 30.959179 -14.445095
v -7.375175 30.888277 -14.186261
v -7.375175 29.617760 -14.433463
v -7.589106 28.947018 -14.449718
v -9.264146 30.604889 -13.151749
v -9.264146 28.819086 -13.499208
v -12.536945 28.442968 -10.704716
v -10.994608 28.645084 -12.206390
v -10.994608 30.259859 -11.892207
v -10.994608 31.818897 -11.374543
v -10.994608 33.295517 -10.662260
v -10.994608 34.664459 -9.767543
v -10.994608 35.902294 -8.705699
v -10.994608 36.977325 -7.506639
v -12.536945 29.859089 -10.429185
v -12.536945 31.226330 -9.975207
v -12.536945 32.521294 -9.350550
v -12.536945 33.721821 -8.565906
v -12.536945 34.807373 -7.634693
v -12.536945 34.922184 -7.506639
v 5.296438 40.765392 -7.114941
v 2.161279 38.722321 -10.941311
v 6.336545 37.923611 -10.195678
v 1.065346 41.449532 -7.606064
v 3.186811 41.222870 -7.439259
v 7.344999 39.827805 -7.094879
v 9.227293 38.499153 -7.107112
v 10.079988 36.380627 -8.755227
v -1.065346 41.449532 -7.606064
v -3.186813 41.222870 -7.439259
v -2.161280 38.722321 -10.941311
v 2.161279 35.289574 -13.400316
v 6.336545 34.724804 -12.487107
v 10.079988 33.633751 -10.722921
v 10.938899 36.912800 -7.108864
v 10.079988 30.434940 -11.959864
v 6.725493 30.953661 -13.844594
v 6.336545 31.541376 -13.833388
v 4.738032 33.236431 -13.835967
v 6.174726 31.785892 -13.816395
v 5.503458 32.558697 -13.822430
v 2.978453 34.262119 -13.809332
v 3.891535 33.807495 -13.813344
v 2.161279 34.542183 -13.821880
v 10.079988 27.002197 -12.381763
v 7.517869 29.036016 -13.841228
v 6.740334 30.931236 -13.842310
v 7.190619 30.009354 -13.817848
v -1.015892 34.793049 -13.820065
v 2.014405 34.592522 -13.813874
v 1.015894 34.793049 -13.820065
v -2.161280 35.289574 -13.400316
v -2.161280 34.542183 -13.821880
v -2.014406 34.592522 -13.813874
v 6.725486 23.050732 -13.844600
v 10.079988 20.370644 -10.722922
v 10.079988 23.569450 -11.959864
v 7.517858 24.968376 -13.841234
v 7.783056 27.002197 -13.843333
v 7.716483 28.027882 -13.814113
v 7.716475 25.976511 -13.814116
v 6.740326 23.073158 -13.842316
v 7.190612 23.995041 -13.817856
v 6.336545 22.463030 -13.833393
v 6.336545 19.279589 -12.487110
v -9.227291 38.499153 -7.107112
v -10.938897 36.912800 -7.108864
v -10.079986 36.380627 -8.755227
v -6.336546 37.923611 -10.195678
v -6.336546 34.724804 -12.487107
v -4.738030 33.236427 -13.835967
v -2.978451 34.262115 -13.809332
v -3.891533 33.807495 -13.813345
v -7.344999 39.827805 -7.094879
v -5.296436 40.765392 -7.114941
v -12.601486 32.273964 -9.026573
v -12.601486 31.037033 -9.629586
v -12.601486 29.731064 -10.067834
v -10.079986 30.434940 -11.959864
v -10.079986 33.633751 -10.722921
v -6.725492 30.953663 -13.844595
v -6.336546 31.541370 -13.833389
v -6.174721 31.785892 -13.816396
v -5.503457 32.558697 -13.822433
v -12.601616 34.455814 -7.372435
v -12.601486 33.420696 -8.269114
v -12.544099 34.697670 -7.191780
v -12.601486 28.378403 -10.333817
v -10.079986 27.002197 -12.381763
v -7.517863 29.036016 -13.841229
v -6.740332 30.931236 -13.842311
v -7.190613 30.009354 -13.817854
v -7.783065 27.002197 -13.843328
v -7.716477 28.027882 -13.814116
v 1.015890 19.211344 -13.820066
v -2.014406 19.411875 -13.813877
v -2.161280 19.462212 -13.821882
v -1.015892 19.211344 -13.820068
v 2.161279 19.462214 -13.821881
v 2.014405 19.411875 -13.813877
v -4.738030 20.767963 -13.835972
v -2.978451 19.742277 -13.809334
v -3.891533 20.196899 -13.813346
v -2.161280 18.714817 -13.400318
v 2.161279 18.714817 -13.400318
v 4.738028 20.767963 -13.835969
v 2.978449 19.742279 -13.809338
v 3.891531 20.196899 -13.813347
v -6.336546 19.279589 -12.487110
v -10.079986 20.370644 -10.722922
v -10.079986 17.623764 -8.755229
v -6.336546 16.080780 -10.195682
v -2.161280 15.282074 -10.941314
v 2.161279 15.282074 -10.941314
v 6.336545 16.080780 -10.195682
v 6.174719 22.218502 -13.816397
v 5.503455 21.445698 -13.822439
v -10.938897 17.091591 -7.108868
v -9.227291 15.505237 -7.107116
v -7.344999 14.176587 -7.094883
v -5.296436 13.238997 -7.114945
v -3.186813 12.781521 -7.439263
v 1.065346 12.554858 -7.606068
v 5.296438 13.238997 -7.114945
v 7.344999 14.176587 -7.094883
v 9.227293 15.505237 -7.107116
v 10.079988 17.623764 -8.755229
v -1.065346 12.554858 -7.606068
v 3.186811 12.781521 -7.439263
v 10.938899 17.091591 -7.108868
v -7.517863 24.968376 -13.841229
v -7.716477 25.976511 -13.814116
v -10.079986 23.569450 -11.959864
v -6.725492 23.050732 -13.844597
v -6.740332 23.073154 -13.842312
v -7.190613 23.995039 -13.817854
v -6.336546 22.463022 -13.833393
v -6.174721 22.218502 -13.816399
v -5.503457 21.445694 -13.822433
v 12.161135 34.024387 -7.022188
v 12.161135 33.889549 -6.887351
v 8.577826 14.392034 -1.914981
v 9.459163 15.040966 -1.431167
v 9.459163 15.040966 -1.914981
v 8.577826 14.392035 -1.431167
v 6.829117 13.364841 -1.914981
v 6.829117 13.364841 -1.431167
v 4.963588 12.578660 -1.914981
v 4.963588 12.578660 -1.431167
v 3.013157 12.046947 -1.431167
v 3.013157 12.046947 -1.914981
v 1.011197 11.778796 -1.914981
v 1.011197 11.778796 -1.431167
v -1.008044 11.778796 -1.914981
v -1.008044 11.778797 -1.431168
v -3.010004 12.046947 -1.914981
v -3.010004 12.046947 -1.431168
v -4.960434 12.578660 -1.914981
v -4.960434 12.578660 -1.431166
v -6.825963 13.364840 -1.431167
v -6.825963 13.364841 -1.914981
v -7.809380 13.907859 -1.431167
v -7.809380 13.907859 -1.914981
v 10.472388 36.599991 2.571725
v 11.030092 34.377659 1.976249
v 10.472388 34.377659 1.976249
v 10.472389 32.401409 5.399213
v 10.472388 34.028275 7.026079
v 11.030092 32.401409 5.399214
v 9.702660 36.182205 3.802486
v 9.039286 35.607346 4.968188
v 9.702660 34.885250 6.048883
v 10.472388 24.430473 -9.597800
v 11.030092 25.025944 -7.375464
v 10.472388 25.025944 -7.375464
v 10.472389 28.978441 -7.375463
v 10.472388 29.573917 -9.597802
v 11.030092 28.978443 -7.375464
v 9.702660 25.705236 -9.851367
v 9.039286 27.002193 -9.936377
v 9.702660 28.299150 -9.851368
v 10.472388 19.976114 7.026075
v 11.030092 21.602980 5.399215
v 10.472388 21.602980 5.399215
v 10.472389 19.626730 1.976250
v 10.472388 17.404392 2.571723
v 11.030092 19.626730 1.976250
v 9.702660 19.119137 6.048881
v 9.039286 18.397038 4.968187
v 9.702660 17.822180 3.802485
v 14.258734 24.298954 6.574030
v 14.258736 24.214811 6.832997
v 14.258734 24.078665 6.734081
v 14.258734 24.383099 6.832997
v 14.258736 24.519245 6.734081
v 14.258734 24.571247 6.574030
v 14.258734 24.519245 6.413980
v 14.258736 24.383099 6.315064
v 14.258736 24.214811 6.315064
v 14.258734 24.078665 6.413980
v 14.258734 24.026661 6.574030
v 14.388780 22.379362 5.391546
v 14.388780 22.295218 5.650512
v 14.388779 22.159071 5.551596
v 14.388779 22.463505 5.650512
v 14.388780 22.599651 5.551596
v 14.388779 22.651655 5.391546
v 14.388779 22.599651 5.231496
v 14.388780 22.463505 5.132579
v 14.388780 22.295219 5.132579
v 14.388779 22.159073 5.231496
v 14.388779 22.107069 5.391546
v 14.258734 23.226772 6.096818
v 14.258736 23.142630 6.355784
v 14.258734 23.006483 6.256868
v 14.258734 23.310915 6.355784
v 14.258736 23.447062 6.256868
v 14.258734 23.499065 6.096818
v 14.258734 23.447062 5.936768
v 14.258736 23.310917 5.837852
v 14.258736 23.142630 5.837852
v 14.258734 23.006483 5.936768
v 14.258734 22.954479 6.096818
v -8.923816 31.767519 5.353007
v -8.923813 31.467611 5.570901
v -8.923813 31.922634 6.025923
v -8.923816 31.175472 4.997540
v -8.923816 31.528030 4.882986
v -8.923816 31.074806 4.361964
v -8.923816 31.445509 4.361964
v -8.923816 31.528030 3.840943
v -8.923816 31.175472 3.726389
v -8.923816 31.767519 3.370922
v -8.923816 31.467613 3.153027
v -8.923815 32.140530 2.997912
v -8.923815 31.922636 2.698005
v -8.923815 32.610550 2.758424
v -8.923816 32.495995 2.405863
v -8.923816 33.131573 2.675902
v -8.923816 33.131573 2.305197
v -8.923816 33.767151 2.405862
v -8.923816 33.652596 2.758425
v -8.923815 34.340508 2.698005
v -8.923816 34.122616 2.997912
v -8.923816 34.495628 3.370922
v -8.923816 34.795532 3.153027
v -8.923815 34.735115 3.840944
v -8.923816 35.087677 3.726390
v -8.923816 34.817635 4.361964
v -8.923815 35.188339 4.361966
v -8.923816 34.735115 4.882986
v -8.923816 35.087677 4.997540
v -8.923816 34.795532 5.570901
v -8.923815 34.495625 5.353007
v -8.923816 34.340508 6.025924
v -8.923816 34.122616 5.726018
v -8.923816 33.767151 6.318067
v -8.923816 33.652596 5.965506
v -8.923816 33.131573 6.418732
v -8.923816 33.131573 6.048028
v -8.923816 32.495995 6.318068
v -8.923815 32.610550 5.965506
v -8.923815 32.140530 5.726018
v -10.754674 31.528030 3.840943
v -10.754674 31.767519 3.370922
v -10.754674 31.445509 4.361964
v -10.754674 31.528030 4.882986
v -10.754674 31.767519 5.353007
v -10.754673 32.140530 5.726018
v -10.754673 32.610550 5.965506
v -10.754674 33.131573 6.048028
v -10.754674 33.652596 5.965506
v -10.754674 34.122616 5.726018
v -10.754673 34.495625 5.353007
v -10.754674 34.735115 4.882986
v -10.754674 34.817635 4.361964
v -10.754673 34.735115 3.840944
v -10.754674 34.495628 3.370923
v -10.754674 34.122616 2.997912
v -10.754674 33.652596 2.758425
v -10.754674 33.131573 2.675902
v -10.754673 32.610550 2.758424
v -10.754673 32.140530 2.997912
v -10.754674 33.131573 4.361964
v -8.252553 34.061493 3.082037
v -8.252552 33.620461 2.857319
v -8.252552 34.411499 3.432043
v -8.252553 34.636219 3.873077
v -8.252553 34.713650 4.361965
v -8.252553 34.636219 4.850853
v -8.252553 34.411499 5.291886
v -8.252553 34.061493 5.641892
v -8.252552 33.620461 5.866611
v -8.252553 33.131573 5.944043
v -8.252553 32.642685 5.866611
v -8.252553 32.201649 5.641891
v -8.252553 31.851646 5.291886
v -8.252552 31.626926 4.850853
v -8.252553 31.549494 4.361964
v -8.252552 31.626926 3.873076
v -8.252553 31.851646 3.432043
v -8.252553 32.201653 3.082038
v -8.252553 32.642685 2.857319
v -8.252553 33.131573 2.779887
v -10.570639 34.619209 4.845326
v -10.570639 34.397034 5.281374
v -10.570639 34.600712 5.429358
v -10.570639 34.858654 4.923126
v -10.570639 34.947533 4.361964
v -10.570639 34.695766 4.361962
v -10.570639 34.858654 3.800802
v -10.570638 34.619213 3.878601
v -10.570639 34.600716 3.294570
v -10.570638 34.397034 3.442552
v -10.570638 34.198967 2.892823
v -10.570638 34.030758 3.083670
v -10.570638 28.114796 -1.504199
v -10.570638 28.250744 -1.718486
v -10.570639 27.002193 -1.872401
v -10.570639 27.002193 -2.124164
v -10.570639 25.753641 -1.718485
v -10.570639 25.901623 -1.514804
v -10.570639 24.981993 -0.656403
v -10.570639 25.221434 -0.578604
v -10.570639 24.981993 0.656402
v -10.570639 25.221434 0.578603
v -10.570639 25.753639 1.718483
v -10.570639 25.913349 1.521585
v -10.570639 32.064178 5.831104
v -10.570639 32.191628 5.610768
v -10.570638 32.648209 5.849603
v -10.570639 32.570412 6.089044
v -10.570638 33.131573 5.926160
v -10.570639 33.131573 6.177923
v -10.570639 33.614937 5.849602
v -10.570639 33.692734 6.089045
v -10.570639 34.198967 5.831105
v -10.570639 34.050983 5.627423
v -6.891129 13.225266 -1.914981
v -7.809380 13.730791 -1.431167
v -7.809380 13.730791 -1.914981
v -6.891129 13.225265 -1.431167
v -5.007903 12.431627 -1.914982
v -5.007903 12.431627 -1.431168
v -3.038968 11.894870 -1.431167
v -3.038968 11.894869 -1.914982
v -1.018016 11.625284 -1.431168
v -1.018016 11.625284 -1.914982
v 1.020381 11.625284 -1.431168
v 1.020381 11.625284 -1.914982
v 3.041333 11.894869 -1.431168
v 3.041333 11.894869 -1.914982
v 5.010267 12.431626 -1.431167
v 5.010267 12.431627 -1.914982
v 6.893495 13.225266 -1.431167
v 6.893495 13.225266 -1.914981
v 8.658793 14.262205 -1.431167
v 8.658794 14.262204 -1.914981
v 9.459163 14.850511 -1.431167
v 9.459163 14.850511 -1.914981
v -8.995555 25.901623 -1.514804
v -8.995555 27.002193 -1.872401
v -8.995555 28.114796 -1.504199
v -8.995555 34.030758 3.083670
v -8.995555 34.397034 3.442552
v -8.995555 34.619213 3.878601
v -8.995554 34.695766 4.361963
v -8.995555 34.619209 4.845326
v -8.995555 34.397034 5.281374
v -8.995555 34.050983 5.627423
v -8.995555 33.614937 5.849602
v -8.995555 33.131573 5.926160
v -8.995555 32.648209 5.849603
v -8.995555 32.191628 5.610768
v -8.995555 25.913349 1.521585
v -8.995555 25.221434 0.578603
v -8.995555 25.221434 -0.578604
v -8.995555 28.786751 -0.579838
v -7.855872 29.377138 -0.771667
v -7.855873 28.469992 -2.020250
v -7.855873 29.377138 0.771666
v -8.995555 28.786749 0.579837
v -7.855874 28.469990 2.020248
v -8.995556 28.105108 1.518033
v -8.995555 27.002192 1.876392
v -7.855873 27.002192 2.497165
v -7.855873 25.534397 2.020248
v -8.995555 25.899277 1.518033
v -7.855873 24.627247 0.771666
v -8.995555 25.217636 0.579837
v -7.855873 24.627247 -0.771667
v -8.995555 25.217636 -0.579838
v -7.855873 25.534397 -2.020251
v -8.995555 25.899277 -1.518035
v -8.995555 27.002193 -1.876394
v -7.855873 27.002193 -2.497167
v -8.995555 28.105110 -1.518035
v -8.873208 28.873611 -0.350633
v -8.873207 34.445793 0.350631
v -8.873207 34.445793 -0.350632
v -8.873208 28.873611 0.350630
v -8.218409 28.873611 -0.350633
v -8.218408 35.289017 -0.350632
v -8.218408 35.289017 0.350631
v -8.218409 28.873611 0.350630
v -9.043378 32.399006 1.446074
v -8.218409 32.399006 1.446074
v -8.218409 32.589378 0.000001
v -9.043378 31.840843 2.793598
v -8.218409 31.840845 2.793599
v -9.043378 30.952934 3.950743
v -8.218409 30.952934 3.950743
v -8.218409 29.795790 4.838652
v -9.043378 29.795790 4.838652
v -8.218409 28.448265 5.396814
v -9.043378 28.448263 5.396814
v -9.043378 27.002193 5.587193
v -8.218409 27.002193 5.587194
v -8.218409 25.556122 5.396814
v -8.218409 24.208597 -4.838652
v -9.043378 23.051453 -3.950743
v -9.043378 24.208597 -4.838652
v -8.218409 25.556122 -5.396814
v -9.043378 25.556124 -5.396814
v -8.218409 27.002193 -5.587193
v -9.043378 27.002193 -5.587193
v -8.218409 28.448265 -5.396814
v -9.043378 28.448265 -5.396814
v -9.043377 29.795790 -4.838651
v -8.218409 29.795790 -4.838651
v -9.043377 30.952936 -3.950742
v -8.218409 30.952936 -3.950742
v -8.218409 31.840843 -2.793597
v -9.043378 31.840845 -2.793597
v -8.218409 32.399006 -1.446073
v -9.043379 32.399006 -1.446071
v -9.043378 32.589378 0.000001
v -9.043378 25.556122 5.396814
v -8.218409 24.208597 4.838651
v -9.043378 24.208597 4.838651
v -9.043378 23.051453 3.950742
v -8.218409 23.051453 3.950742
v -8.218410 22.163542 2.793597
v -9.043378 22.163544 2.793597
v -9.043378 21.605381 1.446071
v -8.218409 21.605381 1.446071
v -8.218409 21.415009 -0.000001
v -9.043378 21.415007 -0.000001
v -9.043378 21.605381 -1.446074
v -8.218409 21.605381 -1.446074
v -9.043378 22.163544 -2.793598
v -8.218409 22.163542 -2.793599
v -8.218409 23.051453 -3.950743
v -6.946472 13.105343 -1.893208
v -7.798350 13.572714 -1.893208
v -4.953428 12.599029 -1.893207
v -5.048231 12.305378 -1.893208
v -3.063600 11.764339 -1.893208
v -1.006619 11.800294 -1.893207
v -1.026536 11.493704 -1.893208
v 1.028112 11.493704 -1.893208
v 3.008903 12.068066 -1.893208
v 3.065176 11.764339 -1.893208
v 5.049807 12.305378 -1.893208
v 6.819474 13.384099 -1.893207
v 6.948048 13.105343 -1.893208
v 8.727420 14.150549 -1.893207
v 9.445806 15.057858 -1.893207
v 9.445806 14.677485 -1.893207
v -9.043377 21.853714 -0.000000
v -8.218407 21.853714 -0.000000
v -8.218409 22.029142 -1.332527
v -8.218409 22.029140 1.332525
v -9.043377 22.029142 1.332525
v -9.043377 22.543474 2.574243
v -8.218408 22.543474 2.574243
v -8.218408 23.361666 3.640527
v -9.043377 23.361666 3.640528
v -8.218409 24.427950 4.458717
v -9.043378 24.427950 4.458717
v -9.043378 25.669668 4.973053
v -8.218409 25.669668 4.973053
v -9.043378 27.002193 5.148487
v -9.043378 30.642721 -3.640528
v -8.218409 30.642721 -3.640528
v -8.218409 31.460911 -2.574242
v -9.043377 29.576437 -4.458718
v -8.218409 29.576437 -4.458718
v -9.043377 28.334719 -4.973053
v -8.218408 28.334719 -4.973053
v -8.218409 27.002193 -5.148487
v -9.043378 27.002193 -5.148488
v -8.218409 25.669670 -4.973053
v -9.043378 25.669670 -4.973053
v -9.043378 24.427952 -4.458719
v -8.218409 24.427952 -4.458718
v -9.043377 23.361668 -3.640529
v -8.218408 23.361668 -3.640529
v -9.043377 22.543476 -2.574244
v -8.218408 22.543476 -2.574244
v -9.043377 22.029142 -1.332527
v -8.218409 27.002193 5.148487
v -8.218409 28.334717 4.973053
v -9.043378 28.334717 4.973053
v -9.043378 29.576435 4.458719
v -8.218409 29.576435 4.458718
v -9.043377 30.642719 3.640529
v -8.218408 30.642719 3.640529
v -9.043377 31.460911 2.574244
v -8.218408 31.460911 2.574244
v -8.218409 31.975245 1.332527
v -9.043377 31.975245 1.332527
v -8.218409 32.150673 0.000000
v -9.043377 32.150673 0.000000
v -8.218409 31.975246 -1.332525
v -9.043379 31.975246 -1.332525
v -9.043378 31.460911 -2.574243
v -8.218409 26.435835 -2.113676
v -8.218410 22.572832 -7.671876
v -8.218409 25.908073 -1.895072
v -8.218410 20.738132 -6.264063
v -8.218409 25.454874 -1.547320
v -8.218410 19.330322 -4.429364
v -8.218409 25.107124 -1.094121
v -8.218409 24.888517 -0.566359
v -8.218409 18.445324 -2.292806
v -8.218409 24.813953 -0.000002
v -8.218409 18.143469 -0.000002
v -8.218410 18.445324 2.292805
v -8.218409 24.888515 0.566356
v -8.218410 19.330322 4.429361
v -8.218410 25.107122 1.094117
v -8.218409 25.454874 1.547314
v -8.218409 20.738132 6.264058
v -8.218409 22.572830 7.671871
v -8.218409 25.908072 1.895066
v -8.218409 26.435835 2.113672
v -8.218409 24.709389 8.556867
v -8.218409 27.002192 2.188234
v -8.218409 27.002192 8.858724
v -8.218409 29.294998 8.556867
v -8.218409 27.568548 2.113671
v -8.218409 31.431553 7.671872
v -8.218409 28.096310 1.895066
v -8.218409 33.266251 6.264058
v -8.218409 28.549507 1.547313
v -8.218409 34.674061 4.429362
v -8.218409 28.897259 1.094116
v -8.218409 29.115864 0.566355
v -8.218409 35.559059 2.292808
v -8.218409 29.190428 -0.000002
v -8.218409 35.860912 0.000001
v -8.218409 29.115868 -0.566359
v -8.218409 35.559067 -2.292803
v -8.218409 34.674072 -4.429362
v -8.218409 28.897261 -1.094121
v -8.218409 33.266258 -6.264061
v -8.218409 28.549509 -1.547319
v -8.218410 31.431561 -7.671875
v -8.218409 28.096312 -1.895071
v -8.218409 27.568550 -2.113677
v -8.218409 29.295002 -8.556871
v -8.218409 27.002192 -2.188240
v -8.218409 27.002195 -8.858728
v -8.218409 24.709393 -8.556870
v -8.873208 26.370140 1.796012
v -8.873209 22.976736 6.271030
v -8.873209 23.584049 6.621663
v -8.873208 25.762827 1.445380
v -8.218409 26.370140 1.796012
v -8.218410 23.162436 7.351915
v -8.218410 22.555124 7.001284
v -8.218409 25.762827 1.445380
v -8.873208 25.130774 0.350631
v -8.873209 19.558592 -0.350633
v -8.873209 19.558590 0.350630
v -8.873208 25.130774 -0.350632
v -8.218409 25.130774 0.350631
v -8.218410 18.715368 0.350630
v -8.218410 18.715368 -0.350633
v -8.218409 25.130774 -0.350632
v -8.873208 26.370138 -1.796013
v -8.873208 22.976738 -6.271032
v -8.873208 25.762827 -1.445381
v -8.873208 23.584049 -6.621664
v -8.218409 25.762827 -1.445381
v -8.218410 22.555124 -7.001286
v -8.218410 23.162437 -7.351917
v -8.218409 26.370138 -1.796013
v -8.873208 27.634247 -1.796013
v -8.873207 31.027649 -6.271030
v -8.873207 30.420338 -6.621663
v -8.873208 28.241558 -1.445382
v -8.218409 27.634247 -1.796013
v -8.218407 30.841949 -7.351914
v -8.218407 31.449261 -7.001284
v -8.218409 28.241558 -1.445381
v -8.873208 28.241558 1.445380
v -8.873207 30.420338 6.621661
v -8.873207 31.027649 6.271031
v -8.873208 27.634247 1.796011
v -8.218409 28.241558 1.445380
v -8.218408 31.449261 7.001282
v -8.218408 30.841948 7.351914
v -8.218409 27.634247 1.796012
v -13.621907 29.056349 -1.492433
v -13.488286 29.164452 -1.570973
v -13.488286 28.573166 -2.162259
v -13.621907 29.417000 -0.784618
v -13.488286 29.544079 -0.825910
v -13.488286 29.674891 -0.000001
v -13.621907 29.541269 -0.000001
v -13.621907 29.416996 0.784617
v -13.488286 29.544079 0.825908
v -13.621907 29.056347 1.492430
v -13.488286 29.164450 1.570971
v -13.621907 28.494623 2.054154
v -13.488286 28.573164 2.162256
v -13.621906 27.786810 2.414804
v -13.488286 27.828102 2.541885
v -13.488286 27.002192 2.672696
v -13.621906 27.002192 2.539075
v -13.621907 26.217575 2.414804
v -13.488286 26.176283 2.541885
v -13.621907 25.509762 2.054155
v -13.488286 25.431219 2.162257
v -13.488287 24.839935 1.570971
v -13.621908 24.948036 1.492430
v -13.621908 24.587389 0.784617
v -13.488286 24.460306 0.825908
v -13.621907 24.463116 -0.000001
v -13.488286 24.329494 -0.000001
v -13.488286 24.460306 -0.825910
v -13.621907 24.587389 -0.784618
v -13.621908 24.948038 -1.492432
v -13.488286 24.839935 -1.570974
v -13.621908 25.509762 -2.054156
v -13.488286 25.431221 -2.162259
v -13.621906 26.217575 -2.414806
v -13.488286 26.176283 -2.541887
v -13.621906 27.002193 -2.539077
v -13.488286 27.002193 -2.672699
v -13.488286 27.828102 -2.541888
v -13.621907 27.786812 -2.414806
v -13.621907 28.494625 -2.054157
v -3.121447 12.504145 -6.005290
v -5.143033 13.004595 -5.797996
v -7.076620 13.744547 -5.491498
v -8.889125 14.711342 -5.091039
v -10.833312 24.329494 -0.000001
v -10.833312 24.460306 0.825908
v -10.833312 24.839935 1.570971
v -10.833312 25.431219 2.162257
v -10.833312 26.176283 2.541885
v -10.833312 27.002192 2.672696
v -10.833312 27.828102 2.541885
v -10.833312 28.573164 2.162257
v -10.833312 29.164450 1.570971
v -10.833312 29.544079 0.825908
v -10.833313 29.674891 -0.000001
v -10.833313 29.544079 -0.825910
v -10.833312 29.164452 -1.570973
v -10.833312 28.573166 -2.162259
v -10.833312 27.828102 -2.541888
v -10.833312 27.002193 -2.672698
v -10.833312 26.176283 -2.541887
v -10.833312 25.431221 -2.162259
v -10.833311 24.839935 -1.570974
v -10.833312 24.460306 -0.825910
v -14.249324 26.327883 0.389313
v -13.621909 26.327883 0.389313
v -13.621910 26.612879 0.674310
v -13.621909 26.223566 -0.000001
v -14.249324 26.223566 -0.000001
v -13.621910 26.327883 -0.389314
v -14.249325 26.327883 -0.389314
v -13.621910 26.612879 -0.674311
v -14.249325 26.612879 -0.674311
v -13.621910 27.002193 -0.778627
v -14.249325 27.002193 -0.778627
v -13.621910 27.391506 -0.674311
v -14.249325 27.391506 -0.674311
v -13.621910 27.676504 -0.389314
v -14.249325 27.676504 -0.389314
v -13.621910 27.780819 -0.000001
v -14.249325 27.780819 -0.000001
v -13.621910 27.676504 0.389313
v -14.249325 27.676504 0.389313
v -13.621910 27.391506 0.674310
v -14.249325 27.391506 0.674310
v -13.621910 27.002192 0.778626
v -14.249325 27.002192 0.778626
v -14.249325 26.612879 0.674310
v -3.133971 32.401409 -5.399209
v -3.133971 33.614853 -3.817817
v -6.387482 33.614853 -3.817817
v -6.387482 32.401409 -5.399209
v -3.133971 30.820017 -6.612658
v -6.387482 30.820017 -6.612657
v -6.387482 28.978445 -7.375461
v -3.133971 28.978445 -7.375461
v -6.387482 27.002195 -7.635639
v -3.133971 27.002195 -7.635640
v -6.387482 25.025948 -7.375462
v -3.133971 25.025948 -7.375462
v -3.133971 23.184376 -6.612658
v -6.387482 23.184376 -6.612658
v -3.133971 21.602983 -5.399213
v -6.387483 21.602983 -5.399213
v -6.387482 20.389538 -3.817821
v -3.133971 20.389536 -3.817822
v -3.631869 35.626045 -4.978980
v -3.631869 33.222473 -6.220276
v -3.631869 34.620449 -4.398397
v -3.631869 34.043541 -7.041341
v -3.631869 31.981178 -8.623847
v -3.631869 31.400597 -7.618252
v -3.631869 29.579506 -9.618652
v -3.631869 29.278976 -8.497056
v -3.631869 27.002195 -9.957961
v -3.631869 27.002195 -8.796800
v -3.631869 24.424885 -9.618651
v -3.631869 24.725414 -8.497056
v -3.631869 22.023214 -8.623847
v -3.631869 22.603794 -7.618252
v -3.631869 20.781918 -6.220277
v -3.631869 19.960854 -7.041342
v -3.631869 19.383942 -4.398401
v -3.631869 18.378345 -4.978983
v -6.387482 34.620449 -4.398397
v -3.631869 35.499252 -2.276778
v -6.387483 35.499252 -2.276778
v -6.387482 35.798996 0.000002
v -3.631869 35.798996 0.000002
v -6.387482 35.499252 2.276781
v -3.631869 35.499252 2.276781
v -3.631869 34.620445 4.398402
v -6.387482 34.620445 4.398402
v -6.387482 33.222469 6.220281
v -3.631869 33.222469 6.220281
v -3.631869 31.400593 7.618255
v -6.387482 31.400593 7.618255
v -6.387482 29.278973 8.497061
v -3.631869 29.278973 8.497060
v -3.631869 27.002193 8.796803
v -6.387482 27.002193 8.796803
v -3.631869 27.002193 9.957965
v -3.631869 29.579502 9.618656
v -3.631869 31.981174 8.623852
v -3.631869 34.043533 7.041346
v -3.631869 35.626041 4.978983
v -3.631869 36.620846 2.577312
v -3.631869 36.960155 0.000002
v -3.631869 36.620846 -2.577308
v -3.631869 24.725414 8.497058
v -6.387482 24.725414 8.497058
v -3.631869 22.603794 7.618254
v -6.387482 22.603794 7.618252
v -3.631869 20.781916 6.220277
v -6.387483 20.781916 6.220277
v -6.387482 19.383942 4.398399
v -3.631869 19.383942 4.398399
v -3.631869 18.505138 2.276778
v -6.387482 18.505138 2.276778
v -3.631869 18.205393 -0.000001
v -6.387482 18.205393 -0.000001
v -3.631869 18.505136 -2.276782
v -6.387482 18.505136 -2.276782
v -6.387482 19.383942 -4.398401
v -3.631869 17.383541 -2.577312
v -3.631869 17.044231 -0.000001
v -3.631869 17.383541 2.577309
v -3.631869 18.378345 4.978981
v -3.631869 19.960850 7.041342
v -3.631869 22.023212 8.623847
v -3.631869 24.424883 9.618653
v -3.133972 19.626730 -1.976249
v -2.576268 17.404396 -2.571726
v -2.576268 19.626730 -1.976249
v -3.133971 17.404394 -2.571725
v -3.133971 19.976116 -7.026078
v -2.576269 21.602978 -5.399213
v -2.576268 19.976112 -7.026078
v -3.133972 21.602978 -5.399214
v -1.806539 19.947779 -2.922033
v -1.806539 17.822182 -3.802486
v -1.143163 20.389532 -3.817822
v -1.143166 18.397039 -4.968188
v -2.576268 28.978443 7.375464
v -3.133971 29.573914 9.597799
v -2.576268 29.573914 9.597799
v -3.133972 28.978443 7.375464
v -2.576268 24.430470 9.597802
v -3.133972 25.025944 7.375463
v -2.576269 25.025946 7.375463
v -3.133971 24.430470 9.597801
v -1.806540 27.998846 7.570319
v -1.806539 28.299149 9.851366
v -1.143163 27.002193 7.635643
v -1.143166 27.002193 9.936377
v -1.806538 26.005543 7.570319
v -1.806540 25.705236 9.851368
v -3.133971 34.028271 -7.026076
v -3.133971 36.599995 -2.571722
v -1.006619 13.153205 6.801813
v 1.009770 13.153205 6.801813
v 3.008903 13.446029 6.801813
v -4.953428 14.026671 6.801813
v -3.005752 13.446029 6.801813
v 4.956579 14.026671 6.801813
v 6.819474 14.885193 6.801815
v -6.816323 14.885196 6.801814
v -4.953428 12.599029 1.893204
v -1.006619 11.800294 1.893203
v 3.008903 12.068065 1.893204
v 6.819474 13.384099 1.893204
v 8.565714 16.036840 6.801815
v -7.798350 13.572714 1.893204
v 8.545123 14.032595 -0.500002
v 8.585862 14.054741 -1.884089
v 8.585862 13.937389 -0.500002
v 8.545605 14.153185 -1.884089
v 9.277061 14.355817 -0.500002
v 9.044810 13.937389 -0.500002
v 9.394048 14.092619 -0.500002
v 9.278275 14.470438 -1.884089
v 9.394048 14.209970 -1.884089
v 9.044810 14.054741 -1.884089
v -6.897447 13.082891 -0.500002
v -6.940444 13.100250 -1.884089
v -6.911671 13.202641 -1.884089
v -6.927068 12.983664 -0.500002
v -7.383025 12.931349 -0.500002
v -7.661457 13.320576 -0.500002
v -7.747680 13.045758 -0.500002
v 9.445806 14.677485 1.893204
v -7.675728 13.434311 -1.884089
v -7.761056 13.162345 -1.884089
v -7.396401 13.047935 -1.884089
v -12.029757 19.397354 7.780815
v -11.807768 19.545681 6.562534
v -12.029757 19.397354 6.562534
v -11.807768 19.545681 7.780815
v 11.632751 19.283749 6.562534
v 11.100219 18.484697 7.780815
v 12.222853 20.222496 7.780815
v 11.100219 18.484697 6.562534
v 9.893499 17.108698 6.562533
v 9.893499 17.108696 7.780815
v 8.517497 15.901978 6.562533
v 8.517497 15.901977 7.780816
v 6.995761 14.885181 7.780815
v 6.995761 14.885183 6.562533
v 5.354323 14.075716 6.562533
v 5.354323 14.075714 7.780814
v 3.621273 13.487425 6.562533
v 3.621273 13.487423 7.780814
v 1.826261 13.130373 6.562533
v 1.826261 13.130373 7.780814
v 0.000002 13.010675 6.562533
v 0.000002 13.010675 7.780814
v -1.826257 13.130375 6.562533
v -1.826257 13.130375 7.780814
v -3.621268 13.487425 6.562533
v -3.621268 13.487423 7.780814
v -5.354320 14.075716 6.562533
v -5.354320 14.075714 7.780814
v -6.995756 14.885183 6.562533
v -6.995756 14.885181 7.780815
v -8.517493 15.901976 6.562533
v -8.517493 15.901974 7.780815
v -9.893495 17.108694 6.562533
v -9.893495 17.108694 7.780815
v -11.100215 18.484697 6.562534
v -11.100215 18.484695 7.780815
v 1.861035 12.866241 7.780814
v 3.690225 13.230091 7.780814
v 5.456275 13.829582 7.780814
v 7.128966 14.654465 7.780815
v 8.679679 15.690619 7.780815
v 10.081881 16.920315 7.780815
v 11.311578 18.322517 7.780815
v 11.556318 18.688795 7.780815
v 12.347731 19.873228 7.780815
v 12.406334 20.222496 7.780815
v -11.311573 18.322514 7.780815
v -10.081875 16.920313 7.780815
v -8.679674 15.690617 7.780815
v -7.128962 14.654461 7.780815
v -5.456271 13.829582 7.780814
v -3.690221 13.230091 7.780814
v -1.861031 12.866241 7.780814
v 0.000002 12.744263 7.780814
v 2.174513 35.117592 14.074794
v 4.200836 34.278259 14.074794
v 5.940881 32.943077 14.074793
v 7.276064 31.203032 14.074795
v 8.115394 29.176706 14.074794
v 8.401673 27.002192 14.074793
v 8.115394 24.827677 14.074793
v -7.276064 22.801352 14.074792
v -8.115394 24.827677 14.074793
v -8.401673 27.002192 14.074793
v -8.115394 29.176706 14.074794
v -7.276064 31.203032 14.074795
v -5.940881 32.943077 14.074793
v -4.200836 34.278259 14.074794
v -2.174513 35.117592 14.074794
v 0.000000 35.403870 14.074794
v 7.276064 22.801352 14.074792
v 5.940881 21.061308 14.074793
v 4.200836 19.726126 14.074792
v 2.174513 18.886793 14.074792
v 0.000000 18.600513 14.074792
v -2.174513 18.886793 14.074792
v -4.200836 19.726126 14.074792
v -5.940881 21.061308 14.074793
v 0.000000 19.572330 14.793545
v -1.922989 19.825497 14.793545
v -3.714930 20.567741 14.793545
v -5.253704 21.748486 14.793545
v -6.434447 23.287262 14.793545
v -7.176692 25.079201 14.793546
v -7.429860 27.002192 14.793546
v -7.176692 28.925182 14.793547
v -11.311573 18.322515 6.562534
v -10.081875 16.920313 6.562533
v -8.679674 15.690617 6.562533
v -7.128962 14.654463 6.562533
v -5.456271 13.829584 6.562533
v -3.690221 13.230091 6.562533
v -1.861031 12.866241 6.562533
v 0.000002 12.744265 6.562533
v 1.861035 12.866241 6.562533
v 3.690225 13.230091 6.562533
v 5.456275 13.829584 6.562533
v 7.128966 14.654465 6.562533
v 8.679679 15.690619 6.562533
v 10.081881 16.920317 6.562533
v 11.311578 18.322517 6.562534
v 11.555853 18.688101 6.562534
v 12.169849 18.905313 7.780815
v 11.833097 18.449724 7.780815
v 11.833097 18.449724 6.562534
v 12.169849 18.905313 6.499010
v 9.459163 15.040966 1.431164
v 8.577826 14.392034 1.914977
v 9.459163 15.040966 1.914978
v 8.577826 14.392035 1.431164
v 6.829117 13.364841 1.914977
v 6.829117 13.364841 1.431163
v 4.963588 12.578660 1.914977
v 4.963588 12.578660 1.431163
v 3.013157 12.046947 1.431163
v 3.013157 12.046947 1.914977
v 1.011197 11.778796 1.914977
v 1.011197 11.778796 1.431163
v -1.008044 11.778796 1.914977
v -1.008044 11.778796 1.431163
v -3.010004 12.046947 1.914977
v -3.010004 12.046947 1.431163
v -4.960434 12.578660 1.914977
v -4.960434 12.578660 1.431162
v -6.825963 13.364840 1.431164
v -6.825963 13.364841 1.914977
v -7.809380 13.907859 1.431163
v -7.809380 13.907859 1.914977
v 11.833098 18.449728 6.801814
v -12.029437 18.755795 6.801814
v -11.588067 19.835617 7.169866
v -11.588067 25.695892 10.059834
v -11.578994 26.528084 10.121739
v -11.588067 24.391945 9.800463
v -11.588067 23.133007 9.373109
v -11.588067 21.940617 8.785089
v -11.588067 20.835184 8.046463
v -12.816159 26.525082 8.507125
v 6.824980 37.421799 10.908977
v 7.549543 37.412109 10.545753
v 7.345832 37.735744 10.373096
v 7.559114 37.091080 10.815741
v 7.371966 36.858654 11.110706
v 7.038260 36.777126 11.351619
v 6.647402 36.868340 11.473931
v 6.304128 37.107849 11.444863
v 6.100414 37.431480 11.272201
v 6.090847 37.752522 11.002216
v 6.277992 37.984943 10.707248
v 6.611701 38.066471 10.466336
v 7.002559 37.975258 10.344029
v 7.781219 37.537979 10.617438
v 7.792747 37.316540 10.289379
v 7.505238 37.773296 10.045699
v 7.792832 37.148239 10.945201
v 7.806250 36.863445 10.670421
v 7.565639 36.866081 11.303295
v 7.542125 36.535419 11.086725
v 7.160515 36.767109 11.595768
v 7.071146 36.420361 11.426739
v 6.686013 36.877838 11.744249
v 6.519512 36.549091 11.599360
v 6.035032 36.887123 11.558331
v 6.269276 37.168606 11.708961
v 5.747522 37.343880 11.314650
v 6.021967 37.561497 11.499351
v 5.734021 37.796974 10.933608
v 6.010354 37.951237 11.171588
v 5.998146 38.125000 10.517303
v 6.237547 38.233395 10.813494
v 6.469124 38.240063 10.177289
v 6.642671 38.332371 10.521022
v 7.020758 38.111328 10.004670
v 7.117172 38.221638 10.372540
v 7.533910 37.930870 10.407829
v 6.824980 16.582588 -10.908977
v 7.549543 16.592278 -10.545753
v 7.345832 16.268642 -10.373096
v 7.559114 16.913307 -10.815741
v 7.371966 17.145733 -11.110706
v 7.038260 17.227261 -11.351619
v 6.647402 17.136045 -11.473931
v 6.304128 16.896536 -11.444863
v 6.100414 16.572905 -11.272201
v 6.090847 16.251865 -11.002216
v 6.277992 16.019444 -10.707248
v 6.611701 15.937917 -10.466336
v 7.002559 16.029129 -10.344029
v 7.781219 16.466408 -10.617438
v 7.792747 16.687847 -10.289379
v 7.505238 16.231091 -10.045699
v 7.792832 16.856148 -10.945201
v 7.806250 17.140942 -10.670421
v 7.565639 17.138306 -11.303295
v 7.542125 17.468967 -11.086725
v 7.160515 17.237278 -11.595768
v 7.071146 17.584026 -11.426739
v 6.686013 17.126549 -11.744249
v 6.519512 17.455296 -11.599360
v 6.035032 17.117264 -11.558331
v 6.269276 16.835781 -11.708961
v 5.747522 16.660507 -11.314650
v 6.021967 16.442890 -11.499351
v 5.734021 16.207413 -10.933608
v 6.010354 16.053150 -11.171588
v 5.998146 15.879387 -10.517303
v 6.237547 15.770991 -10.813494
v 6.469124 15.764325 -10.177289
v 6.642671 15.672017 -10.521022
v 7.020758 15.893058 -10.004670
v 7.117172 15.782749 -10.372540
v 7.533910 16.073517 -10.407829
v 6.463613 15.758843 10.687176
v 6.879157 15.701726 10.425201
v 6.881025 15.764423 10.477927
v 7.340496 15.909557 10.366609
v 7.303949 15.954947 10.424213
v 7.684232 16.263445 10.493379
v 7.619061 16.279366 10.540427
v 7.741929 16.650749 10.795430
v 7.818261 16.668564 10.771544
v 7.639629 16.969589 11.120892
v 7.706668 17.016365 11.126570
v 7.339573 17.150448 11.429607
v 7.379356 17.213654 11.463326
v 6.922161 17.144871 11.638856
v 6.924029 17.207565 11.691583
v 6.499237 16.954346 11.692569
v 6.462689 16.999733 11.750175
v 6.118954 16.645847 11.623405
v 6.184124 16.629925 11.576355
v 6.061257 16.258541 11.321353
v 5.984926 16.240728 11.345239
v 6.163557 15.939701 10.995891
v 6.096518 15.892928 10.990213
v 6.423830 15.695639 10.653457
v 6.824980 16.582584 10.908975
v 7.469656 16.425091 10.443562
v 7.580057 16.758793 10.672692
v 7.186514 16.133583 10.339142
v 6.806500 15.962389 10.387406
v 6.431437 15.957376 10.575423
v 6.161825 16.119884 10.852817
v 6.069901 16.406378 11.145254
v 6.180305 16.740084 11.374388
v 6.463445 17.031586 11.478810
v 6.843461 17.202782 11.430547
v 7.218523 17.207798 11.242525
v 7.488138 17.045282 10.965136
v 6.463613 38.245544 -10.687176
v 6.879157 38.302662 -10.425201
v 6.881025 38.239964 -10.477927
v 7.340496 38.094830 -10.366609
v 7.303949 38.049438 -10.424213
v 7.684232 37.740944 -10.493379
v 7.619061 37.725021 -10.540427
v 7.741929 37.353638 -10.795430
v 7.818261 37.335823 -10.771544
v 7.639629 37.034798 -11.120892
v 7.706668 36.988022 -11.126570
v 7.339573 36.853939 -11.429607
v 7.379356 36.790733 -11.463326
v 6.922161 36.859516 -11.638856
v 6.924029 36.796822 -11.691583
v 6.499237 37.050041 -11.692569
v 6.462689 37.004654 -11.750175
v 6.118954 37.358540 -11.623405
v 6.184124 37.374462 -11.576355
v 6.061257 37.745846 -11.321353
v 5.984926 37.763657 -11.345239
v 6.163557 38.064686 -10.995891
v 6.096518 38.111458 -10.990213
v 6.423830 38.308746 -10.653457
v 6.824980 37.421803 -10.908975
v 7.469656 37.579296 -10.443562
v 7.580057 37.245594 -10.672692
v 7.186514 37.870804 -10.339142
v 6.806500 38.042000 -10.387406
v 6.431437 38.047012 -10.575423
v 6.161825 37.884502 -10.852817
v 6.069901 37.598007 -11.145254
v 6.180305 37.264305 -11.374388
v 6.463445 36.972801 -11.478810
v 6.843461 36.801605 -11.430547
v 7.218523 36.796589 -11.242525
v 7.488138 36.959106 -10.965136
v 10.163239 34.438385 11.182091
v 10.134062 34.512566 11.167056
v 9.845342 34.331635 11.538771
v 10.513987 34.385433 10.885685
v 10.516669 34.454803 10.843723
v 10.890645 34.173824 10.655412
v 10.856821 34.127850 10.713053
v 11.099880 33.734657 10.710456
v 11.155783 33.744915 10.652578
v 11.178037 33.311211 10.878589
v 11.241038 33.283001 10.835985
v 11.070348 32.970966 11.172400
v 11.123568 32.911854 11.156485
v 10.834846 32.730923 11.528200
v 10.805669 32.805103 11.513165
v 10.452239 32.788685 11.851532
v 10.454921 32.858055 11.809572
v 10.078263 33.069668 12.039843
v 10.112086 33.115639 11.982200
v 9.869027 33.508831 11.984798
v 9.813126 33.498573 12.042677
v 9.727870 33.960487 11.859268
v 9.790872 33.932281 11.816666
v 9.898561 34.272522 11.522854
v 10.352999 33.541416 11.206423
v 10.905986 33.642872 10.633898
v 10.687589 33.996174 10.636234
v 10.976213 33.262386 10.784972
v 10.879451 32.956665 11.048975
v 10.641623 32.807625 11.355162
v 10.326462 32.855209 11.621499
v 10.018411 33.086658 11.776614
v 9.800013 33.439957 11.778948
v 9.729783 33.820446 11.627871
v 9.826550 34.126167 11.363874
v 10.064375 34.275204 11.057683
v 10.379539 34.227623 10.791349
v 9.851544 34.519539 10.895414
v 9.515891 34.309196 11.327553
v 10.296347 34.452385 10.519524
v 10.731113 34.125732 10.300602
v 11.039350 33.627102 10.297310
v 11.138464 33.090103 10.510527
v 11.001898 32.658627 10.883124
v 10.666245 32.448284 11.315266
v 10.221442 32.515434 11.691155
v 9.786674 32.842091 11.910076
v 9.478438 33.340721 11.913370
v 9.379325 33.877720 11.700151
v 9.991046 33.606976 4.944225
v 3.104251 29.698425 7.517091
v 2.755345 30.064564 6.884366
v 10.339952 33.240837 5.576950
v 3.118700 30.064568 8.239491
v 10.354401 33.606972 6.299355
v 2.784242 30.796844 8.329170
v 10.019944 34.339249 6.389034
v 2.435336 31.162981 7.696445
v 9.671038 34.705391 5.756309
v 2.420888 30.796843 6.974042
v 9.656589 34.339252 5.033905
v -1.983607 28.103575 8.881309
v -2.553739 29.019989 8.428243
v -2.286754 28.103573 7.750721
v -2.250591 29.019989 9.558831
v -1.680459 28.103575 10.011899
v -1.413475 27.187162 9.334378
v -1.716623 27.187159 8.203787
v 7.769782 15.294685 -11.920118
v 7.943213 15.121253 -12.344541
v 7.769782 15.294685 -12.344540
v 7.943213 15.121253 -11.920119
v 7.769782 14.947820 -12.344540
v 7.769782 14.947820 -11.920120
v 7.596350 15.121253 -12.344541
v 7.596350 15.121253 -11.920119
v -3.133972 36.182205 -3.802485
v -3.133974 35.607346 -4.968187
v -3.133972 34.885250 -6.048880
v -12.816157 20.963573 6.038618
v -12.816157 21.803432 6.775156
v -12.816157 22.732243 7.395766
v -12.816159 23.734116 7.889835
v -12.816159 24.791903 8.248908
v -12.816159 25.887512 8.466836
v 0.370548 27.122591 13.616041
v 0.229011 27.317400 13.616041
v 0.370548 26.881794 13.616041
v 0.229011 26.686985 13.616041
v 0.000000 26.612576 13.616039
v -0.229012 26.686985 13.616041
v -0.370548 26.881794 13.616041
v -0.370548 27.122591 13.616041
v -0.229012 27.317398 13.616041
v 0.000000 27.391809 13.616041
v -11.813452 18.449728 6.801814
v -10.549535 16.950424 6.801814
v -9.138150 15.635547 6.801814
v -7.076620 14.272724 6.801814
v -5.143033 13.381621 6.801813
v -3.121447 12.778947 6.801813
v -1.046452 12.475009 6.801813
v 1.046454 12.475009 6.801813
v 3.121449 12.778947 6.801813
v 5.143035 13.381621 6.801813
v 7.076622 14.272723 6.801813
v 8.889127 15.437001 6.801814
v 10.549537 16.950424 6.801814
v -1.090602 15.189778 -11.554405
v 1.090604 15.189778 -11.554405
v 3.253138 15.391891 -11.356708
v 5.360014 15.792660 -10.964692
v 7.375174 16.385227 -10.385067
v 9.264148 17.159456 -9.627748
v 10.994610 18.102093 -8.705701
v 10.994610 19.339933 -9.767545
v 10.994610 20.708874 -10.662262
v -7.375175 14.110661 -7.506642
v -5.360012 13.149063 -7.506642
v -3.253140 12.677037 -7.821154
v -1.090602 12.443643 -7.989004
v -1.090602 13.749002 -9.947404
v 1.090604 13.749002 -9.947404
v 3.253138 13.975768 -9.777203
v 5.360014 14.425419 -9.439710
v 7.375174 15.090264 -8.940698
v 9.264148 15.958925 -8.288710
v 9.264148 15.424697 -7.506640
v 10.994610 17.027063 -7.506641
v 7.375174 14.110661 -7.506642
v 5.360014 13.149063 -7.506642
v 3.253138 12.677037 -7.821154
v 1.090604 12.443643 -7.989004
v -2.174513 18.886797 -14.074794
v -4.200836 19.726130 -14.074794
v -5.940881 21.061312 -14.074793
v -7.276064 22.801355 -14.074795
v -8.115394 24.827681 -14.074794
v -8.401673 27.002195 -14.074793
v -8.115394 29.176710 -14.074793
v -7.276064 31.203035 -14.074792
v -5.940881 32.943077 -14.074793
v -4.200836 34.278259 -14.074792
v -2.174513 35.117592 -14.074792
v 0.000000 35.403873 -14.074792
v 2.174513 35.117592 -14.074792
v 4.200836 34.278259 -14.074792
v 5.940881 32.943077 -14.074793
v 7.276064 31.203035 -14.074792
v 8.115394 29.176710 -14.074793
v 8.401673 27.002195 -14.074793
v 8.115394 24.827681 -14.074794
v 7.276064 22.801355 -14.074795
v 5.940881 21.061312 -14.074793
v 4.200836 19.726130 -14.074794
v 2.174513 18.886797 -14.074794
v 0.000000 18.600517 -14.074794
v 2.654446 30.522646 6.425820
v 2.387463 31.439060 7.103343
v 2.690611 31.439060 8.233932
v 3.260742 30.522648 8.687000
v 3.527727 29.606232 8.009478
v 3.224578 29.606232 6.878889
v 2.957594 30.522648 7.556411
v 7.679995 37.552498 -10.145155
v 7.835811 37.081520 -10.468534
v 7.706079 36.677185 -10.881272
v 7.325561 36.447826 -11.272771
v 6.796218 36.454903 -11.538130
v 6.259886 36.696518 -11.606247
v 5.860275 37.107933 -11.458870
v 5.704460 37.578907 -11.135488
v 5.834191 37.983242 -10.722751
v 6.214709 38.212601 -10.331252
v 6.744052 38.205521 -10.065893
v 7.280384 37.963905 -9.997777
v 7.679995 16.451891 10.145155
v 7.835811 16.922865 10.468534
v 7.706079 17.327202 10.881272
v 7.325561 17.556561 11.272771
v 6.796218 17.549484 11.538130
v 6.259886 17.307869 11.606247
v 5.860275 16.896454 11.458870
v 5.704460 16.425480 11.135488
v 5.834191 16.021145 10.722751
v 6.214709 15.791788 10.331252
v 6.744052 15.798865 10.065893
v 7.280384 16.040480 9.997777
v 7.481256 16.105255 -10.462003
v 7.099221 15.838699 -10.429651
v 6.664231 15.737187 -10.565770
v 6.292842 15.827920 -10.833885
v 6.084568 16.086582 -11.162163
v 6.095214 16.443871 -11.462630
v 6.321929 16.804045 -11.654786
v 6.703965 17.070599 -11.687139
v 7.138955 17.172112 -11.551020
v 7.510344 17.081379 -11.282901
v 7.718618 16.822716 -10.954627
v 7.707971 16.465429 -10.654157
v 9.702660 34.056610 2.922033
v 9.039283 33.614853 3.817821
v 7.481256 37.899132 10.462003
v 7.099221 38.165688 10.429651
v 6.664231 38.267200 10.565770
v 6.292842 38.176468 10.833885
v 6.084568 37.917805 11.162163
v 6.095214 37.560516 11.462630
v 6.321929 37.200340 11.654786
v 6.703965 36.933788 11.687139
v 7.138955 36.832275 11.551020
v 7.510344 36.923008 11.282901
v 7.718618 37.181671 10.954627
v 7.707971 37.538956 10.654157
v 9.702659 33.059956 4.648284
v 8.727420 14.150549 1.893204
v 6.948048 13.105343 1.893204
v 5.049807 12.305377 1.893204
v 3.065176 11.764338 1.893204
v 1.028112 11.493703 1.893204
v -1.026536 11.493703 1.893204
v -3.063600 11.764338 1.893204
v -5.048231 12.305377 1.893204
v -6.946472 13.105343 1.893204
v 11.030092 34.056610 2.922033
v 11.030092 33.614853 3.817821
v 11.030091 33.059956 4.648284
v 9.702660 26.005541 -7.570319
v 9.039283 27.002192 -7.635643
v -7.809380 13.730791 1.431164
v -6.891129 13.225265 1.431163
v -5.007903 12.431626 1.431163
v -3.038968 11.894870 1.431163
v -1.018016 11.625283 1.431163
v 1.020381 11.625283 1.431163
v 3.041333 11.894868 1.431163
v 5.010267 12.431626 1.431163
v 6.893495 13.225266 1.431163
v 8.658793 14.262205 1.431164
v 9.459163 14.850511 1.431164
v 9.702659 27.998844 -7.570319
v 8.658794 14.262204 1.914977
v 9.459163 14.850511 1.914977
v 6.893495 13.225266 1.914977
v 5.010267 12.431626 1.914977
v 3.041333 11.894868 1.914977
v 1.020381 11.625283 1.914977
v -1.018016 11.625283 1.914977
v -3.038968 11.894868 1.914977
v -5.007903 12.431626 1.914977
v -6.891129 13.225266 1.914977
v -7.809380 13.730791 1.914977
v 11.030092 26.005541 -7.570319
v 11.030092 27.002192 -7.635643
v 11.030091 27.998844 -7.570319
v 9.702660 20.944431 4.648285
v 9.039283 20.389532 3.817822
v 9.702659 19.947781 2.922034
v 11.030092 20.944431 4.648285
v 11.030092 20.389532 3.817822
v 11.030091 19.947781 2.922034
v -3.133971 26.005543 7.570317
v -3.133972 27.002193 7.635643
v -3.133972 27.998846 7.570319
v 13.573931 24.214811 6.832997
v 13.573931 24.078665 6.734081
v 13.573931 24.026661 6.574030
v 13.573931 24.078665 6.413980
v 13.573932 24.214811 6.315064
v 13.573932 24.383099 6.315064
v 13.573931 24.519245 6.413980
v 13.573931 24.571247 6.574030
v 13.573931 24.519245 6.734081
v 13.573931 24.383099 6.832997
v -3.133972 28.299149 9.851366
v -3.133974 27.002193 9.936375
v -3.133972 25.705236 9.851368
v 13.703976 22.295218 5.650512
v 13.703976 22.159071 5.551596
v 13.703976 22.107069 5.391546
v 13.703976 22.159073 5.231496
v 13.703977 22.295219 5.132579
v 13.703977 22.463505 5.132579
v 13.703976 22.599651 5.231496
v 13.703976 22.651655 5.391546
v 13.703976 22.599651 5.551596
v 13.703976 22.463505 5.650512
v -3.133971 20.944429 -4.648284
v -1.806538 20.944429 -4.648285
v -3.133972 20.389532 -3.817822
v -3.133972 19.947779 -2.922033
v 13.573931 23.142630 6.355784
v 13.573931 23.006483 6.256868
v 13.573931 22.954479 6.096818
v 13.573931 23.006483 5.936768
v 13.573932 23.142630 5.837852
v 13.573932 23.310917 5.837852
v 13.573931 23.447062 5.936768
v 13.573931 23.499065 6.096818
v 13.573931 23.447062 6.256868
v 13.573931 23.310915 6.355784
v -1.806539 19.119137 -6.048883
v -11.446176 33.340591 4.241289
v -11.446176 33.252251 4.152947
v -11.446176 33.131573 4.361964
v -11.446176 33.131573 4.120614
v -11.446176 33.010899 4.152947
v -11.446176 32.922558 4.241289
v -11.446176 32.890221 4.361964
v -11.446176 32.922558 4.482639
v -11.446176 33.010899 4.570981
v -11.446176 33.131573 4.603316
v -11.446176 33.252251 4.570981
v -11.446176 33.340591 4.482639
v -11.446176 33.372925 4.361965
v -10.754674 33.252251 4.570981
v -10.754674 33.340591 4.482639
v -10.754674 33.372925 4.361965
v -10.754674 33.340591 4.241289
v -10.754674 33.252251 4.152947
v -10.754674 33.131573 4.120614
v -10.754674 33.010899 4.152947
v -10.754674 32.922558 4.241289
v -10.754674 32.890221 4.361964
v -10.754674 32.922558 4.482639
v -10.754674 33.010899 4.570981
v -10.754674 33.131573 4.603316
v -8.995555 24.981993 -0.656403
v -8.995555 24.981993 0.656402
v -8.995555 25.753639 1.718483
v -8.995555 32.064178 5.831104
v -8.995555 32.570412 6.089044
v -8.995555 33.131573 6.177924
v -8.995555 33.692734 6.089045
v -8.995555 34.198967 5.831105
v -8.995555 34.600712 5.429358
v -8.995555 34.858654 4.923126
v -8.995555 34.947533 4.361964
v -8.995555 34.858654 3.800802
v -8.995555 34.600716 3.294570
v -8.995555 34.198967 2.892823
v -8.995555 28.250744 -1.718486
v -8.995555 27.002193 -2.124164
v -8.995555 25.753641 -1.718485
v -3.133972 17.822182 -3.802486
v -3.133974 18.397041 -4.968188
v -3.133972 19.119137 -6.048883
v -10.833315 28.105110 -1.518035
v -10.833315 28.786751 -0.579838
v -10.833315 28.786749 0.579837
v -10.833315 28.105108 1.518033
v -10.833315 27.002192 1.876392
v -10.833315 25.899277 1.518033
v -10.833315 25.217636 0.579837
v -10.833315 25.217636 -0.579838
v -10.833315 25.899277 -1.518035
v -10.833315 27.002193 -1.876394
v -3.133971 32.933968 6.929412
v -3.133971 32.992455 6.841880
v -2.657960 32.992455 6.841880
v -2.657960 33.079987 6.783393
v -3.133971 33.079987 6.783393
v -3.133971 33.183235 6.762856
v -2.657960 33.183235 6.762856
v -2.657960 33.286488 6.783393
v -3.133971 33.286488 6.783393
v -2.657960 33.374020 6.841880
v -3.133971 33.374020 6.841880
v -2.657960 33.432507 6.929412
v -3.133971 33.432507 6.929411
v -3.133971 33.453045 7.032662
v -2.657960 33.453045 7.032662
v -3.133971 33.432507 7.135913
v -2.657960 33.432507 7.135913
v -2.657960 33.374016 7.223444
v -3.133971 33.374016 7.223444
v -2.657960 33.286488 7.281931
v -3.133971 33.286488 7.281931
v -2.657960 33.183235 7.302468
v -3.133971 33.183235 7.302468
v -2.657960 33.079987 7.281931
v -3.133971 33.079987 7.281931
v -2.657960 32.992455 7.223444
v -3.133971 32.992455 7.223444
v -2.657960 32.933968 7.135913
v -3.133971 32.933968 7.135913
v -2.657960 32.913429 7.032662
v -3.133971 32.913429 7.032662
v -2.657960 32.933968 6.929412
v -2.657960 33.183235 7.032662
v -3.133971 24.424883 9.618653
v -3.133971 27.002193 7.635641
v -3.133971 27.002193 9.957965
v -3.133971 25.025944 7.375463
v -3.133971 22.023212 8.623846
v -3.133971 23.184374 6.612659
v -3.133971 21.602982 5.399212
v -3.133971 19.960852 7.041343
v -3.133971 18.378345 4.978981
v -3.133971 20.389534 3.817820
v -3.133971 17.383541 2.577309
v -3.133971 19.626732 1.976247
v -3.133971 17.044231 -0.000001
v -3.133971 19.366554 -0.000002
v -3.133971 19.626732 -1.976252
v -3.133971 17.383541 -2.577312
v -3.133971 18.378345 -4.978983
v -6.387482 27.002193 7.635642
v -6.387482 25.025944 7.375463
v -6.387482 23.184374 6.612659
v -6.387482 21.602982 5.399211
v -6.387482 20.389534 3.817820
v -6.387482 19.626732 1.976247
v -6.387482 19.366554 -0.000002
v -6.387483 19.626732 -1.976251
v -6.387482 27.002195 0.000001
v -6.387483 28.978441 7.375464
v -6.387482 30.820011 6.612662
v -6.387482 32.401405 5.399216
v -6.387482 33.614853 3.817823
v -6.387482 34.377655 1.976251
v -6.387482 34.637833 0.000002
v -6.387482 34.377655 -1.976247
v -3.133971 36.620846 -2.577309
v -3.133971 35.626045 -4.978980
v -3.133971 34.377655 -1.976247
v -3.133971 36.960155 0.000002
v -3.133971 34.637833 0.000002
v -3.133971 34.377655 1.976251
v -3.133971 36.620846 2.577312
v -3.133971 35.626041 4.978983
v -3.133971 33.614853 3.817823
v -3.133971 32.401405 5.399216
v -3.133971 34.043533 7.041346
v -3.133971 31.981174 8.623852
v -3.133971 30.820011 6.612662
v -3.133971 29.579502 9.618656
v -3.133971 28.978441 7.375464
v -3.133971 19.960854 -7.041342
v -3.133971 22.023214 -8.623847
v -3.133971 24.424885 -9.618651
v -3.133971 27.002195 -9.957961
v -3.133971 29.579506 -9.618652
v -3.133971 31.981178 -8.623847
v -3.133971 34.043541 -7.041341
v -6.387482 20.781918 -6.220277
v -6.387482 22.603794 -7.618252
v -6.387482 24.725414 -8.497057
v -6.387482 27.002195 -8.796800
v -6.387482 29.278976 -8.497056
v -6.387482 31.400599 -7.618252
v -6.387482 33.222473 -6.220276
v -13.621907 27.002192 -0.000001
v 10.862099 27.002193 -5.459866
v 10.862099 25.589077 -5.273826
v 10.862098 24.272261 -4.728383
v 10.862098 23.141485 -3.860709
v 10.862098 22.273811 -2.729933
v 10.862098 21.728367 -1.413118
v 10.862098 21.542328 -0.000001
v 10.862099 31.730576 2.729934
v 10.862099 30.862902 3.860709
v 10.862099 32.276020 1.413119
v 10.862099 32.462059 0.000001
v 10.862099 32.276020 -1.413116
v 10.862099 31.730576 -2.729932
v 10.862099 30.862902 -3.860708
v 10.862099 29.732126 -4.728382
v 10.862099 28.415312 -5.273826
v 10.862098 21.728369 1.413116
v 10.862098 22.273811 2.729933
v 10.862098 23.141483 3.860708
v 10.862098 24.272261 4.728382
v 10.862099 25.589075 5.273826
v 10.862099 27.002192 5.459866
v 10.862099 28.415310 5.273827
v 10.862099 29.732124 4.728384
v 10.298230 24.778194 2.898371
v 9.704735 22.011669 2.067142
v 10.298231 23.626968 1.398064
v 9.704735 23.713842 4.285461
v 10.298233 26.525339 3.622065
v 9.704734 26.297129 5.355494
v 10.298233 28.400257 3.375226
v 9.704736 29.069336 4.990527
v 10.298232 29.900566 2.224001
v 9.704736 31.287655 3.288352
v 10.298232 30.624258 0.476853
v 9.704735 32.357689 0.705065
v 10.298230 30.377420 -1.398065
v 9.704735 31.992722 -2.067145
v 10.298230 29.226194 -2.898373
v 9.704735 30.290546 -4.285464
v 10.298232 27.479048 -3.622066
v 9.704734 27.707258 -5.355496
v 10.298232 25.604128 -3.375228
v 9.704736 24.935049 -4.990531
v 10.748980 27.734608 0.562001
v 10.748978 27.917484 0.120500
v 10.748980 27.855108 -0.353289
v 10.748978 27.564196 -0.732414
v 10.748978 27.122694 -0.915290
v 10.748979 26.648905 -0.852915
v 10.298232 24.103819 -2.224000
v 10.748980 26.269779 -0.562001
v 10.748978 26.086905 -0.120500
v 10.779199 27.002193 0.000000
v 10.298233 23.380125 -0.476854
v 9.704736 22.716728 -3.288353
v 9.704736 21.646694 -0.705065
v 10.748980 26.149281 0.353288
v 10.748979 26.440191 0.732414
v 10.748979 26.881695 0.915289
v 10.748980 27.355482 0.852914
vn -0.7914 -0.6113 0.0003
vn -0.0000 -0.7071 0.7071
vn -0.1308 -0.7010 0.7010
vn -0.1301 -0.7011 0.7011
vn 0.4307 0.4520 0.7811
vn 0.4129 0.9040 -0.1107
vn 0.1860 0.1909 0.9638
vn -0.1880 -0.1836 0.9649
vn -0.1880 -0.1835 0.9649
vn 0.1860 0.1910 0.9638
vn -0.0000 -1.0000 -0.0000
vn -1.0000 -0.0000 -0.0000
vn -0.7071 -0.7071 -0.0000
vn -0.5000 -0.8660 -0.0000
vn 0.3827 0.9239 -0.0000
vn 0.1305 0.9914 -0.0000
vn -0.0000 -0.7071 -0.7071
vn 0.0001 -0.7071 -0.7071
vn -0.0001 -0.5000 -0.8660
vn -0.0000 -0.5000 -0.8660
vn -0.6187 -0.7857 -0.0000
vn -0.4864 -0.8737 -0.0000
vn -0.6187 -0.7856 -0.0000
vn -0.0000 -0.0000 1.0000
vn -0.0000 0.2588 0.9659
vn -0.4307 0.4520 -0.7811
vn -0.0178 -0.4520 -0.8918
vn -0.0000 0.3827 0.9239
vn -0.0000 -0.9659 0.2588
vn -0.0000 -0.8660 0.5000
vn -0.1305 0.9914 -0.0000
vn -0.3827 0.9239 -0.0000
vn -0.6088 -0.7933 -0.0000
vn -0.6656 -0.7463 -0.0000
vn 0.1880 0.9649 -0.1836
vn -0.1860 0.9638 0.1910
vn 0.1880 0.9648 -0.1837
vn 0.4484 -0.8938 -0.0000
vn 0.4808 -0.8768 -0.0000
vn 0.4807 -0.8769 -0.0000
vn -0.5001 0.8659 -0.0000
vn -0.0000 1.0000 -0.0000
vn -0.5001 0.8660 -0.0000
vn -0.0000 -0.0000 -1.0000
vn -0.8168 -0.5769 0.0006
vn -0.7244 -0.6894 -0.0000
vn -0.0000 -0.2588 -0.9659
vn 0.0727 -0.9974 -0.0000
vn -0.9914 -0.1305 -0.0000
vn -0.9239 -0.3827 -0.0000
vn 0.8732 -0.0110 0.4873
vn 0.8732 -0.4275 -0.2341
vn -0.8732 0.0110 -0.4873
vn 0.8732 0.4165 -0.2531
vn -0.8732 -0.4165 0.2531
vn -0.8732 0.4275 0.2341
vn 0.8660 -0.5000 -0.0000
vn 1.0000 -0.0000 -0.0000
vn -0.5714 0.8204 -0.0206
vn 0.7844 0.6169 0.0643
vn 0.7798 0.6127 0.1283
vn -0.5612 0.8260 -0.0532
vn 0.7898 -0.5887 -0.1724
vn 0.7480 -0.6391 -0.1790
vn 0.7838 -0.5746 -0.2356
vn 0.2281 0.7829 -0.5788
vn -0.2590 -0.0000 -0.9659
vn 0.7922 -0.6085 -0.0463
vn 0.7888 -0.6144 0.0179
vn 0.7504 -0.6587 -0.0544
vn 0.5055 0.8476 0.1613
vn 0.4832 0.8719 0.0793
vn -0.5245 -0.8505 -0.0386
vn -0.5180 -0.8343 -0.1886
vn 0.0096 -0.9999 0.0054
vn -0.4172 -0.5000 0.7589
vn 0.9364 0.3449 0.0653
vn 0.9204 0.3390 0.1947
vn 0.9331 0.3021 0.1951
vn 0.9493 0.3073 0.0659
vn -0.9013 0.3865 0.1955
vn -0.8735 0.4459 0.1956
vn -0.8888 0.4536 0.0661
vn -0.9174 0.3925 0.0659
vn -0.9060 -0.4181 0.0661
vn -0.4471 0.8945 -0.0038
vn -0.4495 0.8931 -0.0183
vn -0.8905 -0.4109 0.1955
vn -0.4821 -0.8726 -0.0782
vn 0.5245 0.8505 0.0383
vn 0.5659 0.8205 -0.0805
vn -0.4243 -0.8985 0.1125
vn 0.8114 -0.5061 -0.2925
vn -0.5283 -0.7481 -0.4016
vn 0.0132 0.9999 -0.0108
vn 0.0132 0.9999 -0.0107
vn 0.7849 -0.4740 -0.3990
vn 0.8715 0.2970 0.3902
vn 0.6604 0.6728 0.3335
vn 0.5334 0.8253 0.1853
vn 0.8357 -0.4704 -0.2834
vn 0.8390 -0.4358 -0.3259
vn 0.6302 -0.6920 -0.3522
vn 0.9018 -0.3859 0.1947
vn 0.9142 -0.3551 0.1951
vn 0.8846 -0.3436 0.3155
vn 0.8719 -0.3736 0.3167
vn 0.8528 -0.3649 -0.3735
vn 0.8721 -0.3734 -0.3163
vn -0.4956 -0.8520 0.1689
vn 0.8736 -0.4458 0.1952
vn 0.8417 -0.4344 0.3207
vn -0.5427 -0.7548 -0.3686
vn -0.5322 -0.8256 -0.1874
vn -0.6590 -0.6746 -0.3327
vn 0.5214 0.7664 0.3751
vn -0.8388 0.4358 0.3263
vn -0.8717 0.3738 0.3169
vn -0.8531 0.3646 0.3732
vn -0.6332 0.6914 0.3478
vn 0.8649 -0.3360 0.3730
vn 0.8529 -0.3648 0.3735
vn -0.0610 0.9975 0.0365
vn -0.5529 0.8332 0.0063
vn -0.8333 0.5529 -0.0000
vn -0.7717 0.6360 -0.0000
vn 0.3218 0.9145 0.2450
vn 0.1943 0.9476 0.2536
vn 0.1946 0.9062 0.3754
vn 0.3206 0.8751 0.3625
vn -0.8332 -0.5530 -0.0000
vn -0.8333 -0.5528 -0.0000
vn -0.9979 -0.0642 0.0031
vn -0.9980 -0.0624 0.0031
vn 0.4436 0.8929 -0.0772
vn -0.5654 -0.8209 0.0801
vn -0.3264 0.9452 -0.0000
vn -0.1981 0.9802 -0.0000
vn -0.1987 0.9801 -0.0000
vn -0.7076 0.0055 0.7066
vn 0.9174 -0.3926 0.0652
vn 0.9301 -0.3613 0.0660
vn -0.5713 0.8203 0.0265
vn -0.5597 0.8267 0.0577
vn 0.7798 0.6127 -0.1283
vn 0.7844 0.6169 -0.0640
vn 0.8189 -0.5665 0.0921
vn 0.9216 0.2898 0.2584
vn 0.7967 -0.5688 0.2041
vn 0.0643 -0.9978 0.0174
vn 0.7787 -0.4750 0.4099
vn 0.8275 -0.4227 0.3695
vn -0.7076 0.7066 -0.0054
vn -0.5738 0.4949 0.6526
vn -0.5738 0.4952 0.6524
vn -0.5667 0.4185 0.7097
vn 0.9204 0.3390 -0.1947
vn 0.9331 0.3021 -0.1951
vn 0.9028 0.2922 -0.3155
vn 0.8900 0.3278 -0.3169
vn 0.9174 -0.3926 -0.0653
vn 0.9017 -0.3860 -0.1948
vn 0.9142 -0.3551 -0.1952
vn 0.9301 -0.3613 -0.0659
vn -0.0000 -0.0000 -0.0000
vn 0.9061 0.4181 -0.0653
vn 0.8906 0.4109 -0.1950
vn 0.4497 -0.8930 0.0193
vn -0.0000 -0.7934 -0.6088
vn -0.0000 -0.5878 -0.8090
vn 0.8736 -0.4460 -0.1947
vn 0.4970 0.8520 -0.1646
vn -0.8420 0.4344 -0.3201
vn -0.8737 0.4458 -0.1948
vn -0.0658 0.9219 -0.3819
vn -0.1946 0.9062 -0.3754
vn -0.1943 0.9476 -0.2536
vn -0.0650 0.9641 -0.2575
vn -0.5058 -0.8471 -0.1632
vn 0.5424 0.7550 0.3684
vn 0.5185 0.8341 0.1883
vn 0.8171 0.5766 -0.0000
vn -0.8899 -0.3281 0.3170
vn -0.9202 -0.3388 0.1959
vn -0.8619 -0.3964 0.3164
vn 0.8617 0.3968 -0.3162
vn 0.5100 -0.8240 0.2469
vn 0.4808 0.7351 -0.4779
vn 0.8888 -0.4536 0.0653
vn 0.9439 0.3303 -0.0000
vn 0.9439 0.3302 -0.0000
vn -0.5378 -0.5354 0.6513
vn -0.7076 -0.7066 -0.0055
vn 0.1860 -0.9638 0.1909
vn -0.1880 -0.9649 -0.1835
vn -0.1881 -0.9648 -0.1836
vn 0.1861 -0.9638 0.1911
vn -0.9334 -0.3019 0.1942
vn -0.9495 -0.3071 0.0651
vn -0.9364 -0.3447 0.0659
vn -0.9201 -0.3393 -0.1955
vn -0.9334 -0.3019 -0.1942
vn -0.9027 -0.2919 -0.3162
vn -0.8898 -0.3282 -0.3171
vn 0.4423 -0.8663 -0.2321
vn 0.3217 -0.9146 -0.2451
vn 0.3206 -0.8751 -0.3625
vn 0.4425 -0.8285 -0.3432
vn -0.4070 -0.8195 0.4035
vn -0.7786 0.4754 -0.4097
vn -0.8262 0.4242 -0.3708
vn -0.9088 -0.3363 -0.2468
vn -0.0626 0.9980 -0.0034
vn -0.7964 0.5696 -0.2032
vn -0.7846 0.4751 0.3984
vn -0.8112 0.5062 0.2926
vn -0.7885 0.6148 -0.0179
vn -0.8187 0.5668 -0.0923
vn 0.5707 -0.8208 -0.0257
vn -0.7841 -0.6173 0.0641
vn -0.7795 -0.6131 0.1283
vn 0.5600 -0.8266 -0.0558
vn 0.9061 0.4181 0.0653
vn 0.9364 0.3449 -0.0653
vn -0.7894 0.5891 0.1729
vn -0.7835 0.5750 0.2356
vn -0.7473 0.6399 0.1790
vn -0.7918 0.6090 0.0461
vn -0.8702 -0.2949 -0.3948
vn -0.8334 0.4643 0.2998
vn -0.7497 0.6595 0.0545
vn -0.7071 0.7071 -0.0000
vn -0.8708 -0.3200 0.3732
vn -0.8829 -0.2853 0.3730
vn -0.9027 -0.2918 0.3163
vn -0.9174 0.3925 -0.0652
vn -0.9016 0.3857 -0.1959
vn -0.9145 0.3550 -0.1942
vn -0.9303 0.3611 -0.0651
vn 0.3595 0.9331 -0.0126
vn -0.6623 0.7363 0.1388
vn -0.6237 0.7098 0.3274
vn -0.6623 0.7363 0.1389
vn -0.5908 0.6803 -0.4337
vn -0.6237 0.7098 -0.3274
vn -0.6235 0.7097 -0.3279
vn -0.5977 -0.5653 -0.5685
vn -0.5978 -0.5653 -0.5684
vn -0.5817 -0.3860 -0.7160
vn -0.5999 0.5982 -0.5312
vn -0.5667 0.4185 -0.7097
vn -0.5981 0.5963 -0.5354
vn 0.6601 -0.7496 -0.0486
vn 0.6604 -0.7445 -0.0978
vn 0.5681 -0.8160 -0.1066
vn 0.5673 -0.8218 -0.0521
vn -0.4966 0.1135 -0.8605
vn -0.5506 0.1081 -0.8278
vn -0.5494 0.2124 -0.8081
vn -0.4452 0.2295 -0.8655
vn -0.3982 0.1427 -0.9061
vn -0.0866 0.6373 -0.7657
vn -0.0440 0.6873 -0.7250
vn -0.3983 0.1424 -0.9061
vn -0.3872 -0.1421 -0.9110
vn -0.3873 -0.1427 -0.9108
vn -0.3832 -0.1523 -0.9110
vn -0.3738 0.1741 0.9110
vn -0.3930 0.1567 -0.9061
vn -0.3794 0.1626 0.9108
vn -0.3792 0.1631 0.9108
vn -0.7071 0.7071 0.0003
vn -0.7785 0.6276 -0.0007
vn -0.7785 0.6276 -0.0006
vn -0.5801 -0.6273 0.5196
vn -0.4929 -0.1526 0.8566
vn -0.5005 -0.1738 0.8481
vn -0.5812 -0.6302 0.5149
vn -0.5687 -0.6253 0.5344
vn -0.5697 -0.6281 0.5301
vn -0.5562 -0.5905 0.5848
vn -0.5562 -0.5905 0.5847
vn 0.2710 0.6544 0.7059
vn 0.4312 0.5619 0.7059
vn -0.5908 0.6803 0.4337
vn -0.9536 -0.2992 -0.0344
vn 0.6593 -0.7518 -0.0000
vn 0.5825 -0.8128 -0.0000
vn 0.3827 -0.9239 -0.0000
vn -0.0000 0.9659 -0.2588
vn -0.0000 0.8660 -0.5000
vn 0.2520 0.8660 -0.4320
vn -0.2353 0.8660 0.4413
vn -0.2354 0.8660 0.4412
vn -0.0000 -0.9469 -0.3215
vn 0.7076 -0.7066 0.0054
vn 0.7076 -0.7066 0.0055
vn 0.7421 0.6673 0.0631
vn -0.0000 0.8660 0.5000
vn -0.0000 0.7071 0.7071
vn 0.7900 0.5343 0.3008
vn 0.8661 0.3592 0.3475
vn -0.2427 0.7607 -0.6020
vn 0.8058 0.5372 0.2492
vn 0.8137 0.5494 0.1899
vn -0.0000 -0.3827 0.9239
vn 0.7421 0.6673 -0.0630
vn 0.0651 -0.9641 0.2575
vn 0.0652 -0.9641 0.2575
vn 0.3215 -0.9147 0.2451
vn 0.3215 -0.9146 0.2451
vn 0.5716 -0.8203 0.0219
vn -0.4482 0.8939 0.0089
vn -0.4501 0.8927 0.0234
vn 0.5639 -0.8244 0.0500
vn 0.5107 -0.8214 -0.2541
vn 0.4504 -0.8925 -0.0245
vn -0.5103 0.8235 -0.2480
vn 0.8905 0.4109 0.1953
vn 0.8616 0.3973 0.3160
vn 0.8901 0.3278 0.3166
vn -0.8615 -0.3974 -0.3160
vn -0.8707 -0.3201 -0.3734
vn -0.8433 -0.3881 -0.3719
vn 0.8705 0.3203 0.3736
vn 0.8827 0.2857 0.3730
vn 0.9028 0.2922 0.3155
vn 0.8058 0.5372 0.2491
vn 0.1860 -0.9638 -0.1910
vn 0.5369 -0.6475 -0.5408
vn 0.5369 -0.6476 -0.5407
vn 0.8888 -0.4536 -0.0652
vn -0.0000 -0.7934 0.6088
vn -0.0000 -0.7518 0.6593
vn -0.0000 -0.7933 0.6088
vn 0.8369 0.4091 -0.3635
vn -0.7971 -0.4406 0.4130
vn 0.7920 0.4610 -0.4004
vn -0.2261 0.7523 0.6188
vn 0.8662 0.3592 -0.3475
vn 0.7900 0.5342 -0.3008
vn 0.8058 0.5372 -0.2491
vn 0.8138 0.5492 -0.1901
vn -0.5096 0.8216 0.2555
vn 0.2359 -0.7535 0.6136
vn -0.1943 -0.9476 -0.2536
vn -0.3217 -0.9146 -0.2451
vn -0.3218 -0.8747 -0.3623
vn -0.1946 -0.9062 -0.3754
vn -0.5556 -0.8315 -0.0000
vn -0.1301 -0.7011 -0.7011
vn -0.1309 -0.7010 -0.7010
vn -0.5001 -0.6123 -0.6123
vn -0.4999 -0.6124 -0.6124
vn -0.9364 -0.3447 -0.0659
vn -0.9060 -0.4180 -0.0661
vn -0.5370 0.6473 -0.5409
vn -0.5367 0.6478 -0.5407
vn -0.7076 0.0055 -0.7066
vn -0.7076 0.0054 -0.7066
vn -0.8905 -0.4109 -0.1952
vn -0.9495 -0.3071 -0.0651
vn 0.9427 -0.3337 -0.0000
vn 0.9426 -0.3338 -0.0000
vn 0.9493 0.3073 -0.0660
vn 0.8844 -0.3435 -0.3159
vn 0.8649 -0.3360 -0.3730
vn 0.8432 0.3879 -0.3723
vn 0.8370 0.4092 0.3632
vn -0.7971 -0.4405 -0.4130
vn 0.7920 0.4610 0.4004
vn 0.3264 0.9452 -0.0000
vn 0.3263 0.9453 -0.0000
vn -0.5505 0.8349 -0.0000
vn -0.7934 -0.6088 -0.0000
vn -0.0000 0.3090 0.9511
vn -0.0000 0.5878 0.8090
vn 0.3530 -0.9356 -0.0000
vn -0.0000 -0.5000 0.8660
vn -0.4307 -0.4520 -0.7811
vn -0.0178 0.4520 -0.8918
vn 1.0000 -0.0001 -0.0000
vn 0.8661 0.4999 -0.0000
vn 0.8661 0.5000 -0.0000
vn -0.2281 -0.7829 0.5788
vn 0.2590 -0.0000 0.9659
vn 0.9437 0.3307 -0.0000
vn 0.9914 -0.1305 -0.0000
vn 0.9239 -0.3827 -0.0000
vn -0.0000 0.9659 0.2588
vn -0.0000 -0.3090 -0.9511
vn 0.4857 -0.7873 0.3798
vn -0.5000 0.8660 -0.0000
vn -0.0000 0.2588 -0.9659
vn -0.0000 0.5000 -0.8660
vn 0.3827 -0.0000 -0.9239
vn 0.5825 -0.0000 -0.8128
vn 0.0178 -0.4520 0.8918
vn -0.3530 -0.9356 -0.0000
vn -0.5859 0.8104 -0.0000
vn 0.1305 -0.0000 -0.9914
vn 0.1305 -0.9914 -0.0000
vn -0.0645 0.4336 0.8988
vn 0.0644 0.4336 0.8988
vn 0.0649 0.4907 0.8689
vn -0.0648 0.4907 0.8689
vn 0.9239 0.3827 -0.0000
vn 0.7934 0.6088 -0.0000
vn 0.6088 -0.0000 0.7933
vn 0.3827 -0.0000 0.9239
vn -0.0655 0.8949 0.4413
vn -0.0661 0.9219 0.3818
vn -0.1946 0.9062 0.3754
vn -0.1946 0.8797 0.4338
vn 0.8759 -0.4598 0.1463
vn 0.8515 -0.4676 0.2372
vn 0.8513 -0.4678 0.2378
vn 0.8758 -0.4599 0.1467
vn 0.9134 0.4042 -0.0487
vn 0.9008 0.4087 -0.1468
vn 0.9006 0.4090 -0.1470
vn 0.9135 0.4038 -0.0491
vn -0.7046 0.4968 -0.5067
vn -0.6565 0.5275 -0.5392
vn -0.6557 0.4533 -0.6039
vn -0.7055 0.4437 -0.5526
vn -0.6537 -0.2842 -0.7014
vn -0.6543 -0.3719 -0.6585
vn -0.7026 -0.3496 -0.6198
vn -0.7018 -0.2680 -0.6600
vn 0.6532 -0.1920 -0.7324
vn 0.7012 -0.1806 -0.6897
vn 0.7018 -0.2676 -0.6602
vn 0.6534 -0.2843 -0.7016
vn 0.8515 -0.4676 -0.2374
vn 0.8514 -0.4677 -0.2376
vn 0.8360 -0.4720 -0.2800
vn -0.5738 0.4952 -0.6524
vn -0.5738 0.4949 -0.6526
vn -0.5862 -0.3859 -0.7123
vn -0.5853 -0.3783 -0.7171
vn -0.6040 0.4792 -0.6368
vn -0.6042 0.4739 -0.6406
vn 0.6163 0.7803 -0.1067
vn 0.6205 0.7825 -0.0513
vn 0.6601 0.7496 -0.0486
vn 0.6579 0.7464 -0.1000
vn 0.1939 0.9623 0.1909
vn 0.0642 0.9791 0.1931
vn 0.0650 0.9641 0.2575
vn 0.5541 -0.6550 0.5138
vn 0.5526 -0.5828 0.5958
vn 0.4397 -0.6281 0.6420
vn 0.4393 -0.7082 0.5527
vn -0.3930 -0.1216 -0.9115
vn -0.3928 -0.1221 -0.9115
vn 0.6547 0.7296 0.1974
vn 0.6543 0.7301 0.1972
vn 0.6017 0.7605 0.2441
vn -0.3929 -0.1270 0.9108
vn -0.3926 -0.1270 0.9109
vn -0.5776 0.6043 0.5487
vn -0.5774 0.6044 0.5489
vn -0.5547 0.7462 -0.3680
vn -0.6588 0.6506 -0.3778
vn -0.6592 0.6948 -0.2878
vn -0.5559 0.7680 -0.3181
vn -0.6222 -0.6589 -0.4228
vn -0.6221 -0.6588 -0.4231
vn -0.6095 -0.7605 0.2238
vn -0.6095 -0.7605 0.2239
vn -0.6514 -0.7579 0.0342
vn -0.6514 -0.7580 0.0348
vn -0.6568 -0.7148 -0.2403
vn -0.6568 -0.7148 -0.2400
vn -0.5774 0.6044 -0.5489
vn -0.5775 0.6044 -0.5489
vn 0.5683 -0.7603 0.3145
vn 0.5684 -0.7124 0.4115
vn 0.6610 -0.6496 0.3756
vn 0.6545 -0.6990 0.2882
vn 0.6728 -0.0994 -0.7331
vn 0.6728 -0.0996 -0.7331
vn 0.6675 -0.0554 -0.7425
vn 0.3053 -0.9522 0.0126
vn -0.6623 0.7362 -0.1391
vn -0.6623 0.7363 -0.1388
vn 0.3597 0.9330 -0.0128
vn 0.2992 -0.9539 -0.0231
vn -0.3812 -0.1617 0.9102
vn -0.3810 -0.1623 0.9102
vn 0.1932 -0.6862 -0.7013
vn 0.3192 -0.6627 -0.6774
vn 0.3181 -0.7495 -0.5806
vn 0.1948 -0.7757 -0.6003
vn -0.3884 -0.1417 0.9105
vn -0.3881 -0.1422 0.9106
vn -0.5815 0.4876 0.6512
vn -0.5858 0.4888 0.6464
vn -0.5874 0.5791 0.5654
vn -0.5819 0.6044 0.5442
vn -0.6039 0.4792 0.6368
vn -0.6042 0.4739 0.6406
vn 0.7856 0.6188 -0.0000
vn -0.6594 -0.7454 0.0981
vn -0.7075 -0.7009 0.0911
vn -0.7068 -0.7060 0.0449
vn -0.6585 -0.7509 0.0492
vn 0.3192 -0.6627 0.6774
vn 0.3190 -0.7492 0.5805
vn -0.8054 -0.5377 -0.2492
vn -0.8054 -0.5377 -0.2493
vn -0.8135 -0.5496 -0.1902
vn -0.7795 -0.6131 -0.1283
vn -0.7896 -0.5352 -0.3000
vn -0.8699 -0.3586 -0.3385
vn -0.7889 -0.4639 -0.4030
vn -0.8054 -0.5378 0.2492
vn 0.2158 -0.7454 -0.6307
vn -0.8135 -0.5496 0.1901
vn -0.7842 -0.6173 -0.0636
vn -0.7414 -0.6680 -0.0630
vn 0.4474 -0.8943 -0.0099
vn 0.7763 0.4626 0.4283
vn -0.8382 -0.4080 -0.3620
vn 0.8432 0.3878 0.3724
vn -0.7414 -0.6680 0.0630
vn -0.8055 -0.5377 0.2493
vn 0.4462 0.8950 0.0031
vn 0.4460 0.8950 0.0031
vn -0.3181 -0.7495 -0.5806
vn -0.1946 -0.7756 -0.6005
vn -0.1952 -0.8172 -0.5423
vn -0.3173 -0.7893 -0.5257
vn -0.8720 0.3734 -0.3165
vn -0.8844 0.3432 -0.3163
vn -0.8529 0.3648 -0.3736
vn -0.8650 0.3355 -0.3730
vn 0.8705 0.3203 -0.3736
vn -0.8382 -0.4080 0.3620
vn 0.7762 0.4627 -0.4283
vn -0.7889 -0.4639 0.4030
vn -0.8700 -0.3586 0.3385
vn -0.7896 -0.5353 0.3000
vn -0.8844 0.3431 0.3163
vn -0.8650 0.3355 0.3730
vn -0.5874 0.5793 -0.5651
vn -0.5819 0.6045 -0.5440
vn -0.5817 0.4877 -0.6510
vn -0.5858 0.4890 -0.6463
vn -0.9303 0.3611 0.0651
vn -0.9145 0.3550 0.1942
vn 0.8769 0.4180 0.2374
vn 0.8771 0.4179 0.2370
vn 0.8617 0.4232 0.2800
vn 0.8615 0.4239 0.2797
vn 0.9008 0.4087 0.1468
vn 0.9006 0.4090 0.1469
vn 0.9133 0.4043 0.0486
vn 0.9132 0.4045 0.0496
vn 0.8886 -0.4562 -0.0485
vn 0.8888 -0.4556 -0.0491
vn 0.8756 -0.4601 -0.1471
vn 0.8759 -0.4599 -0.1460
vn 0.8769 0.4180 -0.2372
vn 0.8767 0.4182 -0.2379
vn 0.8617 0.4232 -0.2800
vn 0.1881 0.1836 -0.9648
vn 0.1880 0.1835 -0.9649
vn -0.1860 -0.1909 -0.9638
vn -0.1861 -0.1911 -0.9638
vn -0.9659 0.2588 -0.0000
vn -0.8660 -0.5001 -0.0000
vn 0.6205 -0.7825 0.0513
vn 0.8660 -0.5001 -0.0000
vn -0.8661 0.4999 -0.0000
vn -0.8660 0.5000 -0.0000
vn -0.8661 -0.4999 -0.0000
vn 0.1860 -0.1909 0.9638
vn 0.1861 -0.1911 0.9638
vn -0.1881 0.1836 0.9648
vn -0.1880 0.1835 0.9649
vn -0.0000 0.7071 -0.7071
vn -0.1305 0.7011 -0.7011
vn -0.1301 0.7011 -0.7011
vn 0.5001 0.8660 -0.0000
vn 0.3535 0.9352 0.0231
vn 0.3056 -0.9521 0.0127
vn 0.8936 -0.4489 -0.0000
vn 0.9353 -0.3537 -0.0000
vn 0.8661 -0.4999 -0.0000
vn 0.6054 -0.7959 -0.0000
vn -0.5001 -0.8660 -0.0000
vn -0.6682 0.3820 -0.6384
vn -0.7535 0.1569 -0.6384
vn 0.7535 -0.1569 -0.6384
vn 0.7651 0.0837 -0.6384
vn 0.5174 0.5698 -0.6384
vn 0.6682 0.3820 -0.6384
vn 0.6834 -0.3388 0.6467
vn 0.5698 -0.5174 0.6384
vn 0.6834 0.3387 -0.6467
vn 0.5698 0.5174 -0.6384
vn 0.6834 0.3388 -0.6467
vn -0.6682 -0.3820 0.6384
vn -0.5174 -0.5698 0.6384
vn 0.7651 -0.0837 0.6384
vn 0.6682 -0.3820 -0.6384
vn 0.7018 -0.3160 -0.6384
vn 0.7651 -0.0837 -0.6384
vn -0.5174 -0.5698 -0.6384
vn -0.6682 -0.3820 -0.6384
vn 0.7535 0.1569 -0.6384
vn 0.3406 0.6830 0.6461
vn 0.5174 0.5698 0.6384
vn 0.7018 0.3160 0.6384
vn 0.7651 0.0837 0.6384
vn 0.5698 0.5174 0.6384
vn -0.3406 0.6830 -0.6461
vn -0.0837 0.7651 -0.6384
vn -0.3406 -0.6830 0.6461
vn -0.3406 -0.6831 0.6461
vn -0.0837 -0.7651 0.6384
vn 0.3160 0.7018 -0.6384
vn 0.5698 -0.5174 -0.6384
vn -0.3160 0.7018 0.6384
vn -0.5174 0.5698 0.6384
vn 0.0837 0.7651 -0.6384
vn 0.1858 0.3726 -0.9092
vn 0.3471 0.2303 -0.9091
vn -0.6362 -0.4221 -0.6458
vn -0.3471 -0.2303 -0.9091
vn -0.1858 -0.3726 -0.9092
vn -0.3160 -0.7018 -0.6384
vn 0.4155 0.0264 0.9092
vn 0.7617 0.0491 0.6461
vn 0.6362 0.4221 0.6458
vn 0.3471 0.2303 0.9091
vn 0.3728 -0.1848 0.9093
vn 0.6833 -0.3390 0.6467
vn 0.2299 -0.3465 0.9094
vn 0.4216 -0.6354 0.6469
vn 0.2299 0.3465 -0.9094
vn 0.0254 0.4153 -0.9093
vn 0.0463 0.7614 -0.6467
vn 0.4216 0.6354 -0.6469
vn 0.0254 -0.4153 0.9093
vn -0.1858 -0.3726 0.9092
vn -0.3410 -0.6828 0.6461
vn 0.0461 -0.7614 0.6467
vn -0.3471 -0.2303 0.9091
vn -0.6362 -0.4221 0.6458
vn 0.0254 -0.4153 -0.9093
vn 0.4155 0.0267 -0.9092
vn 0.2299 -0.3465 -0.9094
vn 0.3729 -0.1845 -0.9093
vn -0.2299 0.3465 0.9094
vn -0.4216 0.6354 0.6469
vn -0.6833 0.3390 0.6467
vn -0.3728 0.1848 0.9093
vn -0.7617 -0.0481 0.6461
vn -0.4155 -0.0264 0.9092
vn 0.1858 -0.3726 0.9092
vn 0.3160 -0.7018 0.6384
vn 0.6362 -0.4221 0.6458
vn 0.3471 -0.2303 0.9091
vn -0.4155 -0.0267 -0.9092
vn -0.3728 0.1848 -0.9093
vn -0.2299 0.3465 -0.9094
vn -0.9980 0.0633 -0.0031
vn -0.8954 -0.4438 0.0365
vn -0.0610 -0.9975 0.0366
vn -0.0610 -0.9975 0.0365
vn -0.5529 -0.8332 -0.0063
vn -0.8954 0.4438 -0.0365
vn -0.5529 0.8332 0.0064
vn 0.0610 0.9975 -0.0365
vn -0.4461 0.8950 0.0031
vn -0.4461 0.8950 0.0032
vn 0.8332 0.5530 -0.0000
vn 0.8334 0.5526 -0.0000
vn 0.9979 0.0642 -0.0031
vn 0.9980 0.0624 -0.0031
vn 0.4453 -0.8954 -0.0031
vn -0.0610 -0.9975 -0.0365
vn 0.4469 -0.8946 -0.0031
vn 0.5529 0.8332 0.0063
vn 0.8954 0.4438 -0.0365
vn 0.8954 0.4439 -0.0365
vn 0.5529 -0.8332 -0.0063
vn 0.0610 -0.9975 -0.0365
vn 0.4461 -0.8950 -0.0031
vn -0.4459 -0.8951 -0.0031
vn -0.4462 -0.8950 -0.0031
vn -0.8334 0.5527 -0.0000
vn -0.8332 0.5530 -0.0000
vn 0.9859 -0.0653 0.1543
vn 0.8332 -0.5529 -0.0000
vn 0.8333 -0.5529 -0.0000
vn 0.9859 -0.0652 0.1543
vn 0.8332 0.5529 -0.0000
vn 0.4433 0.8830 0.1543
vn 0.8333 0.5529 -0.0000
vn -0.8657 -0.4264 0.2622
vn -0.9859 0.0653 0.1543
vn -0.9859 0.0652 0.1543
vn -0.8657 -0.4263 0.2622
vn -0.5274 -0.7949 0.3000
vn -0.8657 0.4263 0.2622
vn -0.8657 0.4264 0.2622
vn -0.5274 0.7949 0.3000
vn -0.4432 -0.8830 0.1543
vn 0.0564 -0.9634 0.2622
vn -0.4433 -0.8830 0.1543
vn 0.4432 -0.8830 -0.1543
vn 0.4433 -0.8830 -0.1543
vn -0.8332 0.5529 -0.0000
vn -0.4433 0.8830 -0.1543
vn 0.0564 -0.9634 -0.2622
vn -0.4432 -0.8830 -0.1543
vn -0.4433 -0.8830 -0.1543
vn 0.5274 0.7949 0.3000
vn 0.8657 0.4263 0.2622
vn 0.5274 -0.7949 -0.3000
vn -0.0564 -0.9634 0.2622
vn 0.4432 -0.8830 0.1543
vn 0.4433 -0.8830 0.1543
vn 0.4791 -0.8383 -0.2603
vn 0.4790 -0.8384 -0.2601
vn 0.6543 -0.6990 -0.2887
vn 0.6464 -0.7389 -0.1901
vn -0.3630 -0.7285 0.5809
vn 0.0499 -0.8120 0.5815
vn 0.0495 -0.8121 0.5815
vn -0.2019 -0.4049 0.8918
vn 0.7291 -0.3609 -0.5815
vn 0.4497 -0.6777 -0.5817
vn 0.7290 -0.3612 -0.5815
vn 0.3629 -0.6061 0.7078
vn -0.3772 0.2503 0.8917
vn -0.2019 0.4049 0.8918
vn 0.6784 0.4501 0.5806
vn 0.3634 0.7283 0.5809
vn 0.2019 0.4050 0.8918
vn 0.3771 0.2502 0.8917
vn 0.8124 -0.0513 -0.5809
vn 0.4516 -0.0287 -0.8918
vn 0.7288 0.3615 -0.5815
vn 0.7291 0.3610 -0.5815
vn -0.4497 -0.6777 -0.5817
vn -0.7288 -0.3615 -0.5815
vn -0.7290 -0.3612 -0.5815
vn 0.8124 0.0514 -0.5809
vn 0.4516 0.0287 -0.8918
vn -0.7290 0.3612 -0.5815
vn -0.4516 -0.0287 -0.8918
vn -0.8123 -0.0518 -0.5809
vn -0.7288 0.3615 -0.5815
vn 0.6784 -0.4501 0.5806
vn 0.3772 -0.2503 0.8917
vn 0.2019 -0.4049 0.8918
vn 0.3630 -0.7285 0.5809
vn 0.3772 -0.2503 -0.8917
vn 0.3629 0.6061 -0.7078
vn 0.2019 -0.4049 -0.8918
vn -0.3771 -0.2502 0.8917
vn 0.4516 0.0287 0.8918
vn 0.8124 0.0514 0.5809
vn 0.8124 -0.0513 0.5809
vn 0.7288 0.3615 0.5815
vn 0.7290 0.3612 0.5815
vn 0.4516 -0.0287 0.8918
vn -0.0499 -0.8120 -0.5815
vn -0.0495 -0.8121 -0.5815
vn -0.7855 -0.3892 0.4812
vn -0.4846 -0.7303 0.4814
vn -0.7852 -0.3898 0.4812
vn -0.0537 -0.8750 0.4812
vn -0.0534 -0.8750 0.4812
vn -0.8751 -0.0558 -0.4806
vn -0.7853 0.3895 -0.4812
vn -0.7855 0.3892 -0.4812
vn -0.8752 -0.0548 -0.4806
vn 0.7308 -0.4849 0.4803
vn 0.3914 -0.7847 0.4806
vn 0.3911 -0.7849 0.4806
vn -0.7308 -0.4849 -0.4804
vn -0.3914 -0.7847 -0.4806
vn -0.3911 -0.7849 -0.4806
vn 0.0542 -0.8750 -0.4811
vn 0.0532 -0.8750 -0.4812
vn 0.0537 0.8750 -0.4812
vn 0.4846 0.7303 -0.4814
vn 0.0534 0.8750 -0.4812
vn 0.7857 -0.3888 -0.4812
vn 0.4846 -0.7303 -0.4814
vn 0.7852 -0.3897 -0.4811
vn 0.8752 -0.0553 -0.4806
vn 0.8752 -0.0557 -0.4806
vn 0.7853 0.3897 -0.4811
vn 0.7857 0.3889 -0.4811
vn 0.8752 -0.0553 0.4806
vn 0.8752 -0.0557 0.4806
vn -0.7308 0.4849 -0.4804
vn -0.3911 0.7849 -0.4806
vn -0.3914 0.7847 -0.4806
vn -0.8751 -0.0559 0.4806
vn -0.8752 -0.0548 0.4806
vn -0.7853 0.3897 0.4812
vn -0.7856 0.3889 0.4812
vn 0.4453 -0.8913 -0.0850
vn -0.9943 0.0639 0.0850
vn -0.4454 -0.8913 -0.0850
vn -0.4453 -0.8913 -0.0850
vn 0.0596 -0.9874 -0.1465
vn 0.0597 -0.9874 -0.1464
vn -0.5450 0.8213 -0.1686
vn -0.8866 0.4388 -0.1464
vn -0.8867 0.4386 -0.1465
vn -0.5410 0.8154 -0.2061
vn -0.5450 0.8213 0.1686
vn -0.5410 0.8154 0.2061
vn -0.8867 0.4386 0.1465
vn -0.8866 0.4387 0.1464
vn 0.4453 0.8913 0.0850
vn -0.0596 0.9874 0.1465
vn -0.0594 0.9874 0.1465
vn 0.4454 0.8913 0.0850
vn 0.9943 -0.0639 -0.0850
vn 0.9943 -0.0640 -0.0850
vn 0.4453 -0.8913 0.0850
vn -0.8866 -0.4388 0.1464
vn -0.8867 -0.4386 0.1465
vn -0.4460 -0.8940 0.0434
vn 0.0606 -0.9953 0.0751
vn 0.0597 -0.9874 0.1464
vn -0.4453 -0.8913 0.0850
vn -0.9970 0.0634 0.0434
vn -0.9970 0.0634 -0.0434
vn -0.9943 0.0639 -0.0850
vn 0.8866 0.4387 0.1464
vn 0.9943 -0.0639 0.0850
vn 0.9970 -0.0635 0.0434
vn 0.8935 0.4426 0.0751
vn 0.5450 -0.8213 -0.1684
vn 0.5508 -0.8301 -0.0865
vn 0.0606 -0.9953 -0.0751
vn 0.8867 -0.4386 -0.1465
vn 0.8936 -0.4426 -0.0751
vn 0.9970 -0.0635 -0.0434
vn 0.8866 0.4387 -0.1464
vn 0.8936 0.4426 -0.0751
vn 0.0597 0.9874 0.1464
vn 0.0596 0.9874 0.1465
vn 0.5410 0.8154 0.2061
vn 0.5450 0.8213 0.1686
vn -0.5508 -0.8301 -0.0868
vn -0.0608 -0.9953 -0.0751
vn -0.0594 -0.9874 -0.1465
vn -0.5450 -0.8213 -0.1686
vn -0.5524 -0.8325 0.0422
vn -0.8936 -0.4426 0.0751
vn -0.5508 -0.8301 0.0868
vn -0.8954 0.4439 0.0365
vn -0.8936 0.4426 0.0751
vn -0.9970 -0.0634 0.0434
vn -0.9970 -0.0635 0.0434
vn -0.8333 -0.5529 -0.0000
vn -0.4460 -0.8940 -0.0434
vn 0.0612 -0.9975 -0.0365
vn 0.5524 -0.8325 -0.0422
vn 0.8953 0.4440 -0.0365
vn 0.5508 0.8301 -0.0868
vn 0.5524 0.8325 -0.0422
vn 0.8953 0.4440 0.0365
vn 0.9970 0.0635 -0.0434
vn 0.6820 -0.4454 0.5800
vn 0.6826 -0.5168 0.5167
vn 0.6826 -0.5166 0.5169
vn 0.6820 -0.4450 0.5804
vn 0.0611 -0.9975 0.0365
vn -0.5524 -0.8325 -0.0422
vn -0.0609 -0.9975 -0.0365
vn 0.0606 0.9953 -0.0751
vn 0.5450 0.8213 -0.1687
vn 0.0597 0.9874 -0.1464
vn -0.5450 -0.8213 0.1686
vn -0.5410 -0.8154 0.2061
vn -0.0596 -0.9874 0.1465
vn -0.0595 -0.9874 0.1465
vn 0.4460 -0.8940 0.0434
vn 0.0596 -0.9874 0.1465
vn -0.0665 0.9978 -0.0000
vn 0.0665 0.9978 -0.0000
vn 0.7180 -0.6960 -0.0000
vn 0.5923 -0.8058 -0.0000
vn 0.5878 -0.8090 -0.0000
vn 0.8936 0.4489 -0.0000
vn 0.9353 0.3537 -0.0000
vn -0.0000 0.0001 1.0000
vn -0.0650 -0.9641 -0.2575
vn -0.0659 -0.9219 -0.3819
vn 0.0662 -0.9219 -0.3818
vn 0.0650 -0.9641 -0.2575
vn -0.0000 0.5000 0.8660
vn 0.2629 -0.9648 -0.0000
vn -0.6528 -0.7575 0.0003
vn 0.7071 -0.7071 -0.0000
vn 0.1569 0.7535 -0.6384
vn 0.3406 -0.6830 -0.6461
vn 0.0837 -0.7651 -0.6384
vn 0.3820 -0.6682 0.6384
vn -0.1569 0.7535 -0.6384
vn -0.7535 -0.1569 -0.6384
vn 0.5174 -0.5698 -0.6384
vn 0.0837 -0.7651 0.6384
vn -0.3820 0.6682 0.6384
vn -0.5698 0.5174 0.6384
vn -0.7018 0.3160 -0.6384
vn -0.5698 0.5174 -0.6384
vn 0.7535 -0.1569 0.6384
vn 0.3820 0.6682 0.6384
vn -0.0666 0.9978 -0.0000
vn 0.0666 0.9978 -0.0000
vn -0.9941 0.1087 -0.0000
vn -0.9118 0.4106 -0.0000
vn -0.2038 -0.9790 -0.0000
vn 0.9790 0.2038 -0.0000
vn 0.9980 0.0633 -0.0031
vn -0.8660 -0.5000 -0.0000
vn -0.0024 0.4988 0.8667
vn -0.0022 0.4988 0.8667
vn -0.0024 0.4988 -0.8667
vn -0.0022 0.4988 -0.8667
vn -0.0000 -0.2588 0.9659
vn 0.0024 -0.4989 0.8667
vn 0.0023 -0.4989 0.8667
vn -0.0000 -0.9659 -0.2588
vn 0.0023 -0.8667 -0.4989
vn -0.0254 0.4153 -0.9093
vn 0.6833 0.3390 -0.6467
vn 0.3728 0.1848 -0.9093
vn -0.0254 -0.4152 0.9094
vn -0.0463 -0.7613 0.6467
vn 0.1569 -0.7535 -0.6384
vn 0.3820 -0.6682 -0.6384
vn -0.5174 0.5698 -0.6384
vn 0.6682 0.3820 0.6384
vn -0.7535 0.1569 0.6384
vn -0.7651 -0.0837 0.6384
vn -0.5698 -0.5174 -0.6384
vn -0.6834 -0.3388 -0.6467
vn -0.6834 -0.3387 -0.6467
vn -0.7018 -0.3160 0.6384
vn 0.3820 0.6682 -0.6384
vn 0.5000 -0.8660 -0.0000
vn 0.8558 -0.0000 0.5173
vn 0.0647 0.9790 -0.1931
vn 0.0650 0.9641 -0.2575
vn -0.0648 0.9790 -0.1932
vn -0.0000 -0.4999 0.8661
vn -0.0000 -0.3090 0.9511
vn -0.0000 -0.4998 0.8661
vn -0.3827 -0.0000 0.9239
vn -0.5859 -0.0000 0.8104
vn -0.5858 -0.0000 0.8104
vn -0.8660 0.5001 -0.0000
vn -0.9648 0.2629 -0.0000
vn -0.9511 0.3090 -0.0000
vn -0.5878 0.8090 -0.0000
vn 0.8660 0.5000 -0.0000
vn 0.6087 -0.0000 0.7934
vn 0.2588 -0.9659 -0.0000
vn 0.9648 -0.2629 -0.0000
vn -0.0000 0.9469 0.3215
vn -0.0000 0.9469 0.3214
vn -0.0000 0.7934 0.6087
vn -0.0000 0.7934 0.6088
vn -0.4999 -0.8661 -0.0000
vn -0.0254 0.4153 0.9093
vn 0.6362 0.4221 -0.6458
vn -0.0468 0.7613 -0.6467
vn -0.4216 0.6354 -0.6469
vn 0.1858 0.3726 0.9092
vn 0.3413 0.6827 0.6461
vn 0.3411 -0.6828 -0.6461
vn -0.0461 -0.7614 -0.6467
vn -0.0254 -0.4152 -0.9094
vn 0.1858 -0.3726 -0.9092
vn -0.2299 -0.3465 -0.9095
vn -0.4216 -0.6354 -0.6469
vn -0.6833 -0.3390 -0.6467
vn -0.3728 -0.1848 -0.9093
vn 0.0461 -0.7614 -0.6467
vn 0.4216 -0.6354 -0.6469
vn -0.7617 -0.0488 -0.6461
vn 0.5540 0.6875 0.4696
vn 0.4375 0.7449 0.5038
vn 0.4393 0.7082 0.5527
vn 0.5542 0.6549 0.5137
vn -0.3728 -0.1848 0.9093
vn -0.4155 0.0264 0.9092
vn -0.7617 0.0489 0.6461
vn -0.6722 0.7403 -0.0000
vn -0.2038 0.9790 -0.0000
vn 0.1087 0.9941 -0.0000
vn 0.5000 0.8660 -0.0000
vn 0.2588 0.9659 -0.0000
vn -0.3827 -0.9239 -0.0000
vn 0.4106 -0.9118 -0.0000
vn 0.6722 -0.7403 -0.0000
vn -0.5482 0.8364 -0.0000
vn 0.1087 -0.9941 -0.0000
vn -0.0000 -0.8660 -0.5000
vn -0.2588 0.9659 -0.0000
vn 0.8333 0.5528 -0.0000
vn 0.4461 0.8950 0.0032
vn 0.4461 0.8950 0.0031
vn -0.0656 0.8306 -0.5531
vn -0.0655 0.7888 -0.6111
vn -0.1946 0.7757 -0.6003
vn -0.1947 0.8170 -0.5427
vn -0.9980 0.0624 -0.0031
vn -0.9979 0.0642 -0.0031
vn -0.8954 -0.4438 -0.0365
vn -0.8332 -0.5529 -0.0000
vn 0.0564 0.9634 -0.2622
vn -0.8954 0.4438 0.0365
vn 0.8954 0.4439 0.0365
vn 0.8954 0.4438 0.0365
vn 0.9980 -0.0633 0.0031
vn -0.4459 0.8951 0.0031
vn -0.4462 0.8949 0.0031
vn -0.8333 0.5528 -0.0000
vn -0.0610 0.9975 -0.0365
vn 0.0610 0.9975 0.0365
vn -0.5274 0.7949 -0.3000
vn -0.8657 0.4264 -0.2622
vn -0.8657 0.4263 -0.2622
vn -0.9859 -0.0653 -0.1543
vn -0.9859 -0.0652 -0.1543
vn 0.4433 0.8830 -0.1543
vn 0.4432 0.8830 -0.1543
vn -0.5553 0.7675 0.3204
vn -0.4421 0.8278 0.3454
vn -0.4978 0.8420 0.2079
vn -0.5609 0.7993 0.2158
vn 0.9859 -0.0652 -0.1543
vn 0.9859 -0.0653 -0.1543
vn 0.8657 0.4263 -0.2622
vn 0.5274 -0.7949 0.3000
vn 0.5274 0.7949 -0.3000
vn 0.6784 0.4501 -0.5806
vn 0.3772 0.2503 -0.8917
vn -0.0493 0.8121 0.5815
vn -0.0503 0.8120 0.5815
vn 0.0493 -0.8121 -0.5815
vn 0.0503 -0.8120 -0.5815
vn -0.6784 -0.4502 -0.5806
vn -0.3772 -0.2503 -0.8917
vn 0.7288 -0.3616 0.5815
vn 0.7290 -0.3611 0.5815
vn -0.4497 0.6777 -0.5817
vn -0.4497 -0.6777 0.5817
vn -0.7288 -0.3615 0.5815
vn -0.0501 0.8120 -0.5815
vn -0.0491 0.8121 -0.5815
vn 0.3630 0.7285 -0.5809
vn 0.2019 0.4049 -0.8918
vn 0.6784 -0.4501 -0.5806
vn -0.3772 0.2503 -0.8917
vn -0.2019 0.4049 -0.8918
vn 0.3214 0.9147 -0.2451
vn 0.3215 0.9147 -0.2451
vn 0.4423 0.8663 -0.2321
vn -0.6784 0.4502 -0.5806
vn -0.4516 0.0287 -0.8918
vn -0.8123 0.0517 -0.5809
vn -0.4516 0.0287 0.8918
vn 0.4497 -0.6777 0.5817
vn -0.7288 0.3616 0.5815
vn -0.7288 0.3615 0.5815
vn -0.8123 -0.0518 0.5809
vn -0.4516 -0.0287 0.8918
vn 0.3914 0.7847 0.4806
vn -0.0537 0.8750 0.4812
vn -0.0534 0.8750 0.4812
vn 0.7308 0.4849 0.4804
vn 0.8752 0.0557 0.4806
vn 0.8752 0.0553 0.4806
vn 0.7855 -0.3892 0.4812
vn 0.7856 -0.3890 0.4812
vn -0.9875 0.0778 0.1372
vn -0.9861 0.0423 0.1609
vn -0.9875 0.0776 0.1374
vn -0.4846 0.7303 0.4814
vn -0.3919 0.7845 0.4807
vn -0.3906 0.7851 0.4807
vn 0.0534 0.8750 0.4812
vn 0.0537 0.8750 0.4812
vn -0.7308 0.4849 0.4804
vn -0.8752 0.0553 0.4806
vn -0.8752 0.0557 0.4806
vn 0.4846 0.7303 0.4814
vn -0.4846 0.7303 -0.4814
vn -0.0609 0.9975 0.0365
vn 0.4460 0.8940 0.0434
vn 0.4459 0.8940 0.0434
vn -0.0606 0.9953 0.0751
vn -0.4460 0.8940 -0.0434
vn 0.8953 -0.4440 -0.0365
vn -0.8936 -0.4426 -0.0751
vn -0.0607 -0.9953 0.0751
vn -0.4453 0.8914 -0.0850
vn 0.0596 0.9874 -0.1465
vn -0.4453 0.8913 -0.0850
vn -0.8866 -0.4387 -0.1464
vn -0.4453 0.8913 0.0850
vn -0.4460 0.8940 0.0434
vn 0.9943 0.0640 -0.0850
vn -0.3207 0.9290 0.1848
vn -0.3217 0.9146 0.2451
vn -0.1948 0.9475 0.2536
vn -0.1940 0.9622 0.1909
vn 0.9970 0.0635 0.0434
vn 0.9943 0.0639 0.0850
vn 0.8867 -0.4386 0.1465
vn 0.8936 -0.4425 0.0751
vn 0.7730 -0.4486 0.4486
vn 0.7730 -0.5033 0.3862
vn 0.8867 0.4386 0.1465
vn 0.5450 -0.8213 0.1684
vn 0.5410 -0.8154 0.2061
vn -0.9970 -0.0634 -0.0434
vn -0.9943 -0.0639 -0.0850
vn -0.0606 0.9953 -0.0751
vn -0.0596 0.9874 -0.1465
vn 0.4454 0.8913 -0.0850
vn 0.4460 0.8940 -0.0434
vn 0.4453 0.8913 -0.0850
vn 0.5410 -0.8154 -0.2061
vn -0.5508 0.8301 0.0864
vn -0.5524 0.8325 0.0422
vn -0.9970 -0.0635 -0.0434
vn -0.8936 0.4426 -0.0751
vn 0.8953 -0.4440 0.0365
vn 0.0612 0.9975 -0.0365
vn 0.5508 -0.8302 0.0860
vn 0.5524 -0.8325 0.0422
vn -0.7785 0.6277 -0.0006
vn 0.9511 -0.3090 -0.0000
vn 0.5001 -0.8660 -0.0000
vn -0.2159 -0.9764 -0.0000
vn 0.9511 0.3090 -0.0000
vn -0.4873 -0.0000 0.8732
vn -0.2520 -0.8660 0.4320
vn -0.0000 0.4714 -0.8819
vn -0.0000 -0.9239 -0.3827
vn -0.0000 0.6612 -0.7502
vn -0.0000 0.4678 -0.8838
vn 0.0186 0.9995 0.0250
vn 0.2629 0.9648 -0.0000
vn -0.7071 0.7071 -0.0003
vn -0.5929 0.8053 -0.0000
vn -0.7072 0.7071 -0.0000
vn -0.0000 0.8090 0.5878
vn 0.4999 -0.8661 -0.0000
vn -0.9790 0.2038 -0.0000
vn 0.8170 0.5766 -0.0000
vn -0.1305 -0.9914 -0.0000
vn 0.0186 -0.9995 -0.0250
vn -0.0023 0.8667 0.4988
vn -0.0021 0.8667 0.4989
vn -0.5505 0.8348 -0.0000
vn -0.0000 -0.8090 -0.5878
vn -0.7717 -0.6360 -0.0000
vn 0.0837 0.7651 0.6384
vn -0.1569 0.7535 0.6384
vn 0.7535 0.1569 0.6384
vn 0.1569 0.7535 0.6384
vn -0.0837 0.7651 0.6384
vn -0.3820 0.6682 -0.6384
vn -0.1569 -0.7535 0.6384
vn -0.0837 -0.7651 -0.6384
vn -0.6682 0.3820 0.6384
vn -0.7535 -0.1569 0.6384
vn -0.3820 -0.6682 0.6384
vn 0.1569 -0.7535 0.6384
vn -0.7651 -0.0837 -0.6384
vn 0.3471 -0.2303 -0.9091
vn 0.6362 -0.4221 -0.6458
vn 0.4155 -0.0264 -0.9092
vn 0.7617 -0.0481 -0.6461
vn 0.7617 0.0491 -0.6461
vn -0.1858 0.3726 -0.9092
vn -0.3408 0.6829 -0.6461
vn -0.3470 0.2303 0.9091
vn -0.6362 0.4221 0.6459
vn -0.1858 0.3726 0.9092
vn 0.0254 0.4153 0.9093
vn 0.4155 -0.0267 0.9092
vn 0.2299 0.3465 0.9094
vn 0.3729 0.1845 0.9093
vn -0.7617 0.0489 -0.6461
vn -0.4155 0.0264 -0.9092
vn -0.6362 0.4221 -0.6458
vn -0.3471 0.2303 -0.9091
vn -0.2299 -0.3465 0.9095
vn -0.9980 -0.0633 0.0031
vn 0.8332 -0.5530 -0.0000
vn 0.8333 -0.5528 -0.0000
vn 0.8954 -0.4439 0.0365
vn 0.8954 -0.4438 0.0365
vn 0.8954 -0.4439 -0.0365
vn 0.8954 -0.4438 -0.0365
vn 0.0610 -0.9975 0.0365
vn -0.4461 -0.8950 -0.0031
vn 0.9979 -0.0642 0.0031
vn 0.9980 -0.0629 0.0031
vn -0.9859 -0.0653 0.1543
vn -0.9859 -0.0652 0.1543
vn 0.9859 0.0653 -0.1543
vn 0.9859 0.0652 -0.1543
vn -0.0564 -0.9634 -0.2622
vn -0.8657 -0.4263 -0.2622
vn -0.8657 -0.4264 -0.2622
vn -0.5274 -0.7949 -0.3000
vn -0.0564 0.9634 0.2622
vn -0.9859 0.0653 -0.1543
vn -0.9859 0.0652 -0.1543
vn -0.0564 0.9634 -0.2622
vn 0.0564 0.9634 0.2622
vn 0.8657 -0.4263 0.2622
vn 0.9859 0.0652 0.1543
vn 0.9859 0.0653 0.1543
vn -0.6784 -0.4502 0.5806
vn -0.3630 0.7285 0.5809
vn 0.0495 0.8121 0.5815
vn 0.0499 0.8120 -0.5815
vn 0.4497 0.6777 -0.5817
vn 0.0500 0.8120 -0.5815
vn -0.2019 -0.4049 -0.8918
vn -0.3630 -0.7285 -0.5809
vn 0.4497 0.6777 0.5817
vn 0.6290 0.3844 0.6757
vn 0.3629 -0.6061 -0.7078
vn -0.3630 0.7285 -0.5809
vn 0.3629 0.6061 0.7078
vn 0.0537 -0.8750 0.4812
vn 0.4846 -0.7303 0.4814
vn 0.0534 -0.8750 0.4812
vn -0.7308 -0.4849 0.4804
vn -0.3911 -0.7849 0.4806
vn -0.3914 -0.7847 0.4806
vn 0.8309 0.5458 -0.1086
vn 0.8494 0.5229 -0.0707
vn 0.8495 0.5229 -0.0707
vn 0.7853 0.3895 0.4812
vn 0.7855 0.3892 0.4812
vn -0.8752 0.0557 -0.4806
vn -0.8752 0.0553 -0.4806
vn 0.7308 -0.4849 -0.4804
vn -0.7853 -0.3895 -0.4812
vn -0.8867 -0.4386 -0.1465
vn -0.9943 -0.0639 0.0850
vn -0.4783 -0.5162 0.7105
vn -0.4783 -0.8352 0.2714
vn 0.4993 -0.0000 0.8664
vn 0.5748 -0.0000 0.8183
vn 0.5499 0.1075 0.8283
vn 0.4966 0.1135 0.8605
vn 0.0606 0.9953 0.0751
vn -0.5508 0.8301 -0.0867
vn -0.9970 0.0635 -0.0434
vn 0.0611 0.9975 0.0365
vn 0.5508 0.8301 0.0870
vn 0.5524 0.8325 0.0422
vn -0.9970 0.0635 0.0434
vn 0.4460 -0.8940 -0.0434
vn 0.4459 -0.8940 -0.0434
vn 0.5410 0.8154 -0.2061
vn -0.0596 -0.9874 -0.1465
vn -0.9239 -0.0000 -0.3827
vn -0.9914 -0.0000 -0.1305
vn -0.0267 0.7091 -0.7046
vn 0.9648 0.2629 -0.0000
vn -0.2588 -0.9659 -0.0000
vn -0.0000 0.9239 -0.3827
vn -0.0000 0.8090 -0.5878
vn -0.0000 0.9511 -0.3090
vn -0.5482 -0.8364 -0.0000
vn -0.6722 -0.7403 -0.0000
vn -0.7934 -0.0000 0.6088
vn -0.9941 -0.1087 -0.0000
vn -0.9118 -0.4106 -0.0000
vn -0.5858 0.8104 -0.0000
vn -0.7934 0.6088 -0.0000
vn -0.9239 0.3827 -0.0000
vn 0.9790 -0.2038 -0.0000
vn -0.7403 -0.6722 -0.0000
vn 0.7518 -0.6594 -0.0000
vn 1.0000 0.0001 -0.0000
vn -0.0000 -0.9469 -0.3214
vn 0.3788 0.9255 -0.0000
vn 0.6054 0.7959 -0.0000
vn -0.5698 -0.5174 0.6384
vn 0.5174 -0.5698 0.6384
vn -0.1569 -0.7535 -0.6384
vn -0.3820 -0.6682 -0.6384
vn -0.7651 0.0837 -0.6384
vn 0.6682 -0.3820 0.6384
vn -0.6834 0.3388 0.6467
vn -0.7651 0.0837 0.6384
vn 0.5001 0.8659 -0.0000
vn -0.0663 0.9978 -0.0000
vn 0.0663 0.9978 -0.0000
vn -0.0000 0.9964 -0.0845
vn 0.2071 0.9748 -0.0827
vn 0.2068 0.9749 -0.0827
vn -0.1880 -0.9649 -0.1836
vn 0.1860 -0.9638 0.1910
vn -0.9648 -0.2629 -0.0000
vn 0.1305 -0.0000 0.9914
vn -0.0000 0.7934 -0.6088
vn -0.5790 -0.7159 0.3902
vn -0.5790 -0.7160 0.3901
vn 0.6722 0.7403 -0.0000
vn -0.9790 -0.2038 -0.0000
vn 0.4106 0.9118 -0.0000
vn -0.0000 -0.9239 0.3827
vn -0.7403 0.6722 -0.0000
vn 0.8657 -0.4263 -0.2622
vn -0.8433 -0.3881 0.3719
vn -0.4433 0.8830 0.1543
vn -0.7519 -0.5732 0.3257
vn -0.6612 -0.6507 0.3734
vn -0.6614 -0.6250 0.4147
vn -0.7193 -0.5534 0.4199
vn -0.8123 0.0525 0.5809
vn -0.4497 0.6777 0.5817
vn -0.6784 0.4502 0.5806
vn -0.0495 -0.8121 0.5815
vn -0.0499 -0.8120 0.5815
vn 0.3636 -0.7282 -0.5809
vn -0.6594 -0.7454 -0.0981
vn -0.6070 -0.7906 -0.0813
vn -0.6585 -0.7509 -0.0492
vn 0.7617 -0.0489 0.6461
vn -0.0468 0.7613 0.6467
vn -0.4216 -0.6354 0.6469
vn 0.4216 0.6354 0.6469
vn 0.0468 0.7613 0.6467
vn 0.3916 -0.7846 -0.4806
vn -0.0537 -0.8750 -0.4812
vn -0.0534 -0.8750 -0.4812
vn 0.3910 -0.7849 -0.4806
vn -0.0529 0.8750 -0.4812
vn -0.0541 0.8750 -0.4812
vn 0.7308 0.4849 -0.4804
vn 0.8752 0.0553 -0.4806
vn 0.8752 0.0557 -0.4806
vn -0.4846 -0.7303 -0.4814
vn 0.3911 0.7849 -0.4806
vn 0.3914 0.7847 -0.4806
vn 0.8175 0.5381 -0.2054
vn 0.8158 0.5604 -0.1429
vn 0.8474 0.5146 -0.1307
vn 0.8480 0.4955 -0.1879
vn 0.9943 0.0639 -0.0850
vn -0.5410 -0.8154 -0.2061
vn -0.0611 -0.9975 0.0365
vn -0.5524 0.8325 -0.0422
vn -0.4899 -0.8470 -0.2064
vn -0.4897 -0.8471 -0.2064
vn -0.6156 -0.7622 -0.2001
vn 0.8867 0.4386 -0.1465
vn 0.4833 0.8755 -0.0000
vn 0.4833 0.8754 -0.0000
vn -0.9511 -0.3090 -0.0000
vn -0.5878 -0.8090 -0.0000
vn 0.5878 0.8090 -0.0000
vn -0.1881 -0.1836 0.9648
vn 0.1861 0.1911 0.9638
vn -0.0000 0.3090 -0.9511
vn 0.0024 -0.8667 0.4989
vn 0.0023 -0.8667 0.4989
vn 0.0652 -0.7888 0.6111
vn 0.0648 -0.6979 0.7133
vn -0.0648 -0.6979 0.7133
vn -0.0652 -0.7888 0.6111
vn 0.0022 -0.4989 0.8666
vn 0.0726 -0.9974 -0.0000
vn 0.2159 -0.9764 -0.0000
vn -0.0726 -0.9974 -0.0000
vn 0.7071 0.7071 -0.0000
vn 0.5501 0.8351 -0.0000
vn 0.9659 -0.2588 -0.0000
vn -0.9659 -0.2588 -0.0000
vn -0.0000 -0.8090 0.5878
vn -0.0000 -0.5878 0.8090
vn -0.0643 -0.4336 -0.8988
vn 0.0643 -0.4336 -0.8988
vn 0.0644 -0.4908 -0.8689
vn -0.0644 -0.4908 -0.8689
vn -0.2629 -0.9648 -0.0000
vn 0.0656 -0.8306 -0.5531
vn -0.0649 -0.8305 -0.5532
vn -0.0657 -0.7888 -0.6111
vn 0.0655 -0.7888 -0.6111
vn 0.0658 0.8949 0.4413
vn 0.0659 0.9219 0.3819
vn -0.0648 -0.6979 -0.7133
vn 0.0648 -0.6979 -0.7133
vn -0.1305 -0.0000 0.9914
vn -0.0727 -0.9974 -0.0000
vn -0.9239 -0.0000 0.3827
vn 0.0642 -0.9791 -0.1931
vn -0.0648 -0.9790 -0.1932
vn 0.3788 -0.9255 -0.0000
vn 0.5501 -0.8351 -0.0000
vn 0.0198 0.9718 -0.2349
vn -0.0000 -0.9511 0.3090
vn 0.0653 0.5989 -0.7981
vn -0.0646 0.5992 -0.7980
vn -0.0648 0.6979 -0.7133
vn 0.0648 0.6979 -0.7133
vn 0.0048 -0.9652 -0.2615
vn 0.1984 0.9801 -0.0000
vn 0.7076 0.7066 0.0054
vn 0.7076 0.7066 0.0053
vn 0.7518 0.6594 -0.0000
vn -0.0000 0.9964 0.0845
vn 0.2068 0.9749 0.0827
vn 0.2070 0.9748 0.0827
vn 0.0563 -0.1303 -0.9899
vn 0.0568 -0.0000 -0.9984
vn -0.0001 0.2588 -0.9659
vn -0.0001 -0.8660 -0.5000
vn -0.0001 0.8660 -0.5000
vn -0.0001 -0.5000 0.8660
vn 0.0563 -0.9224 0.3821
vn 0.0568 -0.8646 0.4992
vn 0.0563 0.7921 0.6078
vn 0.0568 0.8646 0.4992
vn 0.0001 0.2588 0.9659
vn -0.0001 0.5000 0.8660
vn 0.0563 -0.7921 0.6078
vn 0.0563 0.9224 0.3821
vn 0.0001 -0.2588 0.9659
vn 0.0563 0.1303 -0.9899
vn 0.1417 -0.6805 0.7189
vn 0.1400 -0.5571 0.8186
vn -0.1400 -0.5571 0.8186
vn -0.1117 -0.6836 0.7212
vn 0.7855 0.6188 -0.0000
vn 0.0654 0.9979 -0.0000
vn 0.0659 0.9978 -0.0000
vn 0.2353 -0.8660 -0.4413
vn -0.6528 0.7575 -0.0003
vn 0.8457 0.3773 0.3773
vn 0.8457 0.4621 0.2668
vn 0.8457 0.1381 -0.5154
vn 0.8471 0.2524 -0.4676
vn 0.8436 0.5319 0.0731
vn 0.8457 0.5152 0.1396
vn 0.8457 0.5152 0.1395
vn 0.8437 0.5319 0.0731
vn 0.8437 -0.5319 0.0731
vn 0.8457 -0.5152 0.1396
vn 0.8456 -0.5152 0.1396
vn 0.8404 0.4693 -0.2709
vn 0.8457 -0.0000 -0.5336
vn 0.8457 -0.1381 -0.5154
vn 0.8458 -0.1381 -0.5154
vn 0.8457 -0.3773 -0.3773
vn 0.8457 -0.4621 -0.2668
vn 0.8457 0.2668 0.4621
vn 0.8457 -0.2668 0.4621
vn 0.8457 -0.3773 0.3773
vn 0.8457 -0.4621 0.2668
vn -0.3789 -0.9094 0.1714
vn -0.3788 -0.9095 0.1714
vn 0.0001 0.9660 0.2587
vn -0.0000 0.9660 0.2586
vn 0.0018 0.9977 0.0673
vn 0.0002 1.0000 -0.0000
vn 0.4129 -0.9040 -0.1107
vn -0.9914 -0.0000 0.1305
vn 0.9441 0.3295 -0.0000
vn 0.9439 0.3301 -0.0000
vn 0.9426 -0.3339 -0.0000
vn 0.8458 -0.1381 0.5154
vn 0.8457 -0.0000 0.5336
vn 0.8128 -0.0000 0.5825
vn 0.8128 -0.1508 0.5626
vn 0.8128 -0.4119 0.4119
vn 0.8128 -0.5044 0.2912
vn 0.8458 -0.4621 0.2668
vn 0.8103 0.5806 0.0793
vn 0.8128 0.5624 0.1521
vn 0.8457 0.5151 0.1396
vn 0.8737 0.4819 -0.0659
vn 0.8762 0.4671 -0.1183
vn 0.8261 0.5581 -0.0779
vn 0.8458 0.4621 0.2668
vn 0.8757 0.4182 0.2415
vn 0.8756 0.4662 0.1266
vn 0.8472 0.2524 -0.4675
vn 0.8783 0.2293 -0.4195
vn 0.8757 0.1250 -0.4664
vn 0.8458 0.1381 -0.5154
vn 0.8757 -0.1250 -0.4664
vn 0.8757 -0.2415 -0.4182
vn 0.8458 -0.2668 -0.4621
vn 0.8457 -0.1381 -0.5155
vn 0.8128 -0.1508 -0.5626
vn 0.8128 -0.0000 -0.5825
vn 0.8128 -0.5624 0.1521
vn 0.8457 -0.5151 0.1396
vn 0.8128 -0.2912 0.5044
vn 0.8457 -0.2668 0.4622
vn 0.8757 -0.3415 0.3415
vn 0.8757 -0.2415 0.4182
vn 0.8457 0.2668 0.4622
vn 0.8757 0.2415 0.4182
vn 0.8757 0.3415 0.3415
vn 0.8457 0.3774 0.3774
vn 0.8757 -0.1250 0.4664
vn 0.8757 -0.0000 0.4829
vn 0.8757 -0.0000 -0.4829
vn 0.8128 0.5044 0.2912
vn 0.8128 0.4119 0.4119
vn 0.8458 -0.4621 -0.2668
vn 0.8128 -0.5044 -0.2912
vn 0.8128 -0.4119 -0.4119
vn 0.8457 -0.3774 -0.3774
vn 0.8739 -0.4815 0.0664
vn 0.8755 -0.4665 0.1260
vn 0.8737 -0.4819 -0.0659
vn 0.8261 -0.5581 -0.0779
vn 0.8457 -0.5151 -0.1396
vn 0.8755 -0.4664 -0.1262
vn 0.8757 -0.4182 0.2415
vn 0.8457 0.1381 0.5154
vn 0.8128 0.1508 0.5626
vn 0.8128 0.2912 0.5044
vn 0.8128 -0.5624 -0.1521
vn 0.0018 0.9977 -0.0673
vn 0.0197 0.9718 -0.2349
vn 0.0018 -0.9977 -0.0673
vn 0.0018 -0.9977 0.0673
vn 0.0001 -1.0000 -0.0000
vn 0.6088 0.7934 -0.0000
vn 0.4834 0.8754 -0.0000
vn -0.0648 0.6979 0.7133
vn -0.0646 0.5992 0.7980
vn 0.0646 0.5992 0.7980
vn 0.0648 0.6979 0.7133
vn -0.3827 -0.0000 -0.9239
vn -0.1305 -0.0000 -0.9914
vn 0.8457 -0.1381 0.5154
vn 0.8404 0.3832 -0.3832
vn 0.8457 -0.5152 -0.1396
vn 0.8456 -0.5152 -0.1396
vn 0.8458 -0.0000 0.5336
vn 0.9441 0.3298 -0.0000
vn -0.1983 0.9801 -0.0000
vn 0.0018 0.9977 -0.0674
vn 0.0017 0.9977 -0.0673
vn 0.0198 0.9718 -0.2350
vn 0.0017 -0.9977 0.0673
vn -0.7913 -0.6115 0.0001
vn -0.7914 -0.6113 -0.0003
vn -0.0000 0.5878 -0.8090
vn -0.9883 -0.0918 0.1219
vn -0.9883 -0.0918 0.1220
vn -0.9883 -0.0919 0.1217
vn -0.9883 -0.0916 0.1223
vn 0.0017 -0.9977 -0.0673
vn 0.0047 -0.9652 -0.2615
vn 0.9475 0.2422 -0.2090
vn 0.9475 0.2421 -0.2090
vn 0.9475 0.2421 -0.2089
vn 0.0017 0.9977 0.0673
vn -0.0000 0.9469 -0.3214
vn 0.0018 0.9977 0.0674
vn -0.0000 -0.9964 -0.0845
vn 0.2068 -0.9749 -0.0827
vn 0.2070 -0.9748 -0.0827
vn 0.6087 0.7934 -0.0000
vn -0.3190 0.7492 0.5805
vn -0.3553 0.6404 0.6809
vn -0.1117 0.6836 0.7212
vn -0.0962 0.7768 0.6223
vn -0.0000 0.1305 -0.9914
vn 0.0002 0.0001 -1.0000
vn 0.0002 -0.0000 -1.0000
vn -0.8495 0.3227 0.4175
vn -0.8494 0.3227 0.4175
vn -0.8309 0.3669 0.4184
vn -0.8495 0.5229 0.0707
vn -0.8494 0.5229 0.0707
vn -0.8661 0.4988 0.0327
vn -0.4055 -0.4101 -0.8169
vn -0.7076 0.7066 -0.0055
vn 0.4808 0.7351 0.4779
vn 0.4478 -0.4446 -0.7758
vn 0.7076 -0.0055 -0.7066
vn 0.7076 -0.0054 -0.7066
vn -0.4070 -0.4035 0.8195
vn -0.8565 0.4897 -0.1633
vn 0.1418 -0.0811 -0.9866
vn 0.7076 -0.0054 0.7066
vn -0.7076 -0.7066 -0.0054
vn 0.4464 0.4508 0.7729
vn -0.7076 0.0054 0.7066
vn 0.9035 0.3462 -0.2525
vn 0.8918 0.3998 -0.2117
vn -0.4998 -0.7090 0.4975
vn -0.4999 -0.7090 0.4975
vn -0.4116 -0.7089 0.5728
vn -0.4117 -0.7089 0.5727
vn -0.4349 0.8693 0.2351
vn -0.4269 0.8869 0.1764
vn -0.4960 0.8520 0.1676
vn 0.8919 0.3997 -0.2117
vn 0.8947 0.3100 -0.3216
vn 0.9916 0.1231 -0.0394
vn 0.9885 0.1472 0.0353
vn 0.9916 0.1231 -0.0395
vn 0.8128 -0.2912 -0.5044
vn 0.8757 -0.4182 -0.2415
vn -0.0702 0.8554 -0.5132
vn -0.0265 0.5848 -0.8107
vn 0.8128 0.1508 -0.5626
vn 0.8757 0.1250 0.4664
vn 0.8106 -0.5801 0.0795
vn 0.8757 -0.3415 -0.3415
vn 0.8737 0.4819 0.0660
vn 0.8495 0.3227 -0.4175
vn 0.8661 0.2777 -0.4157
vn 0.8494 0.3227 -0.4175
vn -0.8309 -0.1789 -0.5269
vn -0.8494 -0.2002 -0.4882
vn -0.8495 -0.2002 -0.4882
vn -0.0000 -0.7518 -0.6593
vn -0.0000 -0.8088 -0.5881
vn -0.0000 0.8092 -0.5875
vn -0.0000 -0.1305 -0.9914
vn -0.0000 -0.1951 -0.9808
vn -0.0000 -0.1306 -0.9914
vn -0.1418 0.0811 0.9866
vn 0.5380 0.6510 0.5355
vn 0.7076 -0.0053 0.7066
vn 0.5377 0.6515 0.5352
vn 0.5367 -0.6478 0.5407
vn 0.5370 -0.6473 0.5409
vn -0.5379 -0.5355 0.6511
vn -0.5377 -0.5353 0.6514
vn -0.1861 0.9638 -0.1911
vn -0.1860 0.9638 -0.1909
vn -0.5370 0.6474 -0.5409
vn -0.5368 0.5407 -0.6477
vn -0.5371 0.5410 -0.6472
vn 0.5377 -0.5353 -0.6514
vn 0.5377 -0.5352 -0.6515
vn 0.5380 0.5355 -0.6510
vn 0.5377 0.5352 -0.6515
vn -0.1880 -0.9649 0.1835
vn -0.5378 -0.6513 0.5354
vn -0.5367 0.5406 -0.6478
vn -0.1861 0.9638 0.1911
vn -0.5370 0.6473 0.5409
vn -0.5372 0.6470 0.5411
vn -0.1860 0.9638 0.1909
vn 0.5367 0.5407 0.6478
vn 0.5370 0.5409 0.6473
vn 0.5378 -0.5354 -0.6513
vn 0.1880 -0.1836 -0.9649
vn 0.5378 -0.5354 -0.6512
vn 0.1881 -0.1836 -0.9648
vn -0.1861 0.1911 -0.9638
vn -0.1860 0.1909 -0.9638
vn 0.1880 -0.1835 -0.9649
vn 0.5378 0.6513 -0.5354
vn 0.5378 0.6512 -0.5354
vn -0.5379 0.5355 0.6511
vn -0.5380 0.5355 0.6510
vn 0.1881 0.9648 0.1836
vn 0.1880 0.9649 0.1835
vn -0.5369 -0.5408 -0.6475
vn -0.1860 -0.1910 -0.9638
vn -0.5369 -0.5407 -0.6476
vn 0.5378 0.6512 0.5354
vn -0.7934 -0.0000 -0.6088
vn -0.6529 -0.7574 0.0003
vn -0.6528 -0.7576 0.0001
vn 0.4808 -0.4779 -0.7352
vn 0.4464 -0.7729 -0.4508
vn -0.4055 0.4101 -0.8169
vn 0.4796 0.4839 0.7320
vn 0.4478 0.4446 -0.7758
vn 0.5368 0.5407 0.6478
vn 0.7075 -0.0052 0.7067
vn 0.7075 -0.0053 0.7067
vn -0.5369 0.5408 -0.6475
vn -0.5368 -0.5407 -0.6478
vn 0.5368 -0.5407 0.6478
vn 0.5370 -0.5409 0.6473
vn -0.5380 -0.6510 -0.5355
vn -0.5377 -0.6514 -0.5353
vn -0.8888 0.4535 -0.0663
vn -0.5369 0.6475 -0.5408
vn 0.1860 -0.1910 0.9638
vn 0.5369 -0.5408 0.6475
vn 0.5369 0.5407 0.6476
vn 0.5369 0.5408 0.6475
vn 0.7075 0.7067 0.0053
vn -0.8565 0.4897 0.1633
vn 0.1418 -0.0811 0.9866
vn 0.5378 0.5354 -0.6512
vn 0.1880 0.1836 -0.9649
vn -0.5379 -0.6511 -0.5355
vn -0.5377 -0.6515 -0.5352
vn 0.5370 -0.6473 -0.5409
vn 0.5367 -0.6478 -0.5407
vn -0.0652 0.7888 0.6111
vn 0.0655 0.7889 0.6111
vn 0.4426 -0.8285 0.3432
vn 0.4415 -0.8047 0.3968
vn 0.3209 -0.8494 0.4189
vn 0.3206 -0.8751 0.3625
vn -0.5331 0.7052 -0.4675
vn -0.4999 0.7090 -0.4974
vn -0.5000 0.7090 -0.4974
vn -0.4117 -0.5725 -0.7090
vn -0.4999 -0.4975 -0.7090
vn -0.4999 -0.4974 -0.7090
vn 0.6544 -0.7059 0.2710
vn 0.5619 -0.7059 0.4312
vn 0.7022 -0.0924 0.7059
vn 0.6544 -0.2710 0.7059
vn 0.4873 -0.0000 -0.8732
vn 0.2354 -0.8660 -0.4412
vn -0.7898 0.3067 0.5312
vn -0.1860 0.1910 -0.9638
vn 0.7077 -0.7065 0.0056
vn 0.7076 -0.0056 -0.7066
vn 0.7075 0.7067 0.0052
vn -0.5379 -0.6511 0.5355
vn -0.1881 -0.9648 0.1836
vn -0.5380 -0.6510 0.5355
vn -0.5369 0.6475 0.5408
vn 0.5367 -0.5407 0.6478
vn 0.5369 -0.6475 0.5408
vn 0.5369 -0.6476 0.5407
vn 0.5368 -0.6478 -0.5407
vn 0.1861 -0.9638 -0.1911
vn 0.1860 -0.9638 -0.1909
vn -0.5377 -0.6514 0.5353
vn -0.5367 0.6479 0.5405
vn -0.5368 0.6478 0.5407
vn -0.4998 -0.7090 -0.4975
vn -0.4999 -0.7090 -0.4975
vn -0.5331 -0.7052 -0.4675
vn -0.5734 -0.7785 0.2554
vn -0.5733 -0.7785 0.2554
vn -0.4401 -0.8665 0.2354
vn -0.4401 -0.8665 0.2353
vn 0.4312 0.5619 -0.7059
vn 0.5619 0.4312 -0.7059
vn 0.7022 0.7059 -0.0924
vn 0.6544 0.7059 -0.2710
vn -0.0924 -0.7059 0.7022
vn 0.0925 -0.7059 0.7022
vn 0.6544 -0.7059 -0.2710
vn 0.5619 -0.7059 -0.4312
vn -0.4998 0.4975 0.7090
vn -0.4999 0.4975 0.7090
vn -0.4117 0.5727 0.7089
vn -0.5331 -0.7052 0.4675
vn 0.7022 0.0924 0.7059
vn 0.5619 -0.4312 0.7059
vn -0.2710 0.6544 -0.7059
vn -0.0924 0.7022 -0.7059
vn -0.0924 -0.7022 -0.7059
vn 0.0925 -0.7022 -0.7059
vn -0.2710 0.6544 0.7059
vn 0.6544 0.2710 0.7059
vn -0.0924 0.7022 0.7059
vn 0.0925 0.7022 0.7059
vn 0.4312 -0.5619 0.7059
vn 0.2710 -0.6544 0.7059
vn 0.0925 -0.7022 0.7059
vn 0.2710 0.6544 -0.7059
vn 0.2710 0.7059 -0.6544
vn 0.0925 0.7059 -0.7022
vn -0.4871 -0.7829 -0.3870
vn -0.4871 -0.7829 -0.3871
vn 0.8565 -0.4897 0.1633
vn 0.7934 -0.0000 -0.6088
vn -0.6088 -0.0000 -0.7933
vn 0.4365 0.8997 -0.0000
vn -0.9914 0.1305 -0.0000
vn 0.2072 -0.7873 -0.5807
vn 0.7934 -0.6088 -0.0000
vn 0.6088 0.7933 -0.0000
vn -0.2519 -0.8660 0.4320
vn 0.9914 0.1305 -0.0000
vn -0.4857 0.7873 -0.3798
vn -0.4857 0.7874 -0.3798
vn -0.0267 0.7092 -0.7046
vn -0.4129 0.9040 0.1107
vn -0.2072 0.7873 0.5807
vn -0.0924 0.7059 0.7022
vn 0.0925 0.7059 0.7022
vn 0.6544 -0.2710 -0.7059
vn 0.5619 -0.4312 -0.7059
vn 0.4312 0.7059 0.5619
vn 0.2710 0.7059 0.6544
vn -0.4117 0.7090 0.5726
vn -0.2710 0.7059 0.6544
vn 0.2710 -0.6544 -0.7059
vn 0.7022 0.0924 -0.7059
vn 0.6544 0.2710 -0.7059
vn -0.2710 -0.7059 0.6544
vn -0.4117 -0.5727 0.7089
vn -0.2710 -0.6544 0.7059
vn -0.4115 -0.5728 0.7089
vn 0.5619 0.4312 0.7059
vn 0.7022 -0.7059 -0.0924
vn 0.0925 0.7022 -0.7059
vn 0.4871 0.7829 0.3870
vn 0.4871 0.7829 0.3871
vn 0.5923 -0.8057 -0.0000
vn 0.1830 0.6830 -0.7071
vn 0.3536 0.6124 -0.7071
vn -0.6830 0.1830 -0.7071
vn -0.7071 -0.0000 -0.7071
vn -0.1830 -0.6830 -0.7071
vn 0.0045 -0.7071 -0.7071
vn -0.3536 0.6124 -0.7071
vn -0.5000 0.5000 -0.7071
vn -0.6124 0.3536 -0.7071
vn -0.6830 -0.1830 -0.7071
vn 0.1830 -0.6830 -0.7071
vn 0.6830 0.1830 -0.7071
vn 0.7071 -0.0000 -0.7071
vn -0.3536 -0.6124 -0.7071
vn 0.5000 0.5000 -0.7071
vn 0.6124 0.3536 -0.7071
vn 0.6124 -0.3536 -0.7071
vn 0.5000 -0.5000 -0.7071
vn 0.3536 -0.6124 -0.7071
vn 0.6830 -0.1830 -0.7071
vn -0.1830 0.6830 -0.7071
vn -0.6124 -0.3536 -0.7071
vn -0.5000 -0.5000 -0.7071
vn 0.9659 0.2588 -0.0000
vn 0.1881 0.9648 -0.1836
vn 0.1880 0.9649 -0.1835
vn 0.0046 -0.7071 -0.7071
vn 0.0024 -0.4989 -0.8667
vn 0.0022 -0.4990 -0.8666
vn -0.9877 0.1564 -0.0000
vn -0.8910 0.4540 -0.0000
vn 0.7235 -0.6449 -0.2462
vn 0.7749 -0.5656 -0.2822
vn -0.4540 -0.8910 -0.0000
vn -0.1564 -0.9877 -0.0000
vn -0.1564 0.9877 -0.0000
vn -0.4540 0.8910 -0.0000
vn -0.6074 -0.7474 -0.2691
vn -0.5734 -0.7785 -0.2554
vn -0.5733 -0.7785 -0.2554
vn -0.4999 0.7090 0.4975
vn -0.5331 0.7052 0.4675
vn -0.4999 0.4974 -0.7090
vn -0.4117 0.5726 -0.7090
vn -0.4117 0.5725 -0.7090
vn -0.4999 0.4975 -0.7090
vn -0.0924 -0.7022 0.7059
vn 0.4312 -0.5619 -0.7059
vn -0.7614 -0.0000 -0.6483
vn -0.7614 -0.0000 -0.6482
vn -0.7614 0.0001 -0.6483
vn -0.0096 0.9999 -0.0054
vn -0.4268 0.5000 0.7536
vn -0.0655 -0.8949 -0.4413
vn 0.0658 -0.8949 -0.4413
vn -0.0000 0.3089 -0.9511
vn 0.7739 0.5635 -0.2891
vn 0.7232 0.6439 -0.2497
vn 0.7232 0.6440 -0.2497
vn -0.8910 -0.4540 -0.0000
vn -0.5000 -0.6124 0.6124
vn -0.5000 0.6124 0.6124
vn -0.8660 0.3536 0.3536
vn -0.8660 0.3536 -0.3536
vn -0.8660 -0.3536 -0.3536
vn -0.8660 -0.3535 -0.3535
vn -0.7035 0.4263 0.5686
vn -0.7026 0.3504 0.6193
vn -0.6544 0.3719 0.6584
vn -0.6556 0.4533 0.6039
vn -0.4999 0.6124 -0.6124
vn -0.5000 0.6124 -0.6124
vn -0.1310 0.7010 -0.7010
vn -0.1302 -0.7011 -0.7011
vn -0.1308 -0.7010 -0.7010
vn 0.0405 0.9594 -0.2792
vn -0.0405 0.9594 -0.2793
vn -0.0406 0.9594 -0.2792
vn 0.0405 0.9594 -0.2790
vn -0.8660 0.3535 -0.3535
vn -0.8660 -0.3536 0.3536
vn -0.1306 0.7010 0.7010
vn -0.1298 0.7011 0.7011
vn 0.0046 -0.6067 0.7949
vn 0.0046 -0.7949 0.6067
vn 0.7596 0.6503 -0.0000
vn 0.7320 0.6813 -0.0050
vn 0.7320 0.6812 -0.0050
vn -0.0046 0.7071 0.7071
vn -0.0046 0.7951 0.6065
vn -0.0024 0.8667 0.4988
vn -0.0046 0.7950 0.6066
vn -0.0046 0.6065 0.7950
vn -0.0046 0.6066 0.7950
vn -0.0022 0.8667 0.4988
vn -0.0047 0.7071 0.7071
vn -0.0024 0.8667 -0.4988
vn -0.0046 0.7951 -0.6065
vn -0.0046 0.7950 -0.6066
vn 0.0022 -0.4989 -0.8666
vn 0.0023 -0.4989 -0.8667
vn -0.0046 0.6065 -0.7950
vn -0.0046 0.6066 -0.7950
vn -0.0022 0.8667 -0.4989
vn 0.0046 -0.7949 -0.6067
vn 0.0046 -0.6067 -0.7949
vn -0.0023 0.4988 -0.8667
vn -0.0023 0.4988 0.8667
vn -0.1984 0.9801 -0.0000
vn 0.7518 -0.0000 0.6594
vn -0.0000 -0.6574 0.7535
vn -0.0000 -0.9469 0.3214
vn -0.0000 -0.9469 0.3215
vn -0.0023 0.8667 -0.4988
vn -0.0021 0.8667 -0.4989
vn -0.0046 0.7950 0.6065
vn 0.1564 -0.9877 -0.0000
vn -0.0046 0.7950 -0.6065
vn 0.1564 0.9877 -0.0000
vn -0.4055 0.8169 0.4101
vn 0.4808 0.4779 -0.7351
vn 0.4478 0.7758 0.4446
vn -0.4070 -0.8195 -0.4035
vn 0.4796 -0.7320 0.4839
vn 0.4464 -0.7729 0.4508
vn -0.1418 0.0811 -0.9866
vn 0.5369 -0.5407 0.6476
vn -0.1418 -0.0811 -0.9866
vn 0.8565 0.4897 -0.1633
vn -0.5378 -0.6513 -0.5354
vn -0.1860 0.9638 -0.1910
vn -0.5380 -0.5355 0.6510
vn -0.5381 -0.5356 0.6509
vn -0.1880 -0.9649 0.1836
vn -0.5378 -0.6512 0.5354
vn -0.7077 -0.7065 -0.0056
vn -0.5378 0.5354 0.6512
vn -0.5378 0.5354 0.6513
vn -0.1418 -0.0811 0.9866
vn 0.8565 0.4897 0.1633
vn -0.4055 0.8169 -0.4101
vn 0.1983 0.9801 -0.0000
vn 0.4796 -0.4839 0.7320
vn -0.4070 0.4035 0.8195
vn 0.4307 -0.4520 0.7811
vn 0.4796 -0.7320 -0.4839
vn 0.4464 -0.4508 0.7729
vn -0.4359 -0.9000 -0.0000
vn -0.8565 -0.4897 0.1633
vn 0.1418 0.0811 0.9866
vn 0.5377 0.6515 -0.5352
vn 0.5380 0.6510 -0.5355
vn -0.5380 0.5356 0.6509
vn -0.5376 0.5352 0.6516
vn -0.1309 -0.7010 0.7010
vn 0.0644 0.4336 -0.8988
vn -0.0644 0.4336 -0.8988
vn -0.0649 0.4907 -0.8689
vn 0.0644 0.4908 -0.8689
vn -0.2629 0.9648 -0.0000
vn -0.8660 0.3535 0.3535
vn -0.8660 -0.3535 0.3535
vn -0.1312 0.7010 0.7010
vn -0.1303 0.7011 0.7011
vn -0.6656 -0.0000 -0.7463
vn -0.5331 -0.4675 -0.7052
vn 0.4312 -0.7059 -0.5619
vn -0.4485 0.8938 -0.0000
vn -0.7898 -0.6133 -0.0000
vn -0.4484 0.8938 -0.0000
vn -0.5504 0.8349 -0.0000
vn -0.2353 0.8660 0.4412
vn 0.4172 0.5000 -0.7589
vn 0.4268 -0.5000 -0.7536
vn -0.5001 0.6123 -0.6123
vn 0.0178 0.4520 0.8918
vn -0.2710 -0.6544 -0.7059
vn 0.4312 0.7059 -0.5619
vn 0.5619 0.7059 -0.4312
vn 0.7022 0.7059 0.0924
vn 0.6544 0.7059 0.2710
vn 0.7022 -0.0924 -0.7059
vn 0.5619 0.7059 0.4312
vn -0.0924 -0.7059 -0.7022
vn -0.2710 -0.7059 -0.6544
vn 0.4312 -0.7059 0.5619
vn -0.8021 0.4222 -0.4222
vn -0.8021 0.2986 -0.5171
vn -0.8021 -0.4222 -0.4222
vn -0.8021 -0.2986 -0.5171
vn -0.8021 0.5768 -0.1545
vn -0.8021 0.5171 -0.2986
vn -0.8021 0.5971 -0.0000
vn -0.8021 0.5768 0.1545
vn -0.8021 -0.1545 -0.5768
vn -0.8021 0.1545 0.5768
vn -0.8021 0.2986 0.5171
vn -0.8021 -0.5971 -0.0000
vn -0.8021 -0.5768 0.1545
vn -0.8021 -0.4222 0.4222
vn -0.8021 -0.5171 0.2986
vn -0.8021 0.5171 0.2986
vn -0.8021 0.4222 0.4222
vn -0.8021 -0.5171 -0.2986
vn -0.8021 -0.0000 -0.5971
vn -0.8021 0.1545 -0.5768
vn -0.8021 -0.0000 0.5971
vn -0.8021 -0.1545 0.5768
vn -0.8021 -0.5768 -0.1545
vn -0.0000 -0.3827 -0.9239
vn -0.0000 0.3827 -0.9239
vn -0.0000 -0.9964 0.0845
vn 0.2071 -0.9748 0.0827
vn 0.2068 -0.9749 0.0827
vn -0.0000 0.9239 0.3827
vn -0.7522 -0.5259 -0.3971
vn -0.7522 -0.5259 -0.3970
vn -0.8375 -0.5464 0.0077
vn 0.8042 -0.5944 -0.0000
vn -0.8021 -0.2986 0.5171
vn -0.6656 0.7463 -0.0000
vn 0.8317 -0.5552 -0.0000
vn 0.8320 -0.5548 -0.0000
vn 0.7856 0.6187 -0.0000
vn -0.3263 0.9453 -0.0000
vn 0.6734 0.7393 -0.0095
vn 0.9600 -0.2780 0.0333
vn 0.8315 -0.5556 -0.0000
vn -0.6525 0.7578 -0.0002
vn -0.6526 0.7577 -0.0002
vn 0.6820 -0.5498 -0.4823
vn 0.6826 -0.5168 -0.5167
vn 0.6826 -0.5166 -0.5169
vn -0.0328 0.9992 -0.0242
vn -0.5825 -0.2104 -0.7852
vn -0.5829 -0.1056 -0.8057
vn -0.5825 -0.1061 -0.8059
vn -0.5825 0.3111 0.7510
vn -0.5825 0.2104 0.7852
vn -0.5634 -0.8244 0.0540
vn -0.5643 -0.8185 0.1078
vn -0.5635 -0.8244 0.0540
vn -0.5829 0.1056 0.8057
vn -0.5825 0.0522 0.8112
vn -0.5825 0.1061 0.8059
vn -0.5825 -0.6449 0.4948
vn -0.5771 -0.7155 0.3937
vn -0.5554 0.7674 0.3204
vn -0.5609 0.7993 0.2159
vn -0.5825 0.7039 0.4064
vn -0.5825 -0.7852 0.2104
vn -0.5573 -0.7665 0.3192
vn -0.5572 -0.7666 0.3192
vn -0.5825 0.6449 0.4948
vn -0.5825 0.5748 0.5748
vn -0.5825 0.4948 0.6449
vn -0.5825 0.4064 0.7039
vn 0.7749 0.0407 0.6308
vn 0.7756 0.0821 0.6259
vn 0.7755 0.0821 0.6260
vn 0.7755 0.1634 0.6098
vn 0.7756 0.6260 0.0814
vn 0.7439 0.6625 0.0878
vn 0.7119 0.6781 0.1826
vn 0.7755 0.6098 0.1634
vn 0.7755 0.6098 -0.1634
vn 0.7755 0.5833 -0.2416
vn 0.7153 0.6436 -0.2721
vn 0.7119 0.6781 -0.1826
vn 0.7755 -0.5833 0.2416
vn 0.7730 -0.5494 0.3172
vn 0.7513 -0.5869 0.3018
vn 0.7552 -0.6117 0.2357
vn 0.7730 -0.3862 0.5033
vn -0.0422 -0.0000 0.9991
vn -0.0421 -0.0000 0.9991
vn 0.6734 0.7392 -0.0095
vn -0.5825 0.0522 -0.8112
vn -0.5829 0.1056 -0.8057
vn -0.5825 0.1061 -0.8059
vn -0.0000 0.9511 0.3090
vn 0.7400 -0.5813 0.3383
vn 0.6543 -0.6992 0.2881
vn 0.5966 -0.7599 0.2582
vn -0.1249 0.9538 -0.2734
vn -0.1687 0.9489 -0.2668
vn -0.1249 0.9537 -0.2734
vn -0.5378 -0.5354 0.6512
vn 0.6547 0.7296 -0.1975
vn 0.7014 0.7037 -0.1128
vn 0.5379 0.6511 -0.5355
vn -0.9356 -0.2655 0.2328
vn 0.5682 -0.8159 -0.1065
vn 0.5682 -0.8160 -0.1065
vn 0.7554 -0.6286 -0.1852
vn 0.7513 -0.5869 -0.3018
vn 0.7552 -0.6117 -0.2358
vn 0.5524 -0.7909 0.2632
vn 0.6464 -0.7389 0.1901
vn 0.4790 -0.8384 0.2602
vn 0.5986 -0.7631 -0.2438
vn 0.6543 -0.6989 -0.2887
vn -0.1930 -0.4283 -0.8828
vn -0.1931 -0.4835 -0.8538
vn -0.3192 -0.4570 -0.8302
vn -0.2717 -0.3637 -0.8910
vn 0.7400 -0.5813 -0.3383
vn 0.7730 -0.5033 -0.3862
vn -0.3816 0.7271 0.5707
vn -0.3816 0.6536 0.6536
vn 0.7755 0.5467 0.3157
vn 0.7755 0.5833 0.2416
vn 0.7153 0.6436 0.2721
vn 0.7439 0.6625 -0.0878
vn 0.7756 0.6260 -0.0814
vn 0.7452 -0.6574 -0.1115
vn 0.7452 -0.6574 0.1115
vn 0.7723 -0.6340 0.0396
vn 0.7731 -0.6290 0.0818
vn -0.0000 -0.1305 0.9914
vn -0.0000 -0.1951 0.9808
vn 0.7755 0.5468 -0.3157
vn 0.7554 -0.6286 0.1852
vn 0.7730 -0.6290 0.0819
vn 0.7730 -0.6291 0.0818
vn 0.7554 -0.6286 0.1853
vn 0.7730 -0.6291 -0.0818
vn 0.7723 -0.6340 -0.0396
vn 0.7730 -0.6290 -0.0819
vn 0.7730 -0.0825 -0.6290
vn 0.7723 -0.0410 -0.6339
vn 0.7730 -0.1642 -0.6128
vn 0.7755 0.3156 -0.5467
vn 0.7755 0.2416 -0.5832
vn 0.7756 0.2416 -0.5832
vn 0.7730 -0.4486 -0.4486
vn 0.7730 -0.5494 -0.3172
vn 0.7552 -0.6116 -0.2358
vn 0.7749 0.6309 0.0393
vn 0.7730 -0.3862 -0.5033
vn 0.7730 -0.3172 -0.5494
vn 0.7755 0.4464 0.4464
vn 0.7755 0.5009 0.3843
vn 0.7755 -0.5833 -0.2416
vn 0.7755 0.3843 0.5009
vn 0.7755 0.3157 0.5467
vn 0.7755 0.2416 0.5833
vn 0.7731 -0.4485 -0.4485
vn 0.7749 0.6309 -0.0393
vn 0.0132 -0.9999 0.0107
vn 0.0187 0.9995 0.0250
vn -0.3816 -0.4622 -0.8005
vn -0.3816 -0.5627 -0.7333
vn -0.3816 0.8928 0.2392
vn -0.3816 0.8540 0.3537
vn -0.3821 0.7952 -0.4708
vn -0.3813 0.7573 -0.5302
vn -0.3816 0.7271 -0.5706
vn -0.3774 -0.1729 -0.9097
vn -0.3775 -0.1729 -0.9097
vn -0.3774 -0.1729 -0.9098
vn -0.3789 -0.9094 -0.1714
vn -0.3739 -0.1654 0.9126
vn -0.3816 0.3537 0.8540
vn -0.3816 0.4622 0.8005
vn -0.3816 0.2392 0.8928
vn -0.3821 -0.7952 -0.4708
vn -0.3816 -0.7271 -0.5707
vn -0.3813 -0.7573 -0.5302
vn -0.3816 0.5627 0.7333
vn -0.3821 0.7952 0.4708
vn -0.3816 0.7271 -0.5707
vn -0.3816 0.6536 -0.6536
vn -0.3813 0.7573 0.5302
vn -0.6526 -0.0000 0.7577
vn -0.6170 -0.1950 0.7624
vn -0.6170 -0.1951 0.7624
vn 0.0328 0.0393 -0.9987
vn 0.0329 0.0397 -0.9987
vn 0.0329 0.0396 -0.9987
vn -0.3182 -0.4672 0.8249
vn -0.3858 -0.4696 0.7941
vn -0.1400 -0.5570 0.8186
vn -0.0310 0.0442 0.9985
vn -0.0310 0.0441 0.9985
vn -0.0318 -0.0443 -0.9985
vn -0.0310 -0.0442 -0.9985
vn -0.0310 -0.0441 -0.9985
vn -0.0298 -0.0476 0.9984
vn -0.0328 0.9992 0.0242
vn -0.5644 -0.8184 -0.1078
vn -0.5181 -0.8480 -0.1116
vn -0.5173 -0.8540 -0.0560
vn -0.5635 -0.8243 -0.0540
vn -0.5199 0.8472 0.1096
vn -0.5648 0.8183 0.1069
vn -0.7934 -0.5624 -0.2330
vn -0.7520 -0.6090 -0.2523
vn -0.7519 -0.6368 -0.1706
vn -0.7934 -0.5880 -0.1576
vn -0.7519 0.6091 -0.2523
vn -0.7934 0.5624 -0.2330
vn -0.7934 0.5880 -0.1576
vn -0.7519 0.6368 -0.1706
vn -0.7513 -0.6586 -0.0432
vn -0.7927 -0.6083 -0.0399
vn -0.7934 -0.6036 -0.0795
vn -0.7520 -0.6535 -0.0860
vn -0.6599 -0.6945 0.2867
vn -0.7520 -0.6090 0.2523
vn -0.6586 -0.7509 -0.0492
vn -0.6595 -0.7453 -0.0981
vn 0.5540 -0.8033 -0.2187
vn 0.5683 -0.7603 -0.3146
vn -0.4349 0.8692 0.2351
vn 0.8494 -0.2002 0.4882
vn 0.8661 -0.2211 0.4484
vn 0.8495 -0.2002 0.4882
vn -0.4436 -0.8271 0.3452
vn -0.4400 -0.8666 0.2353
vn -0.3217 -0.9146 0.2451
vn -0.3216 -0.8748 0.3624
vn -0.7519 -0.5732 -0.3257
vn -0.6611 -0.6507 -0.3735
vn -0.6599 -0.6945 -0.2867
vn -0.6594 -0.7262 -0.1946
vn -0.6593 0.6947 0.2877
vn -0.6594 0.7262 0.1946
vn -0.7519 0.6368 0.1706
vn -0.7520 0.6090 0.2522
vn -0.5573 -0.7665 -0.3192
vn -0.5465 -0.8111 -0.2083
vn -0.3207 -0.9290 -0.1848
vn -0.1940 -0.9622 -0.1909
vn -0.4374 -0.8807 -0.1816
vn -0.4402 -0.8665 -0.2354
vn 0.9701 0.0929 0.2244
vn 0.9952 0.0375 0.0905
vn 0.9952 0.0777 0.0596
vn 0.9700 0.1927 0.1479
vn 0.8827 0.2857 -0.3730
vn 0.5683 0.7604 -0.3145
vn 0.5543 0.7473 -0.3664
vn 0.4415 0.8047 -0.3968
vn 0.4425 0.8285 -0.3432
vn -0.4436 -0.8270 -0.3452
vn -0.4439 -0.8015 -0.4007
vn -0.3208 -0.8495 -0.4189
vn -0.1946 -0.8797 -0.4338
vn 0.1946 -0.9062 -0.3754
vn 0.1946 -0.8797 -0.4338
vn -0.0650 0.9641 0.2575
vn -0.0648 0.9790 0.1932
vn -0.6040 0.6627 0.4428
vn -0.6588 0.6506 0.3778
vn -0.6575 0.6244 0.4218
vn -0.1212 -0.6006 -0.7903
vn -0.1208 -0.6007 -0.7903
vn -0.2009 -0.5790 -0.7902
vn -0.1995 -0.5794 -0.7902
vn 0.6220 0.6778 0.3921
vn 0.6610 0.6496 0.3756
vn 0.6543 0.6991 0.2882
vn -0.6575 0.6244 -0.4218
vn -0.7656 0.5170 -0.3827
vn -0.7518 0.5694 -0.3325
vn 0.4415 -0.8047 -0.3968
vn 0.5544 -0.7467 -0.3675
vn 0.3209 -0.8494 -0.4189
vn -0.3218 0.8747 0.3623
vn -0.3208 0.8495 0.4189
vn 0.0661 -0.8949 0.4413
vn 0.0659 -0.9219 0.3819
vn 0.1946 -0.9062 0.3754
vn 0.1946 -0.8797 0.4338
vn 0.1939 -0.9623 -0.1909
vn 0.1943 -0.9476 -0.2536
vn 0.5685 -0.7124 -0.4115
vn 0.6531 -0.6551 -0.3799
vn 0.6509 -0.6289 -0.4253
vn 0.5208 -0.6863 -0.5076
vn 0.6665 0.6174 0.4178
vn 0.5673 -0.8218 0.0521
vn 0.4049 -0.9111 0.0773
vn 0.4226 -0.8987 0.1170
vn 0.5681 -0.8160 0.1066
vn 0.5538 -0.8034 -0.2187
vn 0.4226 -0.8987 -0.1170
vn 0.5682 -0.7604 -0.3145
vn 0.4423 -0.8286 -0.3432
vn -0.6594 -0.7453 0.0981
vn -0.5645 -0.8184 0.1077
vn -0.5465 -0.8112 0.2082
vn -0.6595 -0.7261 0.1945
vn 0.3206 0.8751 -0.3625
vn 0.3218 0.9145 -0.2451
vn 0.4425 0.8662 -0.2321
vn 0.1948 0.9475 -0.2535
vn 0.1938 0.9623 -0.1909
vn 0.3207 0.9290 -0.1848
vn 0.5681 0.8160 -0.1066
vn 0.5673 0.8218 -0.0521
vn 0.6604 -0.7445 0.0978
vn 0.5538 -0.8034 0.2187
vn 0.6547 0.7295 -0.1978
vn 0.6101 0.7757 -0.1618
vn 0.6100 0.7757 0.1618
vn 0.5561 0.8023 0.2169
vn 0.5559 0.8146 0.1658
vn 0.5514 -0.8169 -0.1693
vn 0.4415 -0.8800 -0.1751
vn 0.3207 -0.9290 -0.1848
vn 0.4049 -0.9111 -0.0773
vn 0.4226 -0.2346 -0.8755
vn 0.4226 -0.1179 -0.8986
vn 0.5683 0.7603 -0.3145
vn 0.5561 0.8023 -0.2169
vn 0.4423 0.8286 -0.3432
vn 0.4226 0.2346 -0.8755
vn 0.4226 0.3468 -0.8373
vn 0.4226 -0.5517 -0.7190
vn 0.4226 -0.4532 -0.7849
vn 0.4219 -0.0585 0.9048
vn 0.4226 -0.1179 0.8986
vn 0.4226 -0.6409 -0.6409
vn 0.4226 -0.7190 -0.5517
vn 0.5209 -0.6863 0.5076
vn 0.4226 -0.7849 0.4532
vn 0.4226 -0.7190 0.5517
vn 0.5682 0.7604 0.3145
vn 0.4423 0.8286 0.3432
vn 0.4423 0.8663 0.2321
vn -0.2664 0.5525 0.7898
vn -0.2661 0.5522 0.7901
vn -0.2662 0.5521 0.7901
vn -0.2664 0.5523 0.7900
vn 0.2003 0.5799 0.7897
vn 0.2755 0.5498 0.7886
vn 0.2756 0.5497 0.7886
vn 0.2004 0.5798 0.7897
vn 0.1214 0.6009 0.7900
vn 0.1208 0.6007 0.7903
vn -0.0403 0.6124 0.7895
vn -0.1208 0.6001 0.7907
vn -0.1212 0.6006 0.7903
vn 0.0402 -0.6126 0.7894
vn 0.0404 -0.6129 0.7891
vn -0.0403 -0.6124 0.7895
vn 0.1208 -0.6005 0.7904
vn 0.1214 -0.6009 0.7900
vn 0.2001 -0.5799 0.7897
vn 0.2008 -0.5797 0.7897
vn 0.2756 -0.5497 0.7886
vn 0.2758 -0.5497 0.7886
vn 0.3382 -0.5147 0.7878
vn 0.3380 -0.5145 0.7881
vn 0.3385 -0.5145 0.7878
vn 0.3381 -0.5152 0.7875
vn -0.1880 0.1836 0.9649
vn -0.9220 0.3857 -0.0333
vn -0.3995 0.9135 0.0774
vn 0.7015 0.7037 0.1128
vn 0.4050 0.9111 -0.0772
vn 0.9600 -0.2780 -0.0333
vn -0.4998 -0.4975 0.7090
vn -0.5331 -0.4675 0.7052
vn -0.4117 -0.7089 -0.5727
vn -0.0924 0.7059 -0.7022
vn 0.2710 -0.7059 -0.6544
vn 0.2927 0.9531 0.0774
vn -0.9536 0.2992 0.0344
vn 0.1136 -0.9899 -0.0845
vn -0.0944 -0.9921 -0.0827
vn -0.0946 -0.9921 -0.0827
vn 0.4050 0.9111 0.0772
vn -0.8374 -0.5465 0.0076
vn -0.7518 0.6593 -0.0000
vn -0.4117 0.7090 -0.5726
vn -0.4116 0.7090 -0.5726
vn -0.5331 0.4675 0.7052
vn 0.3833 0.6294 -0.6759
vn 0.3859 0.4697 -0.7940
vn 0.1400 0.5571 -0.8186
vn 0.1417 0.6805 -0.7189
vn 0.7518 -0.0000 -0.6594
vn -0.1400 0.5571 0.8186
vn 0.1400 0.5571 0.8186
vn 0.1417 0.6805 0.7189
vn 0.4485 -0.8938 -0.0000
vn 0.7596 -0.6504 -0.0000
vn -0.6525 -0.7578 0.0002
vn -0.6526 -0.7577 0.0002
vn 0.9620 0.2730 -0.0000
vn -0.7786 0.6276 -0.0010
vn 0.6820 -0.5498 0.4823
vn 0.6675 -0.0554 0.7425
vn 0.6727 -0.0999 0.7331
vn 0.6727 -0.0998 0.7332
vn 0.6783 -0.1904 0.7097
vn 0.6783 -0.1903 0.7097
vn -0.9359 0.0457 -0.3493
vn -0.9360 0.0455 -0.3491
vn -0.9359 0.0458 -0.3493
vn 0.6812 -0.3657 -0.6343
vn 0.6812 -0.3664 -0.6338
vn 0.6799 -0.2801 -0.6777
vn 0.6799 -0.2810 -0.6773
vn 0.6820 -0.4450 -0.5804
vn 0.6820 -0.4454 -0.5800
vn 0.6826 0.5166 0.5169
vn 0.6826 0.5168 0.5167
vn 0.6820 0.4454 0.5800
vn 0.6820 0.4450 0.5804
vn -0.0328 -0.9992 0.0242
vn -0.5825 0.8112 -0.0522
vn -0.5604 0.8209 -0.1102
vn -0.5825 -0.7039 -0.4064
vn -0.5825 -0.7852 -0.2104
vn -0.5825 -0.4948 -0.6449
vn -0.5825 -0.5748 -0.5748
vn -0.5825 0.6449 -0.4948
vn -0.5825 0.7039 -0.4064
vn -0.5825 -0.4064 -0.7039
vn -0.5825 0.5748 -0.5748
vn -0.5825 0.4948 -0.6449
vn -0.5825 0.4064 -0.7039
vn -0.5825 0.2104 -0.7852
vn -0.5825 0.3111 -0.7510
vn -0.5651 0.8181 0.1067
vn -0.5825 0.8112 0.0522
vn -0.7785 0.6277 -0.0008
vn -0.7785 0.6277 -0.0007
vn -0.7785 0.6276 -0.0008
vn -0.7786 0.6276 -0.0008
vn 0.7172 -0.6950 0.0505
vn 0.7596 -0.6503 -0.0000
vn 0.7172 -0.6950 0.0506
vn -0.8565 -0.4897 -0.1633
vn -0.7869 -0.4812 0.3864
vn -0.7655 -0.4812 0.4271
vn -0.7933 -0.4255 0.4354
vn -0.5331 0.4675 -0.7052
vn -0.7522 -0.5259 0.3970
vn -0.7522 -0.5259 0.3971
vn 0.7748 0.6309 -0.0393
vn 0.7755 0.6260 -0.0814
vn 0.7755 0.6261 -0.0814
vn 0.7730 -0.1642 0.6128
vn 0.7730 -0.0825 0.6290
vn 0.7730 -0.3172 0.5494
vn 0.7730 -0.2428 0.5861
vn 0.7756 0.5008 0.3843
vn 0.7755 0.1634 -0.6098
vn 0.7755 0.0821 -0.6260
vn 0.7756 0.5467 0.3156
vn 0.7755 0.5467 0.3156
vn 0.7754 0.5834 0.2416
vn 0.7552 -0.6116 0.2358
vn 0.7730 -0.2428 -0.5861
vn 0.7749 0.0407 -0.6308
vn 0.7755 0.0821 -0.6259
vn 0.7755 0.2416 -0.5833
vn 0.7755 0.3157 -0.5467
vn 0.7755 0.3843 -0.5009
vn 0.7755 0.4464 -0.4464
vn 0.7622 0.5136 -0.3941
vn 0.7622 0.5135 -0.3940
vn 0.7755 0.5467 -0.3157
vn -0.5008 0.8473 -0.1766
vn -0.5605 0.8208 -0.1101
vn -0.5100 0.8522 -0.1165
vn 0.1938 -0.9623 0.1909
vn 0.1943 -0.9476 0.2536
vn 0.0650 -0.9641 0.2575
vn 0.0647 -0.9790 0.1931
vn -0.0946 0.9921 -0.0827
vn -0.2985 0.9513 -0.0772
vn -0.0943 0.9921 -0.0827
vn 0.4414 0.8801 -0.1751
vn -0.4424 0.8788 -0.1788
vn -0.4426 0.8656 -0.2340
vn -0.5558 0.8025 -0.2170
vn -0.5517 0.5007 -0.6670
vn -0.5676 0.3976 -0.7209
vn -0.6543 0.3719 -0.6585
vn -0.7934 -0.3706 -0.4830
vn -0.7934 -0.3044 -0.5272
vn -0.7934 0.2330 -0.5624
vn -0.7934 0.3044 -0.5272
vn -0.7519 -0.6368 0.1706
vn 0.1946 0.9062 -0.3754
vn -0.1946 -0.9062 0.3754
vn -0.1946 -0.8797 0.4338
vn -0.3208 -0.8495 0.4189
vn 0.8127 0.2749 -0.5137
vn -0.0002 0.9660 0.2586
vn -0.5547 0.7462 0.3680
vn -0.7517 0.5695 0.3326
vn -0.7657 0.5170 0.3827
vn -0.6040 0.6627 -0.4428
vn -0.7934 -0.5624 0.2330
vn -0.7934 -0.5880 0.1576
vn -0.7929 -0.5310 0.2988
vn 0.9988 0.0460 -0.0193
vn 0.8742 0.4226 0.2393
vn -0.7923 0.4825 0.3734
vn -0.7934 0.4304 0.4305
vn -0.7934 0.0795 -0.6036
vn -0.7927 0.0399 -0.6083
vn -0.7513 0.6586 0.0432
vn -0.7927 0.6083 0.0399
vn -0.7934 0.6036 0.0795
vn -0.7520 0.6535 0.0860
vn -0.7934 -0.1576 0.5880
vn -0.7934 -0.2330 0.5624
vn -0.7934 -0.2330 -0.5624
vn 0.6597 -0.7500 0.0487
vn 0.6213 -0.7769 0.1023
vn 0.6111 -0.7750 0.1610
vn 0.5673 0.8218 0.0521
vn 0.5681 0.8160 0.1066
vn 0.4226 0.8987 0.1170
vn 0.4049 0.9111 0.0773
vn 0.4423 -0.8663 0.2321
vn 0.8886 -0.4562 0.0485
vn 0.8888 -0.4556 0.0491
vn 0.5559 0.8146 -0.1658
vn 0.4415 0.8800 0.1751
vn -0.4374 -0.8808 0.1816
vn -0.3206 -0.9290 0.1848
vn 0.3207 -0.9290 0.1848
vn 0.3217 -0.9146 0.2451
vn -0.1940 -0.9623 0.1909
vn -0.0648 -0.9790 0.1932
vn -0.0650 -0.9641 0.2575
vn -0.1943 -0.9476 0.2536
vn 0.4423 -0.8286 0.3432
vn 0.5683 -0.7604 0.3145
vn 0.5540 -0.8033 0.2187
vn 0.6220 0.6778 -0.3921
vn 0.6610 0.6496 -0.3756
vn 0.6665 0.6174 -0.4178
vn 0.6543 0.6991 -0.2882
vn 0.6220 -0.6778 0.3921
vn 0.5543 -0.7473 0.3664
vn -0.4425 0.8285 -0.3432
vn -0.0662 -0.9219 0.3818
vn 0.1989 0.9800 -0.0000
vn 0.1946 0.8797 -0.4338
vn 0.0661 0.8949 -0.4413
vn 0.0661 0.9219 -0.3818
vn 0.4425 0.8285 0.3432
vn 0.3209 0.8494 0.4189
vn 0.4415 0.8047 0.3968
vn 0.4219 -0.0585 -0.9048
vn 0.4226 -0.2346 0.8755
vn 0.4226 -0.3468 0.8373
vn 0.4226 -0.4532 0.7849
vn 0.4226 -0.5517 0.7190
vn 0.4226 -0.6409 0.6409
vn 0.4226 0.2346 0.8755
vn 0.4226 0.1179 0.8986
vn 0.6665 -0.6174 0.4178
vn -0.6512 -0.7186 0.2439
vn 0.3215 -0.9147 -0.2451
vn 0.3215 -0.9146 -0.2451
vn 0.0651 0.9641 -0.2575
vn 0.0652 0.9641 -0.2575
vn 0.0651 0.9641 0.2575
vn 0.0652 0.9641 0.2575
vn 0.5677 0.3976 0.7209
vn 0.5675 0.2125 0.7954
vn 0.6170 0.1950 0.7624
vn -0.4401 -0.8665 -0.2354
vn -0.4401 -0.8665 -0.2353
vn 0.9701 0.1478 -0.1927
vn 0.9469 0.1957 -0.2550
vn 0.9469 0.2970 -0.1230
vn 0.9700 0.2244 -0.0930
vn -0.6074 -0.7474 0.2691
vn -0.6598 -0.6945 0.2868
vn -0.6598 -0.6946 0.2868
vn 0.1948 -0.9475 0.2536
vn -0.0652 -0.9641 0.2575
vn -0.1948 -0.9475 0.2536
vn -0.3215 -0.9146 0.2451
vn 0.7756 0.5467 -0.3156
vn 0.7518 0.5678 -0.3353
vn 0.7755 -0.6098 -0.1634
vn 0.7512 0.6586 -0.0432
vn 0.5682 -0.8159 0.1065
vn 0.5682 -0.8160 0.1065
vn 0.5986 -0.7631 0.2438
vn 0.7755 0.5008 0.3843
vn 0.9835 0.1808 -0.0000
vn 0.0325 -0.0370 -0.9988
vn 0.0325 -0.0371 -0.9988
vn 0.0324 -0.0370 -0.9988
vn 0.0325 0.0371 0.9988
vn 0.0325 0.0370 0.9988
vn 0.0324 0.0370 0.9988
vn -0.4865 -0.8737 -0.0000
vn -0.0651 -0.5990 0.7981
vn 0.0652 -0.5990 0.7981
vn -0.8996 -0.0000 0.4367
vn -0.9220 -0.3857 0.0333
vn -0.3995 -0.9135 -0.0774
vn 0.9133 0.4059 -0.0344
vn 0.4050 -0.9111 -0.0772
vn 0.2927 0.9531 -0.0774
vn -0.9536 0.2992 -0.0344
vn -0.0178 0.5206 -0.8536
vn -0.0946 -0.9921 0.0827
vn -0.2985 -0.9513 0.0772
vn -0.0943 -0.9921 0.0827
vn -0.7518 -0.6593 -0.0000
vn -0.8375 0.5464 -0.0077
vn -0.6656 -0.0000 0.7463
vn 0.4364 0.8997 -0.0000
vn -0.6529 0.7574 -0.0003
vn -0.6528 0.7576 -0.0001
vn -0.7914 -0.6113 -0.0000
vn 0.6826 0.5168 -0.5167
vn 0.6820 0.5498 -0.4823
vn 0.6826 0.5166 -0.5169
vn -0.5555 0.7682 -0.3182
vn -0.5556 0.7682 -0.3182
vn -0.5825 -0.3111 -0.7510
vn -0.5825 -0.0522 -0.8112
vn -0.5643 -0.8185 -0.1078
vn -0.5634 -0.8244 -0.0540
vn -0.5635 -0.8244 -0.0540
vn -0.5825 -0.2104 0.7852
vn -0.5825 -0.3111 0.7510
vn -0.5825 -0.6449 -0.4948
vn -0.5825 -0.1061 0.8059
vn -0.5829 -0.1056 0.8057
vn -0.5559 0.8024 -0.2171
vn -0.5825 -0.5748 0.5748
vn -0.5825 -0.4948 0.6449
vn 0.7513 0.6586 0.0431
vn -0.7898 0.6133 -0.0000
vn -0.8167 -0.5770 0.0003
vn 0.6675 0.0554 -0.7425
vn 0.6727 0.0999 -0.7331
vn 0.6727 0.0998 -0.7332
vn 0.5527 -0.5828 -0.5957
vn 0.6568 -0.5273 -0.5391
vn 0.6411 -0.5941 -0.4859
vn 0.5542 -0.6549 -0.5137
vn 0.6783 -0.1902 -0.7097
vn 0.6783 -0.1899 -0.7098
vn 0.6799 0.2810 0.6773
vn 0.6799 0.2801 0.6777
vn 0.6783 0.1902 0.7097
vn 0.6783 0.1899 0.7098
vn 0.6799 -0.2812 0.6772
vn 0.6812 -0.3664 0.6338
vn 0.6812 -0.3657 0.6343
vn 0.6799 -0.2800 0.6777
vn 0.6684 -0.4835 0.5652
vn 0.6547 -0.3718 0.6582
vn 0.5678 -0.3975 0.7208
vn 0.5856 -0.5377 0.6066
vn -0.9358 0.1349 0.3256
vn -0.9358 0.1762 0.3052
vn 0.7597 -0.6503 -0.0000
vn 0.6547 0.7297 0.1974
vn 0.6017 0.7605 -0.2441
vn 0.6547 0.7296 -0.1974
vn 0.6711 0.7271 0.1446
vn 0.6845 0.6407 0.3478
vn 0.7755 0.3843 -0.5008
vn 0.7731 -0.6290 -0.0818
vn 0.7063 0.7063 0.0474
vn 0.7542 0.5322 0.3847
vn 0.7755 0.6099 0.1634
vn 0.7756 0.6259 0.0814
vn 0.7723 -0.0410 0.6339
vn 0.7755 0.2416 0.5832
vn 0.7755 0.1634 0.6099
vn 0.7756 0.3156 0.5467
vn 0.7755 0.3156 0.5467
vn 0.7757 0.3842 0.5007
vn 0.7750 0.0407 0.6307
vn 0.7722 -0.6341 0.0396
vn 0.7731 -0.6289 0.0818
vn 0.7731 -0.4485 0.4485
vn 0.7731 -0.5032 -0.3861
vn 0.7755 -0.6098 0.1634
vn 0.7729 -0.0825 -0.6291
vn 0.7723 -0.0409 -0.6339
vn 0.0651 -0.9641 -0.2575
vn 0.1949 -0.9475 -0.2536
vn -0.1948 -0.9475 -0.2536
vn -0.0651 -0.9641 -0.2575
vn -0.3214 -0.9147 -0.2451
vn 0.3214 0.9147 0.2451
vn 0.3215 0.9147 0.2451
vn -0.1948 0.9475 -0.2536
vn -0.4427 0.8656 -0.2340
vn -0.6598 -0.6945 -0.2868
vn -0.6598 -0.6946 -0.2868
vn -0.6512 -0.7186 -0.2439
vn 0.0131 -0.9999 0.0107
vn 0.0132 -0.9999 0.0108
vn -0.3774 0.1729 0.9098
vn -0.3775 0.1729 0.9097
vn -0.3816 -0.8928 -0.2392
vn -0.3789 0.9094 0.1714
vn -0.3774 0.1729 0.9097
vn -0.3739 0.1654 -0.9126
vn -0.3816 -0.2392 -0.8928
vn -0.3816 -0.2392 0.8928
vn -0.3816 -0.3537 0.8540
vn -0.3816 -0.3537 -0.8540
vn -0.3816 0.5627 -0.7333
vn -0.3816 -0.8540 -0.3537
vn -0.3816 -0.6536 -0.6536
vn -0.7063 -0.6943 -0.1381
vn -0.7075 -0.7008 -0.0910
vn -0.7934 0.4304 -0.4305
vn -0.7923 0.4824 -0.3735
vn -0.6070 -0.7906 0.0813
vn -0.9356 0.2655 0.2328
vn -0.9358 -0.1762 -0.3052
vn -0.9358 -0.2145 -0.2796
vn -0.9358 -0.1349 -0.3256
vn -0.9358 0.0912 -0.3404
vn -0.9358 -0.0912 -0.3404
vn -0.9359 -0.0457 -0.3493
vn -0.9359 -0.0458 -0.3493
vn 0.0328 -0.0393 0.9987
vn 0.0329 -0.0397 0.9987
vn 0.0329 -0.0396 0.9987
vn 0.0328 0.0394 -0.9987
vn -0.7927 -0.0399 -0.6083
vn -0.7934 -0.0795 -0.6036
vn -0.7934 -0.0795 0.6036
vn -0.7934 -0.1576 -0.5880
vn -0.7934 0.1576 -0.5880
vn -0.7934 0.5880 0.1576
vn -0.7934 0.5624 0.2330
vn -0.7934 0.2330 0.5624
vn -0.7934 0.1576 0.5880
vn -0.7926 0.5269 -0.3069
vn -0.7934 0.3044 0.5272
vn -0.7043 0.5286 0.4739
vn -0.7046 0.4968 0.5067
vn -0.6565 0.5275 0.5392
vn -0.6411 0.5941 0.4859
vn -0.0298 0.0476 -0.9984
vn 0.0656 0.8306 -0.5531
vn 0.0657 0.7889 -0.6111
vn -0.1940 0.9623 -0.1909
vn 0.5685 0.7124 0.4115
vn 0.4226 0.4532 -0.7849
vn -0.4415 0.8047 -0.3969
vn -0.4415 0.8047 0.3969
vn 0.1946 0.8797 0.4338
vn 0.6020 -0.6605 -0.4487
vn 0.4226 0.8987 -0.1170
vn 0.4049 0.9111 -0.0773
vn 0.4226 0.6409 0.6409
vn 0.4226 0.7190 0.5517
vn 0.5208 0.6863 0.5076
vn 0.5683 0.7603 0.3145
vn 0.4377 0.4422 -0.7829
vn 0.4387 0.5395 -0.7187
vn 0.5518 0.5007 -0.6670
vn 0.5508 0.4105 -0.7267
vn 0.3207 0.9290 0.1848
vn 0.6601 0.7496 0.0486
vn 0.6580 0.7464 0.1000
vn 0.6163 0.7803 0.1067
vn 0.6111 -0.7750 -0.1610
vn 0.5514 -0.8169 0.1693
vn 0.4425 -0.8662 0.2321
vn 0.4414 -0.8801 0.1751
vn 0.6205 0.7825 0.0513
vn 0.4219 0.0585 0.9048
vn 0.4226 0.5517 -0.7190
vn 0.4226 0.3468 0.8373
vn 0.4226 0.4532 0.7849
vn 0.4226 0.6409 -0.6409
vn 0.4226 0.5517 0.7190
vn 0.5684 0.7124 -0.4115
vn 0.4226 0.7849 -0.4532
vn 0.4226 0.7849 0.4532
vn 0.0652 -0.5990 -0.7981
vn -0.0651 -0.5990 -0.7981
vn -0.3217 0.9146 -0.2451
vn -0.3206 0.9290 -0.1848
vn -0.5041 -0.8458 -0.1745
vn -0.6595 0.7453 0.0981
vn -0.6586 -0.7509 0.0492
vn -0.7520 -0.6535 0.0860
vn -0.7513 -0.6586 0.0432
vn -0.7927 -0.6083 0.0399
vn -0.7934 -0.6036 0.0795
vn -0.6586 0.7509 0.0492
vn -0.5173 -0.8540 0.0560
vn -0.5181 -0.8480 0.1116
vn -0.7927 -0.0399 0.6083
vn -0.7924 0.5268 0.3074
vn -0.7521 0.6535 -0.0860
vn -0.7513 0.6586 -0.0432
vn -0.6586 0.7509 -0.0492
vn -0.6594 0.7453 -0.0981
vn -0.6121 -0.6857 -0.3939
vn -0.6614 -0.6250 -0.4147
vn -0.2938 -0.5376 0.7904
vn -0.2939 -0.5378 0.7902
vn -0.7193 -0.5534 -0.4199
vn -0.7655 -0.4812 -0.4271
vn -0.7868 -0.4812 -0.3864
vn -0.7869 -0.4812 -0.3864
vn -0.7933 -0.4255 -0.4354
vn -0.7929 -0.5310 -0.2988
vn -0.7934 0.3706 0.4830
vn -0.7934 0.0795 0.6036
vn -0.7927 0.0399 0.6083
vn -0.3189 0.4670 -0.8247
vn -0.4373 0.4423 -0.7830
vn -0.4392 0.5393 -0.7185
vn -0.3190 0.5690 -0.7580
vn -0.3789 0.9094 -0.1714
vn -0.3789 0.9095 -0.1714
vn -0.3816 -0.8928 0.2392
vn -0.3816 -0.8540 0.3537
vn -0.3821 -0.7952 0.4708
vn -0.3816 -0.7271 0.5706
vn -0.3813 -0.7573 0.5302
vn -0.3816 -0.6536 0.6536
vn -0.3816 -0.7271 0.5707
vn -0.3816 -0.5627 0.7333
vn -0.3816 -0.4622 0.8005
vn 0.7749 0.0407 -0.6307
vn 0.7750 0.0407 -0.6307
vn 0.7554 -0.6286 -0.1853
vn 0.7755 0.6099 -0.1634
vn 0.7756 0.3843 -0.5008
vn 0.7754 0.4465 -0.4465
vn 0.7622 0.5135 -0.3941
vn 0.7755 0.0821 0.6259
vn 0.7731 -0.0825 0.6289
vn 0.7730 -0.6291 -0.0819
vn 0.7724 -0.6339 -0.0396
vn -0.6433 0.7223 -0.2537
vn -0.6923 0.6872 -0.2204
vn -0.6433 0.7224 -0.2537
vn -0.7519 0.6369 -0.1706
vn -0.6923 0.6871 -0.2205
vn 0.9835 0.1807 0.0001
vn -0.1400 0.5571 -0.8186
vn -0.1117 0.6836 -0.7212
vn -0.0655 0.8949 -0.4413
vn -0.6595 0.7261 -0.1945
vn -0.7934 0.6036 -0.0795
vn -0.7927 0.6083 -0.0399
vn -0.5042 -0.8458 0.1746
vn -0.5173 0.8540 -0.0560
vn 0.1208 0.6005 -0.7904
vn 0.1213 0.6006 -0.7903
vn 0.0403 0.6122 -0.7897
vn 0.0402 0.6126 -0.7894
vn -0.3267 -0.3578 0.8748
vn -0.4382 -0.3394 0.8323
vn -0.4378 -0.4422 0.7828
vn -0.3187 -0.4671 0.8248
vn -0.3216 0.8748 -0.3624
vn -0.1946 0.8797 -0.4338
vn -0.3208 0.8495 -0.4189
vn -0.0655 -0.8949 0.4413
vn 0.5518 0.5007 0.6670
vn 0.4390 0.5394 0.7186
vn 0.4379 0.4421 0.7828
vn 0.5677 0.3975 0.7209
vn 0.0131 0.9999 -0.0107
vn -0.5037 -0.7704 -0.3908
vn -0.4122 -0.8842 -0.2196
vn -0.7934 -0.3706 0.4830
vn -0.7934 -0.3044 0.5272
vn -0.7934 0.3706 -0.4830
vn 0.5518 -0.5007 0.6670
vn 0.6567 -0.5274 0.5391
vn 0.6556 -0.4533 0.6039
vn 0.6205 -0.7825 -0.0513
vn 0.6213 -0.7769 -0.1023
vn 0.3209 0.8494 -0.4189
vn -0.4377 0.4422 0.7829
vn -0.4387 0.5395 0.7187
vn -0.5518 0.5007 0.6669
vn -0.5676 0.3976 0.7209
vn 0.4226 -0.7849 -0.4532
vn -0.0609 0.9975 -0.0365
vn 0.4226 -0.3468 -0.8373
vn 0.5543 0.7473 0.3664
vn 0.4219 0.0585 -0.9048
vn 0.4226 0.1179 -0.8986
vn 0.5209 0.6863 -0.5076
vn 0.4226 0.7190 -0.5517
vn 0.6845 0.6407 -0.3478
vn 0.6547 0.7297 -0.1974
vn 0.7927 0.4754 -0.3816
vn 0.7720 0.4779 -0.4191
vn 0.7299 0.5423 -0.4161
vn 0.6711 0.7271 -0.1446
vn 0.3385 0.5145 0.7878
vn 0.3379 0.5149 0.7878
vn 0.7063 0.7063 -0.0474
vn -0.2664 -0.5525 -0.7898
vn -0.2661 -0.5522 -0.7901
vn -0.2662 -0.5521 -0.7901
vn -0.2664 -0.5523 -0.7900
vn -0.1997 -0.5794 0.7902
vn -0.1999 -0.5793 0.7902
vn -0.1208 -0.6007 0.7903
vn -0.1212 -0.6006 0.7903
vn -0.0403 -0.6124 -0.7895
vn 0.0404 -0.6128 -0.7892
vn 0.1214 -0.6009 -0.7900
vn 0.1208 -0.6007 -0.7903
vn 0.0402 -0.6126 -0.7894
vn 0.1997 -0.5801 -0.7897
vn 0.2010 -0.5796 -0.7897
vn 0.2755 -0.5498 -0.7886
vn 0.2759 -0.5496 -0.7886
vn 0.3385 -0.5145 -0.7878
vn 0.3379 -0.5149 -0.7878
vn 0.3382 -0.5147 -0.7878
vn 0.3384 -0.5149 -0.7876
vn 0.0328 -0.0394 0.9987
vn 0.9620 0.2729 -0.0000
vn 0.9620 0.2731 -0.0000
vn 0.7756 0.0821 -0.6259
vn -0.3997 -0.9133 0.0775
vn -0.3995 -0.9135 0.0774
vn -0.3991 -0.9137 0.0771
vn 0.9133 0.4059 0.0344
vn 0.8360 -0.4719 0.2800
vn -0.7235 -0.6449 -0.2462
vn 0.9133 -0.4059 0.0344
vn -0.2985 -0.9513 -0.0772
vn 0.9527 0.2553 0.1648
vn 0.8542 0.4932 0.1648
vn -0.9863 -0.0000 0.1648
vn -0.9527 0.2553 0.1648
vn -0.9527 -0.2553 0.1648
vn -0.6974 0.6974 -0.1648
vn -0.4932 0.8542 -0.1648
vn -0.8542 -0.4932 0.1648
vn -0.6974 -0.6974 0.1648
vn -0.4932 -0.8542 0.1648
vn 0.4932 -0.8542 0.1648
vn 0.2553 -0.9527 0.1648
vn -0.8542 0.4932 0.1648
vn 0.6974 0.6974 0.1648
vn 0.4932 0.8542 0.1648
vn 0.8542 -0.4932 -0.1648
vn 0.6974 -0.6974 -0.1648
vn -0.0000 -0.9863 -0.1648
vn -0.2553 -0.9527 -0.1648
vn -0.9856 -0.0217 -0.1675
vn -0.9527 0.2553 -0.1648
vn -0.4932 0.8542 0.1648
vn -0.2553 0.9527 0.1648
vn 0.4932 -0.8542 -0.1648
vn -0.6974 0.6974 0.1648
vn -0.0211 0.0365 0.9991
vn 0.0211 -0.0365 -0.9991
vn -0.0407 -0.0109 -0.9991
vn 0.0407 -0.0109 0.9991
vn 0.0109 -0.0407 0.9991
vn 0.0298 0.0298 0.9991
vn -0.0407 -0.0110 -0.9991
vn 0.0407 -0.0110 0.9991
vn 0.0421 -0.0000 -0.9991
vn 0.0422 -0.0000 -0.9991
vn -0.0298 0.0298 -0.9991
vn 0.0110 -0.0407 0.9991
vn 0.0211 0.0365 -0.9991
vn -0.9359 -0.0457 0.3493
vn -0.9360 -0.0455 0.3491
vn -0.9359 -0.0458 0.3493
vn -0.9358 -0.0912 0.3404
vn -0.9358 0.0912 0.3404
vn -0.9359 0.0457 0.3493
vn -0.9359 0.0458 0.3493
vn -0.9358 -0.1349 0.3256
vn -0.9358 -0.1762 0.3052
vn -0.9358 0.2145 0.2796
vn -0.9356 -0.2655 -0.2328
vn -0.9356 0.2655 -0.2328
vn 0.6012 -0.0000 -0.7991
vn 0.5808 0.1556 -0.7991
vn -0.6012 -0.0000 -0.7991
vn -0.5808 -0.1556 -0.7991
vn -0.5207 -0.3006 -0.7991
vn -0.4388 -0.4318 -0.7880
vn 0.3006 0.5207 0.7991
vn 0.4378 0.4421 0.7828
vn 0.4378 0.4422 0.7828
vn -0.1400 -0.5570 -0.8186
vn -0.1400 -0.5571 -0.8186
vn -0.3006 -0.5207 -0.7991
vn 0.1400 -0.5570 -0.8186
vn 0.1400 -0.5571 -0.8186
vn -0.0000 -0.6012 -0.7991
vn 0.1400 0.5570 -0.8186
vn -0.0000 0.6012 -0.7991
vn -0.3006 0.5207 -0.7991
vn -0.4378 0.4422 -0.7828
vn 0.3006 0.5207 -0.7991
vn -0.1400 0.5570 -0.8186
vn 0.4378 0.4422 -0.7828
vn 0.4378 0.4421 -0.7828
vn 0.5808 -0.1556 -0.7991
vn -0.5808 -0.1556 0.7991
vn -0.5748 -0.0000 0.8183
vn -0.5499 -0.3137 0.7741
vn 0.6526 -0.0000 -0.7577
vn 0.6183 0.1657 -0.7683
vn 0.5499 0.3136 -0.7741
vn 0.5499 0.3137 -0.7741
vn -0.3186 0.5691 -0.7580
vn -0.4379 0.4422 -0.7828
vn 0.3186 -0.5691 0.7580
vn 0.4378 -0.4422 0.7828
vn -0.5499 0.3136 -0.7741
vn -0.6183 0.1657 -0.7683
vn 0.1657 -0.6183 -0.7683
vn -0.0000 -0.6401 -0.7683
vn -0.3186 -0.5691 -0.7580
vn -0.4388 -0.4319 -0.7880
vn 0.3186 -0.5691 -0.7580
vn -0.1657 -0.6183 0.7683
vn -0.0000 -0.6401 0.7683
vn -0.0000 0.6401 0.7683
vn -0.1657 0.6183 0.7683
vn -0.1657 0.6183 -0.7683
vn 0.5499 0.3136 0.7741
vn 0.4378 -0.4422 -0.7828
vn 0.5499 -0.3136 -0.7741
vn -0.5499 -0.3137 -0.7741
vn -0.6183 -0.1657 -0.7683
vn -0.0000 0.6401 -0.7683
vn 0.1657 0.6183 -0.7683
vn 0.3186 0.5691 -0.7581
vn 0.5499 -0.3137 0.7741
vn 0.5499 -0.3136 0.7741
vn 0.6170 -0.1950 0.7624
vn 0.6170 -0.1951 0.7624
vn 0.6183 -0.1657 -0.7683
vn 0.6526 -0.0000 0.7577
vn -0.9915 -0.1208 0.0474
vn -0.9896 -0.1428 -0.0194
vn 0.9885 0.1473 0.0353
vn 0.9883 0.0919 0.1216
vn 0.9882 0.0912 0.1227
vn 0.9883 0.0917 0.1220
vn 0.9883 0.0918 0.1219
vn 0.9867 0.0612 0.1506
vn 0.9867 0.0613 0.1505
vn 0.9861 -0.0423 0.1610
vn 0.9861 -0.0425 0.1606
vn 0.9861 -0.0420 0.1611
vn 0.9856 -0.0219 -0.1675
vn 0.9856 -0.0214 -0.1676
vn 0.9856 -0.0217 -0.1675
vn 0.9856 -0.0216 -0.1675
vn -0.9856 -0.0216 -0.1675
vn -0.9857 0.0220 -0.1670
vn -0.9857 0.0208 -0.1675
vn -0.9915 -0.1208 -0.0474
vn -0.9896 -0.1428 0.0194
vn 0.9883 0.0918 -0.1219
vn 0.9883 0.0919 -0.1218
vn 0.9883 0.0916 -0.1222
vn -0.9867 -0.0615 0.1504
vn -0.9866 -0.0609 0.1512
vn -0.9867 -0.0612 0.1506
vn 0.9856 0.0216 -0.1675
vn 0.9856 0.0219 -0.1675
vn 0.9856 0.0215 -0.1679
vn 0.9863 -0.0000 0.1648
vn 0.9863 -0.0000 0.1647
vn -0.9860 0.0418 0.1612
vn -0.9861 0.0428 0.1607
vn 0.9875 -0.0780 0.1369
vn 0.9875 -0.0774 0.1376
vn -0.9883 -0.0918 -0.1219
vn -0.9883 -0.0916 -0.1222
vn -0.9883 -0.0920 -0.1216
vn 0.9883 -0.0920 -0.1215
vn 0.9883 -0.0915 -0.1223
vn 0.9915 -0.1208 -0.0474
vn 0.8123 0.3241 -0.4850
vn 0.8480 0.2986 -0.4378
vn 0.1258 -0.9447 -0.3027
vn 0.1258 -0.9448 -0.3027
vn 0.0408 -0.9593 -0.2794
vn 0.0402 -0.9593 -0.2794
vn -0.6018 0.7670 -0.2226
vn -0.7236 0.6448 -0.2463
vn -0.7235 0.6449 -0.2462
vn 0.7043 0.5286 0.4739
vn 0.6411 0.5941 0.4859
vn 0.6564 0.5275 0.5393
vn 0.7046 0.4964 0.5072
vn 0.6557 0.4532 0.6038
vn 0.7035 0.4263 0.5686
vn 0.6291 0.3844 0.6757
vn 0.7026 0.3504 0.6193
vn 0.6539 0.2841 0.7012
vn 0.7018 0.2680 0.6600
vn -0.7012 0.1806 -0.6897
vn -0.6533 0.1920 -0.7323
vn -0.6525 0.0968 -0.7515
vn -0.7008 0.0910 -0.7075
vn -0.6524 -0.0000 -0.7579
vn -0.6526 -0.0968 -0.7515
vn -0.7008 -0.0910 -0.7075
vn -0.7007 -0.0000 -0.7135
vn 0.6523 -0.0000 0.7579
vn 0.6528 0.0968 0.7513
vn -0.5506 -0.1082 -0.8278
vn -0.5494 -0.2124 -0.8081
vn -0.6532 -0.1920 -0.7325
vn -0.6538 -0.2842 0.7013
vn -0.5495 -0.3138 0.7743
vn -0.5675 -0.2125 0.7955
vn -0.6533 -0.1920 0.7324
vn 0.6544 0.3719 -0.6584
vn 0.6538 0.2842 -0.7013
vn 0.5676 -0.3976 0.7209
vn 0.6546 -0.3718 0.6583
vn 0.5517 -0.5007 -0.6670
vn 0.6557 -0.4533 -0.6038
vn 0.6411 -0.5941 0.4859
vn -0.5537 0.6552 0.5139
vn -0.5540 0.6875 0.4696
vn 0.4393 0.7082 -0.5526
vn 0.4374 0.7449 -0.5038
vn 0.5540 0.6875 -0.4696
vn 0.5540 0.6551 -0.5138
vn 0.4382 0.3394 0.8324
vn 0.5500 0.3136 0.7740
vn 0.4452 0.2295 0.8655
vn 0.5675 0.2125 0.7955
vn -0.4571 -0.3382 -0.8226
vn -0.5510 -0.4104 -0.7266
vn -0.5495 -0.3138 -0.7743
vn -0.3267 0.3579 -0.8748
vn -0.4375 0.3396 -0.8326
vn 0.5984 -0.3455 0.7228
vn 0.6675 -0.1788 0.7228
vn 0.4966 -0.1135 0.8605
vn 0.4452 -0.2295 0.8655
vn 0.5675 -0.2125 0.7955
vn 0.5500 -0.1074 0.8283
vn -0.4966 0.1135 0.8605
vn -0.4502 0.1716 0.8763
vn -0.4451 0.2296 0.8655
vn -0.3949 0.2369 0.8876
vn -0.4382 0.3394 0.8324
vn -0.3343 0.3006 0.8933
vn -0.3267 0.3578 0.8748
vn -0.2717 0.3637 0.8910
vn -0.3189 0.4670 0.8248
vn 0.3178 0.5693 0.7583
vn 0.3188 0.4670 0.8248
vn 0.4390 -0.5394 -0.7186
vn 0.4396 -0.6281 -0.6420
vn -0.1931 0.4835 -0.8538
vn -0.1930 0.4283 -0.8828
vn -0.2717 0.3637 -0.8910
vn 0.3173 0.7893 0.5256
vn 0.3192 0.7491 0.5804
vn 0.4399 0.6280 -0.6419
vn 0.3189 0.6628 -0.6775
vn 0.3193 0.7491 -0.5804
vn 0.1952 0.8172 0.5423
vn 0.1948 0.7757 0.6003
vn -0.1927 0.5891 -0.7847
vn -0.3192 0.6627 -0.6774
vn -0.1940 0.6860 -0.7012
vn 0.1941 0.6860 0.7012
vn 0.3189 0.6628 0.6775
vn 0.1943 -0.7759 0.6002
vn 0.0650 -0.8305 0.5532
vn 0.1948 -0.8171 0.5426
vn -0.4397 -0.6281 0.6420
vn -0.5525 -0.5829 0.5958
vn -0.5538 -0.6552 0.5139
vn -0.4393 -0.7081 0.5528
vn 0.4397 0.6281 0.6420
vn 0.1931 0.4834 -0.8538
vn 0.1927 0.5891 -0.7847
vn 0.3182 0.5692 -0.7581
vn 0.3188 0.4670 -0.8248
vn 0.0644 -0.4908 0.8689
vn 0.1936 -0.5890 0.7846
vn 0.1931 -0.4835 0.8538
vn 0.1930 -0.4283 0.8828
vn 0.0643 -0.4336 0.8988
vn -0.1931 -0.4835 0.8538
vn -0.1930 -0.4283 0.8828
vn -0.2717 -0.3637 0.8910
vn 0.2717 0.3637 0.8910
vn 0.3266 0.3579 0.8748
vn 0.3343 0.3006 0.8933
vn -0.1939 0.5889 0.7846
vn -0.1931 0.4835 0.8538
vn -0.3189 0.5690 0.7580
vn 0.1932 0.6862 -0.7013
vn 0.1932 -0.6862 0.7013
vn 0.3190 -0.5690 0.7580
vn 0.1943 0.7759 -0.6002
vn 0.1952 0.8172 -0.5423
vn 0.3173 0.7893 -0.5256
vn -0.1943 0.7759 0.6002
vn -0.0656 0.8306 0.5531
vn -0.1947 0.8171 0.5427
vn -0.0643 -0.4336 0.8988
vn -0.0644 -0.4908 0.8689
vn -0.1932 -0.6862 -0.7013
vn -0.1935 -0.5890 -0.7846
vn 0.0656 0.8306 0.5531
vn -0.1939 0.6860 0.7013
vn 0.6527 -0.0968 -0.7514
vn 0.7008 -0.0910 -0.7075
vn 0.4501 0.1716 0.8763
vn 0.3949 0.2369 0.8876
vn 0.3186 -0.4671 -0.8248
vn 0.4377 -0.4422 -0.7829
vn 0.3191 -0.5689 -0.7579
vn -0.4394 0.6282 -0.6421
vn -0.4394 0.7082 0.5527
vn -0.4398 0.6280 0.6420
vn -0.3186 0.6629 0.6775
vn -0.3191 0.7492 0.5805
vn -0.7018 0.2678 0.6601
vn -0.7012 0.1806 0.6897
vn -0.6532 0.1920 0.7324
vn -0.6537 0.2842 0.7014
vn -0.5675 0.2125 0.7955
vn -0.5496 0.3138 0.7743
vn 0.4383 -0.3393 0.8323
vn -0.5499 0.3137 -0.7741
vn -0.5619 0.5589 0.6098
vn -0.5527 0.5828 -0.5957
vn -0.5536 0.6553 -0.5139
vn -0.4393 0.7082 -0.5527
vn -0.4374 0.7449 0.5038
vn 0.5526 0.5828 -0.5958
vn 0.6327 0.5992 -0.4906
vn 0.6507 0.5338 -0.5401
vn 0.6543 -0.3719 -0.6585
vn 0.7026 -0.3503 -0.6194
vn 0.7035 -0.4268 -0.5682
vn -0.7043 0.5286 -0.4739
vn -0.6411 0.5941 -0.4859
vn -0.4997 -0.0000 -0.8662
vn -0.4966 -0.1135 -0.8605
vn -0.5518 -0.0000 -0.8340
vn -0.4966 -0.1135 0.8605
vn -0.5506 -0.1082 0.8277
vn -0.4451 -0.2296 0.8656
vn 0.4451 0.2296 -0.8656
vn 0.4382 0.3394 -0.8323
vn 0.5496 0.2123 -0.8080
vn -0.4391 -0.5394 0.7185
vn -0.3190 -0.5690 0.7580
vn -0.3190 -0.5690 -0.7580
vn -0.1938 -0.5889 0.7846
vn 0.5499 0.1075 -0.8283
vn 0.5518 -0.0000 -0.8340
vn 0.4993 -0.0000 -0.8664
vn 0.4966 0.1135 -0.8605
vn 0.6532 0.1920 0.7324
vn -0.6526 -0.0968 0.7515
vn -0.6543 -0.3719 0.6585
vn -0.5676 -0.3976 0.7209
vn -0.6557 -0.4533 0.6038
vn -0.5518 -0.5007 0.6670
vn -0.6565 -0.5275 0.5392
vn -0.6411 -0.5941 0.4859
vn -0.6557 -0.4533 -0.6039
vn -0.6565 -0.5275 -0.5392
vn -0.7045 -0.4959 -0.5076
vn -0.7035 -0.4263 -0.5686
vn 0.6560 0.4559 -0.6015
vn 0.7043 0.4318 -0.5635
vn 0.7026 0.3505 -0.6193
vn 0.7018 0.2678 -0.6601
vn 0.6533 0.1920 -0.7324
vn 0.7012 0.1806 -0.6897
vn -0.7012 -0.1806 0.6897
vn -0.7008 -0.0910 0.7075
vn 0.6525 -0.0000 -0.7578
vn 0.6527 0.0968 -0.7514
vn 0.7008 0.0915 -0.7075
vn 0.7007 -0.0000 -0.7135
vn -0.4393 -0.7082 -0.5527
vn -0.4375 -0.7449 -0.5038
vn -0.5540 -0.6875 -0.4696
vn -0.5536 -0.6553 -0.5139
vn 0.3174 -0.7893 0.5257
vn 0.4374 -0.7449 0.5038
vn 0.1952 -0.8172 -0.5423
vn 0.3174 -0.7893 -0.5257
vn -0.1932 -0.6862 0.7013
vn -0.1948 -0.7757 0.6003
vn -0.3197 -0.6626 0.6773
vn -0.3181 -0.7495 0.5806
vn 0.4393 -0.7081 -0.5528
vn 0.5540 -0.6875 0.4696
vn -0.5540 -0.6875 0.4696
vn -0.4374 -0.7449 0.5038
vn -0.3173 0.7893 0.5256
vn -0.0648 -0.8305 0.5532
vn -0.1948 -0.8171 0.5426
vn -0.3816 0.4622 -0.8005
vn 0.1935 -0.5890 -0.7846
vn -0.3196 -0.6626 -0.6773
vn -0.4399 -0.6280 -0.6419
vn -0.5523 -0.5830 -0.5959
vn -0.4391 -0.5394 -0.7185
vn -0.5518 -0.5007 -0.6670
vn 0.1927 0.5891 0.7847
vn -0.8829 -0.2853 -0.3730
vn 0.3266 -0.3579 -0.8748
vn 0.4382 -0.3394 -0.8323
vn -0.3343 -0.3006 0.8933
vn -0.3949 -0.2369 0.8876
vn -0.4502 -0.1716 0.8763
vn -0.4452 -0.2454 -0.8611
vn -0.4988 -0.0000 0.8667
vn -0.5506 0.1082 0.8278
vn 0.7008 -0.0915 0.7075
vn 0.7007 -0.0000 0.7135
vn 0.6525 -0.0968 0.7515
vn 0.6532 -0.1920 0.7324
vn 0.6538 -0.2842 0.7013
vn -0.6537 0.2842 -0.7013
vn 0.5528 0.5827 0.5957
vn -0.6000 0.5982 0.5312
vn -0.5982 0.5962 0.5355
vn 0.7018 -0.2676 0.6602
vn 0.7012 -0.1806 0.6897
vn -0.7026 0.3503 -0.6194
vn 0.7045 -0.4959 0.5076
vn 0.7035 -0.4268 0.5682
vn 0.7043 -0.5286 0.4739
vn 0.2717 0.3637 -0.8910
vn 0.1930 0.4283 -0.8828
vn 0.1933 0.4836 0.8537
vn 0.1930 -0.4283 -0.8828
vn 0.1931 -0.4835 -0.8538
vn -0.1930 0.4283 0.8828
vn 0.2717 -0.3637 -0.8910
vn 0.3184 -0.4672 0.8249
vn 0.3266 -0.3579 0.8748
vn 0.2717 -0.3637 0.8910
vn 0.3342 -0.3006 0.8933
vn 0.3949 -0.2369 0.8876
vn 0.4501 -0.1716 0.8763
vn -0.3816 0.8540 -0.3537
vn -0.3816 0.2392 -0.8928
vn -0.3816 0.3537 -0.8540
vn -0.3816 0.8928 -0.2392
vn -0.5504 0.1079 -0.8279
vn -0.5516 -0.0000 -0.8341
vn -0.5493 0.2124 -0.8082
vn 0.5504 -0.1079 -0.8279
vn 0.5504 -0.1080 -0.8279
vn 0.5516 -0.0000 -0.8341
vn 0.6048 -0.0996 -0.7901
vn -0.5493 -0.2124 -0.8082
vn 0.5493 -0.2124 -0.8082
vn 0.5158 -0.2291 -0.8255
vn 0.5505 -0.1078 -0.8278
vn 0.6547 -0.3717 -0.6582
vn 0.6230 -0.2885 -0.7271
vn 0.5676 -0.2125 0.7954
vn 0.5159 0.2291 -0.8255
vn 0.5507 0.4105 -0.7268
vn 0.5493 0.2124 -0.8082
vn 0.3859 -0.4697 -0.7940
vn 0.3999 -0.3951 -0.8270
vn 0.3182 -0.4672 -0.8249
vn 0.3182 -0.4672 0.8249
vn 0.1400 -0.5570 0.8186
vn 0.3858 -0.4697 0.7941
vn 0.3183 -0.4672 -0.8249
vn 0.3834 0.6294 0.6759
vn 0.3859 0.4697 0.7940
vn 0.6684 0.4835 0.5652
vn 0.5856 0.5378 0.6066
vn 0.6684 -0.4835 -0.5652
vn 0.6556 -0.4533 -0.6038
vn 0.5959 -0.5903 -0.5445
vn 0.6567 -0.5274 -0.5391
vn 0.5856 -0.5378 -0.6066
vn 0.5021 -0.6558 -0.5638
vn 0.3833 -0.6294 -0.6759
vn 0.3921 -0.7086 -0.5867
vn 0.2759 -0.7505 -0.6005
vn -0.0000 -0.6013 -0.7990
vn -0.0962 -0.7768 -0.6223
vn 0.1555 -0.7706 -0.6180
vn 0.0328 -0.7790 -0.6262
vn 0.1556 0.7706 0.6181
vn 0.1417 -0.6805 -0.7189
vn -0.5678 0.3976 0.7208
vn -0.3859 0.4697 0.7940
vn 0.5507 -0.4105 -0.7268
vn -0.6567 -0.5274 -0.5391
vn -0.6556 -0.4533 -0.6039
vn -0.6547 -0.3717 -0.6582
vn -0.3190 -0.7492 -0.5805
vn -0.1949 -0.7758 -0.6002
vn -0.3553 0.6404 -0.6809
vn -0.3190 0.7492 -0.5805
vn -0.0962 0.7768 -0.6223
vn -0.3553 -0.6404 -0.6809
vn -0.5488 -0.6319 -0.5473
vn -0.5528 -0.5827 -0.5957
vn -0.6458 -0.5671 -0.5112
vn -0.3192 -0.4569 -0.8303
vn -0.3999 -0.3951 -0.8270
vn -0.3858 -0.4697 -0.7941
vn -0.5158 -0.2291 -0.8255
vn -0.5678 -0.3975 0.7208
vn -0.5158 -0.2291 0.8255
vn -0.6547 -0.3717 0.6582
vn -0.6230 -0.2884 -0.7271
vn -0.5504 -0.1079 -0.8279
vn -0.5507 -0.1079 -0.8277
vn -0.5504 -0.1080 -0.8279
vn -0.5408 -0.0000 0.8412
vn -0.5504 0.1079 0.8279
vn -0.5676 0.2125 0.7954
vn -0.5504 0.1080 -0.8279
vn -0.6567 0.5274 0.5391
vn -0.6547 0.3717 0.6582
vn -0.6078 -0.0000 0.7941
vn -0.6048 -0.0996 -0.7901
vn -0.6567 0.5274 -0.5391
vn -0.6547 0.3717 -0.6582
vn -0.6556 0.4533 -0.6038
vn -0.6048 0.0996 -0.7901
vn -0.6230 0.2885 -0.7271
vn -0.6431 0.5660 -0.5158
vn -0.6432 0.5660 -0.5157
vn -0.5501 0.1079 -0.8281
vn -0.5159 0.2291 -0.8255
vn -0.5159 0.2291 0.8255
vn -0.5528 -0.5827 0.5957
vn -0.3553 -0.6404 0.6809
vn -0.1117 -0.6836 -0.7212
vn -0.3858 0.4697 -0.7941
vn 0.3834 -0.6294 0.6759
vn -0.5507 -0.4105 -0.7268
vn 0.6684 0.4835 -0.5652
vn 0.6561 0.4558 -0.6015
vn 0.6547 0.3718 -0.6582
vn 0.5959 0.5903 -0.5445
vn 0.6932 0.5096 -0.5098
vn 0.5856 0.5378 -0.6066
vn 0.5021 0.6558 -0.5638
vn 0.3921 0.7086 -0.5867
vn 0.2760 0.7505 -0.6005
vn 0.2760 -0.7505 0.6005
vn 0.0328 -0.7789 0.6262
vn 0.0328 -0.7790 0.6262
vn -0.1949 -0.7758 0.6002
vn -0.1949 -0.7758 0.6001
vn -0.5474 0.6312 -0.5495
vn -0.5528 0.5827 -0.5956
vn 0.0328 0.7790 -0.6262
vn 0.1556 0.7706 -0.6181
vn -0.1949 0.7758 -0.6002
vn -0.3182 0.4672 -0.8249
vn -0.3183 0.4672 -0.8249
vn -0.3999 0.3951 -0.8270
vn 0.3182 0.4672 -0.8249
vn -0.0000 0.6013 -0.7990
vn 0.3183 0.4672 -0.8249
vn 0.3182 0.4672 0.8249
vn 0.1400 0.5570 0.8186
vn 0.3999 0.3951 -0.8270
vn 0.6230 0.2884 -0.7271
vn 0.5159 -0.2291 0.8255
vn 0.6048 0.0996 -0.7901
vn 0.6078 -0.0000 0.7941
vn 0.5409 -0.0000 0.8411
vn 0.5504 -0.1080 0.8279
vn 0.5504 0.1080 -0.8279
vn 0.5504 0.1079 -0.8279
vn 0.5504 0.1080 0.8279
vn -0.7068 -0.7060 -0.0449
vn -0.7063 -0.6943 0.1381
vn -0.3006 -0.5207 0.7991
vn -0.1400 0.5570 0.8186
vn -0.0000 0.5993 0.8005
vn -0.0000 0.5994 0.8004
vn -0.3006 0.5207 0.7991
vn 0.3006 -0.5207 0.7991
vn 0.4378 -0.4421 0.7828
vn 0.5207 0.3006 0.7991
vn -0.5207 0.3006 0.7991
vn -0.5808 0.1556 0.7991
vn 0.5808 -0.1556 0.7991
vn 0.5207 -0.3006 0.7991
vn -0.5207 0.3006 -0.7991
vn 0.3006 -0.5207 -0.7991
vn 0.4378 -0.4421 -0.7828
vn 0.5207 0.3006 -0.7991
vn -0.0000 -0.5996 0.8003
vn -0.0000 -0.5995 0.8004
vn -0.4378 0.4422 0.7828
vn -0.5207 -0.3006 0.7991
vn 0.5808 0.1556 0.7991
vn -0.6526 -0.0000 -0.7577
vn -0.5499 0.3137 0.7741
vn -0.3186 0.5691 0.7580
vn 0.1657 0.6183 0.7683
vn -0.1657 -0.6183 -0.7683
vn 0.1657 -0.6183 0.7683
vn -0.3186 -0.5691 0.7580
vn -0.6170 0.1951 0.7624
vn -0.6170 0.1950 0.7624
vn 0.3186 0.5691 0.7581
vn 0.6170 0.1951 0.7624
vn -0.9220 -0.3857 -0.0333
vn 0.9867 0.0613 -0.1505
vn 0.9867 0.0606 -0.1510
vn -0.3173 -0.7893 0.5257
vn 0.9915 -0.1208 0.0474
vn 0.9875 -0.0777 0.1373
vn -0.9915 0.1208 -0.0474
vn -0.9896 0.1428 0.0194
vn -0.9856 0.0216 -0.1675
vn -0.9866 0.0610 -0.1513
vn -0.9867 0.0619 -0.1501
vn -0.9867 0.0612 -0.1506
vn -0.9883 0.0920 -0.1216
vn -0.9883 0.0916 -0.1222
vn 0.9896 -0.1428 -0.0194
vn -0.9875 0.0777 0.1373
vn -0.9875 0.0778 0.1373
vn -0.9867 -0.0619 -0.1501
vn -0.9867 -0.0606 -0.1510
vn -0.9867 -0.0612 -0.1506
vn 0.9867 0.0612 -0.1506
vn -0.9857 -0.0209 -0.1675
vn -0.9857 -0.0220 -0.1670
vn -0.7008 0.0910 0.7075
vn -0.6526 0.0968 0.7515
vn -0.7018 -0.2677 0.6602
vn -0.7018 0.2679 -0.6601
vn -0.7055 -0.4437 0.5526
vn -0.7026 -0.3505 0.6193
vn 0.7046 -0.4959 -0.5076
vn 0.7043 -0.5286 -0.4739
vn 0.5506 -0.1082 -0.8277
vn 0.5496 -0.2124 -0.8080
vn -0.6411 -0.5941 -0.4859
vn 0.4452 -0.2295 -0.8655
vn 0.4966 -0.1135 -0.8605
vn 0.5499 -0.3137 -0.7741
vn 0.5510 -0.4104 -0.7266
vn 0.4391 -0.5394 0.7185
vn -0.4502 -0.1716 -0.8763
vn -0.3949 -0.2684 -0.8787
vn -0.3334 -0.3316 -0.8826
vn -0.3083 -0.3629 -0.8793
vn 0.1930 0.4283 0.8828
vn 0.3342 -0.3006 -0.8933
vn 0.3949 -0.2369 -0.8876
vn 0.4501 -0.1716 -0.8763
vn 0.3949 0.2369 -0.8876
vn 0.4502 0.1716 -0.8763
vn -0.6524 -0.0000 0.7579
vn 0.7012 0.1817 0.6894
vn 0.7008 0.0915 0.7075
vn -0.7046 -0.4963 0.5073
vn 0.7043 0.4728 -0.5295
vn 0.5540 -0.6875 -0.4696
vn 0.4374 -0.7449 -0.5038
vn -0.3181 0.7495 -0.5806
vn -0.5540 0.6875 -0.4696
vn -0.4375 0.7449 -0.5038
vn -0.3173 0.7893 -0.5256
vn -0.0000 -0.9511 -0.3090
vn 0.3266 0.3579 -0.8748
vn -0.3343 0.3006 -0.8933
vn 0.3343 0.3006 -0.8933
vn -0.3949 0.2369 -0.8876
vn -0.4502 0.1716 -0.8763
vn -0.7007 -0.0000 0.7135
vn 0.7026 -0.3496 0.6198
vn -0.7043 -0.5286 -0.4739
vn -0.4393 -0.7082 0.5527
vn 0.6820 0.5498 0.4823
vn -0.6567 -0.5274 0.5391
vn -0.6556 -0.4533 0.6038
vn -0.6458 -0.5671 0.5112
vn -0.6231 -0.2885 0.7270
vn -0.5679 0.3975 -0.7208
vn -0.3999 -0.3951 0.8270
vn -0.3183 -0.4672 0.8249
vn -0.6048 -0.0996 0.7901
vn -0.5504 -0.1079 0.8279
vn -0.5506 -0.1079 0.8278
vn -0.5504 -0.1080 0.8279
vn -0.0000 -0.5997 0.8003
vn 0.5159 0.2291 0.8255
vn -0.5504 0.1080 0.8279
vn -0.5502 0.1079 0.8280
vn -0.3999 0.3951 0.8270
vn 0.5021 -0.6558 0.5638
vn -0.5173 0.8540 0.0560
vn 0.3183 -0.4672 0.8249
vn 0.2760 0.7505 0.6005
vn 0.6231 -0.2884 0.7271
vn 0.3999 -0.3951 0.8270
vn 0.3183 -0.4673 0.8248
vn 0.6048 -0.0996 0.7901
vn 0.5505 -0.1080 0.8278
vn -0.0000 0.5995 0.8003
vn -0.0000 0.5996 0.8003
vn 0.3183 0.4672 0.8249
vn -0.3182 0.4672 0.8249
vn -0.3183 0.4672 0.8249
vn 0.6556 0.4533 0.6038
vn -0.3183 0.4671 0.8249
vn 0.6567 0.5274 0.5391
vn 0.5959 0.5903 0.5445
vn 0.5021 0.6558 0.5638
vn 0.3921 0.7086 0.5867
vn -0.4393 0.7082 0.5527
vn -0.5474 0.6312 0.5495
vn 0.0328 0.7790 0.6262
vn -0.1949 0.7758 0.6002
vn -0.6432 0.5660 0.5157
vn -0.6048 0.0996 0.7901
vn -0.6230 0.2884 0.7271
vn 0.6048 0.0996 0.7901
vn 0.5504 0.1079 0.8279
vn 0.6230 0.2885 0.7271
vn 0.3999 0.3951 0.8270
vn 0.3182 0.4671 0.8249
vn 0.9835 -0.1808 -0.0000
vn -0.5555 -0.8315 -0.0000
vn -0.0000 0.1305 0.9914
vn -0.0000 0.1306 0.9914
vn -0.0000 0.1951 0.9808
vn -0.0000 -0.8091 0.5877
vn -0.0000 0.7934 -0.6087
vn -0.0000 -0.7934 -0.6087
vn -0.0000 0.7518 0.6593
vn 0.2280 0.7829 -0.5788
vn 0.5774 0.6605 -0.4799
vn 0.5774 0.7765 -0.2523
vn 0.5774 0.2523 -0.7765
vn 0.5774 0.4799 -0.6605
vn 0.5774 0.6605 0.4799
vn 0.5774 0.7765 0.2523
vn 0.5774 -0.7765 -0.2523
vn 0.5774 -0.6605 -0.4799
vn 0.5774 0.4799 0.6605
vn 0.5774 -0.4799 -0.6605
vn 0.5774 -0.2523 -0.7765
vn 0.5774 -0.2523 0.7765
vn 0.5774 -0.0000 0.8165
vn 0.5774 0.8165 -0.0000
vn 0.5774 -0.8165 -0.0000
vn 0.5774 -0.6605 0.4799
vn 0.5774 -0.7765 0.2523
vn -0.9877 -0.1564 -0.0000
vn 0.5774 -0.0000 -0.8165
vn 0.5774 -0.4799 0.6605
vn 0.5774 0.2523 0.7765
vn -0.7071 0.6725 -0.2185
vn -0.7071 0.5721 -0.4156
vn -0.2947 0.3904 -0.8722
vn -0.2876 0.4045 -0.8681
vn 0.1985 0.9801 -0.0000
vn 0.9239 -0.0000 -0.3827
vn 0.9239 -0.0000 0.3827
vn 0.7934 -0.0000 0.6088
vn -0.4783 -0.0000 -0.8782
vn -0.4783 -0.5162 -0.7105
vn -0.4783 -0.8352 -0.2714
vn -0.4783 0.5162 -0.7105
vn -0.4783 -0.0000 0.8782
vn -0.4783 0.5162 0.7105
vn -0.4783 0.8352 0.2714
vn -0.4783 0.8352 -0.2714
vn 0.9378 -0.0000 -0.3471
vn 0.9914 -0.0000 0.1305
vn 0.9914 -0.0000 -0.1305
vn -0.0661 0.9978 -0.0000
vn -0.0660 0.9978 -0.0000
vn -0.7898 0.3067 -0.5312
vn 0.6728 0.0994 0.7331
vn 0.6728 0.0996 0.7331
vn 0.6675 0.0554 0.7425
vn 0.6812 0.3657 0.6343
vn 0.6812 0.3664 0.6338
vn -0.6433 0.7224 0.2537
vn -0.6433 0.7223 0.2537
vn -0.6923 0.6872 0.2204
vn -0.7519 0.6369 0.1706
vn -0.7518 0.6369 0.1706
vn -0.6923 0.6871 0.2205
vn -0.6433 0.7224 0.2536
vn 0.1949 0.9475 0.2536
vn -0.0651 0.9641 0.2575
vn -0.3214 0.9147 0.2451
vn -0.5648 0.7848 0.2551
vn -0.5648 0.7848 0.2550
vn -0.5648 0.7848 -0.2551
vn -0.5649 0.7848 -0.2551
vn 0.0652 -0.9641 -0.2575
vn -0.9358 -0.2145 0.2796
vn -0.9358 0.1349 -0.3256
vn -0.9358 0.1762 -0.3052
vn 0.6783 0.1904 -0.7097
vn 0.6783 0.1903 -0.7097
vn -0.7071 0.2185 0.6725
vn -0.7071 0.4156 0.5721
vn -0.7071 -0.4156 0.5721
vn -0.7071 -0.5721 0.4156
vn -0.7071 0.5721 0.4156
vn -0.7071 0.6725 0.2185
vn -0.7071 -0.0000 0.7071
vn -0.7071 -0.6725 -0.2185
vn -0.7071 -0.6725 0.2185
vn -0.7071 0.4156 -0.5721
vn -0.7071 0.2185 -0.6725
vn -0.7071 -0.2185 -0.6725
vn -0.7071 -0.4156 -0.5721
vn -0.7071 -0.5721 -0.4156
vn -0.7071 -0.2185 0.6725
vn -0.4439 -0.8015 0.4007
vn -0.9358 0.2145 -0.2796
vn 0.1136 -0.9899 0.0845
vn 0.1136 0.9899 0.0845
vn -0.0944 0.9921 0.0827
vn -0.0946 0.9921 0.0827
vn 0.0187 -0.9995 -0.0250
vn 0.9427 -0.3336 -0.0000
vn 0.8565 -0.4897 -0.1633
vn 0.8309 -0.3669 -0.4184
vn 0.8494 -0.3227 -0.4175
vn 0.8495 -0.3227 -0.4175
vn 0.8661 -0.2777 -0.4157
vn 0.8309 -0.1789 0.5269
vn 0.8661 -0.4988 -0.0327
vn 0.8494 -0.5229 -0.0707
vn 0.8495 -0.5229 -0.0707
vn -0.8661 -0.4988 0.0327
vn -0.8494 -0.5229 0.0707
vn -0.8495 -0.5229 0.0707
vn -0.2938 0.5376 -0.7904
vn -0.2939 0.5378 -0.7902
vn -0.2007 0.5791 -0.7902
vn -0.1995 0.5794 -0.7902
vn -0.1211 0.6010 -0.7901
vn -0.1212 0.6006 -0.7903
vn -0.0403 0.6124 -0.7895
vn 0.0404 0.6126 0.7894
vn 0.0402 0.6126 0.7894
vn 0.3381 0.5152 -0.7875
vn 0.3385 0.5145 -0.7878
vn 0.2755 0.5498 -0.7886
vn 0.2761 0.5495 -0.7886
vn 0.3382 0.5147 0.7878
vn 0.3384 0.5149 0.7876
vn -0.0652 0.9641 -0.2575
vn 0.1948 0.9475 -0.2536
vn -0.3215 0.9146 -0.2451
vn -0.5649 0.7848 -0.2550
vn -0.9220 0.3857 0.0333
vn 0.2927 -0.9531 -0.0774
vn 0.9133 -0.4059 -0.0344
vn 0.4050 -0.9111 0.0772
vn 0.2927 -0.9531 0.0774
vn -0.9536 -0.2992 0.0344
vn 0.1136 0.9899 -0.0845
vn -0.2985 0.9513 0.0772
vn -0.8374 0.5465 -0.0076
vn -0.0659 0.9978 -0.0000
vn -0.2553 -0.9527 0.1648
vn -0.0000 -0.9863 0.1648
vn -0.0000 0.9863 0.1648
vn 0.8542 -0.4932 0.1648
vn 0.6974 -0.6974 0.1648
vn -0.8542 -0.4932 -0.1648
vn -0.9527 -0.2553 -0.1648
vn 0.9646 -0.1628 -0.2075
vn 0.8845 0.2709 -0.3797
vn 0.5207 -0.3006 -0.7991
vn -0.5808 0.1556 -0.7991
vn 0.0662 0.9978 -0.0000
vn 0.0660 0.9978 -0.0000
vn -0.7898 -0.3067 -0.5312
vn 0.4477 0.7758 -0.4446
vn -0.1246 -0.9538 0.2735
vn -0.1687 -0.9489 0.2668
vn -0.1254 -0.9537 0.2734
vn 0.1246 -0.9538 0.2735
vn 0.0402 -0.9593 0.2794
vn 0.0408 -0.9593 0.2794
vn 0.1250 -0.9537 0.2734
vn -0.0408 -0.9593 -0.2794
vn -0.0405 -0.9593 -0.2795
vn 0.1258 0.9447 0.3027
vn 0.1258 0.9448 0.3027
vn 0.0408 0.9593 0.2794
vn 0.0402 0.9593 0.2794
vn 0.1249 0.9538 -0.2733
vn 0.1249 0.9538 -0.2734
vn 0.1687 0.9489 -0.2668
vn -0.8168 -0.5769 0.0007
vn 0.3382 0.5147 -0.7878
vn 0.3380 0.5145 -0.7881
vn 0.6799 0.2812 -0.6772
vn 0.6799 0.2800 -0.6777
vn 0.6812 0.3664 -0.6338
vn 0.6812 0.3657 -0.6343
vn 0.6820 0.4454 -0.5800
vn 0.6820 0.4450 -0.5804
vn -0.0328 -0.9992 -0.0242
vn -0.0941 -0.9724 0.2136
vn 0.3470 -0.8694 0.3517
vn 0.1675 0.4551 0.8746
vn 0.5907 0.4608 0.6624
vn 0.7344 -0.5991 0.3188
vn 0.9643 -0.2339 0.1240
vn -0.5809 0.0671 -0.8112
vn -0.0538 0.3798 -0.9235
vn 0.3858 0.4697 -0.7940
vn -0.0538 -0.3798 0.9235
vn 0.3859 -0.4697 0.7940
vn 0.3858 -0.4697 0.7940
vn -0.4412 0.1095 -0.8907
vn -0.6538 -0.2842 -0.7013
vn -0.6819 -0.6181 -0.3912
vn -0.4707 -0.8804 -0.0583
vn 0.6355 0.6737 -0.3771
vn 0.7344 0.5991 -0.3188
vn 0.9643 0.2339 -0.1240
vn 0.9751 -0.1284 0.1807
vn 0.7639 -0.3907 0.5136
vn 0.5832 -0.6813 0.4425
vn 0.8543 -0.5113 0.0935
vn -0.4412 -0.1095 0.8907
vn 0.2844 0.9376 -0.2002
vn 0.3470 0.8694 -0.3517
vn 0.7639 0.3907 -0.5136
vn 0.9751 0.1284 -0.1807
vn -0.6018 -0.7670 0.2226
vn -0.0941 0.9724 -0.2136
vn -0.4707 0.8804 0.0583
vn 0.4122 0.8842 -0.2196
vn 0.4897 0.8471 -0.2064
vn 0.4898 0.8471 0.2064
vn 0.6156 0.7622 0.2001
vn 0.6156 0.7623 0.2001
vn 0.7180 0.6403 0.2730
vn 0.7180 0.6403 0.2731
vn 0.7235 -0.6449 0.2462
vn 0.7749 -0.5656 0.2822
vn 0.9867 -0.0612 -0.1506
vn 0.9867 -0.0611 -0.1507
vn -0.9863 -0.0000 0.1647
vn -0.7749 0.5656 -0.2822
vn 0.6157 -0.7622 -0.2002
vn 0.6156 -0.7622 -0.2002
vn 0.4898 -0.8471 -0.2064
vn 0.4897 -0.8471 -0.2064
vn -0.4898 0.8471 0.2064
vn -0.4122 0.8842 0.2196
vn -0.4897 0.8471 0.2064
vn 0.1687 -0.9489 0.2668
vn -0.0405 0.9592 0.2798
vn -0.0404 0.9592 0.2799
vn -0.1246 -0.9538 -0.2735
vn -0.1254 -0.9537 -0.2734
vn -0.1687 -0.9489 -0.2668
vn -0.6538 0.2842 0.7013
vn 0.8950 0.2774 0.3493
vn 0.9988 -0.0460 0.0193
vn 0.5546 -0.7516 -0.3572
vn -0.2975 -0.9504 -0.0905
vn 0.5546 0.7516 0.3572
vn -0.0749 0.9918 0.1034
vn -0.3461 0.8219 0.4525
vn -0.2614 -0.2619 -0.9290
vn -0.3763 0.0396 0.9256
vn -0.1273 -0.3632 0.9230
vn -0.4129 -0.9040 0.1107
vn -0.0000 0.1951 -0.9808
vn 0.4898 -0.8471 0.2064
vn 0.4122 -0.8842 0.2196
vn 0.4897 -0.8471 0.2064
vn -0.4898 -0.8471 0.2064
vn -0.7235 -0.6449 0.2462
vn -0.7749 -0.5656 -0.2822
vn -0.4932 -0.8542 -0.1648
vn -0.5825 -0.4064 0.7039
vn -0.3997 0.9133 -0.0775
vn -0.3995 0.9135 -0.0774
vn -0.3991 0.9137 -0.0771
vn -0.5825 -0.0522 0.8112
vn 0.9527 -0.2553 -0.1648
vn -0.6974 -0.6974 -0.1648
vn 0.9527 0.2553 -0.1648
vn 0.8542 0.4932 -0.1648
vn 0.2553 -0.9527 -0.1648
vn 0.2553 0.9527 0.1648
vn -0.2553 0.9527 -0.1648
vn -0.0000 0.9863 -0.1648
vn 0.2553 0.9527 -0.1648
vn 0.4932 0.8542 -0.1648
vn 0.6974 0.6974 -0.1648
vn -0.8542 0.4932 -0.1648
vn 0.9856 0.0217 -0.1675
vn 0.9527 -0.2553 0.1648
vn 0.4122 -0.8842 -0.2196
vn 0.6156 0.7622 -0.2001
vn 0.6156 0.7623 -0.2001
vn -0.6157 0.7622 0.2002
vn -0.6156 0.7622 0.2002
vn -0.7235 0.6449 0.2462
vn 0.7618 0.5547 0.3348
vn -0.0405 -0.9593 0.2796
vn -0.0408 -0.9593 0.2794
vn -0.1249 0.9538 0.2734
vn -0.1250 0.9537 0.2734
vn -0.1687 0.9489 0.2668
vn 0.2710 -0.7059 0.6544
vn -0.2710 0.7059 -0.6544
vn 0.7022 -0.7059 0.0924
vn 0.0925 -0.7059 -0.7022
vn 0.1418 0.0811 -0.9866
vn -0.4898 0.8471 -0.2064
vn -0.4122 -0.8842 0.2196
vn -0.1986 0.9801 -0.0000
vn 0.6603 -0.7446 0.0978
vn -0.7043 -0.5286 0.4739
vn -0.7012 -0.1806 -0.6897
vn -0.4886 0.4886 0.7228
vn -0.3455 0.5984 0.7228
vn -0.5984 0.3455 0.7228
vn -0.5984 -0.3455 0.7228
vn -0.6675 -0.1788 0.7228
vn -0.1788 -0.6675 0.7228
vn -0.3455 -0.5984 0.7228
vn 0.5984 0.3455 0.7228
vn 0.6675 0.1788 0.7228
vn 0.1788 -0.6675 0.7228
vn 0.1788 0.6675 0.7228
vn 0.3455 0.5984 0.7228
vn -0.1788 0.6675 0.7228
vn -0.4886 -0.4886 0.7228
vn 0.6910 -0.0000 0.7228
vn 0.4886 0.4886 0.7228
vn 0.4886 -0.4886 0.7228
vn -0.6675 0.1788 0.7228
vn -0.6910 -0.0000 0.7228
vn 0.3455 -0.5984 0.7228
vn 0.7723 -0.0409 0.6339
vn -0.9896 0.1428 -0.0194
vn -0.9915 0.1208 0.0474
vn 0.4122 0.8842 0.2196
vn 0.6156 -0.7622 0.2001
vn -0.7749 0.5656 0.2822
vn 0.5908 -0.4607 -0.6624
vn 0.1675 -0.4550 -0.8746
vn -0.4707 -0.8804 -0.0582
vn -0.6758 0.2520 0.6927
vn 0.6356 0.6737 -0.3771
vn -0.1273 -0.3631 0.9230
vn 0.2238 -0.6270 0.7461
vn 0.5908 0.4607 0.6624
vn 0.5832 -0.6812 0.4426
vn -0.3763 0.0396 0.9257
vn -0.4564 0.4734 0.7534
vn 0.1687 0.9489 0.2668
vn 0.1687 -0.9489 -0.2668
vn 0.8742 -0.4226 -0.2393
vn 0.2239 -0.6270 0.7462
vn -0.6819 0.6181 0.3912
vn -0.2614 0.2619 0.9290
vn -0.5809 -0.0671 0.8112
vn -0.3460 0.8219 0.4525
vn 0.1675 0.4550 0.8746
vn -0.7056 -0.4436 0.5525
vn 0.8845 0.2709 -0.3798
vn -0.7749 -0.5656 0.2822
vn -0.4122 0.8842 -0.2196
vn 0.8950 -0.2774 -0.3493
vn 0.5907 -0.4608 -0.6624
vn 0.1675 -0.4551 -0.8746
vn -0.2975 0.9504 0.0905
vn -0.7056 0.4436 -0.5525
vn 0.5546 0.7516 0.3571
vn 0.9643 -0.2339 0.1239
vn 0.9643 0.2339 -0.1239
vn 0.5546 -0.7516 -0.3571
vn -0.4707 0.8804 0.0582
vn -0.6820 0.6180 0.3911
vn -0.6819 0.6181 0.3911
vn 0.8309 0.3669 -0.4184
vn -0.8661 -0.2211 -0.4484
vn -0.6758 -0.2520 -0.6927
vn -0.6820 -0.6180 -0.3911
vn -0.6819 -0.6181 -0.3911
vn 0.8494 0.2002 0.4882
vn 0.8309 0.1789 0.5269
vn 0.8495 0.2002 0.4882
vn -0.2004 0.5791 0.7902
vn -0.1997 0.5794 0.7902
vn 0.2011 0.5796 -0.7897
vn 0.1997 0.5800 -0.7897
vn -0.8495 0.2002 -0.4882
vn -0.8494 0.2002 -0.4882
vn -0.8309 0.1789 -0.5269
vn -0.8661 0.2777 0.4157
vn -0.8661 0.2211 -0.4484
vn 0.8309 -0.5458 -0.1086
vn -0.0000 0.1306 -0.9914
vn -0.0000 -0.1306 0.9914
vn -0.0000 0.7933 0.6088
vn 0.9835 -0.1807 -0.0001
vn -0.8309 -0.5458 0.1086
vn 0.8661 0.2211 0.4484
vn 0.8661 0.4988 -0.0327
vn -0.8309 0.5458 0.1086
vn -0.5649 0.7848 0.2551
vn -0.0000 0.7518 -0.6593
vn -0.8309 -0.3669 0.4184
vn -0.8494 -0.3227 0.4175
vn -0.8495 -0.3227 0.4175
vn -0.8661 -0.2777 0.4157
vn -0.7898 -0.3067 0.5312
vn 0.9701 -0.0929 -0.2244
vn 0.9469 -0.1230 -0.2970
vn 0.9469 0.0420 -0.3187
vn 0.9700 0.0317 -0.2408
vn 0.9701 -0.1478 0.1927
vn 0.9469 -0.1957 0.2550
vn 0.9469 -0.2970 0.1230
vn 0.9700 -0.2244 0.0930
vn 0.9701 -0.1927 -0.1478
vn 0.9469 -0.2550 -0.1957
vn 0.9701 -0.0317 0.2407
vn 0.9469 -0.0420 0.3187
vn 0.9700 0.2408 0.0317
vn 0.9469 0.3187 0.0420
vn 0.9469 0.2550 0.1957
vn 0.9469 0.1230 0.2970
vn 0.9952 -0.0905 0.0375
vn 0.9952 -0.0596 0.0777
vn 0.9952 -0.0972 -0.0128
vn 0.9701 -0.2408 -0.0317
vn 0.9952 -0.0777 -0.0596
vn 0.9952 0.0971 0.0128
vn 0.9952 -0.0375 -0.0905
vn 0.9952 0.0596 -0.0777
vn 0.9952 0.0905 -0.0375
vn 0.9952 -0.0128 0.0971
vn 0.9952 0.0128 -0.0971
vn 0.9469 -0.3187 -0.0420
vn 0.9896 -0.1428 0.0194
vt 0.932927 0.555093
vt 0.934611 0.554938
vt 0.941459 0.565582
vt 0.805639 0.984690
vt 0.805639 0.993566
vt 0.802471 0.993566
vt 0.802471 0.984690
vt 0.817266 0.669495
vt 0.817266 0.679029
vt 0.683171 0.679029
vt 0.683172 0.669495
vt 0.440172 0.917049
vt 0.440172 0.914924
vt 0.474235 0.914924
vt 0.474235 0.917049
vt 0.952885 0.417085
vt 0.952885 0.420365
vt 0.947209 0.420365
vt 0.947209 0.417085
vt 0.798073 0.558138
vt 0.802954 0.560956
vt 0.809365 0.552601
vt 0.805379 0.548616
vt 0.947417 0.298256
vt 0.990656 0.298258
vt 0.990656 0.302106
vt 0.947417 0.302105
vt 0.452691 0.891991
vt 0.455319 0.895420
vt 0.419296 0.917128
vt 0.417493 0.913203
vt 0.504205 0.010405
vt 0.483766 0.010405
vt 0.483766 0.023758
vt 0.504206 0.023758
vt 0.309055 0.946263
vt 0.333811 0.946263
vt 0.333811 0.992604
vt 0.309055 0.992604
vt 0.817266 0.688563
vt 0.817266 0.698097
vt 0.683171 0.698097
vt 0.683172 0.688563
vt 0.632827 0.721822
vt 0.630499 0.718690
vt 0.635410 0.716362
vt 0.636472 0.717792
vt 0.885457 0.295334
vt 0.902553 0.295334
vt 0.902554 0.310526
vt 0.885457 0.310526
vt 0.947526 0.298240
vt 0.904297 0.298243
vt 0.904297 0.302091
vt 0.947526 0.302088
vt 0.907680 0.252074
vt 0.885648 0.252075
vt 0.885648 0.236349
vt 0.907679 0.236350
vt 0.440172 0.925658
vt 0.440172 0.927782
vt 0.474235 0.927782
vt 0.474235 0.925658
vt 0.306667 0.068584
vt 0.290989 0.068602
vt 0.290989 0.061336
vt 0.306662 0.061317
vt 0.681688 0.608878
vt 0.680321 0.613977
vt 0.677553 0.613977
vt 0.679290 0.607494
vt 0.857655 0.304068
vt 0.826169 0.304068
vt 0.826169 0.295969
vt 0.857655 0.295969
vt 0.545086 0.023757
vt 0.524646 0.023758
vt 0.524646 0.010405
vt 0.544895 0.010405
vt 0.891800 0.962309
vt 0.891800 0.984423
vt 0.904281 0.984423
vt 0.904281 0.962309
vt 0.891800 0.940196
vt 0.904281 0.940197
vt 0.590908 0.680240
vt 0.585504 0.677916
vt 0.594800 0.655503
vt 0.600262 0.657686
vt 0.422445 0.040023
vt 0.422445 0.026671
vt 0.402005 0.026671
vt 0.402005 0.040023
vt 0.947535 0.298242
vt 0.990775 0.298241
vt 0.990775 0.302090
vt 0.947535 0.302092
vt 0.309889 0.259332
vt 0.321227 0.259332
vt 0.315558 0.269151
vt 0.304221 0.269151
vt 0.309889 0.278969
vt 0.315558 0.292731
vt 0.309889 0.302549
vt 0.304221 0.292731
vt 0.309889 0.282912
vt 0.321227 0.302549
vt 0.326895 0.292731
vt 0.321227 0.278969
vt 0.321227 0.282912
vt 0.326895 0.269151
vt 0.963025 0.446259
vt 0.963025 0.452117
vt 0.965944 0.452117
vt 0.965944 0.446260
vt 0.485641 0.537188
vt 0.485641 0.562115
vt 0.459329 0.560076
vt 0.455854 0.535228
vt 0.512289 0.273127
vt 0.512289 0.267225
vt 0.538600 0.275165
vt 0.327609 0.315783
vt 0.387985 0.315783
vt 0.387985 0.327520
vt 0.327609 0.327520
vt 0.482245 0.273127
vt 0.455934 0.275165
vt 0.482245 0.267225
vt 0.936910 -0.130188
vt 0.936910 -0.140478
vt 0.946119 -0.140478
vt 0.946119 -0.130188
vt 0.817266 0.650427
vt 0.817266 0.659961
vt 0.683172 0.659961
vt 0.683171 0.650427
vt 0.485641 0.452511
vt 0.455854 0.451998
vt 0.455854 0.424312
vt 0.485641 0.424312
vt 0.966087 -0.119986
vt 0.956189 -0.119986
vt 0.955842 -0.130188
vt 0.965912 -0.130188
vt 0.946550 -0.050056
vt 0.956272 -0.050056
vt 0.955758 -0.039854
vt 0.946202 -0.039854
vt 0.482245 0.298053
vt 0.482245 0.324941
vt 0.452459 0.326442
vt 0.452459 0.300015
vt 0.542074 0.276827
vt 0.542074 0.300015
vt 0.625734 0.014487
vt 0.625573 0.019687
vt 0.621616 0.011058
vt 0.627908 0.004738
vt 0.571093 0.299924
vt 0.574786 0.304597
vt 0.571093 0.303902
vt 0.571093 0.329417
vt 0.588624 0.332044
vt 0.571094 0.356357
vt 0.592568 0.358595
vt 0.452459 0.383243
vt 0.452459 0.410930
vt 0.423440 0.410929
vt 0.423440 0.384258
vt 0.592567 0.385387
vt 0.571094 0.384258
vt 0.423440 0.329418
vt 0.452459 0.354343
vt 0.423440 0.356357
vt 0.946633 -0.119986
vt 0.947652 -0.110047
vt 0.938913 -0.110047
vt 0.937582 -0.119986
vt 0.956879 -0.110047
vt 0.966435 -0.110047
vt 0.966822 -0.102688
vt 0.957645 -0.102688
vt 0.401967 0.410930
vt 0.401967 0.385387
vt 0.988278 0.391687
vt 0.985073 0.391687
vt 0.985075 0.358544
vt 0.988271 0.358544
vt 0.955215 0.013954
vt 0.955491 0.017541
vt 0.891179 0.022309
vt 0.890587 0.018774
vt 0.488197 0.202632
vt 0.456815 0.206428
vt 0.453908 0.181306
vt 0.483644 0.178567
vt 0.976001 0.391687
vt 0.976004 0.358544
vt 0.978841 0.358544
vt 0.978851 0.391687
vt 0.937582 -0.150680
vt 0.946633 -0.150680
vt 0.337445 0.051736
vt 0.368115 0.051732
vt 0.368116 0.058999
vt 0.337446 0.059003
vt 0.510636 0.889712
vt 0.510636 0.878930
vt 0.488273 0.878930
vt 0.488273 0.889712
vt 0.482245 0.382731
vt 0.482245 0.410930
vt 0.515684 0.537188
vt 0.545469 0.535228
vt 0.541995 0.560076
vt 0.515684 0.562115
vt 0.452459 0.276827
vt 0.419748 0.304597
vt 0.423440 0.299924
vt 0.423440 0.303902
vt 0.405910 0.332044
vt 0.401967 0.358595
vt 0.529663 0.920763
vt 0.535416 0.920791
vt 0.535373 0.929571
vt 0.529621 0.929542
vt 0.968128 -0.078786
vt 0.967213 -0.078287
vt 0.964780 -0.080488
vt 0.965685 -0.081040
vt 0.545470 0.451998
vt 0.545470 0.424312
vt 0.574489 0.424312
vt 0.574489 0.450984
vt 0.512289 0.382731
vt 0.542074 0.383243
vt 0.542074 0.410930
vt 0.512289 0.410930
vt 0.515684 0.510301
vt 0.515684 0.481913
vt 0.545470 0.480898
vt 0.545469 0.508800
vt 0.990480 0.093745
vt 0.984724 0.093745
vt 0.984725 0.109706
vt 0.990480 0.109706
vt 0.542074 0.354343
vt 0.947652 -0.160620
vt 0.956879 -0.160620
vt 0.956189 -0.150680
vt 0.393842 0.182690
vt 0.363852 0.181300
vt 0.360941 0.206421
vt 0.392838 0.208354
vt 0.512288 0.298053
vt 0.542074 0.326442
vt 0.512289 0.324941
vt 0.549905 0.040023
vt 0.549700 0.026707
vt 0.545086 0.026671
vt 0.545086 0.040023
vt 0.935956 -0.029915
vt 0.936304 -0.039854
vt 0.945513 -0.029915
vt 0.574489 0.478886
vt 0.574489 0.505824
vt 0.488273 0.902943
vt 0.510636 0.902943
vt 0.510636 0.899306
vt 0.488273 0.899306
vt 0.482245 0.353329
vt 0.218441 0.754583
vt 0.232389 0.754676
vt 0.232354 0.760076
vt 0.218405 0.759985
vt 0.440172 0.934251
vt 0.440172 0.932086
vt 0.474235 0.932086
vt 0.474235 0.934251
vt 0.840871 0.142605
vt 0.840871 0.141172
vt 0.837396 0.141172
vt 0.837396 0.142605
vt 0.926123 -0.039854
vt 0.926121 -0.050056
vt 0.936479 -0.050056
vt 0.936304 -0.070548
vt 0.926123 -0.070548
vt 0.926127 -0.080488
vt 0.935956 -0.080487
vt 0.518791 0.197088
vt 0.512988 0.174544
vt 0.488274 0.977330
vt 0.488274 0.981172
vt 0.510637 0.981172
vt 0.510637 0.977330
vt 0.948546 -0.166599
vt 0.957645 -0.167979
vt 0.939145 -0.161859
vt 0.938913 -0.160620
vt 0.937611 -0.160620
vt 0.937611 -0.110046
vt 0.929559 -0.119986
vt 0.929072 -0.149519
vt 0.929559 -0.150681
vt 0.965481 -0.050056
vt 0.974018 -0.050056
vt 0.973319 -0.041015
vt 0.964810 -0.039854
vt 0.485641 0.481913
vt 0.515684 0.452511
vt 0.928373 -0.130188
vt 0.929072 -0.121147
vt 0.926393 -0.130188
vt 0.928373 -0.140478
vt 0.939145 -0.108807
vt 0.948546 -0.104068
vt 0.926393 -0.140478
vt 0.283371 0.286189
vt 0.289125 0.286189
vt 0.289125 0.284423
vt 0.281905 0.284423
vt 0.935570 -0.022556
vt 0.926131 -0.022556
vt 0.926127 -0.029914
vt 0.965912 -0.140478
vt 0.966087 -0.150680
vt 0.976268 -0.150681
vt 0.976270 -0.140478
vt 0.745068 -0.185818
vt 0.745068 -0.201416
vt 0.746756 -0.201527
vt 0.746756 -0.185707
vt 0.975998 -0.060346
vt 0.973319 -0.069387
vt 0.974351 -0.069667
vt 0.977129 -0.060458
vt 0.972832 -0.039854
vt 0.974351 -0.040735
vt 0.973769 -0.039519
vt 0.928622 -0.119651
vt 0.936706 -0.109494
vt 0.963246 -0.028675
vt 0.964780 -0.029914
vt 0.965685 -0.029362
vt 0.964050 -0.028070
vt 0.592161 0.210756
vt 0.586214 0.199100
vt 0.608830 0.189081
vt 0.614762 0.198827
vt 0.149285 0.949800
vt 0.123762 0.958708
vt 0.115458 0.931115
vt 0.141532 0.913354
vt 0.930554 0.580224
vt 0.929730 0.584368
vt 0.929062 0.584190
vt 0.929869 0.580134
vt 0.931971 0.587283
vt 0.932639 0.587461
vt 0.931370 0.591212
vt 0.930629 0.591242
vt 0.925146 0.591044
vt 0.924831 0.591218
vt 0.924404 0.591073
vt 0.930814 0.576273
vt 0.930139 0.575962
vt 0.930589 0.575991
vt 0.925753 0.587116
vt 0.926421 0.587296
vt 0.256884 0.133695
vt 0.253605 0.136360
vt 0.227686 0.120085
vt 0.230967 0.116792
vt 0.927804 0.578935
vt 0.927248 0.583152
vt 0.926563 0.583061
vt 0.927112 0.578935
vt 0.938341 -0.162464
vt 0.936706 -0.161172
vt 0.948955 0.251979
vt 0.907673 0.251979
vt 0.907673 0.259104
vt 0.948955 0.259106
vt 0.972832 -0.070549
vt 0.973769 -0.070883
vt 0.518168 0.117412
vt 0.518173 0.097468
vt 0.514162 0.097993
vt 0.514097 0.117672
vt 0.524646 0.040023
vt 0.524646 0.026671
vt 0.504206 0.026671
vt 0.504205 0.040023
vt 0.948940 0.236255
vt 0.907676 0.236252
vt 0.907675 0.251974
vt 0.948939 0.251976
vt 0.200673 0.974090
vt 0.200671 0.977695
vt 0.166540 0.977693
vt 0.166541 0.974088
vt 0.327609 0.280459
vt 0.327609 0.268721
vt 0.387985 0.268721
vt 0.387985 0.280459
vt 0.985104 0.148882
vt 0.990460 0.148882
vt 0.990459 0.132921
vt 0.985103 0.132921
vt 0.904236 0.298243
vt 0.882616 0.298243
vt 0.882617 0.302093
vt 0.904236 0.302092
vt 0.485641 0.568017
vt 0.885178 0.895969
vt 0.872697 0.895969
vt 0.872697 0.918083
vt 0.885178 0.918083
vt 0.426835 0.535317
vt 0.423144 0.530645
vt 0.426835 0.531340
vt 0.433274 0.542296
vt 0.455854 0.558415
vt 0.629549 0.714906
vt 0.630117 0.711046
vt 0.635235 0.712872
vt 0.634975 0.714634
vt 0.515684 0.568017
vt 0.959792 0.633576
vt 0.989379 0.634599
vt 0.985218 0.661770
vt 0.955908 0.657046
vt 0.965481 -0.060346
vt 0.956272 -0.060346
vt 0.955758 -0.070548
vt 0.964810 -0.070548
vt 0.426835 0.505824
vt 0.455854 0.508800
vt 0.954739 -0.029915
vt 0.455854 0.480898
vt 0.426835 0.478886
vt 0.426835 0.450984
vt 0.945513 -0.080487
vt 0.935570 -0.087846
vt 0.944746 -0.087846
vt 0.405361 0.449855
vt 0.405361 0.424312
vt 0.426835 0.424312
vt 0.442647 0.550262
vt 0.440172 0.919188
vt 0.474235 0.919188
vt 0.507655 0.938756
vt 0.511871 0.938756
vt 0.511871 0.932128
vt 0.507655 0.932128
vt 0.512289 0.353329
vt 0.633822 0.691570
vt 0.638481 0.691131
vt 0.638235 0.688529
vt 0.633237 0.685378
vt 0.595147 0.489282
vt 0.592019 0.503198
vt 0.588708 0.512511
vt 0.574489 0.531340
vt 0.578181 0.530645
vt 0.574489 0.535318
vt 0.568049 0.542296
vt 0.545470 0.558415
vt 0.558677 0.550262
vt 0.954739 -0.080487
vt 0.963478 -0.080487
vt 0.329560 0.202621
vt 0.334117 0.178557
vt 0.244758 0.026676
vt 0.241265 0.026676
vt 0.241259 0.040028
vt 0.244755 0.040028
vt 0.776874 0.984690
vt 0.776874 0.993566
vt 0.781140 0.993566
vt 0.781139 0.984690
vt 0.936479 -0.060346
vt 0.946550 -0.060346
vt 0.840871 0.136808
vt 0.837396 0.136808
vt 0.837396 0.138269
vt 0.840872 0.138269
vt 0.946202 -0.070548
vt 0.926121 -0.060346
vt 0.465001 0.762210
vt 0.502421 0.764109
vt 0.502129 0.769492
vt 0.464754 0.767612
vt 0.515684 0.424312
vt 0.571093 0.410930
vt 0.592567 0.410930
vt 0.595962 0.476647
vt 0.406177 0.489282
vt 0.409305 0.503198
vt 0.412616 0.512511
vt 0.463325 0.040023
vt 0.463325 0.026671
vt 0.442885 0.026671
vt 0.442885 0.040023
vt 0.320245 0.040026
vt 0.320244 0.026674
vt 0.299804 0.026675
vt 0.299805 0.040027
vt 0.947536 0.277564
vt 0.904297 0.277563
vt 0.904297 0.295692
vt 0.947536 0.295693
vt 0.353026 0.777184
vt 0.353007 0.789990
vt 0.393665 0.790050
vt 0.393684 0.777244
vt 0.337397 0.068589
vt 0.337399 0.061322
vt 0.235977 0.945749
vt 0.271274 0.945752
vt 0.271267 0.965705
vt 0.235970 0.965703
vt 0.885178 0.940196
vt 0.872697 0.940196
vt 0.872697 0.962309
vt 0.885178 0.962309
vt 0.970382 0.410259
vt 0.970382 0.428861
vt 0.972802 0.428861
vt 0.972802 0.410259
vt 0.885178 0.984423
vt 0.872697 0.984423
vt 0.327609 0.280570
vt 0.387985 0.280570
vt 0.387985 0.292307
vt 0.327609 0.292308
vt 0.180891 0.759737
vt 0.180926 0.754336
vt 0.907670 0.236251
vt 0.948938 0.236254
vt 0.948937 0.251976
vt 0.907669 0.251975
vt 0.783010 0.620316
vt 0.765204 0.619659
vt 0.764892 0.608746
vt 0.782447 0.605923
vt 0.353045 0.764378
vt 0.353063 0.751572
vt 0.393722 0.751633
vt 0.393703 0.764439
vt 0.663976 0.678357
vt 0.669150 0.676069
vt 0.660051 0.654577
vt 0.654807 0.656701
vt 0.701749 0.607494
vt 0.699351 0.608878
vt 0.700717 0.613977
vt 0.703486 0.613977
vt 0.341863 0.945756
vt 0.377160 0.945759
vt 0.377154 0.965712
vt 0.341858 0.965709
vt 0.947475 0.277568
vt 0.904237 0.277566
vt 0.904236 0.295694
vt 0.947474 0.295697
vt 0.463326 0.010405
vt 0.463326 0.023757
vt 0.948930 0.252035
vt 0.948932 0.236311
vt 0.907659 0.236307
vt 0.907657 0.252032
vt 0.907669 0.236251
vt 0.948942 0.236255
vt 0.948941 0.251978
vt 0.907668 0.251975
vt 0.306568 0.945754
vt 0.306562 0.965707
vt 0.948945 0.236255
vt 0.948943 0.251978
vt 0.148735 0.233623
vt 0.148729 0.276941
vt 0.140240 0.275492
vt 0.140245 0.235067
vt 0.990215 0.236255
vt 0.990216 0.251978
vt 0.948944 0.251978
vt 0.948944 0.236255
vt 0.907669 0.236254
vt 0.907669 0.251978
vt 0.948942 0.251978
vt 0.948943 0.236254
vt 0.393927 0.176391
vt 0.364386 0.173635
vt 0.427387 0.422490
vt 0.456189 0.422485
vt 0.541740 0.412756
vt 0.512176 0.412758
vt 0.015030 0.902168
vt 0.031801 0.882916
vt 0.049377 0.894102
vt 0.029631 0.912261
vt 0.078322 0.075004
vt 0.065077 0.091657
vt 0.042436 0.075280
vt 0.053031 0.061315
vt 0.088423 0.454951
vt 0.060950 0.464913
vt 0.052989 0.449200
vt 0.078281 0.435515
vt 0.573937 0.422490
vt 0.595254 0.422494
vt 0.595962 0.424312
vt 0.967213 -0.032115
vt 0.968128 -0.031616
vt 0.938341 -0.108202
vt 0.934138 0.577594
vt 0.933446 0.577640
vt 0.566942 0.206378
vt 0.573428 0.220414
vt 0.461002 0.230478
vt 0.426278 0.233092
vt 0.424917 0.208357
vt 0.025056 0.635654
vt 0.046889 0.626762
vt 0.059906 0.649799
vt 0.035439 0.658013
vt 0.932773 0.583226
vt 0.933458 0.583316
vt 0.947071 0.678984
vt 0.942257 0.689836
vt 0.979184 0.702096
vt 0.985391 0.690713
vt 0.937769 0.576216
vt 0.937095 0.575905
vt 0.937545 0.575934
vt 0.969984 -0.075116
vt 0.970915 -0.075506
vt 0.280283 0.149464
vt 0.252362 0.144154
vt 0.247648 0.163027
vt 0.275932 0.169315
vt 0.928041 -0.120867
vt 0.928041 -0.149799
vt 0.925262 -0.140591
vt 0.279364 0.026675
vt 0.299804 0.023761
vt 0.279364 0.023762
vt 0.925262 -0.130076
vt 0.738994 -0.231947
vt 0.740596 -0.232491
vt 0.744691 -0.217211
vt 0.743032 -0.216881
vt 0.970915 -0.034896
vt 0.969984 -0.035286
vt 0.593889 0.156991
vt 0.589258 0.140116
vt 0.565408 0.144173
vt 0.570118 0.163046
vt 0.210640 0.020730
vt 0.204267 0.024287
vt 0.197545 0.015424
vt 0.203895 0.011526
vt 0.611937 -0.233749
vt 0.613539 -0.234293
vt 0.617634 -0.219012
vt 0.615975 -0.218682
vt 0.920327 0.081918
vt 0.921127 0.056714
vt 0.910919 0.056099
vt 0.911389 0.082560
vt 0.977129 -0.049944
vt 0.975998 -0.050056
vt 0.743032 -0.170353
vt 0.744691 -0.170023
vt 0.738994 -0.155286
vt 0.740596 -0.154742
vt 0.607440 -0.244903
vt 0.608983 -0.245602
vt 0.931056 0.591386
vt 0.936825 0.580077
vt 0.937511 0.580167
vt 0.077615 0.297797
vt 0.070315 0.324702
vt 0.043608 0.317981
vt 0.049257 0.293363
vt 0.936018 0.584132
vt 0.936686 0.584311
vt 0.936083 0.586266
vt 0.935427 0.586043
vt 0.934944 0.588154
vt 0.935583 0.588418
vt 0.935131 0.589859
vt 0.934509 0.589553
vt 0.581486 0.023984
vt 0.575275 0.024664
vt 0.575312 0.010616
vt 0.581521 0.010632
vt 0.973799 0.556289
vt 0.967943 0.545449
vt 0.972218 0.542591
vt 0.979194 0.553129
vt 0.070315 0.674877
vt 0.043608 0.681597
vt 0.235968 0.974092
vt 0.271264 0.974095
vt 0.904296 0.266141
vt 0.947536 0.266141
vt 0.947535 0.271165
vt 0.904296 0.271165
vt 0.205921 0.349686
vt 0.239092 0.349686
vt 0.239092 0.340829
vt 0.205921 0.340829
vt 0.947601 0.967133
vt 0.947600 0.942435
vt 0.964681 0.942435
vt 0.964681 0.967134
vt 0.611659 0.917230
vt 0.598295 0.884881
vt 0.692499 0.859733
vt 0.696145 0.868558
vt 0.880475 0.182375
vt 0.886304 0.182375
vt 0.886304 0.199863
vt 0.880475 0.199863
vt 0.338607 0.410843
vt 0.305436 0.410843
vt 0.305436 0.419700
vt 0.338607 0.419700
vt 0.660688 0.966351
vt 0.709518 0.881956
vt 0.718335 0.885617
vt 0.693012 0.979775
vt 0.371779 0.410843
vt 0.371198 0.419700
vt 0.892134 0.182375
vt 0.897963 0.182375
vt 0.897963 0.199863
vt 0.892134 0.199863
vt 0.446578 0.974107
vt 0.412447 0.974104
vt 0.412450 0.965714
vt 0.446581 0.965717
vt 0.940065 0.967134
vt 0.922985 0.967134
vt 0.922985 0.942435
vt 0.940065 0.942435
vt 0.446577 0.977712
vt 0.446572 0.994492
vt 0.412442 0.994490
vt 0.412446 0.977709
vt 0.857157 0.199863
vt 0.857157 0.217351
vt 0.851328 0.217352
vt 0.851328 0.199863
vt 0.416265 0.910532
vt 0.450902 0.889657
vt 0.963246 -0.081727
vt 0.957010 -0.085307
vt 0.963478 -0.029915
vt 0.618011 -0.187619
vt 0.618011 -0.203217
vt 0.619699 -0.203328
vt 0.619699 -0.187508
vt 0.883654 0.735288
vt 0.894022 0.735288
vt 0.894022 0.817680
vt 0.883654 0.817680
vt 0.974018 -0.060346
vt 0.485641 0.510301
vt 0.953845 -0.086466
vt 0.949069 -0.087561
vt 0.405362 0.476647
vt 0.954871 0.391686
vt 0.951833 0.391687
vt 0.951851 0.358544
vt 0.954880 0.358544
vt 0.327609 0.315671
vt 0.387985 0.315670
vt 0.387985 0.327408
vt 0.327609 0.327408
vt 0.043625 0.192546
vt 0.049268 0.217166
vt 0.019314 0.220374
vt 0.014788 0.197552
vt 0.966435 -0.160620
vt 0.976264 -0.160620
vt 0.966822 -0.167979
vt 0.976260 -0.167979
vt 0.595962 0.449855
vt 0.949069 -0.022841
vt 0.953845 -0.023936
vt 0.957010 -0.025095
vt 0.976264 -0.110046
vt 0.976260 -0.102688
vt 0.933314 0.579099
vt 0.934006 0.579098
vt 0.933646 0.581279
vt 0.932955 0.581234
vt 0.976270 -0.130188
vt 0.976268 -0.119986
vt 0.423992 0.412752
vt 0.402675 0.412748
vt 0.452794 0.412756
vt 0.482358 0.412758
vt 0.515571 0.422484
vt 0.545135 0.422485
vt 0.570542 0.412752
vt 0.591859 0.412748
vt 0.840871 0.148412
vt 0.837396 0.148412
vt 0.837396 0.149845
vt 0.840871 0.149845
vt 0.798073 0.604112
vt 0.802954 0.601294
vt 0.798924 0.591565
vt 0.793480 0.593024
vt 0.695618 0.605145
vt 0.697003 0.602747
vt 0.537589 0.149566
vt 0.537501 0.145284
vt 0.510497 0.155690
vt 0.510513 0.160043
vt 0.685421 0.622809
vt 0.684036 0.625207
vt 0.690520 0.626943
vt 0.690520 0.624175
vt 0.685421 0.605145
vt 0.684036 0.602747
vt 0.805379 0.613633
vt 0.809364 0.609648
vt 0.699351 0.619076
vt 0.695618 0.622808
vt 0.697003 0.625207
vt 0.701749 0.620460
vt 0.734497 -0.243102
vt 0.736040 -0.243800
vt 0.615975 -0.172154
vt 0.617634 -0.171824
vt 0.611937 -0.157087
vt 0.613539 -0.156543
vt 0.736040 -0.143433
vt 0.734497 -0.144132
vt 0.866568 0.055603
vt 0.866568 0.048720
vt 0.863876 0.048720
vt 0.863876 0.055603
vt 0.866567 0.062487
vt 0.866568 0.069371
vt 0.863876 0.069371
vt 0.863876 0.062487
vt 0.853275 0.062487
vt 0.855967 0.062487
vt 0.855967 0.055603
vt 0.853275 0.055603
vt 0.853275 0.048720
vt 0.855967 0.048720
vt 0.855967 0.041836
vt 0.853275 0.041836
vt 0.866568 0.076254
vt 0.863876 0.076254
vt 0.853275 0.076254
vt 0.855967 0.076254
vt 0.855967 0.069371
vt 0.853275 0.069371
vt 0.965579 0.043267
vt 0.956469 0.042734
vt 0.956422 0.046336
vt 0.964651 0.046664
vt 0.891114 0.038939
vt 0.890538 0.042471
vt 0.956421 0.046335
vt 0.277158 0.280932
vt 0.272386 0.280917
vt 0.272350 0.291680
vt 0.277123 0.291696
vt 0.170874 0.261932
vt 0.178726 0.261958
vt 0.178664 0.280688
vt 0.170812 0.280662
vt 0.884041 0.037763
vt 0.887521 0.036846
vt 0.886972 0.034765
vt 0.883434 0.035216
vt 0.889098 0.022858
vt 0.886563 0.020303
vt 0.885036 0.021820
vt 0.887570 0.024373
vt 0.170757 0.297219
vt 0.178609 0.297245
vt 0.885625 0.252029
vt 0.885627 0.236305
vt 0.878944 0.236304
vt 0.878941 0.252026
vt 0.975294 0.016890
vt 0.975283 0.019367
vt 0.978584 0.019904
vt 0.979360 0.017551
vt 0.971901 0.040225
vt 0.968926 0.038696
vt 0.967463 0.040695
vt 0.971127 0.042579
vt 0.978507 0.040248
vt 0.979266 0.042607
vt 0.975194 0.043238
vt 0.975203 0.040759
vt 0.966569 0.036322
vt 0.965062 0.033333
vt 0.962702 0.034089
vt 0.964559 0.037771
vt 0.971222 0.017517
vt 0.971978 0.019878
vt 0.981493 0.038739
vt 0.982943 0.040749
vt 0.968991 0.021383
vt 0.967543 0.019373
vt 0.964618 0.022274
vt 0.966617 0.023739
vt 0.985866 0.037845
vt 0.983866 0.036382
vt 0.889037 0.038374
vt 0.887006 0.026449
vt 0.965680 0.016786
vt 0.962733 0.025939
vt 0.962073 0.030010
vt 0.970249 0.014482
vt 0.990481 0.112230
vt 0.984725 0.112230
vt 0.979348 0.167361
vt 0.979348 0.169881
vt 0.985104 0.169881
vt 0.985104 0.167361
vt 0.988438 0.039728
vt 0.990778 0.035176
vt 0.987749 0.034181
vt 0.984808 0.043334
vt 0.991597 0.030125
vt 0.988409 0.030114
vt 0.849375 0.698236
vt 0.855991 0.698236
vt 0.855991 0.693644
vt 0.849375 0.693644
vt 0.980358 0.014524
vt 0.983023 0.019437
vt 0.984907 0.016866
vt 0.975183 0.046425
vt 0.980240 0.045641
vt 0.862605 0.698236
vt 0.869220 0.698236
vt 0.869220 0.693644
vt 0.862605 0.693644
vt 0.970131 0.045607
vt 0.985784 0.077221
vt 0.989347 0.075079
vt 0.989867 0.072990
vt 0.987853 0.076627
vt 0.985488 0.060593
vt 0.989719 0.064676
vt 0.989125 0.062607
vt 0.987577 0.061112
vt 0.901542 0.069500
vt 0.906871 0.084963
vt 0.901832 0.085854
vt 0.896765 0.085143
vt 0.892165 0.082902
vt 0.888482 0.079348
vt 0.886078 0.074830
vt 0.885188 0.069791
vt 0.885899 0.064723
vt 0.888140 0.060123
vt 0.891694 0.056440
vt 0.896212 0.054036
vt 0.901251 0.053146
vt 0.906319 0.053857
vt 0.309494 0.561472
vt 0.309479 0.557084
vt 0.301916 0.559642
vt 0.311197 0.530155
vt 0.309479 0.530155
vt 0.309495 0.534542
vt 0.311197 0.534457
vt 0.309494 0.552697
vt 0.311197 0.552782
vt 0.311198 0.557084
vt 0.309524 0.548208
vt 0.311197 0.548291
vt 0.309537 0.543619
vt 0.311197 0.543619
vt 0.309524 0.539031
vt 0.311197 0.538948
vt 0.301916 0.532719
vt 0.302262 0.537489
vt 0.301916 0.554522
vt 0.302567 0.541661
vt 0.302262 0.549746
vt 0.302568 0.545576
vt 0.309538 0.517164
vt 0.311197 0.517015
vt 0.311197 0.521434
vt 0.309524 0.521387
vt 0.311197 0.525852
vt 0.309495 0.525767
vt 0.311197 0.561387
vt 0.301916 0.527593
vt 0.302568 0.518862
vt 0.302262 0.522819
vt 0.981876 0.391686
vt 0.981866 0.358544
vt 0.970088 0.391687
vt 0.973139 0.391686
vt 0.973151 0.358544
vt 0.970097 0.358544
vt 0.957726 0.391687
vt 0.957724 0.358544
vt 0.960588 0.391687
vt 0.960576 0.358544
vt 0.966863 0.391687
vt 0.966863 0.358544
vt 0.963629 0.358544
vt 0.963639 0.391686
vt 0.957765 0.318442
vt 0.960612 0.318442
vt 0.954880 0.318442
vt 0.981844 0.318442
vt 0.978808 0.318442
vt 0.985060 0.318442
vt 0.973116 0.318442
vt 0.970079 0.318442
vt 0.975962 0.318442
vt 0.963648 0.318442
vt 0.966864 0.318442
vt 0.951851 0.318442
vt 0.978810 0.680561
vt 0.952020 0.668072
vt 0.947931 0.690525
vt 0.973795 0.698921
vt 0.384348 0.534457
vt 0.384348 0.538948
vt 0.386605 0.539048
vt 0.386605 0.534561
vt 0.384348 0.548291
vt 0.384348 0.543619
vt 0.386605 0.543619
vt 0.386605 0.548190
vt 0.386605 0.521369
vt 0.386605 0.517220
vt 0.387805 0.517513
vt 0.387805 0.521275
vt 0.022690 0.955740
vt 0.023133 0.956778
vt 0.030466 0.955730
vt 0.030601 0.954611
vt 0.386605 0.530155
vt 0.387805 0.530155
vt 0.387805 0.534658
vt 0.384348 0.557084
vt 0.384348 0.561387
vt 0.386605 0.561491
vt 0.386605 0.557084
vt 0.384348 0.552782
vt 0.386605 0.552678
vt 0.384349 0.517123
vt 0.384348 0.521434
vt 0.386605 0.525748
vt 0.384348 0.525852
vt 0.387805 0.557085
vt 0.387805 0.552581
vt 0.044080 0.971784
vt 0.042950 0.963873
vt 0.041914 0.964316
vt 0.042961 0.971649
vt 0.387805 0.539143
vt 0.387805 0.543619
vt 0.387805 0.548096
vt 0.387805 0.561588
vt 0.037340 0.958489
vt 0.038017 0.957587
vt 0.386605 0.565825
vt 0.387805 0.565919
vt 0.387805 0.569636
vt 0.386605 0.569929
vt 0.384348 0.565877
vt 0.384348 0.569937
vt 0.985071 0.393195
vt 0.981936 0.393201
vt 0.988045 0.393195
vt 0.978913 0.393216
vt 0.957726 0.393224
vt 0.954809 0.393215
vt 0.976000 0.393224
vt 0.973076 0.393215
vt 0.970028 0.393201
vt 0.966863 0.393194
vt 0.963699 0.393201
vt 0.960651 0.393216
vt 0.364937 0.561386
vt 0.364937 0.557084
vt 0.364937 0.525852
vt 0.364937 0.530155
vt 0.384348 0.530155
vt 0.364937 0.534457
vt 0.364937 0.538948
vt 0.364937 0.517123
vt 0.364937 0.521361
vt 0.364937 0.565877
vt 0.364937 0.552782
vt 0.345691 0.534457
vt 0.345691 0.538947
vt 0.345691 0.525852
vt 0.345691 0.530155
vt 0.364937 0.548291
vt 0.345691 0.552782
vt 0.345691 0.548291
vt 0.364937 0.543619
vt 0.345691 0.543619
vt 0.345691 0.557084
vt 0.345691 0.569937
vt 0.345691 0.565877
vt 0.364937 0.569937
vt 0.345691 0.521361
vt 0.345691 0.517123
vt 0.227332 0.088704
vt 0.228222 0.105733
vt 0.235689 0.105578
vt 0.234777 0.088384
vt 0.311197 0.570090
vt 0.311197 0.565775
vt 0.345691 0.561386
vt 0.947474 0.302094
vt 0.947474 0.307119
vt 0.990713 0.307120
vt 0.990714 0.302096
vt 0.904296 0.295692
vt 0.904296 0.298242
vt 0.947536 0.298242
vt 0.947535 0.295693
vt 0.264005 0.349686
vt 0.263424 0.340829
vt 0.904296 0.266143
vt 0.904296 0.271167
vt 0.947532 0.271168
vt 0.947532 0.266144
vt 0.915451 0.182375
vt 0.915451 0.199863
vt 0.909622 0.199863
vt 0.909622 0.182375
vt 0.947474 0.298245
vt 0.602829 0.521327
vt 0.630945 0.516328
vt 0.630945 0.545245
vt 0.594299 0.539971
vt 0.868359 0.295333
vt 0.868360 0.277010
vt 0.885458 0.277012
vt 0.233193 0.625718
vt 0.269188 0.605739
vt 0.270318 0.608454
vt 0.234900 0.628113
vt 0.429407 0.061302
vt 0.398754 0.061305
vt 0.398757 0.068572
vt 0.429405 0.068569
vt 0.947209 0.423644
vt 0.952885 0.423644
vt 0.564231 0.136194
vt 0.564183 0.131907
vt 0.690520 0.613977
vt 0.681688 0.619076
vt 0.690520 0.603779
vt 0.989741 0.410259
vt 0.992161 0.410259
vt 0.992161 0.428861
vt 0.989741 0.428861
vt 0.591121 0.680054
vt 0.585744 0.677743
vt 0.594991 0.655450
vt 0.600424 0.657621
vt 0.196866 0.916242
vt 0.196866 0.896546
vt 0.191778 0.896546
vt 0.191778 0.916242
vt 0.596432 0.654792
vt 0.587491 0.676350
vt 0.592688 0.678585
vt 0.601685 0.656892
vt 0.866568 0.041836
vt 0.863876 0.041836
vt 0.863876 0.034953
vt 0.866568 0.034953
vt 0.866568 0.028069
vt 0.863876 0.028069
vt 0.863876 0.021185
vt 0.866568 0.021185
vt 0.858912 0.148883
vt 0.872376 0.148883
vt 0.872376 0.132923
vt 0.858912 0.132923
vt 0.970951 0.295332
vt 0.953854 0.295332
vt 0.953854 0.310524
vt 0.970951 0.310524
vt 0.423918 0.182691
vt 0.953854 0.295333
vt 0.970952 0.310525
vt 0.953855 0.310525
vt 0.970943 0.295332
vt 0.953845 0.295332
vt 0.953845 0.310525
vt 0.970942 0.310525
vt 0.964737 0.013386
vt 0.853275 0.028069
vt 0.855967 0.028069
vt 0.855967 0.021185
vt 0.853275 0.021185
vt 0.855967 0.034953
vt 0.853275 0.034953
vt 0.279364 0.040028
vt 0.919652 0.295333
vt 0.919652 0.310526
vt 0.868359 0.310525
vt 0.870396 0.548616
vt 0.860875 0.541310
vt 0.858057 0.546191
vt 0.866411 0.552601
vt 0.953854 0.277009
vt 0.970951 0.277010
vt 0.970951 0.298333
vt 0.953851 0.298333
vt 0.919659 0.277010
vt 0.936757 0.277010
vt 0.936755 0.298334
vt 0.919661 0.298333
vt 0.975239 0.030064
vt 0.964551 0.030020
vt 0.965087 0.026714
vt 0.981558 0.021435
vt 0.983913 0.023810
vt 0.985420 0.026798
vt 0.985931 0.030104
vt 0.985395 0.033406
vt 0.987780 0.026041
vt 0.985924 0.022363
vt 0.393784 0.171814
vt 0.423671 0.171768
vt 0.423730 0.176376
vt 0.987008 0.013999
vt 0.988511 0.020500
vt 0.991394 0.018422
vt 0.995151 0.030139
vt 0.994154 0.036287
vt 0.307164 0.155652
vt 0.335357 0.163623
vt 0.335392 0.168096
vt 0.307216 0.160022
vt 0.858912 0.151405
vt 0.858912 0.167361
vt 0.872376 0.167361
vt 0.872376 0.151405
vt 0.969021 0.048983
vt 0.986378 0.446259
vt 0.989297 0.446260
vt 0.989297 0.452117
vt 0.986378 0.452117
vt 0.326712 0.499401
vt 0.295862 0.499401
vt 0.295862 0.438244
vt 0.326712 0.438244
vt 0.371779 0.349686
vt 0.338607 0.349686
vt 0.305436 0.349686
vt 0.172749 0.349686
vt 0.172749 0.410843
vt 0.205921 0.410843
vt 0.239092 0.410843
vt 0.309524 0.565808
vt 0.302262 0.564421
vt 0.309537 0.569986
vt 0.302568 0.568286
vt 0.968217 0.398022
vt 0.971084 0.398229
vt 0.965511 0.398022
vt 0.974292 0.398463
vt 0.962647 0.398229
vt 0.977709 0.398462
vt 0.959433 0.398463
vt 0.980898 0.398228
vt 0.956018 0.398463
vt 0.983727 0.398022
vt 0.951945 0.393208
vt 0.952825 0.398229
vt 0.986408 0.398022
vt 0.891800 0.873855
vt 0.904281 0.873855
vt 0.904281 0.895969
vt 0.891800 0.895969
vt 0.510636 0.893554
vt 0.488273 0.893554
vt 0.963121 0.410259
vt 0.963121 0.428861
vt 0.965542 0.428861
vt 0.965542 0.410259
vt 0.977641 0.410259
vt 0.977641 0.428861
vt 0.980061 0.428861
vt 0.980061 0.410259
vt 0.952885 0.410525
vt 0.947209 0.410525
vt 0.947209 0.413805
vt 0.952885 0.413805
vt 0.994677 0.516661
vt 0.994677 0.504978
vt 0.981470 0.504978
vt 0.981470 0.516661
vt 0.847546 0.984886
vt 0.850403 0.984886
vt 0.850403 0.969071
vt 0.847546 0.969071
vt 0.844689 0.984886
vt 0.844689 0.969071
vt 0.390647 0.233320
vt 0.967403 0.457564
vt 0.968863 0.452117
vt 0.970323 0.457564
vt 0.971782 0.452117
vt 0.964485 0.457564
vt 0.973242 0.457564
vt 0.974701 0.452117
vt 0.960105 0.452117
vt 0.961565 0.457564
vt 0.976161 0.457564
vt 0.977621 0.452117
vt 0.957186 0.452117
vt 0.958646 0.457564
vt 0.979080 0.457564
vt 0.980540 0.452117
vt 0.954267 0.452117
vt 0.955727 0.457564
vt 0.981999 0.457564
vt 0.983459 0.452117
vt 0.984918 0.457564
vt 0.987838 0.457564
vt 0.968863 0.446260
vt 0.967403 0.440812
vt 0.971782 0.446259
vt 0.970322 0.440812
vt 0.964485 0.440812
vt 0.974701 0.446259
vt 0.973242 0.440812
vt 0.961565 0.440812
vt 0.960105 0.446260
vt 0.977621 0.446260
vt 0.976161 0.440812
vt 0.958646 0.440812
vt 0.957186 0.446260
vt 0.980540 0.446260
vt 0.979080 0.440812
vt 0.955727 0.440812
vt 0.954267 0.446260
vt 0.983459 0.446259
vt 0.981999 0.440812
vt 0.984918 0.440812
vt 0.987838 0.440812
vt 0.961703 0.128186
vt 0.967459 0.128186
vt 0.967459 0.112230
vt 0.961703 0.112230
vt 0.904296 0.298244
vt 0.947535 0.298243
vt 0.904296 0.302093
vt 0.679290 0.620460
vt 0.817266 0.688490
vt 0.817266 0.698023
vt 0.683171 0.698023
vt 0.683171 0.688490
vt 0.181603 0.916242
vt 0.181603 0.896546
vt 0.176515 0.896546
vt 0.176515 0.916242
vt 0.904179 0.298255
vt 0.904180 0.302104
vt 0.361124 0.023758
vt 0.340684 0.023759
vt 0.340683 0.010408
vt 0.361124 0.010406
vt 0.947599 0.843642
vt 0.947599 0.868341
vt 0.940064 0.868341
vt 0.940064 0.843642
vt 0.985104 0.151405
vt 0.990460 0.167361
vt 0.990460 0.151405
vt 0.973593 0.167361
vt 0.973593 0.169881
vt 0.875835 0.698236
vt 0.869221 0.698236
vt 0.869221 0.693644
vt 0.875835 0.693644
vt 0.882450 0.698236
vt 0.882450 0.693644
vt 0.889066 0.693644
vt 0.889066 0.698236
vt 0.973214 0.112230
vt 0.978970 0.112230
vt 0.978970 0.109706
vt 0.973214 0.109706
vt 0.990815 0.025069
vt 0.895680 0.698236
vt 0.895680 0.693644
vt 0.902091 0.693644
vt 0.902091 0.698236
vt 0.842761 0.698236
vt 0.836349 0.698235
vt 0.836349 0.693644
vt 0.842761 0.693644
vt 0.013086 0.360318
vt 0.012941 0.336157
vt 0.035439 0.341565
vt 0.025056 0.363924
vt 0.300817 0.084177
vt 0.301321 0.081876
vt 0.325033 0.086534
vt 0.324629 0.088854
vt 0.969165 0.011097
vt 0.975321 0.010148
vt 0.975307 0.013702
vt 0.991306 0.041827
vt 0.947532 0.275015
vt 0.904297 0.275014
vt 0.904297 0.271165
vt 0.947532 0.271166
vt 0.986887 0.046216
vt 0.981327 0.049025
vt 0.947536 0.275015
vt 0.990774 0.275014
vt 0.990774 0.271165
vt 0.947536 0.271166
vt 0.858471 0.093749
vt 0.858471 0.109708
vt 0.817266 0.659887
vt 0.817266 0.669421
vt 0.683172 0.669421
vt 0.683171 0.659887
vt 0.975171 0.049979
vt 0.021684 0.755993
vt 0.052152 0.757095
vt 0.049268 0.782413
vt 0.019314 0.779205
vt 0.988276 0.318442
vt 0.304776 0.174531
vt 0.284029 0.193696
vt 0.269348 0.189944
vt 0.387805 0.525652
vt 0.038995 0.072396
vt 0.049160 0.058962
vt 0.323251 0.224495
vt 0.356780 0.230641
vt 0.933218 0.647410
vt 0.945855 0.649318
vt 0.944801 0.654939
vt 0.931683 0.654932
vt 0.186690 0.916242
vt 0.186690 0.896546
vt 0.975221 0.410259
vt 0.975221 0.428861
vt 0.967961 0.410259
vt 0.967961 0.428861
vt 0.364301 0.169162
vt 0.259427 0.946222
vt 0.284183 0.946221
vt 0.284183 0.992564
vt 0.259427 0.992564
vt 0.212927 0.268883
vt 0.212927 0.270185
vt 0.181602 0.270185
vt 0.181602 0.268883
vt 0.962082 0.151405
vt 0.885840 0.151405
vt 0.885840 0.167361
vt 0.962082 0.167362
vt 0.402005 0.010406
vt 0.402005 0.023758
vt 0.422445 0.023757
vt 0.422445 0.010405
vt 0.947599 0.991832
vt 0.940065 0.991832
vt 0.442885 0.023757
vt 0.442885 0.010405
vt 0.199322 0.650342
vt 0.230680 0.622193
vt 0.202557 0.653219
vt 0.488274 0.991954
vt 0.510637 0.991954
vt 0.510637 0.994841
vt 0.488274 0.994841
vt 0.282675 0.146423
vt 0.842184 0.336955
vt 0.851918 0.340117
vt 0.851918 0.346040
vt 0.842184 0.349202
vt 0.690520 0.601010
vt 0.510637 0.971578
vt 0.488274 0.971578
vt 0.981470 0.011148
vt 0.938219 0.695703
vt 0.934792 0.700398
vt 0.933280 0.700346
vt 0.936462 0.695708
vt 0.853261 0.984886
vt 0.853261 0.969071
vt 0.984901 0.410259
vt 0.984901 0.428861
vt 0.987321 0.428861
vt 0.987321 0.410259
vt 0.466785 0.757787
vt 0.506936 0.753133
vt 0.879879 0.349203
vt 0.870145 0.346040
vt 0.870145 0.340118
vt 0.879879 0.336955
vt 0.868359 0.298334
vt 0.885459 0.298335
vt 0.970943 0.277010
vt 0.988041 0.277011
vt 0.988041 0.298334
vt 0.970943 0.298334
vt 0.837888 0.535151
vt 0.849787 0.536717
vt 0.848328 0.542161
vt 0.837888 0.540787
vt 0.895680 0.721194
vt 0.889066 0.721194
vt 0.633665 0.191644
vt 0.624610 0.197383
vt 0.624940 0.191848
vt 0.629956 0.188265
vt 0.967459 0.109706
vt 0.990460 0.169881
vt 0.969795 0.484960
vt 0.969795 0.504978
vt 0.981470 0.480874
vt 0.020319 0.525195
vt 0.019664 0.526329
vt 0.013108 0.519771
vt 0.014241 0.519117
vt 0.030937 0.985218
vt 0.030778 0.984102
vt 0.037589 0.981194
vt 0.038284 0.982081
vt 0.019918 0.958681
vt 0.015474 0.964607
vt 0.014428 0.964187
vt 0.019222 0.957793
vt 0.641299 0.663912
vt 0.652514 0.684046
vt 0.887378 0.658213
vt 0.874773 0.658213
vt 0.874773 0.672107
vt 0.887378 0.672107
vt 0.149158 0.499789
vt 0.126605 0.499789
vt 0.123718 0.469645
vt 0.149241 0.460743
vt 0.947535 0.275015
vt 0.947534 0.271165
vt 0.267525 0.601742
vt 0.825989 0.625532
vt 0.827448 0.620088
vt 0.817719 0.616059
vt 0.814901 0.620940
vt 0.826169 0.288510
vt 0.857655 0.288510
vt 0.857655 0.286425
vt 0.826169 0.286425
vt 0.276274 0.078224
vt 0.276852 0.075940
vt 0.648954 0.717766
vt 0.646952 0.721115
vt 0.642922 0.717470
vt 0.643837 0.715941
vt 0.862605 0.721194
vt 0.855991 0.721194
vt 0.990773 0.275015
vt 0.947535 0.275016
vt 0.947535 0.271167
vt 0.990773 0.271166
vt 0.904297 0.275019
vt 0.904297 0.271170
vt 0.947533 0.271168
vt 0.947533 0.275017
vt 0.990769 0.277565
vt 0.947533 0.277565
vt 0.947533 0.295693
vt 0.990769 0.295693
vt 0.412456 0.945761
vt 0.873127 0.275022
vt 0.873131 0.271173
vt 0.876997 0.271176
vt 0.876993 0.275026
vt 0.994200 0.023983
vt 0.510636 0.876043
vt 0.488273 0.876043
vt 0.882615 0.271163
vt 0.877044 0.271169
vt 0.877048 0.275018
vt 0.882617 0.275014
vt 0.886479 0.040907
vt 0.884965 0.039377
vt 0.353120 0.713155
vt 0.353139 0.700349
vt 0.393798 0.700409
vt 0.393779 0.713215
vt 0.883470 0.025971
vt 0.706504 0.577222
vt 0.700298 0.560519
vt 0.714141 0.556542
vt 0.716964 0.574097
vt 0.885178 0.873855
vt 0.885178 0.851742
vt 0.872697 0.851742
vt 0.872697 0.873855
vt 0.982482 0.410259
vt 0.982482 0.428861
vt 0.235967 0.977698
vt 0.398756 0.051729
vt 0.429391 0.051726
vt 0.429392 0.058993
vt 0.398757 0.058996
vt 0.904180 0.271180
vt 0.947418 0.271180
vt 0.947418 0.275029
vt 0.904180 0.275028
vt 0.502163 0.117841
vt 0.508687 0.117838
vt 0.508736 0.098156
vt 0.502079 0.098160
vt 0.888180 0.019378
vt 0.884098 0.023429
vt 0.863612 0.945601
vt 0.863612 0.939577
vt 0.854233 0.939577
vt 0.854233 0.945601
vt 0.947475 0.271170
vt 0.904237 0.271169
vt 0.904237 0.275017
vt 0.947475 0.275019
vt 0.279031 0.145117
vt 0.276363 0.147720
vt 0.863612 0.927526
vt 0.863612 0.933552
vt 0.854233 0.933552
vt 0.854233 0.927526
vt 0.885465 0.277010
vt 0.902553 0.277010
vt 0.902553 0.298333
vt 0.885466 0.298334
vt 0.863612 0.951627
vt 0.863612 0.957652
vt 0.854233 0.957652
vt 0.854233 0.951627
vt 0.309228 0.597184
vt 0.349670 0.594872
vt 0.349413 0.599521
vt 0.310013 0.601774
vt 0.967837 0.151405
vt 0.967837 0.167361
vt 0.967837 0.169881
vt 0.196226 0.254163
vt 0.178752 0.254106
vt 0.206616 0.262050
vt 0.928622 -0.151016
vt 0.632120 0.707697
vt 0.636149 0.711342
vt 0.944746 -0.022556
vt 0.238611 0.280845
vt 0.240193 0.280850
vt 0.240211 0.275459
vt 0.238629 0.275203
vt 0.224583 0.139366
vt 0.231645 0.122942
vt 0.040897 0.960406
vt 0.040010 0.961102
vt 0.034084 0.956657
vt 0.034505 0.955611
vt 0.016613 0.979468
vt 0.013474 0.972121
vt 0.014590 0.971962
vt 0.017499 0.978772
vt 0.973195 0.563083
vt 0.982108 0.558192
vt 0.023005 0.984262
vt 0.023424 0.983216
vt 0.192548 0.840773
vt 0.180910 0.818941
vt 0.195723 0.812432
vt 0.209518 0.836917
vt 0.008299 0.825285
vt 0.012963 0.825215
vt 0.013115 0.849378
vt 0.008680 0.849607
vt 0.306560 0.974097
vt 0.341855 0.974100
vt 0.990773 0.266141
vt 0.990775 0.307115
vt 0.947535 0.307116
vt 0.990775 0.295692
vt 0.947535 0.302091
vt 0.904296 0.302090
vt 0.904296 0.307115
vt 0.947535 0.307115
vt 0.936757 0.295332
vt 0.953846 0.295333
vt 0.953845 0.277012
vt 0.970943 0.277011
vt 0.970943 0.295334
vt 0.940064 0.893039
vt 0.940066 0.917737
vt 0.922985 0.917737
vt 0.922983 0.893039
vt 0.947535 0.277565
vt 0.990773 0.277564
vt 0.904297 0.295694
vt 0.947526 0.295691
vt 0.947417 0.295707
vt 0.904179 0.295706
vt 0.964679 0.868341
vt 0.964679 0.893038
vt 0.947599 0.893039
vt 0.904296 0.266144
vt 0.904296 0.271168
vt 0.947534 0.271167
vt 0.947534 0.266143
vt 0.200666 0.994475
vt 0.166535 0.994473
vt 0.919650 0.295332
vt 0.919651 0.277010
vt 0.902553 0.295332
vt 0.727958 0.716226
vt 0.762654 0.720827
vt 0.737331 0.814984
vt 0.727868 0.813729
vt 0.990775 0.266141
vt 0.990775 0.271165
vt 0.922984 0.991833
vt 0.962087 0.199863
vt 0.962087 0.217352
vt 0.956258 0.217351
vt 0.956258 0.199863
vt 0.205921 0.419700
vt 0.173330 0.419700
vt 0.902562 0.310526
vt 0.919660 0.310526
vt 0.911111 0.300107
vt 0.936757 0.310525
vt 0.928209 0.300107
vt 0.945305 0.300107
vt 0.962402 0.300106
vt 0.988049 0.310525
vt 0.979499 0.300106
vt 0.979495 0.300106
vt 0.962397 0.300106
vt 0.936757 0.310524
vt 0.945305 0.300106
vt 0.919660 0.310525
vt 0.928209 0.300106
vt 0.902562 0.310525
vt 0.911111 0.300106
vt 0.885465 0.310525
vt 0.894014 0.300106
vt 0.868368 0.310525
vt 0.876914 0.300106
vt 0.919651 0.310524
vt 0.902554 0.310525
vt 0.911105 0.300105
vt 0.936748 0.310524
vt 0.928202 0.300105
vt 0.945296 0.300105
vt 0.962391 0.300105
vt 0.988040 0.310525
vt 0.979488 0.300106
vt 0.970944 0.310526
vt 0.979493 0.300106
vt 0.953846 0.310526
vt 0.962394 0.300106
vt 0.936749 0.310526
vt 0.945296 0.300106
vt 0.928200 0.300106
vt 0.911098 0.300106
vt 0.894005 0.300106
vt 0.876905 0.300106
vt 0.919656 0.298335
vt 0.902553 0.298335
vt 0.911109 0.229969
vt 0.936752 0.298334
vt 0.928198 0.229969
vt 0.953849 0.298334
vt 0.945297 0.229968
vt 0.970949 0.298333
vt 0.962392 0.229968
vt 0.988048 0.298333
vt 0.979502 0.229968
vt 0.979499 0.229968
vt 0.962401 0.229968
vt 0.945294 0.229968
vt 0.928212 0.229968
vt 0.911113 0.229968
vt 0.894008 0.229968
vt 0.868367 0.298333
vt 0.876924 0.229968
vt 0.919652 0.298334
vt 0.911108 0.229966
vt 0.936749 0.298333
vt 0.928197 0.229967
vt 0.953847 0.298334
vt 0.945301 0.229967
vt 0.962395 0.229967
vt 0.979482 0.229967
vt 0.970942 0.298335
vt 0.979493 0.229968
vt 0.953845 0.298335
vt 0.962397 0.229968
vt 0.936749 0.298335
vt 0.945301 0.229968
vt 0.919652 0.298335
vt 0.928204 0.229968
vt 0.911098 0.229968
vt 0.894005 0.229968
vt 0.876916 0.229968
vt 0.234787 0.946263
vt 0.259543 0.946263
vt 0.259543 0.992604
vt 0.234787 0.992604
vt 0.947601 0.917737
vt 0.978969 0.093745
vt 0.212927 0.276695
vt 0.212927 0.277997
vt 0.181602 0.277997
vt 0.181602 0.276695
vt 0.482300 0.163719
vt 0.482333 0.168134
vt 0.870396 0.613633
vt 0.866411 0.609648
vt 0.858057 0.616059
vt 0.860875 0.620940
vt 0.814901 0.541310
vt 0.817719 0.546191
vt 0.422214 0.097203
vt 0.396962 0.096679
vt 0.397064 0.094326
vt 0.422239 0.094847
vt 0.964681 0.917736
vt 0.631161 0.516197
vt 0.602953 0.521260
vt 0.607389 0.497961
vt 0.623625 0.488209
vt 0.306558 0.977703
vt 0.306553 0.994482
vt 0.271258 0.994480
vt 0.271263 0.977700
vt 0.919651 0.277011
vt 0.936749 0.277012
vt 0.936749 0.295334
vt 0.947525 0.307111
vt 0.990755 0.307111
vt 0.990754 0.302087
vt 0.166544 0.965698
vt 0.200675 0.965700
vt 0.377151 0.974102
vt 0.504889 0.829166
vt 0.482314 0.863507
vt 0.480052 0.861627
vt 0.502267 0.827835
vt 0.381565 0.023758
vt 0.381564 0.010406
vt 0.861032 0.362896
vt 0.849383 0.359111
vt 0.855398 0.350831
vt 0.861032 0.352661
vt 0.052149 0.731532
vt 0.081388 0.729977
vt 0.081392 0.758642
vt 0.203314 0.499401
vt 0.234163 0.499401
vt 0.234163 0.438244
vt 0.203314 0.438244
vt 0.460034 0.051725
vt 0.460034 0.058992
vt 0.902553 0.277012
vt 0.277201 0.267997
vt 0.272429 0.267982
vt 0.936749 0.277010
vt 0.872822 0.601294
vt 0.877703 0.604112
vt 0.953845 0.277010
vt 0.483766 0.026671
vt 0.483766 0.040023
vt 0.877703 0.558138
vt 0.882296 0.569226
vt 0.876851 0.570684
vt 0.872822 0.560956
vt 0.791914 0.581125
vt 0.797550 0.581125
vt 0.936755 0.277011
vt 0.919658 0.277011
vt 0.902553 0.277011
vt 0.869220 0.721194
vt 0.875835 0.721194
vt 0.988048 0.277010
vt 0.953853 0.277011
vt 0.882296 0.593024
vt 0.876851 0.591565
vt 0.936748 0.295333
vt 0.021680 0.266939
vt 0.021684 0.243586
vt 0.052152 0.242484
vt 0.052149 0.268047
vt 0.081392 0.240936
vt 0.081388 0.269601
vt 0.848328 0.620088
vt 0.849787 0.625532
vt 0.947534 0.275016
vt 0.904296 0.275017
vt 0.947535 0.295694
vt 0.990774 0.295693
vt 0.885465 0.295332
vt 0.868367 0.295332
vt 0.842761 0.721194
vt 0.849375 0.721194
vt 0.919659 0.295333
vt 0.936756 0.295333
vt 0.919659 0.295332
vt 0.173330 0.340829
vt 0.964680 0.991830
vt 0.938769 0.199863
vt 0.944599 0.199863
vt 0.944599 0.217352
vt 0.938769 0.217352
vt 0.844008 0.783371
vt 0.759522 0.832044
vt 0.753718 0.824465
vt 0.822726 0.755584
vt 0.947532 0.266143
vt 0.990766 0.266144
vt 0.990766 0.271168
vt 0.964679 0.843642
vt 0.868367 0.277009
vt 0.272264 0.410843
vt 0.272264 0.419700
vt 0.922983 0.868341
vt 0.633116 0.755407
vt 0.701998 0.824417
vt 0.696178 0.831985
vt 0.611783 0.783155
vt 0.903793 0.199863
vt 0.903793 0.217352
vt 0.897963 0.217352
vt 0.235962 0.994478
vt 0.598359 0.815480
vt 0.692517 0.840803
vt 0.691262 0.850267
vt 0.593759 0.850176
vt 0.338607 0.340829
vt 0.305436 0.340829
vt 0.535726 0.640886
vt 0.506741 0.640921
vt 0.512252 0.598668
vt 0.530113 0.598645
vt 0.921281 0.182375
vt 0.921281 0.199863
vt 0.822550 0.945194
vt 0.753669 0.876185
vt 0.759488 0.868616
vt 0.843883 0.917446
vt 0.947535 0.266141
vt 0.882450 0.721194
vt 0.110762 0.727674
vt 0.110767 0.760937
vt 0.882561 0.298254
vt 0.882562 0.302102
vt 0.876995 0.302105
vt 0.876993 0.298256
vt 0.535511 0.640755
vt 0.521019 0.641707
vt 0.506527 0.640760
vt 0.947535 0.277564
vt 0.904296 0.277565
vt 0.904296 0.275016
vt 0.938769 0.182375
vt 0.944599 0.182375
vt 0.990655 0.307130
vt 0.947417 0.307129
vt 0.988040 0.295333
vt 0.529942 0.598509
vt 0.547194 0.593884
vt 0.563507 0.633248
vt 0.990769 0.275016
vt 0.947533 0.275016
vt 0.623575 0.488178
vt 0.628243 0.501923
vt 0.631078 0.516167
vt 0.535580 0.640609
vt 0.521122 0.641557
vt 0.506672 0.640610
vt 0.371198 0.340829
vt 0.891800 0.918083
vt 0.794763 0.966475
vt 0.762415 0.979839
vt 0.737266 0.885635
vt 0.746090 0.881990
vt 0.607296 0.498062
vt 0.623461 0.488396
vt 0.973746 0.182375
vt 0.979575 0.182375
vt 0.979575 0.199863
vt 0.973746 0.199863
vt 0.857372 0.815720
vt 0.763167 0.840868
vt 0.628119 0.502117
vt 0.628309 0.501951
vt 0.857307 0.885122
vt 0.763150 0.859799
vt 0.764405 0.850335
vt 0.861908 0.850425
vt 0.990775 0.307114
vt 0.521235 0.641854
vt 0.643709 0.481353
vt 0.652109 0.513394
vt 0.538343 0.661591
vt 0.563512 0.633125
vt 0.571611 0.652677
vt 0.643185 0.581265
vt 0.625929 0.611164
vt 0.609098 0.598254
vt 0.623586 0.573150
vt 0.652115 0.547917
vt 0.631083 0.545151
vt 0.643055 0.581293
vt 0.625829 0.611130
vt 0.609003 0.598219
vt 0.623461 0.573176
vt 0.601469 0.635494
vt 0.588556 0.618666
vt 0.631197 0.545182
vt 0.652234 0.513396
vt 0.652276 0.547930
vt 0.538284 0.661786
vt 0.503768 0.661799
vt 0.505378 0.662182
vt 0.538526 0.661959
vt 0.601522 0.635579
vt 0.571628 0.652845
vt 0.588606 0.618752
vt 0.588798 0.618827
vt 0.609268 0.598307
vt 0.626149 0.611227
vt 0.601759 0.635676
vt 0.563714 0.633350
vt 0.571873 0.652979
vt 0.643216 0.480058
vt 0.643589 0.481568
vt 0.651973 0.513559
vt 0.623729 0.573187
vt 0.643379 0.581298
vt 0.651973 0.548013
vt 0.505296 0.661775
vt 0.947525 0.277567
vt 0.990754 0.295691
vt 0.990754 0.277566
vt 0.350072 0.587613
vt 0.349833 0.591935
vt 0.308731 0.594285
vt 0.308001 0.590019
vt 0.957517 0.789126
vt 0.972382 0.786201
vt 0.972379 0.806737
vt 0.957514 0.803807
vt 0.352950 0.828406
vt 0.393608 0.828467
vt 0.393627 0.815661
vt 0.352969 0.815601
vt 0.990754 0.298240
vt 0.258929 0.010411
vt 0.258923 0.023763
vt 0.279363 0.010410
vt 0.947535 0.295692
vt 0.990774 0.295692
vt 0.990774 0.298241
vt 0.947535 0.298241
vt 0.868816 0.182375
vt 0.874645 0.182375
vt 0.874645 0.199863
vt 0.868816 0.199863
vt 0.857157 0.182375
vt 0.851328 0.182375
vt 0.990656 0.295708
vt 0.967916 0.199863
vt 0.967916 0.217352
vt 0.947534 0.266141
vt 0.947535 0.275014
vt 0.947535 0.277563
vt 0.904296 0.277563
vt 0.904296 0.275013
vt 0.990714 0.271171
vt 0.990714 0.266146
vt 0.947475 0.266146
vt 0.462037 0.638387
vt 0.460075 0.640578
vt 0.427039 0.617128
vt 0.428462 0.614553
vt 0.927111 0.182375
vt 0.932940 0.182375
vt 0.932940 0.199863
vt 0.927111 0.199863
vt 0.979575 0.217352
vt 0.973746 0.217352
vt 0.532802 0.135366
vt 0.506762 0.145564
vt 0.886304 0.217352
vt 0.880475 0.217352
vt 0.166537 0.720791
vt 0.170455 0.700806
vt 0.173176 0.701937
vt 0.163191 0.713917
vt 0.163327 0.715524
vt 0.948953 0.252071
vt 0.948952 0.236347
vt 0.486971 0.670821
vt 0.483172 0.673499
vt 0.456968 0.644045
vt 0.327609 0.268833
vt 0.387985 0.268833
vt 0.990774 0.298242
vt 0.990774 0.302091
vt 0.378469 0.926089
vt 0.379358 0.930317
vt 0.296800 0.924764
vt 0.295775 0.928961
vt 0.256750 0.914735
vt 0.258460 0.910760
vt 0.904281 0.918083
vt 0.506482 0.706210
vt 0.502188 0.707985
vt 0.408289 0.834077
vt 0.426183 0.816870
vt 0.432927 0.822473
vt 0.413624 0.841035
vt 0.370244 0.668963
vt 0.372667 0.660537
vt 0.397392 0.670772
vt 0.393151 0.678445
vt 0.962082 0.169933
vt 0.444817 0.784754
vt 0.447637 0.800097
vt 0.439819 0.796127
vt 0.456206 0.777647
vt 0.447703 0.775508
vt 0.236439 0.781004
vt 0.225474 0.773270
vt 0.234085 0.771616
vt 0.232760 0.796156
vt 0.240787 0.792627
vt 0.429919 0.711231
vt 0.437054 0.706167
vt 0.449948 0.729551
vt 0.441860 0.732890
vt 0.345799 0.664825
vt 0.321047 0.666240
vt 0.319567 0.657598
vt 0.346283 0.656070
vt 0.275556 0.685170
vt 0.257107 0.701731
vt 0.250555 0.695904
vt 0.270468 0.678029
vt 0.390688 0.854857
vt 0.387028 0.846889
vt 0.290826 0.845331
vt 0.286905 0.853174
vt 0.264524 0.838612
vt 0.270129 0.831869
vt 0.253215 0.814025
vt 0.246188 0.819268
vt 0.451098 0.761516
vt 0.466106 0.772188
vt 0.505488 0.780838
vt 0.647261 0.170747
vt 0.629118 0.177802
vt 0.643572 0.183497
vt 0.654841 0.181245
vt 0.216879 0.750067
vt 0.586538 0.117305
vt 0.583040 0.104565
vt 0.558601 0.122654
vt 0.511194 0.774205
vt 0.509919 0.769899
vt 0.181400 0.688271
vt 0.185481 0.690513
vt 0.171390 0.724413
vt 0.166109 0.725367
vt 0.817266 0.640893
vt 0.683172 0.640893
vt 0.476470 0.858651
vt 0.498114 0.825726
vt 0.424787 0.621202
vt 0.388324 0.606108
vt 0.389611 0.601633
vt 0.904296 0.295694
vt 0.758521 0.567086
vt 0.769833 0.577769
vt 0.756041 0.588991
vt 0.748104 0.581495
vt 0.353082 0.738767
vt 0.353101 0.725961
vt 0.393759 0.726021
vt 0.393741 0.738827
vt 0.511957 0.760324
vt 0.510251 0.764490
vt 0.216784 0.764480
vt 0.176882 0.770843
vt 0.450851 0.766899
vt 0.368094 0.068590
vt 0.368091 0.061323
vt 0.173105 0.756985
vt 0.173087 0.759689
vt 0.510088 0.767193
vt 0.383851 0.621657
vt 0.348519 0.615677
vt 0.469997 0.682832
vt 0.446182 0.656106
vt 0.186936 0.728898
vt 0.199665 0.698300
vt 0.185732 0.780832
vt 0.220325 0.669020
vt 0.235128 0.717768
vt 0.268823 0.889374
vt 0.312042 0.862391
vt 0.302436 0.901699
vt 0.365259 0.863254
vt 0.407581 0.891629
vt 0.373584 0.902854
vt 0.376906 0.918653
vt 0.337684 0.922411
vt 0.337946 0.906268
vt 0.487264 0.714146
vt 0.416960 0.635364
vt 0.419213 0.686261
vt 0.278323 0.627691
vt 0.293865 0.665043
vt 0.246991 0.645083
vt 0.338602 0.865807
vt 0.208234 0.658267
vt 0.237602 0.631905
vt 0.464051 0.848334
vt 0.448068 0.885961
vt 0.438245 0.873149
vt 0.456701 0.752545
vt 0.496519 0.745895
vt 0.495463 0.787459
vt 0.483718 0.818417
vt 0.312743 0.617723
vt 0.272107 0.612752
vt 0.511106 0.791457
vt 0.990773 0.302091
vt 0.990773 0.298243
vt 0.485637 0.866267
vt 0.192636 0.666766
vt 0.195151 0.671545
vt 0.177486 0.703728
vt 0.513625 0.748424
vt 0.512431 0.743159
vt 0.517564 0.744686
vt 0.169619 0.729524
vt 0.872376 0.169881
vt 0.885840 0.169921
vt 0.204755 0.655173
vt 0.299803 0.010409
vt 0.320244 0.023760
vt 0.320243 0.010408
vt 0.110767 0.238642
vt 0.110762 0.271905
vt 0.990774 0.302090
vt 0.947536 0.302090
vt 0.314123 0.853873
vt 0.413374 0.692802
vt 0.237461 0.733184
vt 0.242814 0.721988
vt 0.225859 0.739925
vt 0.234291 0.742329
vt 0.445936 0.744582
vt 0.448073 0.754002
vt 0.363455 0.854673
vt 0.338744 0.857041
vt 0.297233 0.673138
vt 0.177065 0.743179
vt 0.171669 0.750018
vt 0.177109 0.743142
vt 0.173123 0.754280
vt 0.172856 0.992538
vt 0.163206 0.992557
vt 0.163194 0.988065
vt 0.185211 0.992515
vt 0.185274 0.946263
vt 0.185274 0.992604
vt 0.163229 0.988100
vt 0.160518 0.946263
vt 0.729693 0.556097
vt 0.727877 0.573785
vt 0.212927 0.280601
vt 0.212927 0.281903
vt 0.181602 0.281903
vt 0.181602 0.280601
vt 0.234974 0.119762
vt 0.308939 0.946222
vt 0.308939 0.992564
vt 0.383208 0.946222
vt 0.383208 0.992564
vt 0.358452 0.992564
vt 0.358452 0.946222
vt 0.160480 0.946222
vt 0.160486 0.988063
vt 0.849564 0.638484
vt 0.836960 0.638484
vt 0.836960 0.658214
vt 0.849564 0.658214
vt 0.042436 0.924298
vt 0.038995 0.927182
vt 0.026661 0.915537
vt 0.457476 0.946222
vt 0.457470 0.988059
vt 0.454765 0.988059
vt 0.445099 0.992564
vt 0.432720 0.992564
vt 0.454765 0.992564
vt 0.219408 0.892043
vt 0.244745 0.860901
vt 0.245672 0.910980
vt 0.227680 0.845684
vt 0.234086 0.846429
vt 0.186321 0.849275
vt 0.193769 0.862210
vt 0.457590 0.946263
vt 0.457585 0.988105
vt 0.454880 0.988105
vt 0.185211 0.946270
vt 0.408079 0.946263
vt 0.408079 0.992604
vt 0.383323 0.992604
vt 0.383323 0.946263
vt 0.862169 0.638484
vt 0.874773 0.638484
vt 0.874773 0.658214
vt 0.862169 0.658214
vt 0.210030 0.946263
vt 0.210030 0.992604
vt 0.445212 0.992604
vt 0.432834 0.992604
vt 0.454880 0.992604
vt 0.160524 0.988101
vt 0.432720 0.946222
vt 0.885840 0.148862
vt 0.885840 0.132923
vt 0.172896 0.992604
vt 0.163229 0.992604
vt 0.545691 0.129087
vt 0.550842 0.138821
vt 0.940751 0.907385
vt 0.953787 0.901080
vt 0.957514 0.914882
vt 0.942527 0.919222
vt 0.233767 0.842254
vt 0.226713 0.833743
vt 0.237457 0.832214
vt 0.256125 0.879107
vt 0.244960 0.851473
vt 0.255441 0.849396
vt 0.255077 0.900361
vt 0.652986 0.685702
vt 0.641389 0.664881
vt 0.655358 0.657424
vt 0.664839 0.679819
vt 0.602966 0.685950
vt 0.614437 0.664983
vt 0.627941 0.672588
vt 0.613710 0.692490
vt 0.487038 0.938756
vt 0.487038 0.932128
vt 0.491255 0.932128
vt 0.491255 0.938756
vt 0.857655 0.228935
vt 0.826169 0.228935
vt 0.826169 0.235324
vt 0.857655 0.235324
vt 0.857655 0.269697
vt 0.826169 0.269697
vt 0.826169 0.252967
vt 0.857655 0.252967
vt 0.510637 0.921179
vt 0.488274 0.921179
vt 0.488274 0.923498
vt 0.510637 0.923498
vt 0.857655 0.250883
vt 0.826169 0.250883
vt 0.857655 0.310458
vt 0.826169 0.310458
vt 0.490704 0.051724
vt 0.521418 0.051722
vt 0.521418 0.058990
vt 0.490704 0.058991
vt 0.838847 0.215497
vt 0.838847 0.163007
vt 0.835234 0.163007
vt 0.835234 0.215497
vt 0.510637 0.949705
vt 0.510637 0.967940
vt 0.488274 0.967940
vt 0.488274 0.949705
vt 0.488274 0.947386
vt 0.510637 0.947386
vt 0.525731 0.906878
vt 0.520083 0.906851
vt 0.520114 0.900223
vt 0.525763 0.900250
vt 0.525293 0.970703
vt 0.526907 0.972368
vt 0.530788 0.967416
vt 0.537886 0.980092
vt 0.534999 0.980078
vt 0.534978 0.984615
vt 0.537834 0.990873
vt 0.534935 0.993395
vt 0.529183 0.993367
vt 0.529225 0.984588
vt 0.526819 0.990603
vt 0.529251 0.979290
vt 0.530731 0.979297
vt 0.535143 0.950257
vt 0.535121 0.954795
vt 0.538007 0.954809
vt 0.538060 0.944027
vt 0.535185 0.941477
vt 0.529871 0.877625
vt 0.529829 0.886405
vt 0.535581 0.886432
vt 0.535624 0.877653
vt 0.527043 0.944191
vt 0.529391 0.950229
vt 0.529433 0.941449
vt 0.529365 0.955527
vt 0.526955 0.962426
vt 0.530846 0.955534
vt 0.244168 0.832185
vt 0.886736 0.229057
vt 0.907681 0.229183
vt 0.298968 0.197075
vt 0.291795 0.215955
vt 0.280163 0.211867
vt 0.466272 0.106174
vt 0.478277 0.102380
vt 0.475681 0.128258
vt 0.475027 0.128227
vt 0.014992 0.586474
vt 0.013073 0.587497
vt 0.009691 0.585356
vt 0.012538 0.582907
vt 0.266654 0.262168
vt 0.240255 0.262120
vt 0.414321 0.906299
vt 0.238558 0.842303
vt 0.298604 0.917384
vt 0.169851 0.783934
vt 0.604144 0.684286
vt 0.614533 0.690610
vt 0.628294 0.671365
vt 0.615237 0.664011
vt 0.525325 0.964075
vt 0.531227 0.903591
vt 0.527393 0.898602
vt 0.538324 0.916267
vt 0.535438 0.916253
vt 0.538272 0.927049
vt 0.527257 0.926778
vt 0.529689 0.915465
vt 0.527345 0.908543
vt 0.531169 0.915472
vt 0.535559 0.890970
vt 0.538446 0.890984
vt 0.538498 0.880201
vt 0.527481 0.880366
vt 0.529804 0.891702
vt 0.531284 0.891709
vt 0.548748 0.692504
vt 0.538214 0.692576
vt 0.538166 0.686686
vt 0.548613 0.678451
vt 0.629162 0.692010
vt 0.623899 0.686235
vt 0.624503 0.692450
vt 0.559342 0.692468
vt 0.548614 0.678443
vt 0.559208 0.671445
vt 0.569805 0.678326
vt 0.841644 0.215497
vt 0.841644 0.163007
vt 0.440172 0.936391
vt 0.474235 0.936391
vt 0.440172 0.921353
vt 0.474235 0.921353
vt 0.440172 0.923518
vt 0.474235 0.923518
vt 0.440172 0.929921
vt 0.474235 0.929921
vt 0.840871 0.135365
vt 0.837396 0.135365
vt 0.840871 0.144048
vt 0.837396 0.144048
vt 0.840871 0.146969
vt 0.840871 0.145508
vt 0.837396 0.145509
vt 0.837396 0.146969
vt 0.840871 0.139729
vt 0.837396 0.139729
vt 0.947536 0.271165
vt 0.585493 0.023995
vt 0.585530 0.010643
vt 0.826169 0.243423
vt 0.857655 0.243423
vt 0.372950 0.092765
vt 0.348924 0.090166
vt 0.348620 0.092502
vt 0.372747 0.095111
vt 0.519644 0.970676
vt 0.519676 0.964048
vt 0.436898 0.922395
vt 0.436898 0.920311
vt 0.436859 0.924521
vt 0.436859 0.918185
vt 0.436834 0.926720
vt 0.436834 0.915987
vt 0.436859 0.928918
vt 0.436898 0.931044
vt 0.436898 0.933128
vt 0.436859 0.935255
vt 0.477510 0.922395
vt 0.477510 0.920311
vt 0.477548 0.924521
vt 0.477548 0.918185
vt 0.477573 0.926720
vt 0.477573 0.915987
vt 0.477548 0.928918
vt 0.477510 0.931044
vt 0.477510 0.933129
vt 0.477549 0.935255
vt 0.891800 0.851742
vt 0.904281 0.851742
vt 0.488274 0.929146
vt 0.510637 0.929146
vt 0.510637 0.941738
vt 0.488274 0.941738
vt 0.955842 -0.140478
vt 0.990775 0.275014
vt 0.990657 0.266157
vt 0.990657 0.271181
vt 0.947418 0.266156
vt 0.882616 0.295694
vt 0.877044 0.302091
vt 0.876309 0.307113
vt 0.882615 0.307118
vt 0.876264 0.307131
vt 0.874091 0.304659
vt 0.843080 0.144806
vt 0.843080 0.146211
vt 0.843106 0.143371
vt 0.843106 0.147645
vt 0.843123 0.141889
vt 0.843123 0.149128
vt 0.843106 0.140406
vt 0.843080 0.138971
vt 0.843080 0.137566
vt 0.843106 0.136131
vt 0.842177 0.349181
vt 0.851910 0.346018
vt 0.855391 0.350809
vt 0.849375 0.359090
vt 0.284299 0.992604
vt 0.284299 0.946263
vt 0.990656 0.275030
vt 0.052152 0.242483
vt 0.874094 0.268622
vt 0.876268 0.266150
vt 0.904180 0.266155
vt 0.882563 0.271181
vt 0.882567 0.266157
vt 0.990769 0.271167
vt 0.990769 0.266143
vt 0.903793 0.182375
vt 0.492904 0.666631
vt 0.489372 0.669127
vt 0.464926 0.635164
vt 0.880639 0.258788
vt 0.886757 0.259324
vt 0.907701 0.259197
vt 0.990216 0.251979
vt 0.990216 0.259103
vt 0.948942 0.259104
vt 0.948942 0.251979
vt 0.948936 0.259100
vt 0.907668 0.259099
vt 0.927111 0.217352
vt 0.921281 0.217352
vt 0.519222 0.790964
vt 0.516363 0.790273
vt 0.882560 0.295705
vt 0.882561 0.275029
vt 0.882561 0.277577
vt 0.874086 0.277577
vt 0.990656 0.277579
vt 0.947418 0.277578
vt 0.327609 0.292196
vt 0.387985 0.292196
vt 0.387985 0.303933
vt 0.327609 0.303933
vt 0.990204 0.252039
vt 0.990205 0.236315
vt 0.894022 0.833466
vt 0.883654 0.833466
vt 0.337490 0.934327
vt 0.337560 0.930008
vt 0.817266 0.678955
vt 0.683171 0.678955
vt 0.837888 0.627099
vt 0.837888 0.621463
vt 0.878958 0.231304
vt 0.878965 0.236353
vt 0.878966 0.252075
vt 0.878965 0.257126
vt 0.878945 0.257077
vt 0.875650 0.253233
vt 0.875659 0.257085
vt 0.875673 0.253276
vt 0.875674 0.235148
vt 0.875652 0.235100
vt 0.878946 0.231252
vt 0.875654 0.231250
vt 0.886756 0.229100
vt 0.880638 0.229636
vt 0.947082 0.576226
vt 0.981245 0.580784
vt 0.952081 0.587002
vt 0.907673 0.236253
vt 0.907673 0.229128
vt 0.948944 0.229130
vt 0.907671 0.229126
vt 0.948943 0.229128
vt 0.948943 0.236253
vt 0.874085 0.295706
vt 0.947533 0.277566
vt 0.904297 0.277568
vt 0.873192 0.298225
vt 0.873174 0.302073
vt 0.877053 0.298243
vt 0.873181 0.275020
vt 0.873178 0.271172
vt 0.990714 0.277569
vt 0.990714 0.295698
vt 0.738498 0.576309
vt 0.744831 0.559694
vt 0.882618 0.277564
vt 0.948941 0.251977
vt 0.990215 0.251981
vt 0.990214 0.259106
vt 0.948941 0.259101
vt 0.948942 0.251977
vt 0.990215 0.251980
vt 0.990214 0.259105
vt 0.948942 0.259102
vt 0.880617 0.229592
vt 0.552187 0.051722
vt 0.552187 0.058989
vt 0.856119 0.984886
vt 0.856119 0.969071
vt 0.948941 0.259104
vt 0.990204 0.251979
vt 0.990203 0.259103
vt 0.948929 0.259160
vt 0.990203 0.259164
vt 0.990213 0.236257
vt 0.948945 0.229131
vt 0.990214 0.229133
vt 0.948931 0.229187
vt 0.948956 0.251978
vt 0.990237 0.251983
vt 0.990236 0.259109
vt 0.948955 0.259104
vt 0.907675 0.259097
vt 0.948939 0.259099
vt 0.948943 0.259102
vt 0.948956 0.236252
vt 0.948955 0.229126
vt 0.479594 0.153055
vt 0.907669 0.229127
vt 0.948942 0.229130
vt 0.904297 0.298241
vt 0.904297 0.302089
vt 0.947536 0.302091
vt 0.832438 0.163007
vt 0.832438 0.215497
vt 0.990216 0.236256
vt 0.948942 0.236254
vt 0.460071 0.061314
vt 0.460069 0.068581
vt 0.904296 0.302091
vt 0.842177 0.336933
vt 0.849376 0.327024
vt 0.855391 0.335304
vt 0.851910 0.340096
vt 0.990714 0.275020
vt 0.902091 0.721194
vt 0.904297 0.307113
vt 0.947536 0.307115
vt 0.947532 0.302088
vt 0.947532 0.307112
vt 0.947531 0.295691
vt 0.990766 0.295690
vt 0.990766 0.298239
vt 0.947532 0.298240
vt 0.947534 0.277565
vt 0.947535 0.266145
vt 0.947535 0.271168
vt 0.892134 0.217352
vt 0.922983 0.843642
vt 0.904180 0.307129
vt 0.904296 0.295693
vt 0.947533 0.298242
vt 0.990205 0.236257
vt 0.947533 0.295694
vt 0.990213 0.251980
vt 0.327609 0.257095
vt 0.387985 0.257095
vt 0.990238 0.236256
vt 0.761767 0.598286
vt 0.777994 0.591016
vt 0.575288 0.572319
vt 0.584215 0.556850
vt 0.882564 0.307126
vt 0.874140 0.304636
vt 0.337608 0.927068
vt 0.377864 0.923211
vt 0.990769 0.302091
vt 0.990769 0.307115
vt 0.947534 0.307115
vt 0.947534 0.302091
vt 0.947534 0.298243
vt 0.862987 0.182375
vt 0.862987 0.199863
vt 0.904297 0.266142
vt 0.562661 0.584951
vt 0.915451 0.217352
vt 0.990774 0.307115
vt 0.947536 0.307114
vt 0.947536 0.295691
vt 0.947536 0.298239
vt 0.990766 0.277564
vt 0.990769 0.298242
vt 0.947533 0.302091
vt 0.990774 0.277563
vt 0.948943 0.236252
vt 0.948943 0.229127
vt 0.990217 0.229133
vt 0.990216 0.236257
vt 0.948938 0.229130
vt 0.990206 0.229134
vt 0.948943 0.229129
vt 0.907669 0.229130
vt 0.907677 0.259155
vt 0.907676 0.229129
vt 0.990215 0.229130
vt 0.948944 0.229129
vt 0.990206 0.229190
vt 0.907700 0.229227
vt 0.948951 0.229222
vt 0.948944 0.259103
vt 0.907668 0.259100
vt 0.948957 0.236251
vt 0.948958 0.229125
vt 0.990239 0.229130
vt 0.513188 0.703441
vt 0.509195 0.705090
vt 0.817266 0.640819
vt 0.817266 0.650352
vt 0.683171 0.650352
vt 0.683172 0.640819
vt 0.327609 0.304045
vt 0.387985 0.304045
vt 0.990714 0.298247
vt 0.904236 0.307117
vt 0.874141 0.295693
vt 0.163292 0.724516
vt 0.178822 0.686855
vt 0.259796 0.908141
vt 0.297498 0.921908
vt 0.390424 0.598807
vt 0.904237 0.266145
vt 0.950428 0.199863
vt 0.950428 0.217351
vt 0.967916 0.182375
vt 0.947531 0.277564
vt 0.990766 0.275016
vt 0.947525 0.275019
vt 0.990754 0.275018
vt 0.904296 0.277566
vt 0.281103 0.340829
vt 0.280523 0.349686
vt 0.904296 0.295695
vt 0.861596 0.604833
vt 0.854652 0.610161
vt 0.808851 0.597889
vt 0.805502 0.589803
vt 0.821124 0.552088
vt 0.829210 0.548739
vt 0.827448 0.542161
vt 0.829210 0.613511
vt 0.821124 0.610161
vt 0.814179 0.604833
vt 0.804359 0.581125
vt 0.837888 0.547596
vt 0.878226 0.581125
vt 0.870274 0.572447
vt 0.871416 0.581125
vt 0.814180 0.557417
vt 0.870274 0.589803
vt 0.866924 0.597889
vt 0.854652 0.552088
vt 0.861596 0.557417
vt 0.846566 0.548739
vt 0.866924 0.564361
vt 0.846566 0.613511
vt 0.837888 0.614653
vt 0.798924 0.570684
vt 0.805502 0.572447
vt 0.808851 0.564361
vt 0.171427 0.916242
vt 0.171427 0.896546
vt 0.636175 0.723825
vt 0.638001 0.718707
vt 0.883862 0.581125
vt 0.793480 0.569226
vt 0.266537 0.297455
vt 0.269900 0.300841
vt 0.275714 0.295065
vt 0.272264 0.361095
vt 0.205683 0.310355
vt 0.234732 0.311049
vt 0.240139 0.297407
vt 0.206499 0.297337
vt 0.266521 0.302227
vt 0.240139 0.302134
vt 0.275815 0.264618
vt 0.270039 0.258804
vt 0.206554 0.280780
vt 0.196058 0.305155
vt 0.178583 0.305097
vt 0.205886 0.249027
vt 0.234939 0.248443
vt 0.266669 0.257396
vt 0.240139 0.257302
vt 0.981470 0.528983
vt 0.994677 0.528983
vt 0.969795 0.516661
vt 0.969795 0.528983
vt 0.280964 0.282659
vt 0.289125 0.282659
vt 0.289125 0.280893
vt 0.280640 0.280893
vt 0.008560 0.614380
vt 0.009859 0.585433
vt 0.012976 0.614489
vt 0.285218 0.273833
vt 0.289125 0.275598
vt 0.289125 0.273833
vt 0.283371 0.275598
vt 0.287266 0.272068
vt 0.289125 0.272068
vt 0.287266 0.289719
vt 0.289125 0.287954
vt 0.285218 0.287954
vt 0.289125 0.289719
vt 0.281905 0.277363
vt 0.289125 0.277363
vt 0.234036 0.284145
vt 0.233239 0.282570
vt 0.235279 0.285398
vt 0.236850 0.286204
vt 0.238592 0.286486
vt 0.961703 0.109678
vt 0.885401 0.109689
vt 0.885401 0.112230
vt 0.232969 0.280826
vt 0.233251 0.279083
vt 0.234058 0.277513
vt 0.235310 0.276269
vt 0.236885 0.275473
vt 0.240176 0.286240
vt 0.310957 0.145531
vt 0.284142 0.136853
vt 0.880614 0.258742
vt 0.886733 0.259278
vt 0.990213 0.259104
vt 0.948941 0.229132
vt 0.232652 0.276261
vt 0.229481 0.279071
vt 0.230722 0.277502
vt 0.229049 0.280813
vt 0.232621 0.285389
vt 0.230700 0.284135
vt 0.229469 0.282558
vt 0.237770 0.275200
vt 0.235080 0.275467
vt 0.237733 0.286483
vt 0.235045 0.286198
vt 0.876299 0.266147
vt 0.874132 0.268626
vt 0.882611 0.266140
vt 0.947535 0.266143
vt 0.990773 0.266142
vt 0.194322 0.924071
vt 0.189234 0.924071
vt 0.184146 0.924071
vt 0.179059 0.924071
vt 0.173971 0.924071
vt 0.825989 0.536717
vt 0.967458 0.093746
vt 0.973214 0.093746
vt 0.874143 0.277565
vt 0.878960 0.257128
vt 0.875668 0.257124
vt 0.013073 0.412082
vt 0.009691 0.414223
vt 0.008560 0.385199
vt 0.012976 0.385089
vt 0.280964 0.279128
vt 0.289125 0.279128
vt 0.837888 0.581125
vt 0.917822 0.580824
vt 0.914928 0.570024
vt 0.914928 0.581204
vt 0.912034 0.580824
vt 0.909338 0.579707
vt 0.907022 0.577930
vt 0.905245 0.575614
vt 0.904128 0.572917
vt 0.903747 0.570024
vt 0.904128 0.567130
vt 0.905245 0.564433
vt 0.907022 0.562118
vt 0.909338 0.560341
vt 0.912034 0.559224
vt 0.914928 0.558843
vt 0.917822 0.559224
vt 0.920518 0.560341
vt 0.922834 0.562118
vt 0.924611 0.564433
vt 0.925728 0.567130
vt 0.926109 0.570024
vt 0.925728 0.572917
vt 0.924611 0.575614
vt 0.922834 0.577930
vt 0.920518 0.579707
vt 0.888094 0.041847
vt 0.861024 0.362874
vt 0.861024 0.352640
vt 0.798204 0.993566
vt 0.798204 0.984690
vt 0.785406 0.993566
vt 0.785406 0.984690
vt 0.793938 0.984690
vt 0.793938 0.993566
vt 0.789672 0.993566
vt 0.789672 0.984690
vt 0.029631 0.087318
vt 0.049377 0.105476
vt 0.947536 0.302088
vt 0.990766 0.302088
vt 0.016370 0.266719
vt 0.016373 0.243804
vt 0.265013 0.487992
vt 0.273272 0.499401
vt 0.273272 0.496233
vt 0.272165 0.492113
vt 0.269142 0.489096
vt 0.257860 0.492113
vt 0.260883 0.489096
vt 0.256754 0.496233
vt 0.256754 0.499401
vt 0.258524 0.124731
vt 0.265013 0.438244
vt 0.586523 0.124263
vt 0.172465 0.499401
vt 0.172465 0.438244
vt 0.357561 0.499401
vt 0.357561 0.438244
vt 0.866664 0.350832
vt 0.872680 0.359111
vt 0.264005 0.352854
vt 0.265111 0.356974
vt 0.268134 0.359991
vt 0.279417 0.356974
vt 0.276394 0.359991
vt 0.280523 0.352854
vt 0.381565 0.040023
vt 0.361125 0.040024
vt 0.361124 0.026672
vt 0.381565 0.026671
vt 0.962082 0.148855
vt 0.962082 0.132922
vt 0.866657 0.350809
vt 0.872673 0.359090
vt 0.973593 0.148882
vt 0.973592 0.132921
vt 0.967837 0.132921
vt 0.967837 0.148882
vt 0.841832 0.984886
vt 0.841832 0.969071
vt 0.994677 0.484960
vt 0.990591 0.480874
vt 0.973881 0.480874
vt 0.289125 0.270465
vt 0.239092 0.419700
vt 0.991234 0.199863
vt 0.991234 0.217351
vt 0.985405 0.217351
vt 0.985405 0.199863
vt 0.660904 0.734126
vt 0.693253 0.720763
vt 0.718401 0.814966
vt 0.709577 0.818612
vt 0.594338 0.539872
vt 0.584185 0.556908
vt 0.575276 0.572339
vt 0.562676 0.584939
vt 0.562816 0.585053
vt 0.575430 0.572408
vt 0.547359 0.594002
vt 0.289125 0.291322
vt 0.870138 0.346018
vt 0.879871 0.349181
vt 0.828825 0.215497
vt 0.828825 0.163007
vt 0.453289 0.173691
vt 0.453206 0.169319
vt 0.490763 0.068574
vt 0.490763 0.061306
vt 0.521494 0.061296
vt 0.521494 0.068563
vt 0.773706 0.993566
vt 0.773706 0.984690
vt 0.962087 0.182375
vt 0.956258 0.182375
vt 0.234350 0.280830
vt 0.148729 0.722638
vt 0.148735 0.765955
vt 0.140245 0.764512
vt 0.140240 0.724087
vt 0.948941 0.259103
vt 0.990224 0.229218
vt 0.990224 0.236343
vt 0.904180 0.277578
vt 0.947533 0.266144
vt 0.340685 0.040025
vt 0.340684 0.026673
vt 0.988048 0.295332
vt 0.875676 0.231298
vt 0.878969 0.231301
vt 0.512213 0.598461
vt 0.530032 0.598461
vt 0.873126 0.298259
vt 0.873129 0.302108
vt 0.552282 0.061284
vt 0.552279 0.068551
vt 0.868816 0.217352
vt 0.862986 0.217352
vt 0.904296 0.298243
vt 0.568802 0.051722
vt 0.568802 0.058989
vt 0.947534 0.307116
vt 0.520452 0.744151
vt 0.306733 0.051739
vt 0.306733 0.059005
vt 0.643820 0.723442
vt 0.641492 0.718533
vt 0.947535 0.275017
vt 0.990773 0.295693
vt 0.874645 0.217352
vt 0.904296 0.266142
vt 0.904296 0.302092
vt 0.904296 0.307116
vt 0.990766 0.307112
vt 0.990775 0.277563
vt 0.973214 0.128186
vt 0.524670 0.743191
vt 0.948953 0.259196
vt 0.990216 0.229131
vt 0.907671 0.229127
vt 0.948943 0.236255
vt 0.948943 0.229130
vt 0.907669 0.259102
vt 0.947525 0.271171
vt 0.871936 0.093749
vt 0.871936 0.109707
vt 0.327609 0.256984
vt 0.387985 0.256983
vt 0.573134 0.903703
vt 0.565881 0.872355
vt 0.581121 0.870480
vt 0.587647 0.898694
vt 0.606162 0.958519
vt 0.586761 0.932852
vt 0.599911 0.924927
vt 0.617373 0.948029
vt 0.630487 0.979581
vt 0.639266 0.966984
vt 0.565321 0.840184
vt 0.580617 0.841527
vt 0.571479 0.808602
vt 0.586158 0.813103
vt 0.932940 0.217352
vt 0.584341 0.556929
vt 0.594446 0.539946
vt 0.904297 0.307115
vt 0.947533 0.307115
vt 0.727799 0.886872
vt 0.727709 0.984375
vt 0.885400 0.093748
vt 0.961703 0.093746
vt 0.212927 0.283205
vt 0.212927 0.284507
vt 0.181602 0.284507
vt 0.181602 0.283205
vt 0.212927 0.285809
vt 0.181602 0.285809
vt 0.212927 0.287111
vt 0.181602 0.287111
vt 0.212927 0.288413
vt 0.181602 0.288413
vt 0.212927 0.289715
vt 0.181602 0.289715
vt 0.212927 0.271487
vt 0.181602 0.271487
vt 0.212927 0.272789
vt 0.181602 0.272789
vt 0.212927 0.274091
vt 0.181602 0.274091
vt 0.640035 0.724394
vt 0.639764 0.718967
vt 0.649524 0.713906
vt 0.644096 0.714178
vt 0.945657 0.553533
vt 0.937783 0.554631
vt 0.258924 0.040028
vt 0.258924 0.026676
vt 0.555418 0.010405
vt 0.567569 0.023758
vt 0.244756 0.023752
vt 0.568660 0.025447
vt 0.565096 0.026985
vt 0.244767 0.010400
vt 0.899983 0.638484
vt 0.899983 0.658213
vt 0.887378 0.658214
vt 0.887378 0.638484
vt 0.186583 0.662723
vt 0.190251 0.665036
vt 0.166457 0.699144
vt 0.588830 0.115334
vt 0.590227 0.124503
vt 0.581228 0.006635
vt 0.565635 0.005853
vt 0.229478 0.107697
vt 0.228569 0.116927
vt 0.233316 0.107634
vt 0.547306 0.114501
vt 0.539357 0.118280
vt 0.539943 0.103677
vt 0.547413 0.103438
vt 0.192800 0.007789
vt 0.173089 0.031415
vt 0.167812 0.024238
vt 0.178192 0.054167
vt 0.170852 0.042549
vt 0.178858 0.037823
vt 0.186745 0.050312
vt 0.183821 0.066465
vt 0.192791 0.063532
vt 0.172918 0.179773
vt 0.178854 0.173478
vt 0.170847 0.168752
vt 0.165680 0.174899
vt 0.165685 0.036401
vt 0.199589 0.119920
vt 0.190151 0.118927
vt 0.187789 0.132043
vt 0.197053 0.134018
vt 0.183817 0.144836
vt 0.192787 0.147770
vt 0.186741 0.160989
vt 0.178188 0.157135
vt 0.190934 0.105651
vt 0.200431 0.105651
vt 0.190153 0.092375
vt 0.199590 0.091382
vt 0.187790 0.079259
vt 0.197056 0.077284
vt 0.926926 0.605998
vt 0.928911 0.609891
vt 0.941603 0.604408
vt 0.939235 0.599149
vt 0.931480 0.617069
vt 0.944404 0.613091
vt 0.961639 0.720029
vt 0.968015 0.709795
vt 0.960887 0.706236
vt 0.955780 0.716870
vt 0.949578 0.714447
vt 0.953405 0.703555
vt 0.943126 0.712738
vt 0.945671 0.701688
vt 0.933990 0.639772
vt 0.946818 0.640229
vt 0.395263 0.136091
vt 0.395697 0.126011
vt 0.421214 0.126619
vt 0.422324 0.136651
vt 0.430556 0.610764
vt 0.391621 0.594646
vt 0.550950 0.143178
vt 0.940529 0.689837
vt 0.291167 0.139875
vt 0.338122 0.152963
vt 0.365991 0.158136
vt 0.451576 0.158292
vt 0.423145 0.160557
vt 0.394371 0.160604
vt 0.013791 0.220945
vt 0.008739 0.198074
vt 0.629519 0.113864
vt 0.639112 0.116652
vt 0.638586 0.106144
vt 0.629130 0.105647
vt 0.987857 0.685328
vt 0.948750 0.675622
vt 0.148906 0.188762
vt 0.133782 0.196544
vt 0.121774 0.162708
vt 0.149124 0.149962
vt 0.610318 0.120636
vt 0.609565 0.105623
vt 0.972270 0.712529
vt 0.964739 0.722253
vt 0.615028 0.650832
vt 0.601844 0.650883
vt 0.601552 0.137651
vt 0.605801 0.153336
vt 0.611713 0.151493
vt 0.607633 0.136434
vt 0.611714 0.168549
vt 0.619227 0.183134
vt 0.624603 0.180102
vt 0.617391 0.166099
vt 0.625150 0.031436
vt 0.619796 0.028291
vt 0.630562 0.023376
vt 0.617832 0.045300
vt 0.612175 0.042731
vt 0.605192 0.121075
vt 0.599009 0.121654
vt 0.598198 0.105509
vt 0.604415 0.105573
vt 0.601787 0.073433
vt 0.607859 0.074777
vt 0.612050 0.059797
vt 0.606152 0.057830
vt 0.605306 0.090088
vt 0.599128 0.089380
vt 0.634197 0.185547
vt 0.622130 0.164241
vt 0.616634 0.150095
vt 0.612902 0.075797
vt 0.610428 0.090625
vt 0.612682 0.135510
vt 0.616959 0.061288
vt 0.622561 0.047249
vt 0.634295 0.020068
vt 0.631994 0.079427
vt 0.629890 0.092486
vt 0.640209 0.157410
vt 0.635348 0.144922
vt 0.631857 0.132064
vt 0.629769 0.118966
vt 0.644157 0.028383
vt 0.655420 0.030782
vt 0.647660 0.041234
vt 0.629646 0.033822
vt 0.634782 0.026174
vt 0.635661 0.066799
vt 0.640559 0.054452
vt 0.510062 0.767204
vt 0.619367 0.201524
vt 0.626896 0.206486
vt 0.421399 0.110530
vt 0.396388 0.109994
vt 0.582613 0.224335
vt 0.975237 0.822593
vt 0.966287 0.824084
vt 0.975212 0.807705
vt 0.251842 0.223742
vt 0.248299 0.232387
vt 0.262030 0.237727
vt 0.270380 0.230778
vt 0.223452 0.210583
vt 0.219206 0.218908
vt 0.192549 0.203908
vt 0.197410 0.195922
vt 0.260257 0.209993
vt 0.278684 0.215779
vt 0.279334 0.215964
vt 0.219941 0.155799
vt 0.213273 0.171699
vt 0.204424 0.186849
vt 0.231495 0.199112
vt 0.548413 0.189961
vt 0.541833 0.169331
vt 0.576979 0.181438
vt 0.958545 0.610009
vt 0.987970 0.606785
vt 0.642239 0.690558
vt 0.240785 0.181418
vt 0.196844 0.625572
vt 0.423393 0.531732
vt 0.449522 0.565784
vt 0.300245 0.760326
vt 0.354666 0.238054
vt 0.320575 0.231565
vt 0.600445 0.173347
vt 0.494210 0.224947
vt 0.564470 0.200874
vt 0.555410 0.204875
vt 0.527848 0.215977
vt 0.600701 0.037608
vt 0.609311 0.022011
vt 0.594073 0.053933
vt 0.586552 0.088015
vt 0.589369 0.070796
vt 0.616471 0.012817
vt 0.585593 0.105415
vt 0.288655 0.222333
vt 0.276589 0.219194
vt 0.497045 0.232341
vt 0.531581 0.222340
vt 0.460397 0.238080
vt 0.389917 0.240945
vt 0.425894 0.240843
vt 0.608983 -0.145235
vt 0.607440 -0.145933
vt 0.567609 0.209009
vt 0.558321 0.211375
vt 0.500692 0.117740
vt 0.500535 0.098056
vt 0.514220 0.121747
vt 0.502901 0.122121
vt 0.502835 0.120657
vt 0.489381 0.117398
vt 0.489296 0.097728
vt 0.990215 0.236257
vt 0.990215 0.229132
vt 0.950428 0.182375
vt 0.352988 0.802795
vt 0.393646 0.802855
vt 0.660781 0.655228
vt 0.670191 0.677453
vt 0.953793 0.943368
vt 0.966294 0.949840
vt 0.972382 0.932488
vt 0.957517 0.929563
vt 0.836349 0.721194
vt 0.972379 0.911952
vt 0.568802 0.061294
vt 0.568802 0.068561
vt 0.870138 0.340096
vt 0.879871 0.336933
vt 0.213342 0.039687
vt 0.219492 0.036842
vt 0.656894 0.040891
vt 0.664593 0.029785
vt 0.231873 0.070547
vt 0.224582 0.071911
vt 0.219982 0.055565
vt 0.227108 0.053510
vt 0.990754 0.266147
vt 0.947525 0.266148
vt 0.990754 0.271170
vt 0.213448 0.121289
vt 0.227442 0.120318
vt 0.596141 0.218755
vt 0.623189 0.204721
vt 0.167219 0.187216
vt 0.909622 0.217352
vt 0.067517 0.873516
vt 0.086335 0.888547
vt 0.065077 0.907922
vt 0.261622 0.903847
vt 0.432834 0.946263
vt 0.039827 0.971272
vt 0.037677 0.976630
vt 0.040202 0.978524
vt 0.485753 0.422484
vt 0.648572 0.710123
vt 0.643662 0.712450
vt 0.642599 0.711020
vt 0.646245 0.706991
vt 0.892902 0.483522
vt 0.878530 0.493125
vt 0.863348 0.452195
vt 0.861576 0.496497
vt 0.844622 0.493125
vt 0.830250 0.483522
vt 0.820646 0.469149
vt 0.817274 0.452195
vt 0.820646 0.435241
vt 0.830250 0.420869
vt 0.844622 0.411265
vt 0.861576 0.407893
vt 0.878530 0.411265
vt 0.892902 0.420869
vt 0.902506 0.435242
vt 0.905878 0.452195
vt 0.902506 0.469149
vt 0.953370 0.551671
vt 0.960832 0.548997
vt 0.947865 0.968506
vt 0.956473 0.961915
vt 0.963192 0.972036
vt 0.952637 0.976139
vt 0.760326 0.699755
vt 0.884912 0.795354
vt 0.685667 0.948240
vt 0.625571 0.803156
vt 0.958646 0.645237
vt 0.959876 0.621581
vt 0.944041 0.570867
vt 0.955976 0.598202
vt 0.933155 0.624509
vt 0.946151 0.622024
vt 0.946932 0.631101
vt 0.933979 0.632108
vt 0.936511 0.711722
vt 0.564527 0.010587
vt 0.560646 0.010578
vt 0.973593 0.151405
vt 0.871936 0.128186
vt 0.871936 0.112230
vt 0.858471 0.112230
vt 0.858471 0.128186
vt 0.583280 0.224618
vt 0.290989 0.059005
vt 0.290989 0.051739
vt 0.273058 0.226752
vt 0.318429 0.238641
vt 0.389450 0.248474
vt 0.459431 0.245544
vt 0.534946 0.228693
vt 0.570893 0.217435
vt 0.523352 0.792252
vt 0.508741 0.831122
vt 0.159196 0.723092
vt 0.175028 0.684771
vt 0.046889 0.372817
vt 0.031766 0.393857
vt 0.940817 0.755874
vt 0.947865 0.750183
vt 0.956473 0.756774
vt 0.947133 0.763468
vt 0.244457 0.116155
vt 0.171577 0.763933
vt 0.176926 0.770880
vt 0.644967 0.068409
vt 0.640959 0.081979
vt 0.629718 0.118478
vt 0.639208 0.093835
vt 0.649909 0.055070
vt 0.013112 0.098434
vt 0.015030 0.097411
vt 0.031801 0.116662
vt 0.013010 0.125429
vt 0.021680 0.732640
vt 0.105516 0.623426
vt 0.083443 0.638621
vt 0.067484 0.615116
vt 0.086298 0.600084
vt 0.441447 0.103649
vt 0.439836 0.131305
vt 0.452602 0.132012
vt 0.455733 0.102175
vt 0.449163 0.102175
vt 0.442592 0.097172
vt 0.227320 0.122592
vt 0.121774 0.836871
vt 0.105547 0.865197
vt 0.083471 0.850005
vt 0.096521 0.823236
vt 0.472904 0.102380
vt 0.467531 0.098032
vt 0.465175 0.127695
vt 0.514029 0.093960
vt 0.502730 0.094192
vt 0.502730 0.095697
vt 0.940625 0.565687
vt 0.145337 0.856959
vt 0.125324 0.885812
vt 0.105548 0.865197
vt 0.333696 0.992564
vt 0.333696 0.946222
vt 0.067484 0.384462
vt 0.083443 0.360958
vt 0.105516 0.376152
vt 0.086298 0.399495
vt 0.212927 0.275393
vt 0.181602 0.275393
vt 0.008739 0.801505
vt 0.014788 0.802027
vt 0.031766 0.605722
vt 0.049340 0.594535
vt 0.105547 0.134381
vt 0.083471 0.149573
vt 0.067517 0.126063
vt 0.086335 0.111031
vt 0.937777 0.700588
vt 0.406071 0.422493
vt 0.013010 0.874150
vt 0.008593 0.874260
vt 0.370219 0.124361
vt 0.371360 0.111155
vt 0.396269 0.112767
vt 0.421224 0.113306
vt 0.344835 0.121615
vt 0.319593 0.117778
vt 0.321867 0.104719
vt 0.346544 0.108470
vt 0.297374 0.099907
vt 0.294539 0.112856
vt 0.269716 0.106918
vt 0.273112 0.094044
vt 0.317862 0.127718
vt 0.343534 0.131620
vt 0.266077 0.116332
vt 0.292381 0.122712
vt 0.369350 0.134413
vt 0.371599 0.108389
vt 0.346902 0.105718
vt 0.322343 0.101984
vt 0.297968 0.097195
vt 0.273653 0.091316
vt 0.012577 0.905735
vt 0.009898 0.903209
vt 0.013112 0.901145
vt 0.012538 0.416672
vt 0.014992 0.413105
vt 0.029591 0.423198
vt 0.026621 0.426473
vt 0.042395 0.435235
vt 0.038953 0.438119
vt 0.049117 0.451552
vt 0.049117 0.548026
vt 0.056730 0.532991
vt 0.060950 0.534666
vt 0.052989 0.550378
vt 0.065904 0.481978
vt 0.061454 0.482853
vt 0.056730 0.466588
vt 0.067633 0.988861
vt 0.063102 0.988861
vt 0.061498 0.971921
vt 0.065949 0.971047
vt 0.009898 0.096370
vt 0.012577 0.093844
vt 0.042395 0.564344
vt 0.029591 0.576381
vt 0.026621 0.573105
vt 0.038953 0.561460
vt 0.053031 0.938264
vt 0.049160 0.940617
vt 0.060994 0.953979
vt 0.056773 0.955654
vt 0.067588 0.499789
vt 0.065904 0.517600
vt 0.061454 0.516726
vt 0.063057 0.499789
vt 0.056773 0.043924
vt 0.061498 0.027657
vt 0.065949 0.028532
vt 0.060994 0.045600
vt 0.042395 0.564343
vt 0.026661 0.084042
vt 0.013781 0.710001
vt 0.019304 0.709429
vt 0.021680 0.732639
vt 0.016370 0.732859
vt 0.008680 0.149972
vt 0.008593 0.125318
vt 0.013114 0.150201
vt 0.049340 0.405043
vt 0.065038 0.418863
vt 0.088466 0.944013
vt 0.094875 0.965767
vt 0.097072 0.010718
vt 0.094875 0.033812
vt 0.067633 0.010718
vt 0.097027 0.499789
vt 0.094831 0.476700
vt 0.123762 0.040870
vt 0.115458 0.068464
vt 0.088466 0.055566
vt 0.078322 0.924574
vt 0.102630 0.907615
vt 0.102591 0.581017
vt 0.065038 0.580716
vt 0.078281 0.564064
vt 0.065037 0.580716
vt 0.067484 0.384463
vt 0.049340 0.405044
vt 0.025085 0.146597
vt 0.035439 0.658014
vt 0.012941 0.663422
vt 0.013086 0.639260
vt 0.125289 0.396768
vt 0.102591 0.418562
vt 0.141492 0.424307
vt 0.115416 0.442058
vt 0.125324 0.113767
vt 0.105548 0.134381
vt 0.086335 0.111032
vt 0.102630 0.091964
vt 0.149241 0.538836
vt 0.141492 0.575271
vt 0.115416 0.557520
vt 0.123718 0.529934
vt 0.149285 0.049779
vt 0.149288 0.063783
vt 0.141532 0.086225
vt 0.149134 0.093045
vt 0.149116 0.138127
vt 0.145337 0.142620
vt 0.096499 0.334195
vt 0.121748 0.347836
vt 0.059906 0.349780
vt 0.133782 0.803035
vt 0.148906 0.810817
vt 0.149124 0.849617
vt 0.014772 0.312970
vt 0.043608 0.681598
vt 0.019304 0.290150
vt 0.105867 0.793290
vt 0.070334 0.813749
vt 0.077627 0.786840
vt 0.049257 0.706216
vt 0.059931 0.838831
vt 0.046919 0.861872
vt 0.025085 0.852982
vt 0.035463 0.830620
vt 0.133765 0.685570
vt 0.105853 0.695324
vt 0.096499 0.665384
vt 0.121748 0.651743
vt 0.148887 0.677781
vt 0.149096 0.360590
vt 0.145307 0.367928
vt 0.149085 0.372422
vt 0.105867 0.206288
vt 0.096521 0.176342
vt 0.077615 0.701782
vt 0.014772 0.686609
vt 0.140245 0.764511
vt 0.077627 0.212739
vt 0.094831 0.476701
vt 0.061454 0.482852
vt 0.149245 0.446743
vt 0.149096 0.417490
vt 0.105516 0.376153
vt 0.035463 0.168959
vt 0.059931 0.160748
vt 0.070334 0.185830
vt 0.125288 0.602811
vt 0.046920 0.137706
vt 0.046920 0.861872
vt 0.012963 0.174363
vt 0.065037 0.418863
vt 0.149203 0.010718
vt 0.126650 0.010718
vt 0.141492 0.575272
vt 0.125289 0.602811
vt 0.096521 0.176343
vt 0.049377 0.105477
vt 0.052989 0.550379
vt 0.088423 0.544628
vt 0.094831 0.522878
vt 0.097072 0.988861
vt 0.013115 0.150201
vt 0.025085 0.146596
vt 0.014772 0.686608
vt 0.012941 0.663421
vt 0.070334 0.813748
vt 0.043625 0.807033
vt 0.105853 0.304255
vt 0.046919 0.137707
vt 0.105853 0.304254
vt 0.926131 -0.087846
vt 0.145307 0.367929
vt 0.125288 0.396768
vt 0.149116 0.861451
vt 0.149135 0.906533
vt 0.149288 0.935796
vt 0.141532 0.086224
vt 0.123762 0.040871
vt 0.964050 -0.082332
vt 0.149096 0.638989
vt 0.133765 0.314009
vt 0.148887 0.321798
vt 0.234671 0.946222
vt 0.234671 0.992564
vt 0.145307 0.631650
vt 0.149085 0.627157
vt 0.149096 0.582088
vt 0.149245 0.552835
vt 0.975298 0.869863
vt 0.975308 0.859345
vt 0.965701 0.859345
vt 0.963181 0.872414
vt 0.975309 0.744103
vt 0.975266 0.738842
vt 0.975319 0.733581
vt 0.952637 0.742551
vt 0.954344 0.733581
vt 0.953911 0.738162
vt 0.952625 0.850376
vt 0.954332 0.859345
vt 0.963181 0.846275
vt 0.963192 0.746653
vt 0.975302 0.754751
vt 0.975293 0.754614
vt 0.975260 0.749360
vt 0.950589 0.746592
vt 0.975302 0.963938
vt 0.966294 0.768849
vt 0.975311 0.758363
vt 0.975244 0.770344
vt 0.975215 0.785235
vt 0.975179 0.791250
vt 0.975173 0.786029
vt 0.975235 0.759863
vt 0.975233 0.765106
vt 0.975174 0.780805
vt 0.975192 0.775577
vt 0.940817 0.962816
vt 0.947133 0.955221
vt 0.944572 0.753278
vt 0.940298 0.763078
vt 0.940324 0.756137
vt 0.940325 0.769449
vt 0.953793 0.775322
vt 0.940286 0.775662
vt 0.940755 0.781625
vt 0.975170 0.806911
vt 0.975178 0.801690
vt 0.975169 0.812134
vt 0.975186 0.817361
vt 0.942527 0.799468
vt 0.941919 0.787493
vt 0.942528 0.793462
vt 0.941919 0.931196
vt 0.947125 0.889229
vt 0.956464 0.882534
vt 0.966287 0.894605
vt 0.940807 0.837054
vt 0.944561 0.839649
vt 0.947854 0.842745
vt 0.940751 0.811304
vt 0.941916 0.805436
vt 0.953787 0.817610
vt 0.940280 0.817267
vt 0.940317 0.823480
vt 0.947125 0.829461
vt 0.940289 0.829850
vt 0.940314 0.836791
vt 0.975226 0.833072
vt 0.975225 0.827830
vt 0.975302 0.834571
vt 0.975291 0.838182
vt 0.956464 0.836155
vt 0.950578 0.846336
vt 0.975298 0.848827
vt 0.975283 0.838319
vt 0.975249 0.843571
vt 0.975255 0.854085
vt 0.975255 0.864605
vt 0.940807 0.881635
vt 0.947854 0.875945
vt 0.965713 0.985109
vt 0.954344 0.985109
vt 0.953899 0.854765
vt 0.944561 0.879040
vt 0.952625 0.868313
vt 0.953899 0.863925
vt 0.950578 0.872353
vt 0.940289 0.888840
vt 0.940314 0.881898
vt 0.975283 0.880370
vt 0.975249 0.875118
vt 0.975292 0.880508
vt 0.944572 0.965411
vt 0.940298 0.955611
vt 0.940324 0.962553
vt 0.940325 0.949241
vt 0.940286 0.943027
vt 0.940755 0.937064
vt 0.940280 0.901422
vt 0.940317 0.895209
vt 0.942528 0.925227
vt 0.941916 0.913253
vt 0.975237 0.896096
vt 0.975226 0.885617
vt 0.975302 0.884118
vt 0.975225 0.890860
vt 0.975169 0.906555
vt 0.975186 0.901328
vt 0.975212 0.910984
vt 0.975244 0.948345
vt 0.975216 0.933455
vt 0.975179 0.927439
vt 0.975170 0.911779
vt 0.975178 0.917000
vt 0.975174 0.932660
vt 0.975192 0.943112
vt 0.975174 0.937884
vt 0.975311 0.960327
vt 0.975235 0.958827
vt 0.975233 0.953583
vt 0.950589 0.972098
vt 0.953911 0.980528
vt 0.965713 0.733581
vt 0.975309 0.974587
vt 0.975293 0.964076
vt 0.975260 0.969329
vt 0.975319 0.985109
vt 0.975266 0.979847
vt 0.049117 0.548027
vt 0.063102 0.010718
vt 0.149203 0.988861
vt 0.126650 0.988861
vt 0.149135 0.093045
vt 0.148887 0.321797
vt 0.149245 0.446744
vt 0.149245 0.552836
vt 0.013118 0.601122
vt 0.013086 0.360319
vt 0.013114 0.849378
vt 0.149134 0.906533
vt 0.794979 0.734251
vt 0.746149 0.818646
vt 0.198948 0.669973
vt 0.192146 0.671066
vt 0.265775 0.615816
vt 0.169746 0.727226
vt 0.641407 0.650723
vt 0.654600 0.650672
vt 0.614221 0.651355
vt 0.627856 0.651299
vt 0.641447 0.664984
vt 0.627927 0.672733
vt 0.627841 0.651329
vt 0.641559 0.651273
vt 0.655491 0.657487
vt 0.655276 0.651220
vt 0.641500 0.651242
vt 0.628213 0.650778
vt 0.600426 0.651439
vt 0.614134 0.651386
vt 0.614351 0.665088
vt 0.655144 0.651190
vt 0.861032 0.343078
vt 0.861032 0.333496
vt 0.866664 0.335326
vt 0.855398 0.335326
vt 0.861024 0.343057
vt 0.861024 0.333474
vt 0.866657 0.335304
vt 0.594715 0.737592
vt 0.594715 0.764760
vt 0.586318 0.763430
vt 0.603109 0.763430
vt 0.610683 0.759571
vt 0.616693 0.753561
vt 0.620552 0.745988
vt 0.621882 0.737592
vt 0.620552 0.729197
vt 0.616693 0.721623
vt 0.610683 0.715613
vt 0.603109 0.711754
vt 0.594715 0.710425
vt 0.586318 0.711754
vt 0.578745 0.715613
vt 0.572735 0.721623
vt 0.568876 0.729197
vt 0.567546 0.737592
vt 0.568876 0.745988
vt 0.572735 0.753561
vt 0.578745 0.759571
vt 0.855991 0.683377
vt 0.862605 0.683377
vt 0.875835 0.683377
vt 0.869221 0.683377
vt 0.836349 0.683376
vt 0.842761 0.683377
vt 0.902091 0.683377
vt 0.895680 0.683377
vt 0.889066 0.683377
vt 0.849375 0.683377
vt 0.882450 0.683377
vt 0.869220 0.683377
vt 0.314860 0.726750
vt 0.315857 0.724037
vt 0.327267 0.730413
vt 0.325480 0.732684
vt 0.928627 0.588475
vt 0.927988 0.588211
vt 0.858912 0.169881
vt 0.209915 0.946246
vt 0.209915 0.992539
vt 0.446587 0.945763
vt 0.341854 0.977705
vt 0.835916 0.672107
vt 0.849564 0.672107
vt 0.862169 0.672107
vt 0.901025 0.672107
vt 0.873972 0.735288
vt 0.873972 0.830148
vt 0.903704 0.735288
vt 0.903704 0.830148
vt 0.979348 0.132921
vt 0.979348 0.148882
vt 0.393760 0.726021
vt 0.393779 0.713216
vt 0.353121 0.713155
vt 0.869221 0.721194
vt 0.985405 0.182375
vt 0.991234 0.182375
vt 0.377150 0.977707
vt 0.377145 0.994487
vt 0.341849 0.994485
vt 0.026731 0.955771
vt 0.026571 0.954655
vt 0.212927 0.279299
vt 0.181602 0.279299
vt 0.264943 0.749821
vt 0.262231 0.748823
vt 0.268606 0.737413
vt 0.270877 0.739201
vt 0.269127 0.784877
vt 0.277394 0.793803
vt 0.275607 0.796075
vt 0.266725 0.786486
vt 0.279803 0.730934
vt 0.278194 0.728532
vt 0.290059 0.723049
vt 0.290846 0.725830
vt 0.262582 0.761755
vt 0.259693 0.761644
vt 0.299948 0.802098
vt 0.312028 0.800657
vt 0.312815 0.803439
vt 0.299837 0.804987
vt 0.287016 0.802450
vt 0.288014 0.799737
vt 0.333746 0.741610
vt 0.336148 0.740001
vt 0.341632 0.751865
vt 0.338850 0.752653
vt 0.337930 0.776666
vt 0.340643 0.777664
vt 0.334268 0.789074
vt 0.331996 0.787286
vt 0.303036 0.721500
vt 0.302925 0.724388
vt 0.340292 0.764732
vt 0.343181 0.764843
vt 0.324679 0.797955
vt 0.323071 0.795553
vt 0.261242 0.774622
vt 0.264023 0.773835
vt 0.200681 0.945746
vt 0.863612 0.921501
vt 0.854233 0.921501
vt 0.387985 0.256984
vt 0.904297 0.266146
vt 0.166550 0.945744
vt 0.358567 0.946263
vt 0.358567 0.992604
vt 0.602864 0.521186
vt 0.512082 0.598513
vt 0.990774 0.307116
vt 0.642362 0.692436
vt 0.979348 0.151405
vt 0.007648 0.522922
vt 0.004404 0.510814
vt 0.010708 0.510814
vt 0.978970 0.128186
vt 0.990226 0.252067
vt 0.013781 0.289577
vt 0.016374 0.755774
vt 0.016370 0.732860
vt 0.008723 0.312447
vt 0.028754 0.969938
vt 0.018403 0.965782
vt 0.021867 0.961163
vt 0.017714 0.971515
vt 0.019982 0.976824
vt 0.024600 0.980287
vt 0.030331 0.980978
vt 0.035640 0.978711
vt 0.039105 0.974092
vt 0.039795 0.968360
vt 0.037528 0.963051
vt 0.032909 0.959587
vt 0.027177 0.958896
vt 0.025803 0.949278
vt 0.036528 0.950570
vt 0.026258 0.990655
vt 0.026908 0.985262
vt 0.019493 0.982286
vt 0.016234 0.986631
vt 0.015869 0.953521
vt 0.009387 0.962164
vt 0.045448 0.982460
vt 0.049473 0.972434
vt 0.041103 0.979200
vt 0.031705 0.990595
vt 0.020981 0.989303
vt 0.043080 0.975689
vt 0.048121 0.977712
vt 0.041638 0.986354
vt 0.044036 0.967754
vt 0.049414 0.966986
vt 0.045170 0.957052
vt 0.007649 0.498706
vt 0.013108 0.501858
vt 0.008097 0.972891
vt 0.012340 0.982822
vt 0.028621 0.528728
vt 0.028621 0.535032
vt 0.016513 0.531788
vt 0.016513 0.489842
vt 0.019664 0.495301
vt 0.047946 0.961739
vt 0.016404 0.960674
vt 0.013429 0.968092
vt 0.014548 0.968227
vt 0.017306 0.961351
vt 0.028621 0.527420
vt 0.036924 0.525195
vt 0.037578 0.526328
vt 0.034817 0.984133
vt 0.034374 0.983096
vt 0.027043 0.984143
vt 0.014560 0.976001
vt 0.020170 0.981384
vt 0.015597 0.975558
vt 0.008276 0.336226
vt 0.008276 0.663353
vt 0.008652 0.639032
vt 0.009859 0.414145
vt 0.019831 0.963245
vt 0.017681 0.968604
vt 0.024373 0.959680
vt 0.030088 0.958863
vt 0.035446 0.961014
vt 0.039011 0.965556
vt 0.033135 0.980194
vt 0.027420 0.981010
vt 0.022063 0.978860
vt 0.018499 0.974319
vt 0.043002 0.519117
vt 0.044135 0.519771
vt 0.042920 0.967913
vt 0.042034 0.975268
vt 0.012016 0.510814
vt 0.014241 0.502512
vt 0.037578 0.495301
vt 0.036924 0.496434
vt 0.028621 0.494209
vt 0.028621 0.492901
vt 0.020319 0.496434
vt 0.016373 0.755774
vt 0.013791 0.778633
vt 0.028621 0.510814
vt 0.015678 0.510814
vt 0.017413 0.504343
vt 0.017412 0.517286
vt 0.022150 0.522023
vt 0.028621 0.523758
vt 0.035092 0.522024
vt 0.039830 0.517286
vt 0.041564 0.510815
vt 0.039830 0.504343
vt 0.035092 0.499606
vt 0.028621 0.497872
vt 0.022150 0.499606
vt 0.009564 0.978135
vt 0.008036 0.967444
vt 0.020556 0.950745
vt 0.031250 0.949218
vt 0.041276 0.953242
vt 0.012059 0.957415
vt 0.028621 0.486597
vt 0.040730 0.489842
vt 0.036950 0.989128
vt 0.046534 0.510815
vt 0.052838 0.510815
vt 0.049594 0.522923
vt 0.559281 0.692433
vt 0.559174 0.671495
vt 0.569719 0.678361
vt 0.600587 0.651408
vt 0.008299 0.174294
vt 0.008723 0.687131
vt 0.008652 0.360547
vt 0.016374 0.243804
vt 0.990227 0.259192
vt 0.990214 0.251980
vt 0.012577 0.093843
vt 0.040730 0.531787
vt 0.044135 0.501858
vt 0.049594 0.498706
vt 0.043002 0.502512
vt 0.045226 0.510815
vt 0.569918 0.692383
vt 0.580447 0.686392
vt 0.580494 0.692298
vt 0.569815 0.692361
vt 0.628304 0.682747
vt 0.548765 0.692553
vt 0.538189 0.692637
vt 0.538133 0.686724
vt 0.653107 0.685918
vt 0.665024 0.680003
vt 0.642425 0.692688
vt 0.619594 0.690285
vt 0.619844 0.692890
vt 0.580308 0.686408
vt 0.580348 0.692290
vt 0.872680 0.327046
vt 0.849383 0.327046
vt 0.861024 0.323240
vt 0.861032 0.323261
vt 0.872673 0.327024
vt 0.602817 0.686167
vt 0.613619 0.692742
vt 0.823491 0.981397
vt 0.820731 0.980657
vt 0.823491 0.975878
vt 0.818711 0.978636
vt 0.817971 0.975878
vt 0.818711 0.973117
vt 0.820731 0.971097
vt 0.823491 0.970357
vt 0.826252 0.971097
vt 0.828272 0.973117
vt 0.829011 0.975878
vt 0.828271 0.978636
vt 0.826250 0.980657
vt 0.885401 0.128186
vt 0.838974 0.984886
vt 0.838974 0.969071
vt 0.407964 0.992564
vt 0.407964 0.946222
vt 0.984725 0.128186
vt 0.990481 0.128186
vt 0.353140 0.700350
vt 0.393798 0.700410
vt 0.641070 0.710105
vt 0.639308 0.709846
vt 0.639036 0.704419
vt 0.642896 0.704988
vt 0.660943 0.655279
vt 0.670404 0.677624
vt 0.635252 0.705370
vt 0.637580 0.710280
vt 0.639536 0.714406
vt 0.701950 0.876137
vt 0.632940 0.945018
vt 0.547244 0.593850
vt 0.723603 0.615385
vt 0.947536 0.307111
vt 0.159820 0.711850
vt 0.301437 0.763243
vt 0.904296 0.307118
vt 0.607318 0.497881
vt 0.803156 0.374429
vt 0.948240 0.314333
vt 0.981020 0.563328
vt 0.825327 0.542830
vt 0.239674 0.300245
vt 0.115088 0.204647
vt 0.314333 0.051761
vt 0.374429 0.196844
vt 0.699755 0.239674
vt 0.795353 0.115088
vt 0.174673 0.457170
vt 0.018980 0.436673
vt 0.457170 0.825327
vt 0.436673 0.981020
vt 0.204647 0.884912
vt 0.051761 0.685667
vt 0.468268 0.423393
vt 0.434216 0.449522
vt 0.510823 0.417791
vt 0.542830 0.174673
vt 0.550478 0.434216
vt 0.489177 0.582210
vt 0.576607 0.468269
vt 0.565784 0.550478
vt 0.531732 0.576607
vt 0.417790 0.489177
vt 0.500000 0.500000
vt 0.582209 0.510823
vt 0.563327 0.018980
s 1
usemtl personality_sphere
f 1/1/1 2/2/1 3/3/1
f 3099/4/2 3030/5/2 3031/6/3 3098/7/4
f 23/8/5 25/9/6 24/10/6 22/11/5
f 3254/12/7 3238/13/8 3237/14/9 3255/15/10
f 6971/16/11 6973/17/12 6972/18/12 6970/19/11
f 2789/20/13 2741/21/13 2740/22/14 2788/23/14
f 4018/24/15 3460/25/16 3344/26/16 3343/27/15
f 2031/28/17 2005/29/18 2004/30/19 2030/31/20
f 4049/32/21 4052/33/22 4051/34/22 4050/35/23
f 1967/36/24 1963/37/25 2099/38/25 2096/39/24
f 6958/40/26 6947/41/27 6949/42/27 6957/43/26
f 7275/44/28 7277/45/24 7276/46/24 7274/47/28
f 1744/48/29 1743/49/30 1793/50/30 1794/51/29
f 3459/52/31 3463/53/32 3420/54/32 3417/55/31
f 3371/56/33 3373/57/34 3372/58/34 3370/59/33
f 2397/60/35 2399/61/36 2410/62/36 2408/63/37
f 4391/64/38 4393/65/39 4392/66/40 4390/67/38
f 837/68/41 836/69/42 855/70/42 854/71/43
f 3292/72/44 3294/73/44 3300/74/44 3301/75/44
f 3620/76/45 3625/77/46 3624/78/46 3623/79/45
f 6196/80/47 6198/81/44 6197/82/44 6195/83/47
f 6194/84/20 6196/80/47 6195/83/47 6192/85/20
f 5939/86/2 5941/87/2 1999/88/2 5940/89/2
f 6706/90/48 6648/91/48 6665/92/48 6705/93/48
f 3473/94/49 3475/95/50 3431/96/50 3429/97/49
f 262/98/51 263/99/51 261/100/51 260/101/51
f 288/101/52 290/98/52 289/100/52 287/102/52
f 73/103/53 79/104/53 78/105/53 77/106/53
f 75/107/53 79/104/53 73/103/53 74/108/53
f 274/101/54 276/98/54 275/100/54 273/102/54
f 7060/109/54 7055/102/54 7056/101/54 7061/100/54
f 66/103/55 69/110/55 67/108/55 68/107/55
f 59/103/56 65/104/56 64/105/56 63/106/56
f 52/103/53 57/105/53 56/106/53 55/110/53
f 6959/103/55 6962/110/55 6960/108/55 6961/107/55
f 267/101/52 269/98/52 268/100/52 266/102/52
f 6959/103/55 6961/107/55 6965/104/55 6964/105/55
f 272/109/52 266/102/52 268/100/52 271/111/52
f 283/98/51 284/99/51 282/100/51 281/101/51
f 1480/112/57 1467/113/57 1463/114/58 1478/115/58
f 211/116/59 201/117/60 203/118/61 209/119/62
f 90/120/63 92/121/64 91/122/65
f 81/123/66 288/124/66 287/125/67 82/126/67
f 89/127/68 94/128/69 93/129/70
f 150/130/71 151/131/72 139/132/73 141/133/74
f 43/134/75 45/135/76 44/136/76 41/137/75
f 245/138/77 246/139/78 251/140/79 250/141/80
f 142/142/81 145/143/82 143/144/83 144/145/84
f 384/146/85 377/147/86 378/148/87 380/149/88
f 88/150/89 125/151/90 123/152/91 124/153/92
f 91/122/65 105/154/93 104/155/94
f 4659/156/95 4628/157/96 4660/158/96 4661/159/95
f 106/160/97 108/161/98 107/162/99
f 109/163/100 107/162/99 108/161/98
f 109/163/100 108/161/98 110/164/101
f 111/165/102 109/163/100 110/164/101
f 111/165/102 110/164/101 112/166/103
f 118/167/104 134/168/105 133/169/106 120/170/107
f 112/166/103 115/171/108 114/172/109 111/165/102
f 122/173/110 123/152/91 119/174/111 121/175/112
f 149/176/113 148/177/114 176/178/115 175/179/116
f 147/180/117 146/181/118 182/182/119 179/183/120
f 133/169/106 136/184/121 132/185/122 120/170/107
f 932/186/123 938/187/124 937/188/124 931/189/123
f 1410/190/125 1411/191/125 1408/192/126 1409/193/126
f 3948/194/127 3941/195/128 3940/196/129 3939/197/130
f 943/198/131 944/199/132 942/200/133 941/201/134
f 151/131/72 152/202/135 137/203/136 139/132/73
f 4400/204/137 4403/205/138 4402/206/139 4401/207/137
f 2208/208/140 2211/209/140 2209/210/140 2210/211/140
f 96/212/141 135/213/142 134/168/105 118/167/104
f 214/214/143 215/215/144 213/216/145 212/217/146
f 94/128/69 124/153/92 127/218/147
f 106/160/97 107/162/99 104/155/94 105/154/93
f 129/219/148 128/220/149 126/221/150
f 122/173/110 129/219/148 126/221/150
f 122/173/110 130/222/151 129/219/148
f 121/175/112 130/222/151 122/173/110
f 121/175/112 131/223/152 130/222/151
f 3300/224/153 3294/225/153 3297/226/153 3298/227/153
f 208/228/154 317/229/155 300/230/156 205/231/156
f 242/232/157 243/233/158 222/234/159 220/235/160
f 97/236/161 100/237/162 99/238/163 98/239/164
f 228/240/165 241/241/166 218/242/167 216/243/168
f 6141/244/169 6142/245/170 6110/246/170 6078/247/169
f 146/181/118 147/180/117 145/143/82 142/142/81
f 102/248/171 111/165/102 114/172/109 100/237/162
f 153/249/172 154/250/173 140/251/174 137/203/136
f 4343/252/175 4344/253/176 4297/254/177 4293/255/178
f 87/256/179 104/155/94 103/257/180 95/258/181
f 4123/259/182 4089/260/182 4088/261/182 4122/262/182
f 382/263/183 383/264/184 380/149/88 381/265/185
f 122/173/110 126/221/150 124/153/92 123/152/91
f 218/242/167 219/266/186 217/267/187 216/243/168
f 2225/268/188 2222/269/188 2218/270/188 2219/271/188
f 118/167/104 119/174/111 117/272/189 96/212/141
f 2108/273/190 2107/274/190 2162/275/191 2178/276/190
f 3239/277/192 3241/278/193 3240/279/193 3236/280/192
f 2535/281/194 2537/282/195 2548/283/196 2547/284/197
f 386/285/198 391/286/199 385/287/200 383/264/184
f 371/288/201 389/289/202 388/290/203 375/291/204
f 4701/292/205 4702/194/206 4693/197/207 4692/293/208
f 2240/294/209 2232/295/209 2234/296/209 2241/297/209
f 166/298/210 165/299/211 154/250/173
f 166/298/210 154/250/173 153/249/172
f 153/249/172 167/300/212 166/298/210
f 153/249/172 158/301/213 167/300/212
f 167/300/212 158/301/213 168/302/214
f 175/179/116 176/178/115 181/303/215 180/304/216
f 170/305/217 169/306/218 152/202/135
f 364/307/219 365/308/220 311/309/221 363/310/222
f 240/311/223 245/138/77 244/312/224 241/241/166
f 159/313/225 174/314/226 173/315/227
f 151/131/72 171/316/228 170/305/217 152/202/135
f 152/202/135 158/301/213 153/249/172 137/203/136
f 148/177/114 177/317/229 176/178/115
f 148/177/114 178/318/230 177/317/229
f 147/180/117 178/318/230 148/177/114
f 147/180/117 179/183/120 178/318/230
f 170/305/217 171/316/228 172/319/231
f 174/314/226 175/179/116 180/304/216
f 2838/320/232 2837/321/232 2839/322/232 2840/323/232
f 181/303/215 176/178/115 177/317/229
f 149/176/113 175/179/116 150/130/71 141/133/74
f 382/263/183 320/324/233 319/325/234 387/326/235
f 383/264/184 382/263/183 387/326/235 386/285/198
f 157/327/236 156/328/237 161/329/238 160/330/239
f 186/331/240 160/332/240 296/333/240 297/334/240
f 313/335/241 314/336/242 203/337/242 202/338/243
f 310/339/244 311/309/245 213/340/246 236/341/244
f 105/342/247 180/304/248 181/303/249 106/343/249
f 325/344/250 326/345/251 234/346/251 233/347/252
f 4618/348/253 4704/349/254 4697/350/255 4616/351/256
f 5776/352/257 5778/353/258 5777/354/259 5774/355/260
f 115/356/261 112/357/262 179/358/263 182/359/264
f 320/360/265 221/361/266 223/362/267 319/363/267
f 136/364/268 187/365/268 163/366/268
f 116/367/269 183/368/269 188/369/269
f 136/364/268 163/366/268 164/370/270 132/371/271
f 3754/372/272 3755/373/232 3708/374/273 3705/375/274
f 130/376/275 131/377/276 165/378/277 166/379/278
f 129/380/279 130/376/275 166/379/278 167/300/280
f 128/381/281 129/380/279 167/300/280 168/302/282
f 3446/382/283 3448/383/284 3408/384/284 3412/385/283
f 315/386/285 210/387/285 203/337/242 314/336/242
f 4034/388/286 4036/389/286 4037/390/286 4035/391/286
f 6711/392/287 6653/393/287 6652/394/287 6710/395/287
f 3436/396/288 3438/397/289 3437/398/289 3434/399/288
f 6526/400/290 7321/401/290 7322/402/291 6484/403/291
f 53/404/292 55/405/293 262/406/294 260/407/292
f 6140/408/295 6141/409/169 6078/410/169 6077/411/295
f 4103/412/288 4105/413/296 4104/414/297 4102/415/288
f 201/117/60 202/416/298 203/118/61
f 6271/417/299 6272/418/299 6270/419/300 6269/420/300
f 205/421/301 206/422/302 207/423/303
f 208/424/304 205/421/301 207/423/303
f 208/424/304 207/423/303 209/119/62
f 208/424/304 209/119/62 210/425/305
f 203/118/61 210/425/305 209/119/62
f 88/150/89 124/153/92 94/128/69 89/127/68
f 7279/426/306 7281/427/2 7280/428/2 7278/429/306
f 212/217/146 213/216/145 204/430/307
f 4231/431/308 4359/432/309 4358/433/310 4229/434/311
f 367/435/312 376/436/313 368/437/314 360/438/315
f 238/439/316 226/440/317 209/119/62 207/423/303
f 379/441/318 381/265/185 380/149/88 378/148/87
f 239/442/319 248/443/320 247/444/321 246/139/78
f 370/445/322 375/291/204 306/446/323 305/447/324
f 253/448/325 258/449/326 252/450/327 247/444/321
f 208/424/304 210/425/305 225/451/328
f 2398/12/329 2396/452/330 2407/453/331 2409/15/329
f 3112/454/11 3115/455/11 3113/456/11 3114/457/11
f 95/258/181 103/257/180 102/248/171 101/458/332
f 2275/459/333 2276/460/334 2196/461/334 2195/462/335
f 230/463/336 231/464/337 217/267/187
f 232/465/338 217/267/187 231/464/337
f 232/465/338 224/466/339 217/267/187
f 232/465/338 233/467/340 224/466/339
f 233/467/340 234/468/341 224/466/339
f 235/469/342 224/466/339 234/468/341
f 235/469/342 215/215/144 224/466/339
f 235/469/342 236/470/343 215/215/144
f 213/216/145 215/215/144 236/470/343
f 235/469/342 237/471/342 236/470/343
f 368/437/314 369/472/344 361/473/345 360/438/315
f 4716/254/346 4718/474/347 6419/475/348 6418/253/349
f 125/151/90 117/272/189 119/174/111 123/152/91
f 4039/476/350 4042/477/350 4040/478/350 4041/479/350
f 383/264/184 385/287/200 384/146/85 380/149/88
f 2972/480/351 2973/481/352 2971/482/353 2970/483/354
f 384/146/85 385/287/200 373/484/355 372/485/356
f 2541/486/357 2551/487/358 2550/488/359 2540/489/360
f 375/291/204 370/445/322 374/490/361 371/288/201
f 373/484/355 390/491/362 389/289/202 371/288/201
f 2102/492/363 2104/493/363 2120/494/363 2124/495/364
f 244/312/224 249/496/365 243/233/158 242/232/157
f 100/237/162 114/172/109 113/497/366 99/238/163
f 115/171/108 116/498/367 113/497/366 114/172/109
f 104/155/94 107/162/99 109/163/100 103/257/180
f 230/463/336 217/267/187 219/266/186 229/499/368
f 255/500/369 238/439/316 256/501/370
f 257/502/371 256/501/370 238/439/316
f 257/502/371 238/439/316 207/423/303
f 257/502/371 207/423/303 206/422/302
f 285/111/51 286/109/51 282/100/51 284/99/51
f 59/103/56 63/106/56 62/110/56 60/108/56
f 52/103/53 54/107/53 58/104/53 57/105/53
f 4118/503/372 4084/504/372 4083/505/373 4117/506/373
f 4111/507/374 4095/508/374 4094/509/374 4110/510/374
f 3485/511/375 3486/512/33 3478/513/33 3477/514/375
f 6428/515/376 6429/516/377 6390/517/377 6392/518/376
f 4146/67/38 4147/64/38 4144/519/378 4145/520/378
f 7344/521/20 7345/522/47 6495/523/47 6497/524/20
f 7057/98/54 7058/99/54 7061/100/54 7056/101/54
f 61/107/56 65/104/56 59/103/56 60/108/56
f 6959/103/55 6964/105/55 6963/106/55 6962/110/55
f 6277/525/20 6278/526/20 6275/527/47 6276/528/47
f 6259/525/379 6260/526/379 6257/419/2 6256/420/2
f 16/41/380 18/42/380 26/43/381 27/40/381
f 1441/529/382 1440/530/58 1462/531/383 1461/532/384
f 6264/533/24 6266/528/25 6265/527/25 6263/534/24
f 85/535/385 292/536/385 291/537/386 84/538/386
f 80/103/56 85/105/56 84/106/56 83/110/56
f 7059/111/54 7060/109/54 7061/100/54 7058/99/54
f 265/109/51 259/102/51 260/101/51 261/100/51
f 2108/273/190 2178/276/190 2177/539/387 2109/540/387
f 3456/541/388 3458/542/389 3457/543/389 3455/544/388
f 6483/545/299 6482/546/299 7312/547/390 7302/548/390
f 6437/549/44 6438/550/391 6412/551/391 6414/552/44
f 2196/553/17 2276/554/17 6575/555/17 2194/556/17
f 6964/535/392 7059/536/392 7058/537/386 6963/538/386
f 264/111/51 265/109/51 261/100/51 263/99/51
f 80/103/56 83/110/56 81/108/56 82/107/56
f 66/103/55 71/105/55 70/106/55 69/110/55
f 1072/557/393 1093/558/393 1070/559/42 1071/560/42
f 7347/561/394 7348/562/395 6489/563/395 6491/564/394
f 2566/565/396 2568/566/397 2567/567/397 2564/568/396
f 21/135/398 23/8/5 22/11/5 20/136/398
f 4053/569/399 4054/570/399 4051/34/22 4052/33/22
f 4199/571/32 4076/572/32 4077/573/400 4197/574/400
f 80/103/56 82/107/56 86/104/56 85/105/56
f 290/98/52 291/99/52 289/100/52
f 270/99/52 271/111/52 268/100/52 269/98/52
f 293/109/52 287/102/52 289/100/52
f 2650/575/396 2651/576/401 2615/577/401 2613/578/396
f 7346/579/44 6493/580/44 6495/523/47 7345/522/47
f 3438/397/289 3440/581/402 3439/582/402 3437/398/289
f 5195/583/403 5198/584/404 5197/585/405 5196/586/406
f 3451/587/407 3452/588/407 3450/589/408 3449/590/408
f 2655/591/409 2597/592/409 2594/593/410 2654/594/410
f 3764/595/411 3926/252/412 3918/253/413 3762/596/414
f 251/140/415 252/450/416 397/597/417 396/598/418
f 98/239/419 99/238/420 298/599/421 297/600/422
f 5791/601/423 5785/602/424 5784/603/425 5790/604/426
f 5626/605/427 5627/606/428 5587/607/429 5585/608/430
f 5704/609/431 5616/610/432 5614/611/433 5703/612/434
f 222/234/435 392/613/436 318/614/437 223/615/437
f 326/345/251 327/616/438 235/617/439 234/346/251
f 106/343/249 181/303/249 177/317/440 108/618/441
f 325/344/250 233/347/252 232/619/442 324/620/443
f 4320/621/444 4322/622/445 4247/348/446 4319/349/447
f 3942/623/448 3932/624/449 3931/625/450 3941/195/128
f 5272/626/451 5269/627/452 5270/628/453 5289/629/454
f 320/360/265 321/630/455 229/631/456 221/361/266
f 4598/632/457 4605/633/458 4609/634/459 4607/635/457
f 258/636/460 307/637/461 308/638/460
f 316/639/462 317/229/155 208/228/154 225/640/463
f 4203/641/464 4315/642/465 4310/643/466 4312/644/467
f 91/645/468 174/314/469 180/304/248 105/342/247
f 94/646/470 170/305/471 172/319/472 93/647/473
f 6659/648/24 6660/509/24 6643/649/24 6645/650/24
f 91/645/468 92/651/474 173/315/475 174/314/469
f 162/652/240 294/653/240 295/654/240 161/655/240
f 310/339/244 236/341/244 237/656/476 309/657/477
f 4907/658/478 4914/659/479 4913/660/480 4908/661/481
f 4555/662/482 4739/663/483 4530/664/484 4527/665/484
f 387/666/485 392/667/485 393/668/485 386/669/485
f 439/670/44 459/671/44 456/672/44 440/673/44
f 313/335/241 202/338/243 204/674/486 312/675/487
f 185/676/240 186/331/240 297/334/240 298/677/488
f 184/678/240 185/676/240 298/677/488 299/679/240
f 387/666/485 319/680/489 318/681/489 392/667/485
f 223/362/267 318/682/267 319/363/267
f 306/683/490 307/637/461 258/636/460 253/684/491
f 7008/685/492 7009/686/493 7022/687/494 7021/688/495
f 305/689/496 254/690/497 255/691/498 304/692/499
f 303/693/500 304/692/499 255/691/498 256/694/501
f 303/693/500 256/694/501 257/695/502 302/696/503
f 4126/697/504 4127/698/504 4124/699/504 4125/700/504
f 4353/701/505 5341/702/506 4246/703/507 4245/704/508
f 5289/629/454 5270/628/453 5288/705/509 5287/706/510
f 6547/707/12 6529/524/12 6531/523/12 6546/708/12
f 2694/709/42 2695/710/42 2708/711/42 2710/712/42
f 3080/713/12 3078/714/12 2977/715/12 2978/716/12
f 1843/717/58 1841/718/58 1941/719/58 1940/720/58
f 6307/721/12 6310/722/12 6309/723/12 6308/724/12
f 657/725/58 660/726/58 659/727/58 658/728/58
f 3043/729/58 3045/730/58 3012/731/58 3014/732/58
f 6303/733/12 6304/734/12 6302/735/12 6301/736/12
f 3040/737/58 3043/729/58 3014/732/58 3016/738/58
f 661/739/58 664/740/58 663/741/58 662/742/58
f 6519/743/12 6520/744/12 6516/745/12 6517/746/12
f 1842/747/12 1904/748/12 1902/749/12 1840/750/12
f 7322/751/58 6467/752/58 6466/753/58 7342/754/58
f 650/755/58 7367/756/58 7357/757/58 358/758/58
f 2030/31/58 2039/759/58 2038/760/58 2031/28/58
f 317/229/511 316/639/512 315/386/513
f 314/336/514 360/438/315 315/386/513
f 317/229/511 315/386/513 360/438/315
f 317/229/511 360/438/315 361/473/345
f 317/229/511 361/473/345 300/230/515
f 300/230/515 361/473/345 301/761/516
f 302/762/517 301/761/516 361/473/345
f 327/616/518 362/763/519 363/310/222
f 327/616/518 363/310/222 310/339/520
f 311/309/221 310/339/520 363/310/222
f 390/764/485 391/765/485 394/766/485 395/767/485
f 6170/768/12 6173/769/12 6171/770/12 6172/771/12
f 159/313/225 173/315/227 172/319/231 171/316/228
f 366/772/521 314/336/514 313/335/522
f 150/130/71 175/179/116 174/314/226 159/313/225
f 226/440/317 227/773/523 211/116/59 209/119/62
f 241/241/166 244/312/224 242/232/157 218/242/167
f 302/762/517 361/473/345 369/472/344
f 302/762/517 369/472/344 303/774/524
f 304/775/525 303/774/524 369/472/344
f 248/443/320 238/439/316 255/500/369 254/776/526
f 311/309/221 365/308/220 312/675/527
f 327/616/518 310/339/520 309/657/528
f 240/311/223 239/442/319 246/139/78 245/138/77
f 930/777/529 932/778/123 931/779/123 929/780/530
f 246/139/78 247/444/321 252/450/327 251/140/79
f 239/442/319 240/311/223 227/773/523 226/440/317
f 227/773/523 228/240/165 214/214/143 211/116/59
f 214/214/143 228/240/165 216/243/168 215/215/144
f 217/267/187 224/466/339 215/215/144 216/243/168
f 369/472/344 368/437/314 374/490/361 370/445/322
f 218/242/167 242/232/157 220/235/160 219/266/186
f 371/288/201 374/490/361 372/485/356 373/484/355
f 141/133/74 143/144/83 145/143/82 149/176/113
f 64/781/385 271/782/385 270/783/386 63/784/386
f 95/258/181 125/151/90 88/150/89 87/256/179
f 5650/785/531 5652/786/532 7017/787/533 7016/788/534
f 156/328/237 155/789/535 162/790/536 161/329/238
f 155/789/535 164/791/537 163/792/538 162/790/536
f 221/793/539 229/499/368 219/266/186 220/235/160
f 370/445/322 305/447/324 304/775/525 369/472/344
f 322/794/540 379/441/318 323/795/541
f 324/796/542 323/795/541 379/441/318
f 324/796/542 379/441/318 362/763/519
f 324/796/542 362/763/519 325/344/543
f 325/344/543 362/763/519 326/345/544
f 327/616/518 326/345/544 362/763/519
f 247/444/321 248/443/320 254/776/526 253/448/325
f 146/181/118 184/797/545 183/798/546 182/182/119
f 323/799/547 231/800/548 230/801/549 322/802/550
f 144/145/84 186/803/551 185/804/552 142/142/81
f 160/330/239 186/803/551 144/145/84 157/327/236
f 133/169/553 294/805/554 187/806/555 136/184/556
f 134/168/557 295/807/558 294/805/554 133/169/553
f 135/213/559 296/808/560 295/807/558 134/168/557
f 135/213/559 98/239/419 297/600/422 296/808/560
f 249/496/561 394/809/562 393/810/563 243/233/564
f 99/238/420 113/497/565 299/811/566 298/599/421
f 113/497/565 116/498/567 188/812/567 299/811/566
f 4000/813/568 4007/814/569 4006/815/570 4002/816/571
f 2793/817/572 2748/818/572 2747/819/12 2792/820/12
f 420/821/573 421/558/14 400/557/14 419/822/573
f 4911/823/574 7004/824/574 7003/825/40 4910/826/40
f 1079/827/575 1080/828/575 1078/829/58 1077/830/58
f 415/831/576 416/832/576 414/71/43 413/68/43
f 2793/817/572 2794/833/577 2751/834/577 2748/818/572
f 1085/68/14 1086/71/14 1084/70/11 1083/69/11
f 1087/831/578 1088/832/578 1086/71/14 1085/68/14
f 3206/60/579 3207/63/580 3204/62/581 3205/61/582
f 3057/4/583 2995/5/583 2996/6/584 3058/7/585
f 1074/835/586 1076/836/383 1075/837/383 1073/838/586
f 162/652/240 163/839/587 187/840/587 294/653/240
f 91/122/65 104/155/94 87/256/179 90/120/63
f 161/655/240 295/654/240 296/333/240 160/332/240
f 173/315/475 92/651/474 93/647/473 172/319/472
f 389/841/588 390/764/485 395/767/485 396/842/485
f 388/843/485 389/841/588 396/842/485 397/844/485
f 184/678/240 299/679/240 188/845/240 183/846/240
f 1120/847/24 1122/848/24 1121/849/24 1119/850/24
f 868/851/24 871/852/24 870/853/24 869/854/24
f 734/855/24 735/856/24 733/857/24 732/858/24
f 866/847/24 867/850/24 865/849/24 864/848/24
f 1348/859/44 1349/860/44 1347/861/44 1346/862/44
f 1117/851/24 1118/854/24 1114/853/24 1116/852/24
f 1516/863/44 1515/864/44 1528/853/44 1529/852/44
f 724/865/24 723/866/24 736/867/24 737/868/24
f 1129/869/589 1132/870/589 1130/871/589 1131/872/589
f 1132/870/589 1134/873/590 1133/874/590 1130/875/589
f 6507/522/390 6508/523/390 6506/524/42 6505/521/42
f 2937/876/12 2847/877/12 2799/878/12 2798/879/12
f 2930/880/58 2927/881/58 2933/882/58 2934/883/58
f 447/884/591 446/885/591 452/886/592 453/887/592
f 454/888/593 455/889/593 449/890/11 448/891/11
f 2924/892/58 2934/883/58 2933/882/58 2922/893/58
f 1150/190/125 1152/193/126 1151/192/126 1148/191/125
f 155/789/535 156/328/237 140/251/174 154/250/173
f 2723/894/24 2579/895/24 2911/896/24 2912/897/24
f 1153/898/594 1192/899/594 1154/900/595 1155/901/595
f 1175/902/596 1177/903/597 1176/904/597 1174/905/596
f 741/906/598 762/907/598 739/908/599 740/909/599
f 488/910/600 490/911/601 489/912/601 487/913/600
f 1179/910/602 1181/911/603 1180/912/603 1178/913/604
f 501/899/605 462/898/605 500/914/606 499/915/606
f 486/903/607 488/910/600 487/913/600 485/904/607
f 1173/909/608 1175/902/596 1174/905/596 1172/908/608
f 765/913/609 766/910/609 764/903/610 744/904/610
f 778/914/611 745/898/612 779/899/612 777/915/611
f 742/905/613 743/902/613 740/909/599 739/908/599
f 477/916/614 480/906/615 479/907/615 478/917/614
f 1545/913/616 1532/910/616 1530/903/617 1419/904/617
f 1544/912/618 1533/911/618 1532/910/616 1545/913/616
f 1188/918/619 1189/919/619 1187/920/620 1186/921/620
f 497/918/621 498/919/622 496/920/623 495/921/623
f 762/907/598 741/906/598 760/916/624 761/917/624
f 767/912/625 768/911/625 766/910/609 765/913/609
f 1540/919/626 1559/914/627 1538/915/627 1537/918/626
f 759/922/628 761/917/624 760/916/624 758/923/628
f 443/873/24 446/885/24 444/924/24
f 443/873/24 452/886/24 446/885/24
f 720/672/24 718/671/24 699/670/24 701/673/24
f 460/192/24 452/886/24 443/873/24
f 460/192/24 451/925/24 452/886/24
f 448/891/24 451/925/24 460/192/24
f 448/891/24 460/192/24 454/888/24
f 498/919/24 458/926/24 496/920/24
f 458/926/24 457/191/24 496/920/24
f 496/920/24 457/191/24 493/927/24
f 457/191/24 491/928/24 493/927/24
f 457/191/24 441/870/24 491/928/24
f 491/928/24 441/870/24 489/912/24
f 489/912/24 441/870/24 487/913/24
f 487/913/24 441/870/24 438/869/24
f 487/913/24 438/869/24 485/904/24
f 1559/914/24 1540/919/24 1413/926/24 1558/929/24
f 6079/930/12 6078/247/12 6110/246/12 6109/931/12
f 6081/932/12 6082/933/12 6077/934/12 6080/935/12
f 1197/936/44 1198/937/44 1165/938/44 1167/922/44
f 1196/939/44 1197/936/44 1167/922/44 1169/917/44
f 508/940/24 472/941/24 474/938/24 507/937/24
f 6030/942/12 6032/943/12 6031/944/12 6029/945/12
f 1203/946/44 1155/901/44 1157/947/44 1202/948/44
f 503/949/24 504/950/24 479/907/24 481/908/24
f 458/926/24 498/919/24 500/914/24 514/929/24
f 506/936/24 507/937/24 474/938/24 476/922/24
f 1194/949/44 1195/950/44 1170/907/44 1172/908/44
f 6034/951/12 6035/952/12 5998/953/12 6033/954/12
f 502/955/24 503/949/24 481/908/24 483/905/24
f 442/956/44 447/957/44 453/958/44
f 442/956/44 445/959/44 447/957/44
f 1150/671/24 1130/670/24 1133/956/24 1152/960/24
f 461/960/44 442/956/44 453/958/44
f 461/960/44 453/958/44 450/961/44
f 461/960/44 450/961/44 449/962/44
f 461/960/44 449/962/44 455/963/44
f 440/673/44 515/964/44 516/965/44
f 516/965/44 515/964/44 517/966/44
f 517/966/44 515/964/44 518/967/44
f 518/967/44 515/964/44 519/968/44
f 519/968/44 515/964/44 520/969/44
f 520/969/44 515/964/44 521/970/44
f 521/970/44 515/964/44 522/971/44
f 522/971/44 515/964/44 523/972/44
f 523/972/44 515/964/44 524/973/44
f 524/973/44 515/964/44 525/974/44
f 525/974/44 515/964/44 526/975/44
f 526/975/44 515/964/44 527/976/44
f 527/976/44 515/964/44 528/977/44
f 528/977/44 515/964/44 456/672/44
f 456/672/44 515/964/44 440/673/44
f 1412/672/44 1410/671/44 1391/670/44 1393/673/44
f 529/978/629 530/979/630 531/980/44
f 543/981/631 544/982/632 542/983/633 541/984/634
f 909/985/635 910/986/636 903/987/637 908/979/638
f 911/988/639 912/989/640 910/986/636 909/985/635
f 913/990/641 914/991/642 912/989/640 911/988/639
f 1647/990/643 1650/992/644 1649/993/645 1648/991/646
f 916/992/647 918/983/648 917/984/649 915/993/650
f 918/983/648 920/982/651 919/981/652 917/984/649
f 531/994/44 542/983/633 544/982/632
f 531/995/44 540/992/653 542/983/633
f 530/979/630 533/985/654 531/996/44
f 531/997/44 537/990/655 540/992/653
f 531/998/44 533/985/654 535/988/656
f 531/999/44 535/988/656 537/990/655
f 900/1000/657 907/1001/658 924/1002/659 923/1003/660
f 923/1003/660 924/1002/659 922/1004/661 921/1005/662
f 1220/978/663 1335/1006/664 1223/987/665 1221/979/666
f 550/1005/667 531/1007/44 544/982/632
f 548/1003/668 545/1000/669 531/1008/44
f 550/1005/667 548/1003/668 531/1009/44
f 1244/201/670 1245/1010/671 1242/1011/671 1243/200/670
f 1248/186/672 1249/189/673 1246/188/674 1247/187/674
f 554/1010/675 556/187/124 555/188/676 551/1011/675
f 1261/1012/677 1263/1013/678 1262/1014/679 1260/1015/677
f 928/1016/680 930/777/529 929/780/530 926/1017/681
f 925/1018/682 928/1016/680 926/1017/681 927/1019/683
f 1579/777/684 1581/778/685 1580/779/685 1578/780/686
f 1258/1020/687 1259/1021/687 1257/1022/688 1256/1023/689
f 949/1020/690 950/1021/690 948/1015/691 947/1012/691
f 1250/777/692 1251/780/692 1249/779/673 1248/778/672
f 945/1013/693 946/1014/694 944/199/132 943/198/131
f 1265/198/695 1244/201/670 1243/200/670 1264/199/696
f 1576/1019/697 1575/1017/698 1582/1024/699 1583/1025/700
f 926/1017/701 929/780/702 935/1026/702 933/1024/703
f 1271/1027/704 1272/1028/705 1243/200/706 1242/1011/707
f 1270/1029/708 1271/1027/704 1242/1011/707 1246/188/708
f 940/1011/709 954/1027/710 953/1029/711 937/188/711
f 583/1030/712 584/1031/713 569/1015/713 571/1014/714
f 1575/1017/698 1578/780/715 1584/1026/716 1582/1024/699
f 1273/1032/717 1274/1030/718 1262/1014/718 1264/199/125
f 948/1015/719 958/1031/719 957/1030/720 946/1014/721
f 1599/1021/722 1600/1022/723 1609/1033/723 1608/1034/722
f 950/1021/724 959/1034/724 958/1031/719 948/1015/719
f 1269/1035/725 1249/779/725 1251/780/726 1268/1026/727
f 3807/1036/728 3776/1037/729 3812/1038/730 3805/1039/731
f 596/1040/732 598/1041/733 597/1042/734 595/1043/735
f 972/1044/736 974/1045/737 973/1046/737 971/1047/738
f 982/1048/44 966/1049/44 953/1050/44 954/1051/44
f 6827/1052/739 6828/1053/739 6826/1054/739 6825/1055/739
f 1629/1056/740 1605/1057/24 1606/1058/24 1627/1043/741
f 605/1059/742 609/1060/743 607/1061/744 606/1062/745
f 1294/1063/746 1295/1064/747 1293/1047/748 1292/1044/749
f 1283/1049/750 1284/1065/750 1282/1066/751 1281/1048/752
f 970/1063/753 972/1044/736 971/1047/738 969/1064/754
f 982/1048/755 981/1067/756 984/1068/757 983/1066/758
f 1612/1059/759 1617/1062/760 1610/1061/761 1611/1060/762
f 1297/1062/763 1267/1069/44 1266/1070/44 1295/1064/747
f 6881/1071/764 6883/1072/764 6882/1073/764 6880/1074/764
f 1625/1042/24 1607/1075/24 1608/1076/24 1622/1046/24
f 1288/1042/44 1290/1046/44 1276/1076/44 1275/1075/44
f 969/1064/754 971/1047/44 960/1077/44 934/1070/44
f 1297/1062/763 1298/1061/765 1268/1078/44 1267/1069/44
f 594/1056/766 595/1043/735 583/1058/24 582/1057/24
f 605/1059/742 606/1062/745 604/1064/767 603/1063/768
f 6861/1079/764 6884/1080/764 6862/1055/764 6863/1054/764
f 964/1081/44 936/1082/44 953/1083/44 966/1084/44
f 1619/1063/769 1621/1044/770 1620/1047/771 1618/1064/772
f 1301/1085/773 1284/1086/750 1283/1084/750 1299/1081/774
f 1588/1010/775 1587/187/776 1661/1087/776 1659/1088/777
f 1581/186/778 1662/1089/779 1661/1087/776 1587/187/776
f 941/201/780 939/1010/781 994/1088/782 992/1090/783
f 1577/1016/784 1664/1091/784 1663/1092/785 1579/777/786
f 943/198/787 990/1093/787 988/1094/788 945/1013/789
f 945/1013/789 988/1094/788 985/1095/790 947/1012/791
f 1261/1012/792 1258/1020/793 1309/1096/793 1308/1095/794
f 952/1023/795 949/1020/796 987/1096/796 989/1097/797
f 1254/1018/798 1311/1098/799 1310/1097/800 1256/1023/801
f 1577/1016/784 1574/1018/802 1665/1098/803 1664/1091/784
f 1265/198/804 1263/1013/805 1307/1094/806 1306/1093/804
f 553/201/807 614/1090/808 613/1088/809 554/1010/810
f 1671/1099/811 1672/1100/699 1612/1059/699 1611/1060/811
f 1314/1101/812 1315/1102/125 1280/1103/125 1279/1068/812
f 1008/1104/813 977/1040/814 975/1041/815 1009/1105/816
f 642/1106/817 632/1107/818 591/1066/819 593/1065/820
f 1005/1106/821 967/1065/822 983/1066/823 1004/1107/824
f 962/1060/825 965/1085/826 1021/1108/827 1018/1099/828
f 1321/1100/699 1296/1059/698 1294/1063/829 1320/1109/830
f 1322/1099/831 1300/1060/831 1296/1059/698 1321/1100/699
f 1323/1107/832 1314/1101/812 1279/1068/812 1282/1066/833
f 636/1110/834 637/1111/835 626/1105/836 625/1104/837
f 1325/1112/838 1326/1113/125 1315/1102/125 1314/1101/812
f 1678/1102/125 1683/1113/125 1682/1112/839 1679/1101/840
f 1674/1114/841 1673/1109/842 1688/1115/843 1687/1116/844
f 1010/1117/845 1011/1118/846 998/1111/847 1009/1105/816
f 1010/1117/845 1013/1114/848 1012/1116/849 1011/1118/846
f 1331/1115/850 1320/1109/830 1319/1114/851 1330/1116/852
f 1673/1109/842 1672/1100/699 1689/1119/699 1688/1115/843
f 1676/1105/853 1624/1041/854 1623/1045/855 1675/1117/856
f 1690/1120/857 1693/1121/858 1694/1108/859 1691/1122/860
f 1238/1001/861 1237/1002/671 1324/1123/862 1334/1124/863
f 924/1002/864 1002/1123/865 1001/1112/866 922/1004/867
f 922/1004/867 1001/1112/866 1000/1113/868 919/981/868
f 919/981/868 1000/1113/868 999/1110/869 917/984/869
f 917/984/869 999/1110/869 998/1111/847 915/993/870
f 915/993/870 998/1111/847 1011/1118/846 914/991/871
f 1227/989/872 1330/1116/852 1329/1118/873 1229/991/874
f 1644/986/843 1646/989/875 1687/1116/844 1688/1115/843
f 903/987/703 910/986/876 1014/1115/876 1016/1119/701
f 4895/1125/877 4896/1126/878 6742/1127/879 6748/1128/880
f 541/984/834 539/993/881 637/1111/835 636/1110/834
f 1641/1129/882 1640/1130/883 1693/1121/858 1690/1120/857
f 1328/1111/884 1329/1118/873 1318/1117/885 1317/1105/886
f 1333/1122/887 1284/1086/888 1301/1085/889 1339/1108/890
f 1336/1131/891 1322/1099/831 1321/1100/699 1332/1119/699
f 1324/1123/862 1325/1112/838 1314/1101/812 1323/1107/832
f 625/1104/837 626/1105/836 598/1041/892 596/1040/837
f 4101/1132/24 4075/1133/24 3415/1134/24 3416/1135/24
f 2670/1136/42 2619/1137/42 2616/1138/42 2669/1139/42
f 3038/714/12 2958/1140/12 2960/1141/12 3010/715/12
f 3502/1142/44 3530/1143/44 3532/1144/44 3501/1145/44
f 332/1146/58 333/1147/58 329/1148/58 331/1149/58
f 3391/568/44 3394/567/44 4103/412/44 4100/1150/44
f 1981/1151/12 1982/1152/12 1979/1153/12 1980/1154/12
f 1744/48/58 1747/1155/58 1746/1156/58 1745/1157/58
f 2056/1158/58 2059/1159/58 2058/1160/58 2057/1161/58
f 6729/1162/893 6731/1163/894 6730/1164/894 6728/1165/893
f 665/17/12 668/18/12 666/1166/42 667/1167/42
f 669/16/11 670/19/11 668/18/12 665/17/12
f 4570/1168/895 4573/823/896 4572/824/896 4571/1169/895
f 404/836/44 673/1170/44 405/830/44
f 405/830/44 673/1170/44 407/827/44
f 407/827/44 673/1170/44 409/1171/44
f 409/1171/44 673/1170/44 411/69/44
f 411/69/44 673/1170/44 413/68/44
f 413/68/44 673/1170/44 415/831/44
f 415/831/44 673/1170/44 417/1172/44
f 417/1172/44 673/1170/44 420/821/44
f 420/821/44 673/1170/44 421/558/44
f 421/558/44 673/1170/44 398/559/44
f 398/559/44 673/1170/44 402/835/44
f 402/835/44 673/1170/44 404/836/44
f 1027/1173/43 1029/1174/42 1028/1175/42 1026/1176/43
f 5948/1177/390 5950/1178/390 1968/1179/390 5949/1180/390
f 2853/1181/11 6987/1182/11 6986/1183/897 2854/1184/897
f 6553/1185/583 6556/1186/583 6554/1187/583 6555/1188/583
f 1374/865/24 1377/868/24 1375/867/24 1376/866/24
f 1526/851/44 1529/852/44 1528/853/44 1527/854/44
f 868/851/24 869/854/24 867/850/24 866/847/24
f 686/855/44 687/856/44 683/867/44 685/868/44
f 730/859/24 731/860/24 729/861/24 728/862/24
f 862/1189/24 863/1190/24 861/1191/24 860/1192/24
f 435/1192/44 437/1193/44 436/1194/44 434/1191/44
f 856/1193/24 859/1194/24 857/1195/24 858/1196/24
f 441/870/898 443/873/899 442/874/899 439/875/898
f 6133/1197/377 6134/1198/900 6091/1199/900 6094/1200/377
f 1390/869/589 1393/872/589 1391/871/589 1392/870/589
f 1759/1201/44 1756/1202/47 1778/1203/47 1777/1204/44
f 4683/255/901 4715/252/902 4681/1205/903 4682/625/904
f 707/884/591 709/887/592 708/886/592 706/885/591
f 1764/1206/583 1763/1201/395 1775/1207/395 1774/1208/583
f 1731/1209/905 1728/1210/300 1786/1211/300 1787/1212/905
f 714/888/593 712/891/11 713/890/11 715/889/593
f 720/1213/868 721/926/868 719/191/868 718/190/868
f 1412/1213/125 1413/926/125 1411/191/125 1410/190/125
f 1340/1214/44 1343/1215/44 1341/1216/44 1342/1217/44
f 864/848/24 865/849/24 863/1190/24 862/1189/24
f 1346/862/44 1347/861/44 1344/1218/44 1345/1219/44
f 1522/848/44 1523/849/44 1521/1190/44 1520/1189/44
f 1350/858/44 1351/857/44 1349/860/44 1348/859/44
f 686/855/44 689/858/44 688/857/44 687/856/44
f 426/851/44 427/854/44 423/853/44 425/852/44
f 1342/865/44 1341/866/44 1354/867/44 1355/868/44
f 1343/1215/906 1128/1194/906 1115/1195/14 1341/1216/14
f 1344/1218/57 1125/1191/57 1128/1194/906 1343/1215/906
f 6700/510/907 6660/509/907 6659/648/907 6699/1220/907
f 1743/49/30 1740/1221/2 1792/1222/2 1793/50/30
f 1747/1155/11 1744/48/29 1794/51/29 1783/1223/11
f 2782/1224/57 2783/1225/908 2763/1226/908 2760/1227/57
f 1757/1228/25 1758/1229/24 1802/1230/24 1803/1231/25
f 1753/1232/300 1754/1233/905 1804/1234/905 1805/1235/300
f 484/902/24 738/1236/24 486/903/24
f 486/903/24 738/1236/24 488/910/24
f 488/910/24 738/1236/24 490/911/24
f 490/911/24 738/1236/24 492/1237/24
f 492/1237/24 738/1236/24 494/1238/24
f 494/1238/24 738/1236/24 495/921/24
f 495/921/24 738/1236/24 497/918/24
f 497/918/24 738/1236/24 499/915/24
f 499/915/24 738/1236/24 501/899/24
f 501/899/24 738/1236/24 463/900/24
f 463/900/24 738/1236/24 465/1239/24
f 465/1239/24 738/1236/24 467/1240/24
f 467/1240/24 738/1236/24 469/1241/24
f 469/1241/24 738/1236/24 471/1242/24
f 471/1242/24 738/1236/24 473/1243/24
f 473/1243/24 738/1236/24 475/923/24
f 475/923/24 738/1236/24 477/916/24
f 477/916/24 738/1236/24 480/906/24
f 480/906/24 738/1236/24 482/909/24
f 482/909/24 738/1236/24 484/902/24
f 1186/921/620 1187/920/620 1185/927/909 1184/1238/909
f 1168/916/910 1169/917/910 1167/922/911 1166/923/911
f 490/911/601 492/1237/912 491/928/912 489/912/601
f 757/938/913 759/922/628 758/923/628 756/1243/913
f 747/900/914 779/899/612 745/898/612 746/901/914
f 1171/906/915 1173/909/608 1172/908/608 1170/907/915
f 1434/922/916 1436/917/664 1435/916/664 1433/923/916
f 471/1242/917 472/941/917 470/1244/918 469/1241/918
f 751/1245/919 753/1244/920 752/1241/920 750/1240/919
f 1419/904/617 1530/903/617 1418/902/921 1417/905/921
f 499/915/606 500/914/606 498/919/622 497/918/621
f 1543/928/922 1534/1237/922 1533/911/618 1544/912/618
f 3765/1246/923 3767/1247/924 3766/1248/924 3764/595/923
f 525/1249/925 511/948/925 510/1250/926 524/1251/926
f 1567/1252/14 1566/1253/927 1551/937/927 1552/940/14
f 3759/1254/393 3761/1255/137 3760/1256/137 3758/1257/393
f 7241/1258/170 6093/1259/170 6092/1260/44 7240/1261/44
f 1713/112/57 1710/115/58 1696/114/58 1700/113/57
f 516/1262/928 502/955/928 438/869/929 440/872/929
f 1721/1263/930 1719/1264/14 1706/1265/14 1708/1266/930
f 2988/1267/25 2990/1268/931 2989/1269/932 2987/1270/25
f 3013/1268/933 3015/1267/394 3014/1270/394 3012/1269/934
f 3042/1271/24 3044/1272/935 3043/729/935 3040/737/24
f 3044/1272/935 3039/1273/936 3045/730/937 3043/729/935
f 3049/713/29 3051/1274/11 3050/1275/11 3048/1276/29
f 3053/713/938 3055/714/939 3054/1277/939 3052/1276/938
f 763/1278/940 529/978/629 531/1279/44
f 1647/990/643 1648/991/646 1646/989/941 1645/988/942
f 1335/1006/664 1220/978/663 1365/1278/943 1337/1130/944
f 545/1280/669 763/1278/940 531/1281/44
f 771/927/945 772/1238/945 770/1237/946 769/928/946
f 1192/899/594 1153/898/594 1191/914/947 1190/915/947
f 480/906/615 482/909/948 481/908/948 479/907/615
f 1421/901/949 1424/947/950 1423/1239/950 1422/900/949
f 1160/1241/951 1161/1244/951 1159/1245/952 1158/1240/953
f 1424/947/950 1426/1245/954 1425/1240/954 1423/1239/950
f 1184/1238/909 1185/927/909 1182/928/955 1183/1237/955
f 1181/911/603 1183/1237/955 1182/928/955 1180/912/603
f 617/1095/24 618/1096/24 780/1282/24
f 616/1094/24 617/1095/24 780/1283/24
f 618/1096/24 619/1097/24 780/1284/24
f 615/1093/24 616/1094/24 780/1285/24
f 619/1097/24 620/1098/24 780/1286/24
f 614/1090/24 615/1093/24 780/1287/24
f 620/1098/24 621/1091/24 780/1288/24
f 613/1088/24 614/1090/24 780/1289/24
f 621/1091/24 622/1092/24 780/1290/24
f 611/1087/24 613/1088/24 780/1291/24
f 622/1092/24 612/1292/24 780/1293/24
f 612/1089/24 611/1087/24 780/1294/24
f 6217/1295/29 6218/1296/29 6215/1297/30 6216/1298/30
f 2218/270/42 2216/1299/42 2217/1300/42 2219/271/42
f 1445/1301/11 1446/1302/11 1444/1303/956 1443/1304/956
f 799/1305/11 800/1306/11 798/1307/14 797/1308/14
f 1106/1309/11 1105/1310/11 1111/1311/58 1110/1312/58
f 2815/1313/957 2818/1314/957 3100/1315/957 2820/1316/957
f 7218/1317/44 7219/1318/20 7204/1319/20 7203/1320/44
f 3336/813/7 3320/816/9 3319/815/8 3337/814/10
f 1457/1305/42 1458/1306/42 1456/1307/393 1455/1308/393
f 7224/1317/24 7213/1321/905 7210/1322/905 7209/1320/24
f 2355/270/42 2356/271/42 2354/1300/42 2353/1299/42
f 4295/624/958 4333/625/959 4293/255/178 4294/1323/960
f 805/114/24 806/1324/24 807/1325/24
f 807/1325/24 806/1326/24 808/1327/24
f 809/113/24 806/1328/24 805/114/24
f 808/1327/24 806/1329/24 810/1330/24
f 811/1331/24 806/1332/24 809/113/24
f 810/1330/24 806/1333/24 812/1334/24
f 813/1335/24 806/1336/24 811/1331/24
f 812/1334/24 806/1337/24 814/1338/24
f 815/1339/24 806/1340/24 813/1335/24
f 814/1338/24 806/1341/24 816/1342/24
f 816/1342/24 806/1343/24 817/1266/24
f 817/1266/24 806/1344/24 815/1265/24
f 818/1345/44 819/1346/44 820/115/44
f 821/1347/44 819/1348/44 818/1345/44
f 820/115/44 819/1349/44 822/112/44
f 823/1350/44 819/1351/44 821/1347/44
f 822/112/44 819/1352/44 824/1353/44
f 825/1354/44 819/1355/44 823/1350/44
f 824/1353/44 819/1356/44 826/1357/44
f 827/1358/44 819/1359/44 825/1354/44
f 826/1357/44 819/1360/44 828/1361/44
f 829/1362/44 819/1363/44 827/1358/44
f 830/1263/44 819/1364/44 829/1362/44
f 828/1264/44 819/1365/44 830/1263/44
f 831/836/24 832/830/24 833/1170/24
f 832/830/24 834/827/24 833/1170/24
f 834/827/24 835/1171/24 833/1170/24
f 835/1171/24 836/69/24 833/1170/24
f 836/69/24 837/68/24 833/1170/24
f 837/68/24 838/831/24 833/1170/24
f 838/831/24 839/1172/24 833/1170/24
f 839/1172/24 840/821/24 833/1170/24
f 840/821/24 841/558/24 833/1170/24
f 841/558/24 842/559/24 833/1170/24
f 842/559/24 843/835/24 833/1170/24
f 843/835/24 831/836/24 833/1170/24
f 7228/1366/961 7229/1367/962 6104/1368/962 6101/1369/963
f 2629/1370/964 2631/1371/965 2630/97/966 2628/1372/964
f 1492/827/575 1490/830/58 1504/829/58 1503/828/575
f 844/1373/586 855/70/42 836/69/42 835/1171/586
f 1092/821/967 1093/558/393 1072/557/393 1091/822/967
f 39/1374/392 30/1375/386 29/1376/386 38/1377/392
f 683/867/968 870/853/968 857/864/393 684/866/393
f 3107/1378/969 3657/1379/969 3656/1380/970 3110/1381/970
f 1059/112/971 1061/115/58 1060/114/58 1058/113/971
f 4198/894/42 4080/895/42 4316/896/42 4317/897/42
f 1495/68/593 1494/69/11 1513/70/11 1512/71/14
f 1496/831/578 1495/68/593 1512/71/14 1511/832/578
f 1388/1214/24 1374/1217/24 1376/1216/24 1389/1215/24
f 1514/1193/44 1519/1192/44 1518/1191/44 1517/1194/44
f 728/862/24 729/861/24 727/1218/24 726/1219/24
f 691/859/44 693/862/44 692/861/44 690/860/44
f 1524/847/44 1525/850/44 1523/849/44 1522/848/44
f 1378/855/24 1381/858/24 1380/857/24 1379/856/24
f 1352/855/44 1355/868/44 1354/867/44 1353/856/44
f 682/865/44 685/868/44 683/867/44 684/866/44
f 2554/1382/972 2555/24/410 2442/27/410 2445/1383/972
f 1067/1350/11 1069/1354/14 1068/1334/14 1066/1330/11
f 687/856/573 869/854/573 870/853/968 683/867/968
f 3609/1384/973 3611/1385/378 3610/1386/378 3607/1387/973
f 1832/1388/24 1835/1389/935 1834/1390/935 1833/1391/24
f 692/861/974 863/1190/974 865/849/956 690/860/956
f 7234/1392/975 6080/935/976 6079/1393/977 7233/1394/978
f 1376/1216/14 1515/1195/979 1517/1194/906 1389/1215/906
f 743/902/44 764/903/44 872/1236/44
f 764/903/44 766/910/44 872/1236/44
f 766/910/44 768/911/44 872/1236/44
f 768/911/44 770/1237/44 872/1236/44
f 770/1237/44 772/1238/44 872/1236/44
f 772/1238/44 773/921/44 872/1236/44
f 773/921/44 775/918/44 872/1236/44
f 775/918/44 777/915/44 872/1236/44
f 777/915/44 779/899/44 872/1236/44
f 779/899/44 747/900/44 872/1236/44
f 747/900/44 748/1239/44 872/1236/44
f 748/1239/44 750/1240/44 872/1236/44
f 750/1240/44 752/1241/44 872/1236/44
f 752/1241/44 754/1242/44 872/1236/44
f 754/1242/44 756/1243/44 872/1236/44
f 756/1243/44 758/923/44 872/1236/44
f 758/923/44 760/916/44 872/1236/44
f 760/916/44 741/906/44 872/1236/44
f 741/906/44 740/909/44 872/1236/44
f 740/909/44 743/902/44 872/1236/44
f 712/891/44 714/888/44 716/192/44
f 712/891/44 716/192/44 711/925/44
f 716/192/44 708/886/44 711/925/44
f 716/192/44 705/873/44 708/886/44
f 703/956/24 699/670/24 718/671/24 717/960/24
f 706/885/44 705/873/44 702/924/44
f 706/885/44 708/886/44 705/873/44
f 776/919/44 774/920/44 721/926/44
f 721/926/44 774/920/44 719/191/44
f 774/920/44 771/927/44 719/191/44
f 769/928/44 719/191/44 771/927/44
f 769/928/44 700/870/44 719/191/44
f 769/928/44 767/912/44 700/870/44
f 767/912/44 765/913/44 700/870/44
f 765/913/44 698/869/44 700/870/44
f 765/913/44 744/904/44 698/869/44
f 6083/1395/12 6084/1396/12 6082/933/12 6081/932/12
f 6014/1397/12 6016/1398/12 6015/1399/12 6013/1400/12
f 757/938/44 878/937/44 877/936/44 759/922/44
f 6011/1401/12 6012/1402/12 6010/1403/12 6009/1404/12
f 1419/904/24 1417/905/24 1546/955/24 1390/869/24
f 6106/1405/12 6108/1406/12 6107/1407/12 6105/1408/12
f 1432/938/24 1551/937/24 1550/936/24 1434/922/24
f 1199/940/44 1200/1409/44 1161/1244/44 1163/941/44
f 6007/1410/12 6008/1411/12 6006/1412/12 6005/1413/12
f 1424/947/24 1421/901/24 1556/946/24 1555/948/24
f 6017/951/12 6018/954/12 6015/1399/12 6016/1398/12
f 1414/908/24 1547/949/24 1546/955/24 1417/905/24
f 6023/1414/12 6026/1415/12 6025/1416/12 6024/1417/12
f 6028/1414/12 6030/942/12 6029/945/12 6027/1417/12
f 703/956/24 707/957/24 704/959/24
f 703/956/24 709/958/24 707/957/24
f 1395/956/44 1391/670/44 1410/671/44 1409/960/44
f 717/960/24 709/958/24 703/956/24
f 717/960/24 710/961/24 709/958/24
f 717/960/24 713/962/24 710/961/24
f 717/960/24 715/963/24 713/962/24
f 701/673/24 886/965/24 887/964/24
f 886/965/24 888/966/24 887/964/24
f 888/966/24 889/967/24 887/964/24
f 889/967/24 890/968/24 887/964/24
f 890/968/24 891/969/24 887/964/24
f 891/969/24 892/970/24 887/964/24
f 892/970/24 893/971/24 887/964/24
f 893/971/24 894/972/24 887/964/24
f 894/972/24 895/973/24 887/964/24
f 895/973/24 896/974/24 887/964/24
f 896/974/24 897/975/24 887/964/24
f 897/975/24 898/976/24 887/964/24
f 898/976/24 899/977/24 887/964/24
f 899/977/24 720/672/24 887/964/24
f 720/672/24 701/673/24 887/964/24
f 1148/191/44 1151/192/44 1134/873/44 1132/870/44
f 900/1280/657 901/1281/24 902/1278/980
f 529/978/629 644/1006/624 532/987/981 530/979/630
f 644/1006/624 529/978/629 763/1278/940 646/1130/982
f 646/1130/982 763/1278/940 545/1280/669 547/1129/983
f 902/1278/980 901/1279/24 905/978/984
f 905/978/984 901/980/24 908/979/638
f 905/978/984 908/979/638 903/987/637 904/1006/985
f 1638/1006/986 1640/1130/987 1636/1278/988 1639/978/989
f 1634/1000/990 1641/1001/991 1658/1002/992 1657/1003/993
f 539/993/994 540/992/653 537/990/655 538/991/995
f 548/1003/668 550/1005/667 549/1004/996 546/1002/919
f 5148/1418/997 5147/1419/998 5231/1420/999 5237/1421/1000
f 901/994/24 920/982/651 918/983/648
f 908/979/638 901/996/24 909/985/635
f 901/995/24 918/983/648 916/992/647
f 901/998/24 911/988/639 909/985/635
f 901/997/24 916/992/647 913/990/641
f 901/999/24 913/990/641 911/988/639
f 921/1005/662 920/982/651 901/1007/24
f 550/1005/667 544/982/632 543/981/631 549/1004/996
f 1239/1003/1001 1241/1005/1002 1240/1004/1003 1237/1002/954
f 536/989/609 538/991/995 537/990/655 535/988/656
f 923/1003/660 901/1008/24 900/1000/657
f 921/1005/662 901/1009/24 923/1003/660
f 5073/1422/973 6685/1423/973 6684/1424/956 5072/1425/956
f 1573/1426/1004 1572/1427/577 1557/1428/577 1558/929/1004
f 892/1253/1005 891/1429/1006 877/936/1006 878/937/1005
f 7044/1424/1007 5560/1425/1007 5562/1422/1008 7043/1423/1008
f 3521/1430/1009 3523/1431/33 3522/1432/33 3520/1433/1009
f 1564/1434/1010 1563/1435/1011 1548/950/1011 1549/939/1010
f 1147/1213/1012 1149/926/1012 1205/929/1004 1219/1426/1004
f 3525/1436/375 3527/1437/50 3526/1438/50 3524/1439/375
f 1565/1429/1013 1564/1434/1010 1549/939/1010 1550/936/1013
f 6149/1440/976 6133/1197/377 6094/1200/377 6096/1441/976
f 9/1442/66 11/1443/67 10/1444/67 8/1445/66
f 6501/743/1014 7304/751/1014 7303/754/938 6542/744/938
f 1209/1435/1011 1195/950/1011 1194/949/575 1208/1446/575
f 7040/1424/393 7041/1423/1015 5564/1422/1015 5565/1425/393
f 561/1016/701 562/1017/1016 560/780/1017 559/777/1018
f 5730/1447/1019 5731/1448/1020 5729/1449/1021 5728/1450/1022
f 1590/201/1023 1591/200/1024 1589/1011/1025 1588/1010/1025
f 1272/1028/705 1273/1032/717 1264/199/125 1243/200/706
f 582/1032/1026 583/1030/712 571/1014/714 573/199/868
f 1274/1030/718 1275/1031/1027 1260/1015/1027 1262/1014/718
f 939/1010/1028 940/1011/1028 937/188/124 938/187/124
f 1598/1020/687 1601/1023/1029 1600/1022/1030 1599/1021/687
f 1256/1023/689 1257/1022/688 1255/1019/1031 1254/1018/1031
f 1594/1013/1032 1595/1014/1033 1593/199/1034 1592/198/696
f 1592/198/696 1593/199/1034 1591/200/1024 1590/201/1023
f 559/777/1018 560/780/1017 558/779/1035 557/778/1035
f 1588/1010/1025 1589/1011/1025 1586/188/674 1587/187/674
f 557/186/1035 558/189/1035 555/188/676 556/187/124
f 1596/1012/1036 1597/1015/1036 1595/1014/1033 1594/1013/1032
f 579/1029/1037 580/1027/1038 551/1011/1039 555/188/1037
f 1270/1029/708 1246/188/708 1249/189/725 1269/1451/725
f 580/1027/1038 581/1028/1040 552/200/1041 551/1011/1039
f 577/1026/1042 560/780/1043 562/1017/701 576/1024/703
f 3922/644/1044 3914/1452/1045 3912/1453/1046 3911/1454/1047
f 1266/1025/1048 1255/1019/1049 1257/1022/1050 1277/1033/1050
f 584/1031/713 585/1034/1051 568/1021/1051 569/1015/713
f 1275/1031/1027 1276/1034/1052 1259/1021/1052 1260/1015/1027
f 1600/1022/723 1576/1019/697 1583/1025/700 1609/1033/723
f 963/1059/1053 970/1063/753 969/1064/754 968/1062/1054
f 609/1060/743 610/1085/1055 608/1081/1056 607/1061/744
f 975/1041/1057 976/1042/1058 973/1046/737 974/1045/737
f 597/1042/24 599/1046/24 585/1076/24 584/1075/24
f 607/1061/744 608/1081/24 578/1082/24 577/1078/24
f 606/1062/745 607/1061/744 577/1078/24 576/1069/24
f 979/1103/1059 984/1068/757 981/1067/756 980/1056/1060
f 603/1063/768 604/1064/767 602/1047/1061 601/1044/1062
f 966/1049/1063 982/1048/755 983/1066/758 967/1065/1063
f 1615/1049/1064 1631/1048/1065 1632/1066/1065 1616/1065/1064
f 964/1081/1066 965/1085/1067 962/1060/1068 961/1061/1069
f 1296/1059/1070 1297/1062/763 1295/1064/747 1294/1063/746
f 1285/1056/1071 1286/1043/1072 1274/1058/44 1273/1057/44
f 606/1062/745 576/1069/24 575/1070/24 604/1064/767
f 590/1048/24 580/1051/24 579/1050/24 592/1049/24
f 6580/434/1073 6585/433/1074 4928/1036/1075 4931/632/1075
f 1610/1061/761 1584/1078/24 1585/1082/24 1613/1081/24
f 1617/1062/760 1618/1064/772 1583/1070/24 1582/1069/24
f 968/1062/1054 933/1069/44 935/1078/44 961/1061/1069
f 1280/1103/1076 1285/1056/1071 1278/1067/1077 1279/1068/1078
f 1630/1067/1079 1631/1048/24 1603/1051/24 1604/1455/24
f 1631/1048/24 1615/1049/24 1602/1050/24 1603/1051/24
f 601/1044/1062 602/1047/1061 599/1046/1080 600/1045/1080
f 590/1048/1081 591/1066/1082 588/1068/1083 587/1067/1084
f 985/1095/44 986/1282/44 987/1096/44
f 988/1094/44 986/1283/44 985/1095/44
f 987/1096/44 986/1284/44 989/1097/44
f 990/1093/44 986/1285/44 988/1094/44
f 989/1097/44 986/1286/44 991/1098/44
f 992/1090/44 986/1287/44 990/1093/44
f 991/1098/44 986/1288/44 993/1091/44
f 994/1088/44 986/1289/44 992/1090/44
f 993/1091/44 986/1290/44 995/1092/44
f 996/1087/44 986/1291/44 994/1088/44
f 995/1092/44 986/1293/44 997/1292/44
f 997/1089/44 986/1294/44 996/1087/44
f 559/777/1085 557/778/1086 612/1292/1087 622/1092/1085
f 561/1016/1088 559/777/1085 622/1092/1085 621/1091/1088
f 561/1016/1088 621/1091/1088 620/1098/1089 563/1018/1090
f 563/1018/1090 620/1098/1089 619/1097/1091 565/1023/1092
f 5105/1456/1093 5107/1457/1094 5106/608/1094 5104/607/1095
f 557/186/1086 556/187/1096 611/1087/1096 612/1089/1087
f 1594/1013/1097 1669/1094/1098 1668/1095/1099 1596/1012/1100
f 1592/198/1101 1670/1093/1101 1669/1094/1098 1594/1013/1097
f 1592/198/1101 1590/201/1102 1660/1090/1103 1670/1093/1101
f 1590/201/1102 1588/1010/775 1659/1088/777 1660/1090/1103
f 1596/1012/1100 1668/1095/1099 1667/1096/1104 1598/1020/1104
f 939/1010/781 938/187/1105 996/1087/1105 994/1088/782
f 906/1130/1106 904/1006/1107 1019/1131/1108 1020/1121/1109
f 1637/987/699 1644/986/843 1688/1115/843 1689/1119/699
f 1234/981/125 1232/984/1110 1327/1110/1110 1326/1113/125
f 910/986/876 912/989/1111 1012/1116/849 1014/1115/876
f 1641/1001/882 1690/1124/857 1681/1123/1112 1658/1002/1025
f 1334/1120/863 1333/1122/887 1339/1108/890 1338/1121/1113
f 1333/1106/887 1323/1107/832 1282/1066/833 1284/1065/888
f 1316/1104/1114 1317/1105/886 1289/1041/1115 1287/1040/1116
f 1679/1101/840 1682/1112/839 1681/1123/1112 1680/1107/1117
f 1332/1119/699 1321/1100/699 1320/1109/830 1331/1115/850
f 1677/1104/1118 1684/1110/1119 1683/1113/125 1678/1102/125
f 1013/1114/848 1015/1109/1120 1014/1115/876 1012/1116/849
f 3924/1458/1121 3915/474/1122 3917/254/1123 3923/1459/1124
f 1690/1124/857 1691/1106/860 1680/1107/1117 1681/1123/1112
f 640/1115/1125 629/1109/1126 628/1114/1127 639/1116/1128
f 4186/1460/1129 4158/1461/1129 4153/1462/1130 4184/1463/1130
f 1679/1101/840 1633/1068/840 1628/1103/125 1678/1102/125
f 1672/1100/699 1673/1109/842 1619/1063/842 1612/1059/699
f 1339/1108/890 1301/1085/889 1300/1060/831 1322/1099/831
f 1674/1114/841 1675/1117/856 1623/1045/855 1621/1044/1131
f 626/1105/836 627/1117/1132 600/1045/1133 598/1041/892
f 1677/1104/1118 1626/1040/1118 1624/1041/854 1676/1105/853
f 624/1102/868 625/1104/837 596/1040/837 589/1103/868
f 1315/1102/125 1316/1104/1114 1287/1040/1116 1280/1103/125
f 634/1112/1134 635/1113/132 624/1102/868 623/1101/1135
f 647/1121/1136 648/1108/1137 631/1099/1138 645/1131/1139
f 648/1108/1137 610/1085/1137 609/1060/1140 631/1099/1138
f 1009/1105/816 975/1041/815 974/1045/1141 1010/1117/845
f 1003/1124/1142 1005/1106/821 1004/1107/824 1002/1123/865
f 907/1001/1143 1003/1124/1142 1002/1123/865 924/1002/864
f 546/1002/675 549/1004/1144 634/1112/1134 633/1123/1145
f 644/1006/1139 645/1131/1139 641/1119/701 532/987/703
f 543/981/1026 541/984/834 636/1110/834 635/1113/132
f 534/986/1125 640/1115/1125 639/1116/1128 536/989/1146
f 1230/993/1147 1229/991/874 1329/1118/873 1328/1111/884
f 536/989/1146 639/1116/1128 638/1118/1148 538/991/1149
f 4456/76/1150 4461/77/232 4460/78/232 4459/79/1150
f 3104/1184/897 3106/1464/1151 3662/1465/1151 3661/1183/897
f 1039/1466/1152 1041/1305/11 1040/1306/11 1038/1467/956
f 3130/270/44 3128/1299/44 3129/1300/44 3131/271/44
f 1889/1468/57 1891/529/382 1890/530/58 1888/1469/575
f 1041/1305/11 1043/1308/14 1042/1307/14 1040/1306/11
f 4585/596/1153 4562/1256/399 4561/1255/399 4584/1470/1153
f 1895/1466/1007 1897/1305/42 1896/1306/42 1894/1467/1007
f 1501/835/586 1506/838/586 1505/837/383 1489/836/383
f 2859/1378/1154 2857/1464/1151 6985/1465/1151 6983/1379/1154
f 840/821/930 851/822/573 850/557/14 841/558/14
f 77/538/1155 78/535/1156 285/536/1156 284/537/1155
f 893/1252/43 892/1253/1005 878/937/1005 879/940/43
f 6973/17/12 6966/1167/42 6968/1166/42 6972/18/12
f 1049/1362/12 1051/1263/577 1050/1266/577 1047/1342/12
f 1989/1471/1157 1991/1472/394 2174/1473/394 2173/1474/1157
f 3581/1475/1158 3583/1476/17 3582/1477/17 3580/1478/1158
f 1373/17/12 1366/1167/11 1368/1166/11 1372/18/12
f 6969/1312/58 6971/16/11 6970/19/11 6967/1311/58
f 7238/1479/1159 7239/1480/1160 6090/1481/1160 6087/1482/1159
f 6632/1483/1161 6633/1484/1161 6631/1485/31 6630/1486/31
f 696/1215/1162 859/1194/1162 861/1191/383 694/1218/383
f 1843/717/29 1845/1487/11 1844/1488/11 1842/747/29
f 4467/570/32 4469/1489/1015 4468/1490/1015 4466/569/32
f 2011/1491/299 2012/1492/300 2056/1158/300 2054/1493/299
f 413/68/43 414/71/43 412/70/42 411/69/42
f 2372/1494/42 2369/1495/42 2374/1496/42 2376/1497/42
f 4201/373/1163 4203/641/1164 4202/1498/1164 4200/372/1165
f 7170/1499/1166 5967/1500/1166 5968/1501/42 7169/1502/42
f 409/1171/1007 410/1373/1007 408/828/971 407/827/971
f 2863/817/572 2867/820/12 2866/819/12 2864/818/572
f 2458/281/35 2460/282/36 2471/283/36 2470/284/35
f 2373/72/42 2375/73/42 2381/74/42 2382/75/42
f 1887/1304/956 1889/1468/57 1888/1469/575 1886/1303/1167
f 417/1172/12 420/821/573 419/822/573 418/1503/12
f 2242/1504/11 2243/1505/11 2240/294/11 2241/297/11
f 1897/1305/42 1899/1308/393 1898/1307/43 1896/1306/42
f 5079/1422/1008 5080/1425/1007 6667/1424/1007 6666/1423/1008
f 1572/1427/577 1571/1506/1168 1556/946/1168 1557/1428/577
f 4926/1507/504 4939/1508/1169 4946/1509/1169 4945/1510/504
f 1060/114/44 1062/1325/44 1102/1324/44
f 1062/1325/44 1064/1327/44 1102/1326/44
f 1058/113/44 1060/114/44 1102/1328/44
f 1064/1327/44 1066/1330/44 1102/1329/44
f 1056/1331/44 1058/113/44 1102/1332/44
f 1066/1330/44 1068/1334/44 1102/1333/44
f 1054/1335/44 1056/1331/44 1102/1336/44
f 1068/1334/44 1048/1338/44 1102/1337/44
f 1052/1339/44 1054/1335/44 1102/1340/44
f 1048/1338/44 1047/1342/44 1102/1341/44
f 1047/1342/44 1050/1266/44 1102/1343/44
f 1050/1266/44 1052/1265/44 1102/1344/44
f 1063/1345/24 1061/115/24 1103/1346/24
f 1065/1347/24 1063/1345/24 1103/1348/24
f 1061/115/24 1059/112/24 1103/1349/24
f 1067/1350/24 1065/1347/24 1103/1351/24
f 1059/112/24 1057/1353/24 1103/1352/24
f 1069/1354/24 1067/1350/24 1103/1355/24
f 1057/1353/24 1055/1357/24 1103/1356/24
f 1046/1358/24 1069/1354/24 1103/1359/24
f 1055/1357/24 1053/1361/24 1103/1360/24
f 1049/1362/24 1046/1358/24 1103/1363/24
f 1051/1263/24 1049/1362/24 1103/1364/24
f 1053/1264/24 1051/1263/24 1103/1365/24
f 3635/1485/1170 3637/1484/1171 3636/1483/1171 3634/1486/1170
f 7219/1318/20 7220/1511/1014 7205/1512/1014 7204/1319/20
f 793/1513/12 794/1514/12 792/1515/576 791/1516/576
f 3084/713/390 3086/714/1172 3085/1277/1173 3083/1276/390
f 1076/836/24 1112/1170/24 1077/830/24
f 1077/830/24 1112/1170/24 1079/827/24
f 1079/827/24 1112/1170/24 1081/1171/24
f 1081/1171/24 1112/1170/24 1083/69/24
f 1083/69/24 1112/1170/24 1085/68/24
f 1085/68/24 1112/1170/24 1087/831/24
f 1087/831/24 1112/1170/24 1089/1172/24
f 1089/1172/24 1112/1170/24 1092/821/24
f 1092/821/24 1112/1170/24 1093/558/24
f 1093/558/24 1112/1170/24 1070/559/24
f 1070/559/24 1112/1170/24 1074/835/24
f 1074/835/24 1112/1170/24 1076/836/24
f 2101/1517/24 2081/1518/24 2104/493/24 2102/492/24
f 1520/1189/44 1521/1190/44 1518/1191/44 1519/1192/44
f 860/1192/24 861/1191/24 859/1194/24 856/1193/24
f 1340/1214/44 1345/1219/44 1344/1218/44 1343/1215/44
f 1127/1193/24 1113/1196/24 1115/1195/24 1128/1194/24
f 1127/1193/24 1128/1194/24 1125/1191/24 1126/1192/24
f 1113/863/24 1116/852/24 1114/853/24 1115/864/24
f 433/1189/44 435/1192/44 434/1191/44 432/1190/44
f 315/386/285 316/639/462 225/640/463 210/387/285
f 438/869/898 441/870/898 439/871/898 440/872/898
f 6612/476/1174 6615/477/1174 6613/478/1174 6614/479/1174
f 7165/1519/1175 5972/1520/1175 5973/1521/11 7164/1522/11
f 1710/115/58 1709/1345/971 1697/1325/971 1696/114/58
f 1745/1157/290 1746/1156/42 1808/1523/42 1819/1524/290
f 1730/1525/20 1732/1526/47 1813/1527/47 1812/1528/20
f 2880/1529/973 2883/1530/956 2882/1531/956 2881/1532/973
f 459/190/868 461/193/1176 460/192/1176 457/191/868
f 1147/1213/125 1150/190/125 1148/191/125 1149/926/125
f 6009/1404/391 6007/1410/170 6055/1533/170 6054/1534/391
f 475/923/1177 476/922/1177 474/938/1178 473/1243/1178
f 484/902/1179 486/903/607 485/904/607 483/905/1179
f 1542/927/1180 1541/920/1181 1536/921/1181 1535/1238/1180
f 473/1243/1178 474/938/1178 472/941/917 471/1242/917
f 769/928/946 770/1237/946 768/911/625 767/912/625
f 755/941/1182 757/938/913 756/1243/913 754/1242/1182
f 1432/938/1183 1434/922/916 1433/923/916 1431/1243/1183
f 753/1244/920 755/941/1182 754/1242/1182 752/1241/920
f 744/904/610 764/903/610 743/902/613 742/905/613
f 774/920/1184 776/919/634 775/918/634 773/921/1184
f 482/909/948 484/902/1179 483/905/1179 481/908/948
f 1559/914/627 1420/898/1185 1539/899/1185 1538/915/627
f 1168/916/910 1171/906/915 1170/907/915 1169/917/910
f 462/898/605 501/899/605 463/900/1186 464/901/1186
f 1541/920/1181 1540/919/626 1537/918/626 1536/921/1181
f 1430/941/1187 1432/938/1183 1431/1243/1183 1429/1242/1187
f 495/921/623 496/920/623 493/927/1188 494/1238/1188
f 1158/1240/953 1159/1245/952 1157/947/1189 1156/1239/1189
f 771/927/945 774/920/1184 773/921/1184 772/1238/945
f 4646/1535/24 4665/1536/24 4625/1537/24 4626/1538/24
f 1134/873/44 1137/885/44 1135/924/44
f 1134/873/44 1143/886/44 1137/885/44
f 459/671/44 439/670/44 442/956/44 461/960/44
f 1151/192/44 1143/886/44 1134/873/44
f 1151/192/44 1142/925/44 1143/886/44
f 1139/891/44 1142/925/44 1151/192/44
f 1139/891/44 1151/192/44 1145/888/44
f 1189/919/44 1149/926/44 1187/920/44
f 1149/926/44 1148/191/44 1187/920/44
f 1187/920/44 1148/191/44 1185/927/44
f 1148/191/44 1182/928/44 1185/927/44
f 1148/191/44 1132/870/44 1182/928/44
f 1182/928/44 1132/870/44 1180/912/44
f 1180/912/44 1132/870/44 1178/913/44
f 1178/913/44 1132/870/44 1129/869/44
f 1178/913/44 1129/869/44 1176/904/44
f 512/946/24 464/901/24 466/947/24 511/948/24
f 6005/1413/12 6006/1412/12 6004/1411/12 6003/1410/12
f 6011/1401/12 6014/1397/12 6013/1400/12 6012/1402/12
f 6023/1414/12 6024/1417/12 6022/945/12 6021/942/12
f 508/940/24 509/1409/24 470/1244/24 472/941/24
f 1196/939/44 1169/917/44 1170/907/44 1195/950/44
f 505/939/24 478/917/24 479/907/24 504/950/24
f 6003/1410/12 6004/1411/12 6001/1403/12 6002/1404/12
f 1426/1245/24 1554/1250/24 1553/1409/24 1428/1244/24
f 6104/1368/12 6106/1405/12 6105/1408/12 6103/1539/12
f 6079/1393/12 6080/935/12 6077/934/12 6078/1540/12
f 6000/1401/12 6002/1404/12 6001/1403/12 5999/1402/12
f 745/898/44 778/914/44 885/929/44 884/1428/44
f 6032/943/12 6034/951/12 6033/954/12 6031/944/12
f 1133/956/24 1138/957/24 1144/958/24
f 1133/956/24 1136/959/24 1138/957/24
f 1411/191/24 1392/870/24 1397/873/24 1408/192/24
f 1152/960/24 1133/956/24 1144/958/24
f 1152/960/24 1144/958/24 1141/961/24
f 1152/960/24 1141/961/24 1140/962/24
f 1152/960/24 1140/962/24 1146/963/24
f 1131/673/24 1206/964/24 1207/965/24
f 1207/965/24 1206/964/24 1208/966/24
f 1208/966/24 1206/964/24 1209/967/24
f 1209/967/24 1206/964/24 1210/968/24
f 1210/968/24 1206/964/24 1211/969/24
f 1211/969/24 1206/964/24 1212/970/24
f 1212/970/24 1206/964/24 1213/971/24
f 1213/971/24 1206/964/24 1214/972/24
f 1214/972/24 1206/964/24 1215/973/24
f 1215/973/24 1206/964/24 1216/974/24
f 1216/974/24 1206/964/24 1217/975/24
f 1217/975/24 1206/964/24 1218/976/24
f 1218/976/24 1206/964/24 1219/977/24
f 1219/977/24 1206/964/24 1147/672/24
f 1147/672/24 1206/964/24 1131/673/24
f 457/191/24 460/192/24 443/873/24 441/870/24
f 1220/978/663 1221/979/666 1222/980/24
f 1639/978/989 1642/979/1190 1637/987/1191 1638/1006/986
f 1643/985/1192 1644/986/1193 1637/987/1191 1642/979/1190
f 2800/1541/24 2809/1542/24 3100/1315/24 2937/1543/24
f 545/1000/669 548/1003/668 546/1002/919 547/1001/983
f 534/986/1194 536/989/609 535/988/656 533/985/654
f 1650/992/644 1652/983/1195 1651/984/1196 1649/993/645
f 1241/1005/1002 1235/982/1197 1234/981/1198 1240/1004/1003
f 1222/994/24 1233/983/1199 1235/982/1197
f 1222/995/24 1231/992/1200 1233/983/1199
f 1221/979/666 1224/985/1201 1222/996/24
f 1222/997/24 1228/990/1202 1231/992/1200
f 1222/998/24 1224/985/1201 1226/988/1203
f 1222/999/24 1226/988/1203 1228/990/1202
f 1640/1130/987 1641/1129/991 1634/1280/990 1636/1278/988
f 1657/1003/993 1658/1002/992 1656/1004/1204 1655/1005/1205
f 1655/1005/1205 1656/1004/1204 1653/981/1206 1654/982/1207
f 1241/1005/1002 1222/1007/24 1235/982/1197
f 1239/1003/1001 1236/1000/1208 1222/1008/24
f 1241/1005/1002 1239/1003/1001 1222/1009/24
f 941/201/134 942/200/133 940/1011/1028 939/1010/1028
f 1581/186/685 1587/187/674 1586/188/674 1580/189/685
f 1245/1010/671 1247/187/674 1246/188/674 1242/1011/671
f 553/201/1209 554/1010/675 551/1011/675 552/200/1209
f 1577/1016/1210 1579/777/684 1578/780/686 1575/1017/1211
f 563/1018/929 564/1019/929 562/1017/1016 561/1016/701
f 565/1023/1212 566/1022/1213 564/1019/929 563/1018/929
f 949/1020/690 952/1023/1214 951/1022/1215 950/1021/690
f 567/1020/690 570/1012/1216 569/1015/1216 568/1021/690
f 570/1012/1216 572/1013/1217 571/1014/1217 569/1015/1216
f 572/1013/1217 574/198/131 573/199/131 571/1014/1217
f 1574/1018/1218 1577/1016/1210 1575/1017/1211 1576/1019/1219
f 944/199/868 956/1032/1026 955/1028/1220 942/200/1221
f 927/1019/1222 926/1017/701 933/1024/703 934/1025/1223
f 1578/780/715 1580/779/1224 1585/1035/1224 1584/1026/716
f 1589/1011/1225 1603/1027/1226 1602/1029/1227 1586/188/1227
f 931/189/1228 937/188/711 953/1029/711 936/1451/1228
f 942/200/1221 955/1028/1220 954/1027/710 940/1011/709
f 581/1028/1040 582/1032/1026 573/199/868 552/200/1041
f 1593/199/125 1605/1032/717 1604/1028/1229 1591/200/1230
f 578/1035/1231 558/779/1231 560/780/1043 577/1026/1042
f 1599/1021/722 1608/1034/722 1607/1031/1232 1597/1015/1232
f 586/1033/1233 566/1022/1233 568/1021/1051 585/1034/1051
f 575/1025/1234 564/1019/1235 566/1022/1233 586/1033/1233
f 589/1103/1236 594/1056/766 587/1067/1084 588/1068/1083
f 1626/1040/1237 1627/1043/741 1625/1042/1238 1624/1041/1238
f 1289/1041/1239 1291/1045/1240 1290/1046/1240 1288/1042/1241
f 602/1047/24 586/1077/24 585/1076/24 599/1046/24
f 6864/1052/764 6865/1053/764 6863/1054/764 6862/1055/764
f 980/1056/1060 956/1057/44 957/1058/44 978/1043/1242
f 979/1103/1059 980/1056/1060 978/1043/1242 977/1040/1243
f 1281/1048/752 1282/1066/751 1279/1068/1078 1278/1067/1077
f 1624/1041/1238 1625/1042/1238 1622/1046/1244 1623/1045/1244
f 966/1084/1063 967/1086/1063 965/1085/1067 964/1081/1066
f 977/1040/1243 978/1043/1242 976/1042/1058 975/1041/1057
f 589/1103/1236 596/1040/732 595/1043/735 594/1056/766
f 594/1056/766 582/1057/24 581/1455/24 587/1067/1084
f 6909/1544/1245 6910/1545/1245 6908/1546/1245 6907/1547/1245
f 1620/1047/24 1622/1046/24 1608/1076/24 1609/1077/24
f 1299/1081/44 1283/1084/44 1270/1083/44 1269/1082/44
f 6809/1548/1246 7093/1549/1246 7092/1550/1246 6812/1551/1246
f 1285/1056/1071 1273/1057/44 1272/1455/44 1278/1067/1077
f 1617/1062/760 1582/1069/24 1584/1078/24 1610/1061/761
f 1280/1103/1076 1287/1040/1247 1286/1043/1072 1285/1056/1071
f 7100/1552/1248 7111/1553/1248 6763/1554/1248 6786/1555/1248
f 1613/1081/24 1585/1082/24 1602/1083/24 1615/1084/24
f 1287/1040/1247 1289/1041/1239 1288/1042/1241 1286/1043/1072
f 1292/1044/749 1293/1047/748 1290/1046/1240 1291/1045/1240
f 554/1010/810 613/1088/809 611/1087/1096 556/187/1096
f 570/1012/1249 567/1020/1250 618/1096/1250 617/1095/1251
f 1579/777/786 1663/1092/785 1662/1292/779 1581/778/778
f 574/198/1252 572/1013/1253 616/1094/1254 615/1093/1252
f 6563/556/1255 6570/1556/1256 6569/1557/1257 6561/553/1255
f 572/1013/1253 570/1012/1249 617/1095/1251 616/1094/1254
f 947/1012/791 985/1095/790 987/1096/796 949/1020/796
f 565/1023/1092 619/1097/1091 618/1096/1250 567/1020/1250
f 1574/1018/802 1601/1023/1258 1666/1097/1259 1665/1098/803
f 1265/198/804 1306/1093/804 1305/1090/1260 1244/201/1261
f 1252/1016/1262 1312/1091/1262 1311/1098/799 1254/1018/798
f 1244/201/1261 1305/1090/1260 1304/1088/1263 1245/1010/1263
f 623/1101/1135 624/1102/868 589/1103/868 588/1068/1135
f 1678/1102/125 1628/1103/125 1626/1040/1118 1677/1104/1118
f 1633/1068/840 1679/1101/840 1680/1107/1117 1632/1066/1264
f 1005/1122/821 1021/1108/827 965/1085/826 967/1086/822
f 628/1114/1127 601/1044/1127 600/1045/1133 627/1117/1132
f 629/1109/1126 603/1063/1126 601/1044/1127 628/1114/1127
f 1006/1101/1265 984/1068/1265 979/1103/868 1007/1102/868
f 630/1100/701 605/1059/701 603/1063/1126 629/1109/1126
f 6160/1558/1266 6162/1559/1267 6161/1560/1267 6159/1561/1266
f 1006/1101/1265 1001/1112/866 1002/1123/865 1004/1107/824
f 1007/1102/868 1000/1113/868 1001/1112/866 1006/1101/1265
f 1008/1104/813 999/1110/869 1000/1113/868 1007/1102/868
f 5247/1562/1268 5246/1563/1269 5221/1564/1270 5223/1565/1271
f 1330/1116/852 1319/1114/851 1318/1117/885 1329/1118/873
f 1334/1124/863 1324/1123/862 1323/1107/832 1333/1106/887
f 1676/1105/853 1685/1111/1272 1684/1110/1119 1677/1104/1118
f 641/1119/701 630/1100/701 629/1109/1126 640/1115/1125
f 1013/1114/848 1010/1117/845 974/1045/1141 972/1044/848
f 643/1124/1273 633/1123/1145 632/1107/818 642/1106/817
f 539/993/881 538/991/1149 638/1118/1148 637/1111/835
f 1658/1002/1025 1681/1123/1112 1682/1112/839 1656/1004/1274
f 1656/1004/1274 1682/1112/839 1683/1113/125 1653/981/125
f 1653/981/125 1683/1113/125 1684/1110/1119 1651/984/1119
f 321/630/455 322/802/550 230/801/549 229/631/456
f 1649/993/1275 1685/1111/1272 1686/1118/1276 1648/991/1277
f 1646/989/875 1648/991/1277 1686/1118/1276 1687/1116/844
f 1237/1002/671 1240/1004/1278 1325/1112/838 1324/1123/862
f 549/1004/1144 543/981/1026 635/1113/132 634/1112/1134
f 1638/1006/1279 1637/987/699 1689/1119/699 1692/1131/1280
f 1640/1130/883 1638/1006/1279 1692/1131/1280 1693/1121/858
f 907/1129/1143 906/1130/1106 1020/1121/1109 1003/1120/1142
f 643/1120/1273 642/1122/817 648/1108/1137 647/1121/1136
f 1317/1105/886 1318/1117/885 1291/1045/1281 1289/1041/1115
f 1672/1100/699 1671/1099/811 1692/1131/1280 1689/1119/699
f 1018/1099/828 1021/1108/827 1020/1121/1109 1019/1131/1108
f 1611/1060/811 1614/1085/1282 1694/1108/859 1671/1099/811
f 1117/851/24 1120/847/24 1119/850/24 1118/854/24
f 726/1219/24 727/1218/24 725/1215/24 722/1214/24
f 437/1193/44 422/1196/44 424/1195/44 436/1194/44
f 722/1214/24 725/1215/24 723/1216/24 724/1217/24
f 1381/858/24 1383/859/24 1382/860/24 1380/857/24
f 1122/848/24 1124/1189/24 1123/1190/24 1121/849/24
f 1378/855/24 1379/856/24 1375/867/24 1377/868/24
f 422/863/44 425/852/44 423/853/44 424/864/44
f 2715/1437/1283 2717/1566/1284 2716/1567/1284 2714/1438/1283
f 5912/1158/1285 2026/1159/1157 2024/1568/1157 2023/1492/1285
f 2796/1569/393 2754/1570/393 2753/1571/232 2795/1572/232
f 3162/1573/24 3163/1574/24 3167/1575/24 3194/1576/24
f 4604/1507/504 4596/1510/504 4523/1509/1169 4522/1508/1169
f 3154/1504/24 3155/1505/24 3152/294/24 3153/297/24
f 1347/861/1286 1123/1190/1286 1125/1191/57 1344/1218/57
f 5083/1577/11 5085/1422/1287 6687/1423/1287 6686/1578/11
f 1175/902/44 1356/1236/44 1177/903/44
f 1177/903/44 1356/1236/44 1179/910/44
f 1179/910/44 1356/1236/44 1181/911/44
f 1181/911/44 1356/1236/44 1183/1237/44
f 1183/1237/44 1356/1236/44 1184/1238/44
f 1184/1238/44 1356/1236/44 1186/921/44
f 1186/921/44 1356/1236/44 1188/918/44
f 1188/918/44 1356/1236/44 1190/915/44
f 1190/915/44 1356/1236/44 1192/899/44
f 1192/899/44 1356/1236/44 1154/900/44
f 1154/900/44 1356/1236/44 1156/1239/44
f 1156/1239/44 1356/1236/44 1158/1240/44
f 1158/1240/44 1356/1236/44 1160/1241/44
f 1160/1241/44 1356/1236/44 1162/1242/44
f 1162/1242/44 1356/1236/44 1164/1243/44
f 1164/1243/44 1356/1236/44 1166/923/44
f 1166/923/44 1356/1236/44 1168/916/44
f 1168/916/44 1356/1236/44 1171/906/44
f 1171/906/44 1356/1236/44 1173/909/44
f 1173/909/44 1356/1236/44 1175/902/44
f 7265/1579/583 7267/1580/1288 7266/1581/1288 7264/1582/583
f 6017/951/1289 6050/1583/1289 6049/1584/1290 6019/943/1290
f 1081/1171/956 1082/1373/956 1080/828/575 1079/827/575
f 1349/860/586 1121/849/1007 1123/1190/1286 1347/861/1286
f 720/1213/1291 899/1426/1292 885/929/1292 721/926/1291
f 2698/1585/1293 2701/1586/965 2699/1587/966 2700/1588/1293
f 1216/1249/1294 1202/948/1294 1201/1250/1295 1215/1251/1295
f 3514/1589/32 3515/1590/32 3511/1591/1296 3513/1592/1296
f 1219/1426/1004 1205/929/1004 1204/1428/577 1218/1427/577
f 899/1426/1292 898/1427/930 884/1428/930 885/929/1292
f 3492/1593/1297 3493/1594/1298 3468/1595/1298 3467/1596/1297
f 1208/1446/575 1194/949/575 1193/955/1299 1207/1262/1299
f 6538/562/11 6540/1597/938 6539/745/938 6537/563/11
f 3317/876/12 2914/879/12 2916/878/12 3312/877/12
f 6507/522/390 6510/579/299 6509/580/299 6508/523/390
f 3338/1598/58 3341/1599/58 3339/1600/58 3340/1601/58
f 1213/1252/14 1199/940/14 1198/937/927 1212/1253/927
f 1214/1602/1300 1200/1409/1300 1199/940/14 1213/1252/14
f 1365/1278/943 1220/978/663 1222/1279/24
f 913/990/641 916/992/647 915/993/650 914/991/642
f 541/984/634 542/983/633 540/992/653 539/993/994
f 1236/1280/1208 1365/1278/943 1222/1281/24
f 2209/210/11 2211/209/11 2215/1603/11 2212/1604/11
f 1057/1353/1007 1059/112/971 1058/113/971 1056/1331/1007
f 6966/1309/42 6969/1312/58 6967/1311/58 6968/1310/42
f 1051/1263/577 1053/1264/393 1052/1265/393 1050/1266/577
f 697/1214/44 682/1217/44 684/1216/44 696/1215/44
f 1124/1189/24 1126/1192/24 1125/1191/24 1123/1190/24
f 1526/851/44 1527/854/44 1525/850/44 1524/847/44
f 689/858/44 691/859/44 690/860/44 688/857/44
f 431/848/44 433/1189/44 432/1190/44 430/849/44
f 693/862/44 695/1219/44 694/1218/44 692/861/44
f 695/1219/44 697/1214/44 696/1215/44 694/1218/44
f 1514/1193/44 1517/1194/44 1515/1195/44 1516/1196/44
f 698/869/898 701/872/898 699/871/898 700/870/898
f 3406/1605/297 3387/1606/1301 3389/1607/1301 3405/1608/297
f 700/870/898 699/875/898 703/874/899 705/873/899
f 1502/1373/1152 1513/70/11 1494/69/11 1493/1171/1167
f 1398/885/383 1394/924/1302 1396/1609/1302 1399/1610/971
f 6441/1611/1303 6422/1612/11 6404/1613/11 6405/1614/295
f 1402/1615/1304 1403/925/1304 1400/886/1305 1401/887/1305
f 6468/1616/30 6467/1617/30 7323/1618/29 7320/1619/29
f 4445/1384/1008 4447/1385/15 4446/1386/15 4443/1387/1008
f 718/190/868 719/191/868 716/192/1176 717/193/1176
f 456/1213/868 459/190/868 457/191/868 458/926/868
f 1428/1244/1306 1430/941/1187 1429/1242/1187 1427/1241/1306
f 477/916/614 478/917/614 476/922/1177 475/923/1177
f 1437/907/1307 1416/906/1307 1435/916/664 1436/917/664
f 1190/915/947 1191/914/947 1189/919/619 1188/918/619
f 1166/923/911 1167/922/911 1165/938/1308 1164/1243/1308
f 1156/1239/1189 1157/947/1189 1155/901/595 1154/900/595
f 1162/1242/1309 1163/941/1309 1161/1244/951 1160/1241/951
f 749/947/1310 751/1245/919 750/1240/919 748/1239/1310
f 1416/906/1307 1437/907/1307 1414/908/1311 1415/909/1311
f 1177/903/597 1179/910/602 1178/913/604 1176/904/597
f 469/1241/918 470/1244/918 468/1245/1312 467/1240/1312
f 465/1239/1313 466/947/1313 464/901/1186 463/900/1186
f 1308/1095/44 1309/1096/44 1438/1282/44
f 1307/1094/44 1308/1095/44 1438/1283/44
f 1309/1096/44 1310/1097/44 1438/1284/44
f 1306/1093/44 1307/1094/44 1438/1285/44
f 1310/1097/44 1311/1098/44 1438/1286/44
f 1305/1090/44 1306/1093/44 1438/1287/44
f 1311/1098/44 1312/1091/44 1438/1288/44
f 1304/1088/44 1305/1090/44 1438/1289/44
f 1312/1091/44 1313/1092/44 1438/1290/44
f 1302/1087/44 1304/1088/44 1438/1291/44
f 1313/1092/44 1303/1292/44 1438/1293/44
f 1303/1089/44 1302/1087/44 1438/1294/44
f 781/1468/383 784/1469/971 782/530/58 783/529/58
f 785/1304/586 786/1303/1314 784/1469/971 781/1468/383
f 789/1173/43 790/1176/43 788/1175/42 787/1174/42
f 1449/1516/578 1450/1515/578 1448/1176/14 1447/1173/14
f 6255/533/44 6274/534/44 6254/527/394 6253/528/394
f 6284/1620/938 6286/1621/11 6285/1622/11 6283/1623/938
f 6032/943/24 6043/1584/24 6042/1583/962 6034/951/962
f 1719/1361/14 1717/1357/11 1704/1335/11 1706/1339/14
f 1043/1308/14 1045/1624/930 1044/1625/930 1042/1307/14
f 2512/60/194 2514/61/195 2525/62/196 2523/63/197
f 803/532/591 804/531/591 802/1467/956 801/1466/956
f 6547/707/379 7292/1626/379 7288/401/935 6548/400/935
f 1463/114/44 1464/1324/44 1465/1325/44
f 1465/1325/44 1464/1326/44 1466/1327/44
f 1467/113/44 1464/1328/44 1463/114/44
f 1466/1327/44 1464/1329/44 1468/1330/44
f 1469/1331/44 1464/1332/44 1467/113/44
f 1468/1330/44 1464/1333/44 1470/1334/44
f 1471/1335/44 1464/1336/44 1469/1331/44
f 1470/1334/44 1464/1337/44 1472/1338/44
f 1473/1339/44 1464/1340/44 1471/1335/44
f 1472/1338/44 1464/1341/44 1474/1342/44
f 1474/1342/44 1464/1343/44 1475/1266/44
f 1475/1266/44 1464/1344/44 1473/1265/44
f 1476/1345/24 1477/1346/24 1478/115/24
f 1479/1347/24 1477/1348/24 1476/1345/24
f 1478/115/24 1477/1349/24 1480/112/24
f 1481/1350/24 1477/1351/24 1479/1347/24
f 1480/112/24 1477/1352/24 1482/1353/24
f 1483/1354/24 1477/1355/24 1481/1350/24
f 1482/1353/24 1477/1356/24 1484/1357/24
f 1485/1358/24 1477/1359/24 1483/1354/24
f 1484/1357/24 1477/1360/24 1486/1361/24
f 1487/1362/24 1477/1363/24 1485/1358/24
f 1488/1263/24 1477/1364/24 1487/1362/24
f 1486/1264/24 1477/1365/24 1488/1263/24
f 1484/1357/11 1471/1335/11 1469/1331/956 1482/1353/956
f 1486/1361/14 1473/1339/14 1471/1335/11 1484/1357/11
f 1488/1263/930 1475/1266/930 1473/1265/14 1486/1264/14
f 4405/1627/1315 4407/1628/1316 4406/1629/1316 4404/1630/1315
f 2480/1631/972 2483/1632/410 2482/1633/410 2481/1634/972
f 1483/1354/393 1470/1334/393 1472/1338/577 1485/1358/577
f 4421/1635/1317 4422/1636/1318 4427/1637/1319 4419/1638/1317
f 1479/1347/1007 1466/1327/1007 1468/1330/42 1481/1350/42
f 1476/1345/971 1465/1325/971 1466/1327/1007 1479/1347/1007
f 1407/1639/393 1409/193/126 1408/192/126 1406/888/393
f 1405/890/42 1407/889/393 1406/888/393 1404/891/42
f 1402/1615/1304 1405/1640/42 1404/891/42 1403/925/1304
f 1489/836/44 1490/830/44 1491/1170/44
f 1490/830/44 1492/827/44 1491/1170/44
f 1492/827/44 1493/1171/44 1491/1170/44
f 1493/1171/44 1494/69/44 1491/1170/44
f 1494/69/44 1495/68/44 1491/1170/44
f 1495/68/44 1496/831/44 1491/1170/44
f 1496/831/44 1497/1172/44 1491/1170/44
f 1497/1172/44 1498/821/44 1491/1170/44
f 1498/821/44 1499/558/44 1491/1170/44
f 1499/558/44 1500/559/44 1491/1170/44
f 1500/559/44 1501/835/44 1491/1170/44
f 1501/835/44 1489/836/44 1491/1170/44
f 6442/1641/30 6446/1642/11 6445/1643/11 6443/1644/30
f 835/1171/586 834/827/971 845/828/971 844/1373/586
f 2335/12/194 2319/13/1320 2318/14/1320 2336/15/1321
f 3402/1645/289 3404/1646/288 3403/1647/288 3400/1648/289
f 1033/1468/971 1035/529/58 1034/530/58 1032/1469/971
f 1412/1213/1012 1573/1426/1004 1558/929/1004 1413/926/1012
f 1375/867/1322 1528/853/1322 1515/864/979 1376/866/14
f 2555/24/410 2556/25/1323 2443/26/1323 2442/27/410
f 4881/1257/22 6996/1254/22 6995/1649/23 4880/1650/23
f 6454/1651/395 6456/1652/291 6455/1653/291 6453/1654/395
f 838/831/576 837/68/41 854/71/43 853/832/576
f 1493/1171/1167 1492/827/575 1503/828/575 1502/1373/1152
f 429/847/44 431/848/44 430/849/44 428/850/44
f 1388/1214/24 1389/1215/24 1386/1218/24 1387/1219/24
f 1385/862/24 1387/1219/24 1386/1218/24 1384/861/24
f 1383/859/24 1385/862/24 1384/861/24 1382/860/24
f 732/858/24 733/857/24 731/860/24 730/859/24
f 1352/855/44 1353/856/44 1351/857/44 1350/858/44
f 734/855/24 737/868/24 736/867/24 735/856/24
f 858/863/24 857/864/24 870/853/24 871/852/24
f 1749/1655/390 1750/1656/299 1806/1657/299 1807/1658/390
f 6456/1652/291 6458/1642/42 6457/1643/42 6455/1653/291
f 6462/1659/905 6464/1660/24 6463/1661/24 6461/1662/905
f 1384/861/1286 1521/1190/1286 1523/849/1007 1382/860/1007
f 1386/1218/575 1518/1191/57 1521/1190/1286 1384/861/1286
f 1389/1215/906 1517/1194/906 1518/1191/57 1386/1218/575
f 2060/1663/25 2063/1664/24 2128/1665/24 2130/1666/25
f 7237/1667/1324 7238/1479/1159 6087/1482/1159 6085/1668/1324
f 1418/902/24 1530/903/24 1531/1236/24
f 1530/903/24 1532/910/24 1531/1236/24
f 1532/910/24 1533/911/24 1531/1236/24
f 1533/911/24 1534/1237/24 1531/1236/24
f 1534/1237/24 1535/1238/24 1531/1236/24
f 1535/1238/24 1536/921/24 1531/1236/24
f 1536/921/24 1537/918/24 1531/1236/24
f 1537/918/24 1538/915/24 1531/1236/24
f 1538/915/24 1539/899/24 1531/1236/24
f 1539/899/24 1422/900/24 1531/1236/24
f 1422/900/24 1423/1239/24 1531/1236/24
f 1423/1239/24 1425/1240/24 1531/1236/24
f 1425/1240/24 1427/1241/24 1531/1236/24
f 1427/1241/24 1429/1242/24 1531/1236/24
f 1429/1242/24 1431/1243/24 1531/1236/24
f 1431/1243/24 1433/923/24 1531/1236/24
f 1433/923/24 1435/916/24 1531/1236/24
f 1435/916/24 1416/906/24 1531/1236/24
f 1416/906/24 1415/909/24 1531/1236/24
f 1415/909/24 1418/902/24 1531/1236/24
f 1404/891/24 1406/888/24 1408/192/24
f 1404/891/24 1408/192/24 1403/925/24
f 1408/192/24 1400/886/24 1403/925/24
f 1408/192/24 1397/873/24 1400/886/24
f 719/191/44 700/870/44 705/873/44 716/192/44
f 1398/885/24 1397/873/24 1394/924/24
f 1398/885/24 1400/886/24 1397/873/24
f 1540/919/24 1541/920/24 1413/926/24
f 1413/926/24 1541/920/24 1411/191/24
f 1541/920/24 1542/927/24 1411/191/24
f 1543/928/24 1411/191/24 1542/927/24
f 1543/928/24 1392/870/24 1411/191/24
f 1543/928/24 1544/912/24 1392/870/24
f 1544/912/24 1545/913/24 1392/870/24
f 1545/913/24 1390/869/24 1392/870/24
f 1545/913/24 1419/904/24 1390/869/24
f 744/904/44 742/905/44 873/955/44 698/869/44
f 739/908/44 874/949/44 873/955/44 742/905/44
f 6085/1668/12 6086/1669/12 6084/1396/12 6083/1395/12
f 749/947/44 746/901/44 883/946/44 882/948/44
f 759/922/44 877/936/44 876/939/44 761/917/44
f 1434/922/24 1550/936/24 1549/939/24 1436/917/24
f 6009/1404/12 6010/1403/12 6008/1411/12 6007/1410/12
f 753/1244/44 880/1409/44 879/940/44 755/941/44
f 6109/931/12 6110/246/12 6107/1407/12 6108/1406/12
f 778/914/44 776/919/44 721/926/44 885/929/44
f 1437/907/24 1436/917/24 1549/939/24 1548/950/24
f 1420/898/24 1559/914/24 1558/929/24 1557/1428/24
f 2815/1670/42 2816/1671/42 2813/881/42 2814/1672/42
f 757/938/44 755/941/44 879/940/44 878/937/44
f 1422/900/949 1539/899/1185 1420/898/1185 1421/901/949
f 1543/928/922 1542/927/1180 1535/1238/1180 1534/1237/922
f 1426/1245/954 1428/1244/1306 1427/1241/1306 1425/1240/954
f 776/919/634 778/914/611 777/915/611 775/918/634
f 467/1240/1312 468/1245/1312 466/947/1313 465/1239/1313
f 746/901/914 749/947/1310 748/1239/1310 747/900/914
f 1164/1243/1308 1165/938/1308 1163/941/1309 1162/1242/1309
f 492/1237/912 494/1238/1188 493/927/1188 491/928/912
f 94/646/470 127/1673/1325 169/306/1326 170/305/471
f 1409/960/44 1401/958/44 1395/956/44
f 1409/960/44 1402/961/44 1401/958/44
f 1409/960/44 1405/962/44 1402/961/44
f 1409/960/44 1407/963/44 1405/962/44
f 1395/956/44 1399/957/44 1396/959/44
f 1395/956/44 1401/958/44 1399/957/44
f 1393/673/44 1560/965/44 1561/964/44
f 1560/965/44 1562/966/44 1561/964/44
f 1562/966/44 1563/967/44 1561/964/44
f 1563/967/44 1564/968/44 1561/964/44
f 1564/968/44 1565/969/44 1561/964/44
f 1565/969/44 1566/970/44 1561/964/44
f 1566/970/44 1567/971/44 1561/964/44
f 1567/971/44 1568/972/44 1561/964/44
f 1568/972/44 1569/973/44 1561/964/44
f 1569/973/44 1570/974/44 1561/964/44
f 1570/974/44 1571/975/44 1561/964/44
f 1571/975/44 1572/976/44 1561/964/44
f 1572/976/44 1573/977/44 1561/964/44
f 1573/977/44 1412/672/44 1561/964/44
f 1412/672/44 1393/673/44 1561/964/44
f 1130/670/24 1150/671/24 1147/672/24 1131/673/24
f 889/1435/1327 888/1446/383 874/949/971 875/950/1327
f 1560/1262/1299 1393/872/1031 1390/869/1031 1546/955/1299
f 897/1506/1328 896/1249/925 882/948/925 883/946/1328
f 1563/1435/1011 1562/1446/575 1547/949/57 1548/950/1011
f 1570/1249/1294 1569/1251/1295 1554/1250/1295 1555/948/1294
f 890/1434/1329 889/1435/1327 875/950/1327 876/939/1329
f 1566/1253/927 1565/1429/1013 1550/936/1013 1551/937/927
f 898/1427/930 897/1506/1328 883/946/1328 884/1428/930
f 527/1427/930 513/1428/930 512/946/1328 526/1506/1328
f 1569/1251/1295 1568/1602/1300 1553/1409/1300 1554/1250/1295
f 7281/427/2 7283/1674/1330 7282/1675/1330 7280/428/2
f 886/1262/928 701/872/929 698/869/929 873/955/928
f 888/1446/383 886/1262/928 873/955/928 874/949/971
f 895/1251/926 894/1602/1331 880/1409/1331 881/1250/926
f 1252/1016/1210 1253/1017/1211 1251/780/692 1250/777/692
f 1263/1013/678 1265/198/695 1264/199/696 1262/1014/679
f 1601/1023/1029 1574/1018/1218 1576/1019/1219 1600/1022/1030
f 1268/1026/727 1251/780/726 1253/1017/698 1267/1024/699
f 1267/1024/699 1253/1017/698 1255/1019/1049 1266/1025/1048
f 951/1022/1332 927/1019/1222 934/1025/1223 960/1033/1332
f 1258/1020/687 1261/1012/677 1260/1015/677 1259/1021/687
f 1598/1020/687 1599/1021/687 1597/1015/1036 1596/1012/1036
f 952/1023/1214 925/1018/682 927/1019/683 951/1022/1215
f 1254/1018/1031 1255/1019/1031 1253/1017/1211 1252/1016/1210
f 574/198/131 553/201/1209 552/200/1209 573/199/131
f 947/1012/691 948/1015/691 946/1014/694 945/1013/693
f 362/763/519 379/441/318 378/148/87 363/310/222
f 567/1020/690 568/1021/690 566/1022/1213 565/1023/1212
f 381/265/185 321/1676/1333 320/324/233 382/263/183
f 1277/1033/1050 1257/1022/1050 1259/1021/1052 1276/1034/1052
f 1580/189/1224 1586/188/1227 1602/1029/1227 1585/1451/1224
f 929/780/702 931/779/1228 936/1035/1228 935/1026/702
f 1595/1014/1334 1606/1030/1334 1605/1032/717 1593/199/125
f 946/1014/721 957/1030/720 956/1032/1026 944/199/868
f 1591/200/1230 1604/1028/1229 1603/1027/1226 1589/1011/1225
f 2843/1677/44 2845/1678/44 2846/1679/44 2832/1680/44
f 950/1021/724 951/1022/1332 960/1033/1332 959/1034/724
f 4843/1681/1335 4879/642/1336 4878/373/1337 4877/1682/1338
f 1612/1059/759 1619/1063/769 1618/1064/772 1617/1062/760
f 1631/1048/1065 1630/1067/1079 1633/1068/1339 1632/1066/1065
f 610/1085/1055 593/1086/1340 592/1084/1340 608/1081/1056
f 608/1081/24 592/1084/24 579/1083/24 578/1082/24
f 1298/1061/765 1299/1081/44 1269/1082/44 1268/1078/44
f 968/1062/1054 969/1064/754 934/1070/44 933/1069/44
f 1628/1103/1341 1633/1068/1339 1630/1067/1079 1629/1056/740
f 1613/1081/1342 1614/1085/1343 1611/1060/762 1610/1061/761
f 598/1041/733 600/1045/1080 599/1046/1080 597/1042/734
f 592/1049/1340 593/1065/1340 591/1066/1082 590/1048/1081
f 1628/1103/1341 1629/1056/740 1627/1043/741 1626/1040/1237
f 1296/1059/1070 1300/1060/1344 1298/1061/765 1297/1062/763
f 1629/1056/740 1630/1067/1079 1604/1455/24 1605/1057/24
f 6781/1683/1248 7103/1684/1248 7102/1685/1248 6783/1686/1248
f 1293/1047/44 1277/1077/44 1276/1076/44 1290/1046/44
f 976/1042/44 958/1075/44 959/1076/44 973/1046/44
f 6768/1687/1248 6766/1688/1248 7110/1689/1248 7109/1690/1248
f 980/1056/1060 981/1067/756 955/1455/44 956/1057/44
f 4658/701/1345 4478/1691/1346 3899/1692/1346 3815/704/1347
f 963/1059/1053 968/1062/1054 961/1061/1069 962/1060/1068
f 6770/1693/1248 7108/1694/1248 7107/1549/1248 6772/1548/1248
f 1281/1048/44 1271/1051/44 1270/1050/44 1283/1049/44
f 1621/1044/770 1623/1045/1244 1622/1046/1244 1620/1047/771
f 1300/1060/1344 1301/1085/773 1299/1081/774 1298/1061/765
f 1634/1280/990 1635/1281/44 1636/1278/988
f 1223/987/665 1225/986/1348 1224/985/1201 1221/979/666
f 904/1006/985 906/1130/1349 902/1278/980 905/978/984
f 1337/1130/944 1365/1278/943 1236/1280/1208 1238/1129/1350
f 1636/1278/988 1635/1279/44 1639/978/989
f 1639/978/989 1635/980/44 1642/979/1190
f 532/987/981 534/986/1194 533/985/654 530/979/630
f 1225/986/1348 1227/989/616 1226/988/1203 1224/985/1201
f 1227/989/616 1229/991/1351 1228/990/1202 1226/988/1203
f 1230/993/1352 1231/992/1200 1228/990/1202 1229/991/1351
f 1645/988/942 1646/989/941 1644/986/1193 1643/985/1192
f 1234/981/1198 1235/982/1197 1233/983/1199 1232/984/626
f 1635/994/44 1654/982/1207 1652/983/1195
f 1642/979/1190 1635/996/44 1643/985/1192
f 1635/995/44 1652/983/1195 1650/992/644
f 1635/998/44 1645/988/942 1643/985/1192
f 1635/997/44 1650/992/644 1647/990/643
f 1635/999/44 1647/990/643 1645/988/942
f 1655/1005/1205 1654/982/1207 1635/1007/44
f 921/1005/662 922/1004/661 919/981/652 920/982/651
f 1232/984/626 1233/983/1199 1231/992/1200 1230/993/1352
f 1236/1000/1208 1239/1003/1001 1237/1002/954 1238/1001/1350
f 1657/1003/993 1635/1008/44 1634/1000/990
f 1655/1005/1205 1635/1009/44 1657/1003/993
f 1250/777/1353 1248/778/1354 1303/1292/1355 1313/1092/1356
f 932/186/1357 997/1089/1358 996/1087/1105 938/187/1105
f 1601/1023/1258 1598/1020/1104 1667/1096/1104 1666/1097/1259
f 928/1016/1359 925/1018/1360 991/1098/1361 993/1091/1359
f 943/198/787 941/201/780 992/1090/783 990/1093/787
f 1252/1016/1262 1250/777/1353 1313/1092/1356 1312/1091/1262
f 1263/1013/805 1261/1012/792 1308/1095/794 1307/1094/806
f 1256/1023/801 1310/1097/800 1309/1096/793 1258/1020/793
f 1248/186/1354 1247/187/1362 1302/1087/1362 1303/1089/1355
f 930/777/1363 995/1092/1364 997/1292/1358 932/778/1357
f 574/198/1252 615/1093/1252 614/1090/808 553/201/807
f 928/1016/1359 993/1091/1359 995/1092/1364 930/777/1363
f 1018/1099/828 1017/1100/703 963/1059/701 962/1060/825
f 2186/1695/1365 2256/1696/1366 2257/1697/1367 2192/1698/1368
f 1015/1109/1120 1013/1114/848 972/1044/848 970/1063/1369
f 1691/1106/860 1616/1065/1370 1632/1066/1264 1680/1107/1117
f 1691/1122/860 1694/1108/859 1614/1085/1282 1616/1086/1370
f 984/1068/1265 1006/1101/1265 1004/1107/824 983/1066/823
f 1017/1100/703 1015/1109/1120 970/1063/1369 963/1059/701
f 631/1099/1138 609/1060/1140 605/1059/701 630/1100/701
f 632/1107/818 623/1101/1135 588/1068/1135 591/1066/819
f 633/1123/1145 634/1112/1134 623/1101/1135 632/1107/818
f 645/1131/1139 631/1099/1138 630/1100/701 641/1119/701
f 635/1113/132 636/1110/834 625/1104/837 624/1102/868
f 1327/1110/1110 1328/1111/884 1317/1105/886 1316/1104/1114
f 637/1111/835 638/1118/1148 627/1117/1132 626/1105/836
f 1675/1117/856 1686/1118/1276 1685/1111/1272 1676/1105/853
f 1009/1105/816 998/1111/847 999/1110/869 1008/1104/813
f 1015/1109/1120 1017/1100/703 1016/1119/701 1014/1115/876
f 1232/984/1110 1230/993/1147 1328/1111/884 1327/1110/1110
f 1335/1006/891 1336/1131/891 1332/1119/699 1223/987/699
f 904/1006/1107 903/987/703 1016/1119/701 1019/1131/1108
f 1337/1130/1371 1338/1121/1113 1336/1131/891 1335/1006/891
f 547/1001/1372 546/1002/675 633/1123/1145 643/1124/1273
f 1675/1117/856 1674/1114/841 1687/1116/844 1686/1118/1276
f 5422/1699/1373 5274/1700/1374 5273/1701/1375 5421/1702/1375
f 1017/1100/703 1018/1099/828 1019/1131/1108 1016/1119/701
f 1338/1121/1113 1339/1108/890 1322/1099/831 1336/1131/891
f 1320/1109/830 1294/1063/829 1292/1044/1376 1319/1114/851
f 1319/1114/851 1292/1044/1376 1291/1045/1281 1318/1117/885
f 639/1116/1128 628/1114/1127 627/1117/1132 638/1118/1148
f 1238/1129/861 1334/1120/863 1338/1121/1113 1337/1130/1371
f 1651/984/1119 1684/1110/1119 1685/1111/1272 1649/993/1275
f 1240/1004/1278 1234/981/125 1326/1113/125 1325/1112/838
f 1223/987/699 1332/1119/699 1331/1115/850 1225/986/850
f 1225/986/850 1331/1115/850 1330/1116/852 1227/989/872
f 912/989/1111 914/991/871 1011/1118/846 1012/1116/849
f 305/689/496 306/683/490 253/684/491 254/690/497
f 1668/1095/24 1695/1282/24 1667/1096/24
f 1669/1094/24 1695/1283/24 1668/1095/24
f 1667/1096/24 1695/1284/24 1666/1097/24
f 1670/1093/24 1695/1285/24 1669/1094/24
f 1666/1097/24 1695/1286/24 1665/1098/24
f 1660/1090/24 1695/1287/24 1670/1093/24
f 1665/1098/24 1695/1288/24 1664/1091/24
f 1659/1088/24 1695/1289/24 1660/1090/24
f 1664/1091/24 1695/1290/24 1663/1092/24
f 1661/1087/24 1695/1291/24 1659/1088/24
f 1663/1092/24 1695/1293/24 1662/1292/24
f 1662/1089/24 1695/1294/24 1661/1087/24
f 1696/114/24 1697/1325/24 1698/1324/24
f 1697/1325/24 1699/1327/24 1698/1326/24
f 1700/113/24 1696/114/24 1698/1328/24
f 1699/1327/24 1701/1330/24 1698/1329/24
f 1702/1331/24 1700/113/24 1698/1332/24
f 1701/1330/24 1703/1334/24 1698/1333/24
f 1704/1335/24 1702/1331/24 1698/1336/24
f 1703/1334/24 1705/1338/24 1698/1337/24
f 1706/1339/24 1704/1335/24 1698/1340/24
f 1705/1338/24 1707/1342/24 1698/1341/24
f 1707/1342/24 1708/1266/24 1698/1343/24
f 1708/1266/24 1706/1265/24 1698/1344/24
f 1709/1345/44 1710/115/44 1711/1346/44
f 1712/1347/44 1709/1345/44 1711/1348/44
f 1710/115/44 1713/112/44 1711/1349/44
f 1714/1350/44 1712/1347/44 1711/1351/44
f 1713/112/44 1715/1353/44 1711/1352/44
f 1716/1354/44 1714/1350/44 1711/1355/44
f 1715/1353/44 1717/1357/44 1711/1356/44
f 1718/1358/44 1716/1354/44 1711/1359/44
f 1717/1357/44 1719/1361/44 1711/1360/44
f 1720/1362/44 1718/1358/44 1711/1363/44
f 1721/1263/44 1720/1362/44 1711/1364/44
f 1719/1264/44 1721/1263/44 1711/1365/44
f 6523/1703/12 6509/580/12 6512/564/12 6522/1704/12
f 3504/1705/44 3505/710/44 3524/1439/44 3526/1438/44
f 2643/1132/11 2572/1133/11 2574/1134/11 2624/1135/11
f 2640/96/11 2601/1706/11 2602/1707/11 2639/97/11
f 2668/1708/42 2669/1139/42 2616/1138/42 2641/95/42
f 2618/1709/11 2617/1710/11 2596/1711/11 2598/1712/11
f 1756/1202/58 1757/1228/58 1754/1233/58 1755/1713/58
f 1736/1714/58 1737/1715/58 1734/1716/58 1735/1717/58
f 1836/1718/12 1838/1719/12 1903/1720/12 1912/1721/12
f 2698/1585/11 2721/1586/11 2681/1722/11 2680/1723/11
f 3462/1724/44 3463/53/44 3459/52/44 3461/1725/44
f 2506/1726/42 2555/24/42 2554/1382/42 2505/1727/42
f 1835/1389/58 1944/1728/58 1943/1729/58 1837/1730/58
f 2686/1731/42 2703/1732/42 2705/1733/42 2685/1734/42
f 7321/401/58 7323/1735/58 6467/1736/58 7322/402/58
f 6501/743/12 6542/744/12 6539/745/12 6500/746/12
f 1722/1737/58 1725/1738/58 1723/1656/58 1724/1739/58
f 3086/714/12 3025/715/12 3030/1141/12 3099/1140/12
f 6324/1740/12 6326/1741/12 6325/1742/12 6323/1743/12
f 2564/568/42 2567/567/42 2645/412/42 2642/1150/42
f 2695/710/42 2696/1744/42 2706/1745/42 2708/711/42
f 1844/1488/12 1862/1746/12 1904/748/12 1842/747/12
f 349/1747/58 7352/1748/58 7351/1749/58 346/1750/58
f 3083/1276/58 3026/1751/58 3028/1752/58 3081/1275/58
f 1770/1753/12 1771/1754/12 1772/1755/12
f 1771/1754/12 1773/1756/12 1772/1757/12
f 1773/1756/12 1774/1208/12 1772/1758/12
f 1774/1208/12 1775/1207/12 1772/1759/12
f 1775/1207/12 1776/1760/12 1772/1761/12
f 1776/1760/12 1777/1204/12 1772/1762/12
f 1777/1204/12 1778/1203/12 1772/1763/12
f 1778/1203/12 1779/1764/12 1772/1765/12
f 1779/1764/12 1780/1766/12 1772/1767/12
f 1780/1766/12 1781/1768/12 1772/1769/12
f 1781/1768/12 1782/1770/12 1772/1771/12
f 1782/1770/12 1783/1772/12 1772/1773/12
f 1784/1774/12 1770/1775/12 1772/1776/12
f 1785/1777/12 1784/1774/12 1772/1778/12
f 1786/1211/12 1785/1777/12 1772/1779/12
f 1787/1212/12 1786/1211/12 1772/1780/12
f 1788/1781/12 1787/1212/12 1772/1782/12
f 1789/1783/12 1788/1781/12 1772/1784/12
f 1790/1785/12 1789/1783/12 1772/1786/12
f 1791/1787/12 1790/1785/12 1772/1788/12
f 1792/1222/12 1791/1787/12 1772/1789/12
f 1793/50/12 1792/1222/12 1772/1790/12
f 1794/51/12 1793/50/12 1772/1791/12
f 1783/1223/12 1794/51/12 1772/1792/12
f 1795/1793/58 1796/1794/58 1797/1795/58
f 1798/1796/58 1795/1793/58 1797/1797/58
f 1799/1798/58 1798/1796/58 1797/1799/58
f 1800/1800/58 1799/1798/58 1797/1801/58
f 1801/1802/58 1800/1800/58 1797/1803/58
f 1802/1230/58 1801/1802/58 1797/1804/58
f 1803/1231/58 1802/1230/58 1797/1805/58
f 1804/1234/58 1803/1231/58 1797/1806/58
f 1805/1235/58 1804/1234/58 1797/1807/58
f 1806/1657/58 1805/1235/58 1797/1808/58
f 1807/1658/58 1806/1657/58 1797/1809/58
f 1808/1810/58 1807/1658/58 1797/1811/58
f 1796/1657/58 1809/1812/58 1797/1813/58
f 1809/1812/58 1810/1814/58 1797/1815/58
f 1810/1814/58 1811/1816/58 1797/1817/58
f 1811/1816/58 1812/1528/58 1797/1818/58
f 1812/1528/58 1813/1527/58 1797/1819/58
f 1813/1527/58 1814/1820/58 1797/1821/58
f 1814/1820/58 1815/1822/58 1797/1823/58
f 1815/1822/58 1816/1824/58 1797/1825/58
f 1816/1824/58 1817/1826/58 1797/1827/58
f 1817/1826/58 1818/1794/58 1797/1828/58
f 1818/1794/58 1819/1524/58 1797/1829/58
f 1819/1524/58 1808/1523/58 1797/1830/58
f 1974/1831/2 1972/1832/379 2092/1833/379 2090/1834/2
f 1826/1835/300 1827/1719/300 1825/750/299 1824/718/299
f 6143/1836/391 6107/1407/391 6110/246/170 6142/245/170
f 1830/1389/25 1831/1390/25 1829/1718/905 1828/1730/905
f 1065/1347/956 1067/1350/11 1066/1330/11 1064/1327/956
f 694/1218/383 861/1191/383 863/1190/974 692/861/974
f 1835/1389/935 1837/1730/379 1836/1718/379 1834/1390/935
f 1837/1730/379 1839/1835/2 1838/1719/2 1836/1718/379
f 3593/1837/1288 3595/1838/42 3594/1839/42 3592/1840/1288
f 1841/718/30 1843/717/29 1842/747/29 1840/750/30
f 3602/476/350 3605/479/350 3603/478/350 3604/477/350
f 1069/1354/14 1046/1358/930 1048/1338/930 1068/1334/14
f 4218/826/1377 4219/825/1378 4217/1841/372 4216/1842/372
f 2776/1843/1007 2731/1844/1007 2728/1845/1008 2775/1846/1008
f 2876/1847/1287 2877/1848/1287 2874/22/14 2875/23/14
f 5095/1849/12 5096/1850/572 6676/1851/572 6675/1852/12
f 1931/1853/58 1933/1729/58 1932/1730/58 1930/1835/58
f 1986/1854/12 1988/1855/12 1951/1856/12 1950/1857/12
f 7328/1858/58 7329/1859/58 7326/1860/58 7327/1861/58
f 6255/533/12 6253/528/12 6210/80/12 6189/81/12
f 6264/533/12 6198/81/12 6196/80/12 6266/528/12
f 1740/1221/58 1741/1862/58 1739/1863/58 1738/1864/58
f 3417/55/24 3418/1865/24 3342/1866/24 3344/1867/24
f 6526/400/12 6484/403/12 6486/1868/12 6503/1869/12
f 6488/1870/12 6489/563/12 6485/745/12 6487/744/12
f 2033/1871/58 2032/1872/58 2037/1873/58 2035/1874/58
f 1820/717/58 1939/720/58 1937/719/58 1824/718/58
f 7288/401/58 7291/1735/58 7289/1736/58 7290/402/58
f 3606/1875/402 3609/1384/973 3607/1387/973 3608/1876/402
f 3105/1464/1379 3103/1184/1380 3659/1183/1380 3658/1465/1379
f 1037/532/591 1039/1466/1152 1038/1467/956 1036/531/591
f 1029/1301/42 1031/1304/586 1030/1303/586 1028/1302/42
f 1031/1304/586 1033/1468/971 1032/1469/971 1030/1303/586
f 417/1172/12 418/1503/12 416/832/576 415/831/576
f 6984/1380/1381 2860/1381/1381 2859/1378/1154 6983/1379/1154
f 3999/281/7 4001/282/9 4012/283/1382 4011/284/1383
f 1461/532/384 1462/531/383 1460/1467/586 1459/1466/586
f 1885/1301/11 1887/1304/956 1886/1303/1167 1884/1302/11
f 7167/1877/1384 7168/1878/1289 5969/1879/1289 5970/1880/1384
f 1459/1466/586 1460/1467/586 1458/1306/42 1457/1305/42
f 3038/714/1385 3049/713/29 3048/1276/29 3047/1277/1386
f 5283/1881/1387 5284/1882/1388 5282/1883/1389 5281/1448/1390
f 2976/1268/937 2984/1267/935 2983/1270/935 2982/1269/1391
f 1717/1357/11 1715/1353/956 1702/1331/956 1704/1335/11
f 797/1308/14 798/1307/14 796/1625/573 795/1624/930
f 517/1446/383 503/949/971 502/955/928 516/1262/928
f 2978/1884/29 2977/1885/1386 2979/1886/1386 2980/1887/29
f 6122/1628/1392 6124/1888/1393 6123/1889/1393 6121/1629/1392
f 1712/1347/1007 1714/1350/42 1701/1330/42 1699/1327/1007
f 1714/1350/42 1716/1354/393 1703/1334/393 1701/1330/42
f 7145/1627/1394 7131/1630/1394 7132/1629/1392 7144/1628/1392
f 1741/1862/583 1742/1890/291 1818/1794/291 1817/1826/583
f 2937/876/12 2804/1891/12 2801/1892/12 2847/877/12
f 1500/559/42 1499/558/43 1508/557/393 1507/560/42
f 446/885/591 447/1610/591 445/1609/58 444/924/382
f 1725/1738/938 1727/1893/1014 1810/1814/1014 1809/1812/938
f 2898/1843/1007 2899/1844/1007 2896/1894/1395 2897/1895/1395
f 1729/1896/17 1730/1525/20 1812/1528/20 1811/1816/17
f 1138/884/383 1137/885/383 1143/886/1305 1144/887/1305
f 4120/395/1396 4086/394/1396 4085/1897/1396 4119/1898/1396
f 1734/1716/44 1737/1715/394 1815/1822/394 1814/1820/44
f 1737/1715/394 1739/1863/395 1816/1824/395 1815/1822/394
f 2889/1899/1397 2891/1900/58 2890/1901/58 2888/1902/1397
f 2867/820/12 2869/1903/1398 2868/1904/1398 2866/819/12
f 1766/1905/30 1769/1906/29 1795/1793/29 1798/1796/30
f 1769/1906/29 1723/1907/11 1796/1794/11 1795/1793/29
f 2807/892/58 2806/893/58 2811/882/58 2819/883/58
f 1750/1656/299 1753/1232/300 1805/1235/300 1806/1657/299
f 5996/1397/1399 6035/952/1400 6041/1908/1400 6040/1909/1399
f 6120/1627/1394 6122/1628/1392 6121/1629/1392 6119/1630/1394
f 736/867/968 423/853/968 427/854/573 735/856/573
f 5672/583/1401 5673/584/1402 5661/585/1403 5663/586/1404
f 1758/1229/24 1761/1910/935 1801/1802/935 1802/1230/24
f 735/856/573 427/854/573 428/850/1405 733/857/1405
f 1762/1229/379 1765/1911/2 1799/1798/2 1800/1800/379
f 2778/1912/971 2735/1913/971 2732/1894/1395 2777/1895/1395
f 1726/1914/299 1722/1737/390 1784/1774/390 1785/1777/299
f 7030/1915/1406 7018/1916/1407 7019/1917/1408 7020/1918/1409
f 3766/1248/1410 3930/1205/1411 3926/252/412 3764/595/411
f 7006/1919/1412 7007/1920/1413 7020/1918/1409 7019/1917/1408
f 2775/1846/1008 2728/1845/1008 2727/1921/42 2774/1922/42
f 729/861/974 432/1190/974 434/1191/971 727/1218/383
f 1738/1864/379 1736/1714/935 1790/1785/935 1791/1787/379
f 1146/1639/393 1145/888/393 1151/192/126 1152/193/126
f 2484/1585/1323 2485/1588/1323 2705/1733/1414 2704/1923/1414
f 2704/1923/1414 2705/1733/1414 2703/1732/964 2702/1924/964
f 4859/1248/48 7000/1247/48 6999/1246/1415 4861/595/1415
f 2680/1723/1293 2681/1722/1416 2665/1925/1416 2664/1926/1293
f 1748/1927/938 1747/1928/11 1783/1772/11 1782/1770/938
f 6370/768/12 6373/769/12 6371/770/12 6372/771/12
f 6030/942/376 6028/1414/377 6045/1929/377 6044/1930/376
f 1768/1931/290 1767/1932/291 1773/1756/291 1771/1754/290
f 1767/1932/291 1764/1206/583 1774/1208/583 1773/1756/291
f 6032/943/24 6030/942/376 6044/1930/376 6043/1584/24
f 4682/625/904 4686/624/1417 4684/1323/1418 4683/255/901
f 710/1615/1419 711/925/1419 708/886/592 709/887/592
f 706/885/591 702/924/58 704/1609/58 707/1610/591
f 6710/395/1420 6652/394/1420 6651/1897/1420 6709/1898/1420
f 1755/1713/20 1752/1933/17 1780/1766/17 1779/1764/20
f 6035/952/1400 6034/951/962 6042/1583/962 6041/1908/1400
f 1867/1719/12 1869/750/12 1868/749/12 1866/1720/12
f 1920/719/58 1923/720/58 1922/717/58 1921/718/58
f 3080/713/12 2978/716/12 3029/1934/12 3082/1274/12
f 1822/1487/58 1936/1935/58 1939/720/58 1820/717/58
f 341/1936/58 342/1937/58 7365/1938/58 7364/1939/58
f 6331/1940/12 6332/1941/12 6330/1942/12 6329/1943/12
f 3507/1944/44 3508/1945/44 3518/1946/44 3520/1433/44
f 1933/1729/58 1935/1728/58 1934/1389/58 1932/1730/58
f 1832/1388/58 1830/1389/58 1946/1728/58 1945/1947/58
f 1914/1728/58 1915/1389/58 1845/1388/58 1913/1947/58
f 1748/1927/58 1749/1655/58 1746/1948/58 1747/1928/58
f 1918/1853/58 1919/1835/58 1917/1730/58 1916/1729/58
f 3076/1949/58 2981/1950/58 2982/731/58 3064/730/58
f 1863/1390/12 1865/1718/12 1864/1721/12 1861/1951/12
f 1837/1730/58 1943/1729/58 1942/1853/58 1839/1835/58
f 6525/707/12 6526/400/12 6503/1869/12 6506/524/12
f 1870/747/12 1871/748/12 1868/749/12 1869/750/12
f 6544/1704/12 6535/564/12 6537/563/12 6543/1870/12
f 6317/1952/12 6318/1953/12 6316/1954/12 6315/1955/12
f 330/1956/58 7359/1957/58 7374/1958/58 663/741/58
f 7337/1626/58 6478/1959/58 6480/1735/58 7336/401/58
f 6289/417/12 6288/1620/12 6208/1295/12 6206/1298/12
f 1830/1389/58 1828/1730/58 1947/1729/58 1946/1728/58
f 1823/747/12 1825/750/12 1906/749/12 1905/748/12
f 6313/1960/12 6314/1961/12 6311/1962/12 6312/1963/12
f 6547/707/12 6548/400/12 6527/1869/12 6529/524/12
f 6521/1870/12 6513/563/12 6516/745/12 6520/744/12
f 3065/1272/12 2984/1964/12 2976/1965/12 3063/1273/12
f 1999/1966/12 1984/1967/12 1983/1968/12 2000/1969/12
f 332/1146/58 335/1970/58 334/1971/58 333/1147/58
f 3053/713/12 3051/1274/12 3006/1934/12 3004/716/12
f 1916/1729/58 1917/1730/58 1915/1389/58 1914/1728/58
f 3046/1949/58 3011/1950/58 3012/731/58 3045/730/58
f 6293/1972/12 6294/1973/12 6292/1974/12 6291/1975/12
f 2697/1976/42 2581/711/42 2706/1745/42 2696/1744/42
f 1854/1718/12 1857/1721/12 1855/1720/12 1856/1719/12
f 1934/1389/1421 1858/1390/1421 1854/1718/291 1932/1730/291
f 6000/1401/1422 5996/1397/1399 6040/1909/1399 6039/1977/1422
f 5743/1978/1423 5758/1979/1424 5744/1883/1425 5733/1882/1426
f 1915/1389/1427 1917/1730/1014 1865/1718/1014 1863/1390/1427
f 1917/1730/1014 1919/1835/17 1867/1719/17 1865/1718/1014
f 4117/506/1428 4083/505/1428 4082/91/1428 4116/90/1428
f 1921/718/20 1922/717/47 1870/747/47 1869/750/20
f 1922/717/47 1924/1487/44 1872/1488/44 1870/747/47
f 1927/717/394 1875/747/394 1872/1488/44 1924/1487/44
f 1929/718/1157 1877/750/1157 1875/747/394 1927/717/394
f 4016/1980/1429 3348/1981/1430 3350/1982/1431 3385/1983/1431
f 4020/1638/1432 4028/1637/1433 4024/1636/1434 4021/1635/1432
f 1948/1984/12 1949/1985/12 1950/1986/12
f 6496/707/12 6497/524/12 6495/523/12 6494/708/12
f 3529/1566/24 3495/1987/24 3494/1988/24 3531/1989/24
f 3068/737/58 2985/738/58 2987/732/58 3070/729/58
f 340/1990/58 343/1991/58 342/1937/58 341/1936/58
f 3342/1992/24 3345/1993/24 3343/27/24 3344/26/24
f 1733/1994/58 1735/1717/58 1734/1716/58 1732/1526/58
f 1952/1995/12 1954/1996/12 1953/1997/12 1948/1984/12
f 3510/1998/24 3533/1999/24 3493/1594/24 3492/1593/24
f 1965/2000/12 1966/2001/12 1964/2002/12
f 1968/2003/12 1969/2004/12 1965/2005/12
f 3042/1271/12 3017/2006/12 3015/1964/12 3044/1272/12
f 6271/417/12 6269/420/12 6193/2007/12 6223/1298/12
f 3067/1271/12 2986/2006/12 2984/1964/12 3065/1272/12
f 6295/2008/12 6298/2009/12 6297/2010/12 6296/2011/12
f 1983/2012/12 1984/2013/12 1982/1152/12 1981/1151/12
f 6315/1955/12 6316/1954/12 6314/1961/12 6313/1960/12
f 352/2014/58 355/2015/58 354/2016/58 353/2017/58
f 6331/1940/12 6334/2018/12 6333/2019/12 6332/1941/12
f 1982/1152/12 1984/2013/12 1985/2020/12
f 1986/1854/12 1950/1857/12 1987/2021/12
f 1831/1390/12 1909/1951/12 1908/1721/12 1829/1718/12
f 6548/400/12 6519/403/12 6517/1868/12 6527/1869/12
f 7296/1858/58 7297/1859/58 7294/1860/58 7295/1861/58
f 6496/707/12 6499/400/12 6498/1869/12 6497/524/12
f 6337/2022/12 6290/2023/12 6335/2024/12 6336/2025/12
f 3049/713/12 3038/714/12 3010/715/12 3008/716/12
f 3048/1276/58 3050/1275/58 3005/1752/58 3007/1751/58
f 3431/96/24 3432/2026/24 3430/1707/24 3429/97/24
f 1999/1966/12 2001/2027/12 1984/1967/12
f 1966/2001/1435 1965/2000/1436 2002/2028/1436
f 1966/2001/1435 2002/2028/1436 2003/2029/47
f 1966/2001/1435 2003/2029/47 1964/2002/47
f 2025/2030/1437 1968/2003/394 1971/2031/1157 2024/2032/1157
f 2005/2033/18 2006/2034/1438 1957/2035/1438 1959/2036/17
f 2003/2029/47 2004/2037/19 1962/2038/19 1964/2002/47
f 2021/2039/1421 2022/2040/291 1976/2041/1439 1977/2042/1421
f 2023/2043/1285 2024/2032/1157 1971/2031/1157 1973/2044/1285
f 1990/2045/1440 1986/1854/2 2018/2046/2 2017/2047/1440
f 1949/1985/1441 1948/1984/29 2009/2048/29
f 1949/1985/1441 2009/2048/29 2010/2049/1442
f 1949/1985/1441 2010/2049/1442 1950/1986/1442
f 2001/2027/1443 2011/2050/1444 1984/1967/1444
f 2001/2027/1443 2012/2051/300 2011/2050/1444
f 2001/2027/1443 1999/1966/300 2012/2051/300
f 364/307/219 363/310/222 378/148/87 377/147/86
f 2007/2052/1427 2008/2053/11 1953/1997/11 1956/2054/1427
f 2023/2043/1285 1973/2044/1285 1976/2041/1439 2022/2040/291
f 1996/2055/1445 1994/2056/24 2015/2057/24 2014/2058/1445
f 2005/2033/18 1959/2036/17 1962/2038/19 2004/2037/19
f 1999/1966/300 1997/2059/1446 2013/2060/1446 2012/2051/300
f 1987/2021/1447 2018/2046/2 1986/1854/2
f 1987/2021/1447 2010/2061/1442 2018/2046/2
f 1987/2021/1447 1950/1857/1442 2010/2061/1442
f 1985/2020/1448 1984/2013/1444 2011/2062/1444
f 1985/2020/1448 2011/2062/1444 2019/2063/390
f 1985/2020/1448 2019/2063/390 1982/1152/390
f 2007/2052/1427 1956/2054/1427 1957/2035/1438 2006/2034/1438
f 1992/2064/935 2016/2065/1449 2015/2057/24 1994/2056/24
f 1990/2045/1440 2017/2047/1440 2016/2065/1449 1992/2064/935
f 2009/2048/29 1948/1984/29 1953/1997/11 2008/2053/11
f 2020/2066/42 1979/1153/42 1982/1152/390 2019/2063/390
f 2021/2039/1421 1977/2042/1421 1979/1153/42 2020/2066/42
f 1969/2004/1450 1968/2003/394 2025/2030/1437
f 1969/2004/1450 2025/2030/1437 2002/2067/1436
f 1969/2004/1450 2002/2067/1436 1965/2005/1436
f 3489/2068/31 3461/1725/31 3382/2069/16 3374/2070/16
f 2015/2071/24 2062/2072/24 2061/2073/25 2014/2074/1445
f 5803/2075/1451 5824/2076/1452 5804/2077/1453 5794/2078/1454
f 2013/1568/1446 2059/1159/905 2056/1158/300 2012/1492/300
f 6432/2079/42 6383/2080/42 6386/2081/976 6431/2082/976
f 3459/52/31 3417/55/31 3344/1867/16 3460/2083/16
f 6646/2084/1455 6647/2085/504 6645/650/1395 6644/2086/1395
f 3744/1841/372 3747/825/1378 3745/826/1378 3746/1842/372
f 6247/417/12 6246/1620/12 6217/1295/12 6216/1298/12
f 1926/720/58 1927/717/58 1924/1487/58 1925/1935/58
f 2671/2087/42 2672/2088/42 2623/2089/42 2621/2090/42
f 653/2091/58 656/2092/58 655/2093/58 654/2094/58
f 6289/417/12 6206/1298/12 6203/2007/12 6256/420/12
f 649/2095/58 650/755/58 358/758/58 359/2096/58
f 3381/1726/44 3382/2097/44 3460/25/44 4018/24/44
f 349/1747/58 350/2098/58 7353/2099/58 7352/1748/58
f 3503/2100/44 3504/1705/44 3526/1438/44 3528/1567/44
f 2709/2101/11 2675/2102/11 2674/2103/11 2711/2104/11
f 3402/1645/44 3399/2105/44 3509/2106/44 4241/2107/44
f 2044/2108/58 2046/2109/58 2067/2110/58 2066/2111/58
f 6253/528/12 6252/525/12 6212/84/12 6210/80/12
f 3067/1271/12 3069/1272/12 2988/1964/12 2986/2006/12
f 2584/1645/42 2581/2105/42 2697/2106/42 2851/2107/42
f 336/2112/58 339/2113/58 338/2114/58 337/2115/58
f 353/2017/58 354/2016/58 7355/2116/58 7354/2117/58
f 3503/2100/44 3528/1567/44 3530/1143/44 3502/1142/44
f 7004/824/24 6589/2118/24 6583/2119/24 7003/825/24
f 658/728/58 659/727/58 7372/2120/58 7371/2121/58
f 3052/1276/58 3003/1751/58 3005/1752/58 3050/1275/58
f 2070/2122/58 2068/2123/58 2069/2124/58
f 2070/2122/58 2071/2125/58 2068/2123/58
f 2070/2122/58 2072/2126/58 2071/2125/58
f 3690/90/1456 3689/93/1457 3664/92/1456 3681/91/1457
f 3369/2127/1009 3371/56/33 3370/59/33 3367/2128/1009
f 2045/2129/30 2149/2130/30 2148/2131/2 2046/2109/2
f 79/2132/1458 286/2133/1458 285/536/1156 78/535/1156
f 2632/2134/1293 2633/2135/1293 2630/97/966 2631/1371/965
f 2584/1645/396 2586/1646/397 2585/1647/397 2582/1648/396
f 4110/510/1459 4094/509/1459 4093/648/1459 4109/1220/1459
f 2029/2136/47 2030/31/20 2004/30/19 2003/2137/47
f 2027/2138/394 2025/2139/1437 2024/2140/1157 2026/2141/1157
f 6193/2007/17 6225/2142/17 6224/1297/1014 6223/1298/1014
f 2045/2129/30 2049/2143/29 2132/2144/29 2149/2130/30
f 2013/1568/1446 2014/2074/1445 2061/2073/25 2059/1159/905
f 2073/2145/1460 2077/2146/1461 2076/2147/1461 2074/2148/1460
f 2174/2149/1462 2146/2150/1462 2147/2151/1463 2173/2152/1463
f 6087/1482/12 6088/2153/12 6086/1669/12 6085/1668/12
f 2080/2154/1464 2078/2155/1465 2079/2156/1466
f 2080/2154/1464 2081/2157/1467 2078/2155/1465
f 2080/2154/1464 2082/2158/1467 2081/2157/1467
f 2083/2159/1468 2084/2160/1468 2085/2161/1468
f 2083/2159/1468 2086/2162/1469 2084/2160/1468
f 2083/2159/1468 2087/2163/1470 2086/2162/1469
f 2171/2164/1471 2135/2165/1471 2134/2166/1367 2170/2167/1367
f 2175/2168/1472 2176/2169/1473 2144/2170/1474 2143/2171/1472
f 2164/2172/1475 2165/2173/1476 2153/2174/1476 2155/2175/1475
f 2075/2176/1477 2100/2177/1477 2073/2145/1460 2074/2148/1460
f 2092/2178/1478 2093/2179/1478 2091/2180/1479 2090/2181/1479
f 2088/2182/1480 2089/2183/1480 2086/2162/1469 2087/2163/1470
f 2090/2181/1479 2091/2180/1479 2089/2183/1480 2088/2182/1480
f 2101/1517/24 2102/492/24 2103/2184/24
f 2123/2185/44 2124/495/44 2120/494/44 2122/2186/44
f 5341/2187/1481 4285/2188/1482 4287/2189/1481 4246/2190/1481
f 2106/2191/24 2107/274/24 2108/273/24
f 6740/2192/24 4801/2193/24 4800/2194/24 7005/1169/24
f 2119/2195/44 2122/2186/44 2120/494/44 2121/2196/44
f 2051/2197/1483 2160/2198/1484 2162/2199/1485 2052/2200/1486
f 6947/2201/27 6950/134/1487 6948/137/1487 6949/2202/27
f 2037/1873/1014 2112/2203/1014 2111/2204/1427 2035/1874/1427
f 2067/2110/379 2140/2205/379 2142/2206/935 2065/2207/935
f 2682/1988/1488 2666/2208/1488 2665/1925/1416 2681/1722/1416
f 1207/1262/1299 1193/955/1299 1129/869/1031 1131/872/1031
f 7297/2209/291 7299/2210/290 7310/2211/290 7309/2212/291
f 6439/2213/170 6440/2214/169 6408/2215/169 6410/2216/170
f 2082/2217/24 2105/2218/24 2104/493/24 2081/1518/24
f 2177/539/44 2178/276/44 2161/2219/44 2150/2220/44
f 2123/2185/44 2125/2221/44 2124/495/44
f 7314/547/47 7335/548/47 7289/545/44 7305/546/44
f 4386/2222/1393 4387/2223/1393 4385/1163/1392 4384/1164/1392
f 2180/2224/1489 2109/540/387 2177/539/387 2179/2225/1490
f 2126/2226/1491 2104/493/363 2105/2218/1491
f 2141/2227/1492 2129/2228/1493 2128/1665/1494 2142/2206/1495
f 2148/2131/1496 2149/2130/1497 2136/2229/1498 2138/2230/1479
f 2161/2231/1464 2162/2199/1499 2160/2198/1500 2151/2232/1501
f 2084/2160/1502 2086/2162/1503 2257/1697/1367 2106/2233/1504
f 2151/2232/1501 2154/2234/1505 2153/2174/1506 2152/2235/1507
f 2258/2236/1508 2093/2179/1509 2095/2237/1510 2259/2238/1511
f 2098/2239/1512 2075/2176/1513 2262/2240/1514 2261/2241/1515
f 2261/2241/1515 2115/2242/1516 2116/2243/1517 2260/2244/1472
f 2149/2130/1497 2132/2144/1518 2133/2245/1519 2136/2229/1498
f 2140/2205/1520 2148/2131/1496 2138/2230/1479 2139/2246/1521
f 2137/2247/1522 2147/2151/1523 2139/2246/1521 2138/2230/1479
f 2145/2248/1524 2157/2249/1525 2155/2175/1526 2156/2250/1527
f 2141/2227/1492 2146/2150/1528 2143/2171/1529 2129/2228/1493
f 2098/2239/1512 2261/2241/1515 2260/2244/1472 2097/2251/1530
f 2154/2234/1505 2159/2252/1531 2158/2253/1532 2156/2250/1527
f 2264/2254/1533 2112/2203/1534 2113/2255/1535 2263/2256/1536
f 2122/2257/1537 2134/2166/1538 2133/2245/1519 2123/2258/1468
f 2081/2157/1539 2101/2259/1540 2265/2260/1541 2078/2155/1542
f 2137/2247/1522 2138/2230/1479 2136/2229/1498 2135/2165/1543
f 2095/2237/1510 2097/2251/1530 2260/2244/1472 2259/2238/1511
f 2127/2261/1544 2130/1666/1545 2128/1665/1494 2129/2228/1493
f 2156/2250/1527 2158/2253/1532 2131/2262/1546 2145/2248/1524
f 2141/2227/1492 2142/2206/1495 2140/2205/1520 2139/2246/1521
f 2101/2259/1540 2103/2263/1540 2111/2204/1547 2265/2260/1541
f 6441/1611/1303 6405/1614/295 6408/2215/169 6440/2214/169
f 2626/1371/1414 2627/1709/1414 2443/2264/1323 2556/2265/1323
f 2031/28/17 2032/1872/1014 2006/2266/1438 2005/29/18
f 2069/2124/1421 2052/2267/1486 2107/2268/1548 2256/2269/1549
f 2103/2270/1550 2125/2271/1551 2036/2272/1552
f 2052/2200/1486 2162/2199/1485 2107/2273/1548
f 6090/1481/12 6092/1260/12 6091/2274/12 6089/2275/12
f 2037/1873/1014 2038/760/17 2113/2255/17 2112/2203/1014
f 2055/2276/299 2159/2252/299 2160/2198/1484 2051/2197/1483
f 6642/2277/1553 6643/649/1553 6641/2278/1554 6640/2279/1554
f 2058/1160/905 2131/2262/905 2158/2253/300 2057/1161/300
f 5215/1919/1555 5216/2280/1556 5217/2281/1557 5218/1920/1558
f 1212/1253/927 1198/937/927 1197/936/1013 1211/1429/1013
f 2621/2090/1559 2623/2089/1560 2622/2282/1560 2620/2283/1559
f 2094/2284/1492 2095/2237/1561 2093/2179/1478 2092/2178/1478
f 2077/2146/1461 2079/2156/1466 2078/2155/1465 2076/2147/1461
f 2173/2152/1463 2147/2151/1463 2137/2247/1562 2172/2285/1562
f 2167/2286/1540 2152/2235/1563 2166/2287/1564
f 2167/2286/1540 2150/2288/1540 2152/2235/1563
f 2167/2286/1540 2168/2289/1540 2150/2288/1540
f 2169/2290/1504 2122/2257/1504 2119/2291/1504
f 2169/2290/1504 2134/2166/1367 2122/2257/1504
f 2169/2290/1504 2170/2167/1367 2134/2166/1367
f 2099/2292/1544 2100/2177/1477 2075/2176/1477 2098/2239/1544
f 2096/2293/1565 2097/2251/1493 2095/2237/1561 2094/2284/1492
f 2163/2294/1514 2157/2249/1514 2144/2170/1474 2176/2169/1473
f 2175/2168/1472 2143/2171/1472 2146/2150/1462 2174/2149/1462
f 2096/2293/1565 2099/2292/1544 2098/2239/1544 2097/2251/1493
f 2172/2285/1562 2137/2247/1562 2135/2165/1471 2171/2164/1471
f 2155/2175/1475 2157/2249/1514 2163/2294/1514 2164/2172/1475
f 2109/540/24 2084/2295/24 2106/2191/24 2108/273/24
f 2161/2219/44 2178/276/44 2162/275/44
f 2085/2296/24 2084/2297/24 2109/540/24 2110/2298/24
f 906/1130/1349 907/1129/658 900/1280/657 902/1278/980
f 2109/540/387 2180/2224/1489 2110/2298/1566
f 244/312/224 245/138/77 250/141/80 249/496/365
f 3763/1470/1567 3765/1246/923 3764/595/923 3762/596/1567
f 2169/2299/1548 2119/2300/1568 2121/2301/1569
f 2121/2301/1569 2170/2302/1570 2169/2299/1548
f 1978/2303/29 2087/2304/29 2110/2305/1571 1980/2306/11
f 1046/1358/930 1049/1362/12 1047/1342/12 1048/1338/930
f 7291/1618/394 7293/2307/395 7307/2308/395 7306/1619/394
f 7277/45/24 7279/426/306 7278/429/306 7276/46/24
f 3566/2309/300 3569/2310/28 3567/2311/28 3568/2312/300
f 4567/373/46 4569/1682/1572 4568/2313/1573 4566/372/46
f 1993/2314/44 2175/2315/44 2174/1473/394 1991/1472/394
f 2000/2316/17 2164/2317/17 2163/2318/20 1998/2319/20
f 4814/1627/1315 4815/1630/1315 4813/1629/1316 4812/1628/1316
f 1954/2320/42 2121/2301/1569 2126/2321/42
f 7253/2322/170 7254/2323/44 6167/2324/44 6166/2325/170
f 7245/2322/1574 6169/2325/1574 6167/2324/44 7254/2323/44
f 5327/2326/1575 5417/2327/1576 5418/2328/1577 5328/604/1578
f 1980/2329/11 2180/2330/11 2179/2331/1579
f 2179/2331/1579 2167/2332/1550 2166/2333/1580
f 2167/2332/1550 2179/2331/1579 2168/2334/1550
f 2181/2335/1581 2182/2336/1581 2183/2337/1582
f 2182/2336/1581 2184/2338/1582 2185/2339/1583
f 2181/2335/1581 2184/2338/1582 2182/2336/1581
f 2181/2335/1581 2186/2340/1582 2184/2338/1582
f 2181/2335/1581 2187/2341/1581 2186/2340/1582
f 1954/2342/42 2126/2343/42 2105/2344/1584
f 2121/2301/1569 1954/2320/42 1952/2345/1421 2170/2302/1570
f 1958/2346/299 2077/2347/299 2073/2348/300 1960/2349/300
f 7246/2350/1585 7247/2351/976 6154/2352/976 6150/2353/1585
f 1978/2303/29 1975/2354/30 2088/2355/30 2087/2304/29
f 2105/2344/1584 2080/2356/1584 2079/2357/390
f 2080/2356/1584 2105/2344/1584 2082/2358/1586
f 1980/2306/11 2110/2305/1571 2180/2359/11
f 1981/2360/1427 1980/2329/11 2179/2331/1579 2166/2333/1580
f 6592/1638/1587 6600/1637/1588 6596/1636/1589 6593/1635/1587
f 1820/717/390 1823/747/390 1821/1488/42 1822/1487/42
f 6150/2353/1585 6169/2325/1574 7245/2322/1574 7246/2350/1585
f 1061/115/58 1063/1345/57 1062/1325/57 1060/114/58
f 4016/1980/1429 4017/1382/1590 3346/1383/1590 3348/1981/1430
f 6362/768/12 6365/769/12 6363/770/12 6364/771/12
f 6134/1198/900 6135/2361/379 6089/2362/379 6091/1199/900
f 2083/2363/1551 2085/2364/1551 2110/2305/1571
f 2110/2305/1571 2087/2304/29 2083/2363/1551
f 4224/1169/44 3/2194/44 4237/2365/44 4222/2366/44
f 5896/2367/1591 5887/2368/1592 5886/2369/1593 5895/2370/1594
f 2184/2371/1595 2191/2372/1596 2190/2373/1595
f 2184/2371/1595 2192/1698/1597 2191/2372/1596
f 2184/2371/1595 2186/1695/44 2192/1698/1597
f 2193/2374/42 2182/2375/42 2189/2376/42
f 2193/2374/42 2183/2377/42 2182/2375/42
f 7153/2378/1598 5960/2379/1599 5954/2380/1600 5956/2381/1600
f 7138/2382/1601 5953/2383/1602 5952/2384/1603 7126/2385/1603
f 2337/454/24 2340/457/24 2338/456/24 2339/455/24
f 3260/2386/58 3263/2387/58 3261/2388/58 3262/2389/58
f 2345/208/360 2348/211/359 2346/210/359 2347/209/359
f 3124/2390/297 3127/2391/296 3125/2392/297 3126/2393/297
f 3272/1299/1604 3273/1300/1604 3267/211/1604 3264/208/1604
f 1371/16/42 1373/17/12 1372/18/12 1370/19/42
f 6546/708/2 7295/1861/2 7292/1626/379 6547/707/379
f 7032/1424/14 5557/1425/14 5558/1422/1287 7031/1423/1287
f 3167/1575/1605 3166/2394/1605 3193/2395/153 3194/1576/1605
f 2391/2394/360 2415/2395/359 2368/2396/360 2367/2397/360
f 2355/270/1606 2360/269/1606 2362/268/1606 2356/271/1606
f 3136/2398/1607 3135/2399/1607 3140/2400/1607 3141/2401/1607
f 3142/2397/44 3138/2402/44 3139/2403/44 3143/2396/44
f 3292/72/1429 3295/2404/1429 3293/2405/1429 3294/73/1429
f 2202/457/1608 2205/2388/1609 2207/2389/1609 2200/454/1609
f 3290/296/1610 3289/295/1610 3296/294/1610 3297/297/1610
f 6126/2406/378 6128/2407/38 6127/2408/38 6125/2409/378
f 1363/2410/1611 1364/2411/1611 1362/2412/1612 1361/2413/1612
f 400/557/14 421/558/14 398/559/11 399/560/11
f 2383/2414/1613 2386/2415/1613 2384/2416/1613 2385/2417/1613
f 3301/75/1614 3300/74/193 3306/1573/1614 3307/1574/1614
f 131/377/276 132/371/271 164/370/270 165/378/277
f 3304/2417/1615 3309/2418/1615 3308/2419/1615 3302/2414/1615
f 3114/457/297 3117/2388/297 3119/2389/296 3112/454/296
f 2389/2420/1616 2339/2421/1616 2338/2422/1616 2366/2423/1616
f 426/851/44 429/847/44 428/850/44 427/854/44
f 2228/2424/1613 2223/2425/1613 2254/2426/1613
f 2209/2427/1613 2212/2428/1613 2214/2429/1613
f 2209/2427/1613 2214/2429/1613 2210/2430/1613
f 2217/2431/1613 2210/2430/1613 2214/2429/1613
f 3275/2432/296 3277/2433/296 3270/2429/296 3273/2431/296
f 2225/2434/1613 2219/2432/1613 2221/2433/1613
f 2225/2434/1613 2221/2433/1613 2226/2435/1613
f 2225/2434/1613 2226/2435/1613 2223/2425/1613
f 2254/2426/1613 2223/2425/1613 2226/2435/1613
f 2230/2436/1613 2254/2426/1613 2226/2435/1613
f 2236/2437/1613 2238/2438/1613 2235/2439/1613
f 2236/2437/1613 2235/2439/1613 2232/2440/1613
f 2240/2441/1613 2236/2437/1613 2232/2440/1613
f 3130/2442/1614 3132/2443/1614 3125/2444/1614 3128/2445/1614
f 2247/2446/1613 2245/2447/1613 2243/2448/1613
f 2251/2449/1613 2245/2447/1613 2247/2446/1613
f 2251/2449/1613 2247/2446/1613 2249/2450/1613
f 2254/2426/1613 2251/2449/1613 2249/2450/1613
f 2255/2451/1613 2251/2449/1613 2254/2426/1613
f 2188/2452/1617 2190/2373/1617 2191/2372/1618
f 2578/2453/1619 2579/895/1620 2576/573/1621 2577/2454/1622
f 3913/2455/1623 3925/2456/1624 3906/2457/1625 3912/1453/1046
f 4320/2458/12 4362/2459/12 4395/2460/12 4394/2461/12
f 2188/2452/1617 2191/2372/1618 2089/2183/1626
f 2188/2452/1617 2089/2183/1626 2091/2180/1627
f 2188/2452/1617 2091/2180/1627 2189/2376/1627
f 2189/2376/1627 2091/2180/1627 2093/2179/1509
f 5603/2462/1628 5605/2463/1629 5604/2464/1629 5602/2465/1630
f 2847/877/44 2803/2466/44 2817/2467/44 2846/1679/44
f 2261/2241/1515 2262/2240/1514 2114/2468/1631 2115/2242/1516
f 2076/2147/1632 2078/2155/1542 2265/2260/1541 2264/2254/1533
f 2141/2227/1492 2139/2246/1521 2147/2151/1523 2146/2150/1528
f 2191/2372/1618 2192/1698/1368 2257/1697/1367
f 2182/2375/1633 2185/2469/1634 2188/2452/1634 2189/2376/1633
f 2263/2256/1536 2113/2255/1535 2114/2468/1631 2262/2240/1514
f 2259/2238/1511 2260/2244/1472 2116/2243/1517 2117/2470/1635
f 2265/2260/1541 2111/2204/1547 2112/2203/1534 2264/2254/1533
f 2144/2170/1636 2157/2249/1525 2145/2248/1524 2127/2261/1544
f 2154/2234/1505 2156/2250/1527 2155/2175/1526 2153/2174/1506
f 2123/2258/1468 2133/2245/1519 2132/2144/1518 2125/2271/1637
f 2127/2261/1544 2145/2248/1524 2131/2262/1546 2130/1666/1545
f 2151/2232/1501 2160/2198/1500 2159/2252/1531 2154/2234/1505
f 2106/2233/1504 2257/1697/1367 2256/1696/1366 2107/2471/1504
f 2143/2171/1529 2144/2170/1636 2127/2261/1544 2129/2228/1493
f 2135/2165/1543 2136/2229/1498 2133/2245/1519 2134/2166/1538
f 2074/2148/1638 2076/2147/1632 2264/2254/1533 2263/2256/1536
f 2150/2288/1639 2161/2231/1464 2151/2232/1501 2152/2235/1507
f 7186/2472/1640 6559/2473/1641 6560/2474/1641 7199/2475/1642
f 5957/1177/1643 5958/1180/1643 5962/2383/1644 7155/2382/1645
f 3134/269/297 3137/268/297 3135/2399/297 3136/2398/296
f 2349/2392/1613 2352/2391/1613 2350/2390/1613 2351/2393/1613
f 2381/224/1616 2375/225/1616 2378/226/1616 2379/227/1616
f 2391/2426/1609 2365/2424/1609 2390/2476/1609 2385/2450/1609
f 2229/2423/360 2270/2477/360 2224/2478/360
f 2239/225/360 2233/2479/360 2237/2480/360
f 2239/225/360 2234/2481/360 2233/2479/360
f 2239/225/360 2241/226/360 2234/2481/360
f 2356/2432/1609 2358/2433/1609 2351/2429/1609 2354/2431/1609
f 2244/224/360 2248/2482/360 2242/227/360
f 2250/2483/360 2248/2482/360 2244/224/360
f 2250/2483/360 2246/2484/360 2248/2482/360
f 2250/2483/360 2270/2477/360 2246/2484/360
f 2270/2477/360 2250/2483/360 2271/2485/360
f 2213/2444/360 2215/2486/360 2211/2487/360
f 2213/2444/360 2211/2487/360 2208/2488/360
f 2213/2444/360 2208/2488/360 2216/2445/360
f 2240/2441/1613 2243/2448/1613 2245/2447/1613 2236/2437/1613
f 2220/2443/360 2218/2442/360 2222/2489/360
f 2227/2490/360 2220/2443/360 2222/2489/360
f 2227/2490/360 2222/2489/360 2224/2478/360
f 2227/2490/360 2224/2478/360 2270/2477/360
f 2270/2477/360 2231/2491/360 2227/2490/360
f 7124/2492/1175 5941/2493/1646 5939/2494/1646 7112/2495/1647
f 2274/2496/30 2267/2497/1330 2272/2498/1330
f 7157/2499/291 7155/2500/1288 7154/2501/291 7153/2502/1648
f 2195/462/335 2274/2496/30 2275/459/333
f 7161/459/1649 6564/460/1650 6561/461/1650 6569/462/1651
f 1357/2503/1652 1359/2504/1652 1364/2411/1611 1363/2410/1611
f 3238/2505/8 3239/277/192 3236/280/192 3237/2506/9
f 2511/452/1653 2510/2507/1654 2521/2508/1613 2522/453/1655
f 2510/2507/1654 2509/2509/1656 2519/2510/1657 2521/2508/1613
f 3980/2511/1658 3991/2512/1659 3989/62/1382 3978/61/9
f 3108/1378/1154 3663/1379/1154 3662/1465/1151 3106/1464/1151
f 2515/2505/1660 2526/2506/1661 2529/280/1662 2518/277/357
f 3199/277/1663 3201/278/1605 3200/279/153 3196/280/1664
f 3212/452/1665 3213/453/1666 3211/2508/297 3210/2507/296
f 3977/12/568 3975/452/1667 3986/453/1668 3988/15/569
f 6206/1298/291 6208/1295/290 6207/1296/290 6205/1297/291
f 2461/2513/1669 2465/2514/1669 2474/487/1670 2464/486/1670
f 3219/486/1671 3221/489/153 3220/488/153 3216/487/1664
f 101/458/332 97/236/161 96/212/141 117/272/189
f 2279/2505/1672 2280/277/1673 2277/280/1674 2278/2506/1675
f 3226/281/579 3227/284/580 3224/283/581 3225/282/582
f 3996/2515/1676 3999/281/7 4011/284/1383 4010/2516/1677
f 2457/2517/331 2456/2518/1608 2468/2519/1608 2467/2520/330
f 3981/278/193 3992/279/1614 3991/2512/1659 3980/2511/1658
f 3783/2509/1678 3786/60/1679 3797/63/1679 3793/2510/1680
f 3234/813/1681 3218/816/1682 3217/815/1683 3235/814/1684
f 2455/2515/1685 2458/281/35 2470/284/35 2469/2516/1686
f 3975/452/1667 3974/2507/1430 3985/2508/1429 3986/453/1668
f 3201/278/1605 3203/2511/1687 3202/2512/1688 3200/279/153
f 2513/12/1689 2511/452/1653 2522/453/1655 2524/15/1690
f 6666/1423/1008 6681/1578/42 5078/1577/42 5079/1422/1008
f 3325/2521/1691 3327/282/1692 3326/283/1692 3324/2522/1693
f 3241/278/193 3243/2511/1691 3242/2512/1691 3240/279/193
f 2464/486/1670 2474/487/1670 2473/488/140 2463/489/140
f 2329/2509/1694 2330/2510/1694 2328/63/1690 2327/60/1690
f 2713/1436/1695 2715/1437/1283 2714/1438/1283 2712/2523/1695
f 1997/2059/1446 1996/2055/1445 2014/2058/1445 2013/2060/1446
f 3116/2386/58 3119/2389/58 3117/2388/58 3118/2387/58
f 3120/208/1605 3123/209/1605 3121/210/153 3122/211/1605
f 3166/2394/1605 3142/2397/1605 3143/2396/1605 3193/2395/153
f 4514/700/1696 4515/697/1696 4512/2524/1697 4489/2525/1697
f 1070/559/42 1074/835/586 1073/838/586 1071/560/42
f 3274/270/44 3275/271/44 3273/1300/44 3272/1299/44
f 3276/2526/24 3268/2392/24 3270/2393/24 3277/2527/24
f 3311/1575/193 3316/1576/193 3315/2395/193 3310/2394/193
f 3158/2414/297 3161/2417/297 3159/2416/296 3160/2415/297
f 3137/268/1698 3134/269/1698 3130/270/1698 3131/271/1698
f 2252/2419/1699 2253/2418/1699 2249/2417/1699 2246/2414/1699
f 3283/2403/44 3282/2402/44 3286/2397/44 3287/2396/44
f 2373/72/1613 2376/2404/1613 2374/2405/1613 2375/73/1613
f 3288/1495/1614 3291/1494/193 3289/295/193 3290/296/193
f 3128/1299/1700 3120/208/1700 3122/211/1700 3129/1300/1700
f 3291/1494/44 3288/1495/44 3293/1496/44 3295/1497/44
f 6673/2528/930 6689/2529/13 5088/2530/13 5090/2531/930
f 3156/74/44 3151/73/44 3148/72/44 3157/75/44
f 2236/72/1609 2239/73/1609 2237/2405/1608 2238/2404/1608
f 2250/1573/140 2244/74/140 2245/75/1616 2251/1574/1616
f 3299/1505/1701 3303/2416/1701 3305/2415/1701 3298/1504/1701
f 3280/2398/1702 3285/2401/1702 3284/2400/1702 3278/2399/1702
f 3144/295/1605 3147/1494/1605 3145/1495/153 3146/296/1605
f 3309/2476/296 3284/2424/296 3263/2532/296 3260/2533/296
f 3310/2426/296 3284/2424/296 3309/2476/296 3304/2450/296
f 2365/2424/1609 2391/2426/1609 2359/2425/1609
f 2392/2451/1609 2391/2426/1609 2388/2449/1609
f 2391/2426/1609 2385/2450/1609 2388/2449/1609
f 2384/2446/1609 2388/2449/1609 2385/2450/1609
f 2384/2446/1609 2382/2447/1609 2388/2449/1609
f 2384/2446/1609 2380/2448/1609 2382/2447/1609
f 2349/2444/1616 2357/2443/1616 2355/2442/1616 2353/2445/1616
f 2377/2441/1609 2370/2440/1609 2373/2437/1609
f 2372/2439/1609 2373/2437/1609 2370/2440/1609
f 2372/2439/1609 2376/2438/1609 2373/2437/1609
f 2351/2429/1609 2350/2428/1609 2346/2427/1609
f 2351/2429/1609 2346/2427/1609 2348/2430/1609
f 2354/2431/1609 2351/2429/1609 2348/2430/1609
f 2214/2429/1613 2221/2433/1613 2219/2432/1613 2217/2431/1613
f 2362/2434/1609 2358/2433/1609 2356/2432/1609
f 2363/2435/1609 2358/2433/1609 2362/2434/1609
f 2363/2435/1609 2362/2434/1609 2359/2425/1609
f 2391/2426/1609 2363/2435/1609 2359/2425/1609
f 2367/2436/1609 2363/2435/1609 2391/2426/1609
f 2393/2534/360 2394/2509/360 2395/2507/360
f 2393/2535/360 2395/2507/360 2396/452/360
f 2393/2536/360 2397/60/360 2394/2509/360
f 2393/2537/360 2396/452/360 2398/12/360
f 2393/2538/360 2399/61/360 2397/60/360
f 2393/2539/360 2398/12/360 2400/13/360
f 2393/2540/360 2401/2511/360 2399/61/360
f 2393/2541/360 2402/278/360 2401/2511/360
f 2393/2542/360 2403/277/360 2402/278/360
f 2393/2543/360 2400/2505/360 2403/277/360
f 2404/2510/1613 2405/2544/1613 2406/2508/1613
f 2406/2508/1613 2405/2545/1613 2407/453/1613
f 2408/63/1613 2405/2546/1613 2404/2510/1613
f 2407/453/1613 2405/2547/1613 2409/15/1613
f 2410/62/1613 2405/2548/1613 2408/63/1613
f 2409/15/1613 2405/2549/1613 2411/14/1613
f 2412/2512/1613 2405/2550/1613 2410/62/1613
f 2413/279/1613 2405/2551/1613 2412/2512/1613
f 2414/280/1613 2405/2552/1613 2413/279/1613
f 2411/2506/1613 2405/2553/1613 2414/280/1613
f 6209/2554/42 6180/2555/42 6207/1296/290 6208/1295/290
f 3214/12/1681 3215/15/1684 3213/453/1666 3212/452/1665
f 3974/2507/1430 3973/2509/1703 3983/2510/1677 3985/2508/1429
f 2431/2518/1704 2432/2519/1705 2430/2516/1694 2429/2515/1694
f 3218/2513/1682 3219/486/1671 3216/487/1664 3217/2514/1683
f 5075/2531/577 5074/2530/232 6678/2529/232 6677/2528/577
f 3203/2511/1687 3205/61/582 3204/62/581 3202/2512/1688
f 3791/278/1605 3802/279/1605 3801/2512/1706 3790/2511/1706
f 4005/486/1707 4015/487/1691 4014/488/1614 4004/489/1614
f 3208/2509/1708 3209/2510/1709 3207/63/580 3206/60/579
f 2202/457/42 2206/2556/42 2205/2388/42
f 2340/457/42 2344/2556/42 2365/2400/42 2366/2401/42
f 2202/457/42 2201/2557/42 2229/2401/42
f 3308/2420/153 3258/2421/153 3257/2422/153 3285/2423/153
f 3308/2420/153 3285/2423/153 3315/2477/153 3302/2484/153
f 2366/2423/1616 2361/2478/1616 2415/2477/1616
f 2349/2444/1616 2347/2487/1616 2352/2486/1616
f 2349/2444/1616 2345/2488/1616 2347/2487/1616
f 2349/2444/1616 2353/2445/1616 2345/2488/1616
f 3268/2444/153 3276/2443/153 3274/2442/153 3272/2445/153
f 2357/2443/1616 2360/2489/1616 2355/2442/1616
f 2364/2490/1616 2360/2489/1616 2357/2443/1616
f 2364/2490/1616 2361/2478/1616 2360/2489/1616
f 2364/2490/1616 2415/2477/1616 2361/2478/1616
f 2415/2477/1616 2364/2490/1616 2368/2491/1616
f 2415/2477/1616 2416/2485/1616 2387/2483/1616
f 2387/2483/1616 2383/2484/1616 2415/2477/1616
f 2387/2483/1616 2386/2482/1616 2383/2484/1616
f 2387/2483/1616 2381/224/1616 2386/2482/1616
f 2381/224/1616 2379/227/1616 2386/2482/1616
f 3156/224/1614 3154/227/1614 3153/226/1614 3151/225/1614
f 2375/225/1616 2371/2481/1616 2378/226/1616
f 2375/225/1616 2369/2479/1616 2371/2481/1616
f 2375/225/1616 2374/2480/1616 2369/2479/1616
f 2200/454/11 2252/2419/11 2203/2558/11
f 2337/454/11 2389/2419/11 2390/2418/11 2341/2559/11
f 2200/454/11 2207/2389/11 2204/2559/11
f 3311/1575/24 3307/1574/24 3306/1573/24 3316/1576/24
f 2516/2511/1710 2527/2512/1711 2525/62/196 2514/61/195
f 138/2560/1712 157/327/236 144/145/84 143/144/83
f 2322/278/360 2324/2511/1713 2323/2512/1713 2321/279/359
f 3787/12/1714 3785/452/1715 3796/453/1715 3798/15/1714
f 3271/1603/24 3266/209/24 3265/210/24 3269/1604/24
f 2532/2515/1656 2535/281/194 2547/284/197 2546/2516/1657
f 3997/2518/1430 3996/2515/1676 4010/2516/1677 4009/2519/1429
f 3334/2517/1716 3335/2520/1717 3333/2519/1718 3332/2518/1430
f 2509/2509/1656 2512/60/194 2523/63/197 2519/2510/1657
f 1849/2410/1719 1851/2413/1720 1850/2412/1720 1847/2411/1719
f 2583/1566/401 2707/2561/1560 2706/1745/1560 2581/711/401
f 2565/514/42 2625/1138/42 2623/2089/42 2672/2088/42
f 3365/2562/44 3360/2563/44 3358/1632/44 3364/2564/44
f 3394/567/44 3396/2565/44 4105/413/44 4103/412/44
f 4106/2566/24 4081/2567/24 4079/2568/24 4104/414/24
f 2449/1982/11 2450/2569/11 2451/2570/11
f 2452/2534/360 2291/2507/360 2289/2509/360
f 2452/2535/360 2293/452/360 2291/2507/360
f 2452/2536/360 2289/2509/360 2287/60/360
f 2452/2537/360 2295/12/360 2293/452/360
f 2452/2538/360 2287/60/360 2286/61/360
f 2452/2539/360 2279/13/360 2295/12/360
f 2452/2540/360 2286/61/360 2284/2511/360
f 2452/2541/360 2284/2511/360 2282/278/360
f 2452/2542/360 2282/278/360 2280/277/360
f 2452/2543/360 2280/277/360 2279/2505/360
f 2290/2510/1613 2292/2508/1613 2453/2544/1613
f 2292/2508/1613 2294/453/1613 2453/2545/1613
f 2288/63/1613 2290/2510/1613 2453/2546/1613
f 2294/453/1613 2296/15/1613 2453/2547/1613
f 2285/62/1613 2288/63/1613 2453/2548/1613
f 2296/15/1613 2278/14/1613 2453/2549/1613
f 2283/2512/1613 2285/62/1613 2453/2550/1613
f 2281/279/1613 2283/2512/1613 2453/2551/1613
f 2277/280/1613 2281/279/1613 2453/2552/1613
f 2278/2506/1613 2277/280/1613 2453/2553/1613
f 2454/2571/360 2455/2515/360 2456/2518/360
f 2454/2572/360 2456/2518/360 2457/2517/360
f 2454/2573/360 2458/281/359 2455/2515/360
f 2454/2574/360 2457/2517/360 2459/813/360
f 2454/2575/360 2460/282/360 2458/281/359
f 2454/2576/360 2459/813/360 2461/816/360
f 2454/2577/360 2462/2521/359 2460/282/360
f 2454/2578/360 2463/489/360 2462/2521/359
f 2454/2579/360 2464/486/360 2463/489/360
f 2454/2580/360 2461/2513/360 2464/486/360
f 2435/813/1321 2419/816/1320 2418/815/1320 2436/814/194
f 4000/813/568 3998/2517/1667 4008/2520/1668 4007/814/569
f 3882/489/1605 3892/488/1605 3891/2522/1706 3881/2521/1706
f 3332/2518/1430 3333/2519/1718 3331/2516/1721 3330/2515/1721
f 3330/2515/1721 3331/2516/1721 3329/284/569 3328/281/1722
f 2244/74/42 2239/73/42 2236/72/42 2245/75/42
f 2539/2521/1723 2549/2522/1724 2548/283/196 2537/282/195
f 2311/2518/1609 2312/2519/1609 2310/2516/1725 2309/2515/1726
f 3785/452/1715 3784/2507/297 3795/2508/297 3796/453/1715
f 2394/2509/1685 2397/60/35 2408/63/37 2404/2510/1685
f 2475/2571/360 2311/2518/360 2309/2515/360
f 2475/2572/360 2313/2517/360 2311/2518/360
f 2475/2573/360 2309/2515/360 2307/281/360
f 2475/2574/360 2315/813/360 2313/2517/360
f 2475/2575/360 2307/281/360 2306/282/360
f 2475/2576/360 2299/816/360 2315/813/360
f 2475/2577/360 2306/282/360 2304/2521/360
f 2475/2578/360 2304/2521/360 2302/489/360
f 2475/2579/360 2302/489/360 2300/486/360
f 2475/2580/360 2300/486/360 2299/2513/360
f 2476/2534/1616 2331/2507/1616 2329/2509/1616
f 2476/2535/1616 2333/452/140 2331/2507/1616
f 2476/2536/1616 2329/2509/1616 2327/60/1616
f 2476/2537/1616 2335/12/1616 2333/452/140
f 2476/2538/1616 2327/60/1616 2326/61/1616
f 2476/2539/1616 2319/13/1616 2335/12/1616
f 2476/2540/1616 2326/61/1616 2324/2511/1616
f 2476/2541/1616 2324/2511/1616 2322/278/1616
f 2476/2542/1616 2322/278/1616 2320/277/1616
f 2476/2543/1616 2320/277/1616 2319/2505/1616
f 2330/2510/1609 2332/2508/1609 2477/2544/1609
f 2332/2508/1609 2334/453/1609 2477/2545/1609
f 2328/63/1609 2330/2510/1609 2477/2546/1609
f 2334/453/1609 2336/15/1609 2477/2547/1609
f 2325/62/1609 2328/63/1609 2477/2548/1609
f 2336/15/1609 2318/14/1609 2477/2549/1609
f 2323/2512/1609 2325/62/1609 2477/2550/1609
f 2321/279/1609 2323/2512/1609 2477/2551/1609
f 2317/280/1609 2321/279/1609 2477/2552/1609
f 2318/2506/1609 2317/280/1609 2477/2553/1609
f 2340/457/42 2366/2401/42 2338/2557/42
f 3256/454/24 3308/2419/24 3309/2418/24 3260/2559/24
f 2340/457/42 2342/2388/42 2344/2556/42
f 7182/2581/42 5979/2582/42 5980/2583/1289 7181/2584/1289
f 1967/36/24 2096/39/24 2094/2585/935 1970/2586/935
f 3358/1632/15 3360/2563/16 3359/2587/16 3357/1633/15
f 5214/2588/1727 5215/1919/1555 5218/1920/1558 5213/1918/1728
f 2438/1600/42 2440/2589/42 2486/2590/42
f 4903/293/1729 4910/826/1730 4902/1842/1731 4856/197/1732
f 3363/2591/44 3355/1631/44 3354/2592/44 3362/2593/44
f 3501/1145/44 3532/1144/44 3512/2594/44 3500/2595/44
f 328/2596/58 330/1956/58 663/741/58 664/740/58
f 2337/454/11 2341/2559/11 2343/2389/11
f 3114/457/44 3141/2401/44 3140/2400/44 3118/2556/44
f 2337/454/11 2339/2558/11 2389/2419/11
f 6242/1621/42 6246/1620/290 6245/1623/290 6243/1622/42
f 2010/2597/30 2047/2598/30 2044/2108/2 2018/2599/2
f 2513/12/1689 2524/15/1690 2526/14/1661 2515/13/1660
f 2486/2600/1733 2498/57/1734 2487/2601/1735
f 3371/56/1736 3363/2602/1736 3362/2601/1737 3373/57/1738
f 2600/2603/1739 2601/2604/1739 2598/2605/1740 2599/2606/1740
f 3455/544/1741 3457/543/1742 3426/2607/1742 3428/2608/1741
f 3138/2402/1605 3133/2527/1605 3132/2526/1605 3139/2403/1605
f 2246/2414/1609 2249/2417/1609 2247/2416/1608 2248/2415/1608
f 334/1971/58 337/2115/58 7362/2609/58 7361/2610/58
f 2034/2611/58 2033/1871/58 2035/1874/58 2036/2612/58
f 2505/1727/42 2554/1382/42 2553/1980/42 2503/2613/42
f 2439/1601/11 2478/2614/11 2502/2615/11
f 2439/1601/11 2502/2615/11 2437/2616/11
f 2499/2617/1323 2507/2097/1323 2506/1726/410 2500/2618/410
f 159/313/225 171/316/228 151/131/72 150/130/71
f 54/2619/1743 259/2620/1743 265/2621/1458 58/2622/1744
f 3442/2623/31 3441/2624/31 4076/572/32 4199/571/32
f 2508/2534/1616 2509/2509/1616 2510/2507/1616
f 2508/2535/1616 2510/2507/1616 2511/452/1616
f 2508/2536/1616 2512/60/1616 2509/2509/1616
f 2508/2537/1616 2511/452/1616 2513/12/1616
f 2508/2538/1616 2514/61/1616 2512/60/1616
f 2508/2539/1616 2513/12/1616 2515/13/1616
f 2508/2540/1616 2516/2511/1616 2514/61/1616
f 2508/2541/1616 2517/278/1616 2516/2511/1616
f 2508/2542/1616 2518/277/1616 2517/278/1616
f 2508/2543/1616 2515/2505/1616 2518/277/1616
f 2519/2510/1609 2520/2544/1609 2521/2508/1609
f 2521/2508/1609 2520/2545/1609 2522/453/1609
f 2523/63/1609 2520/2546/1609 2519/2510/1609
f 2522/453/1609 2520/2547/1609 2524/15/1609
f 2525/62/1609 2520/2548/1609 2523/63/1609
f 2524/15/1609 2520/2549/1609 2526/14/1609
f 2527/2512/1609 2520/2550/1609 2525/62/1609
f 2528/279/1609 2520/2551/1609 2527/2512/1609
f 2529/280/1609 2520/2552/1609 2528/279/1609
f 2526/2506/1609 2520/2553/1609 2529/280/1609
f 6371/770/1745 6376/2625/1745 6375/2626/1745 6372/771/1745
f 3790/2511/1706 3801/2512/1706 3799/62/1746 3788/61/1746
f 3875/2518/297 3874/2515/1678 3888/2516/1680 3887/2519/1747
f 2396/452/330 2395/2507/1748 2406/2508/1609 2407/453/331
f 3881/2521/1706 3891/2522/1706 3890/283/1746 3879/282/1746
f 787/1301/42 788/1302/42 786/1303/1314 785/1304/586
f 2459/813/329 2457/2517/331 2467/2520/330 2466/814/329
f 3252/452/1717 3253/453/1716 3251/2508/1749 3250/2507/1718
f 3232/2517/1665 3233/2520/1666 3231/2519/296 3230/2518/296
f 3874/2515/1678 3877/281/1679 3889/284/1679 3888/2516/1680
f 2530/2571/140 2431/2518/1616 2429/2515/1616
f 2530/2572/140 2433/2517/140 2431/2518/1616
f 2530/2573/140 2429/2515/1616 2427/281/1616
f 2530/2574/140 2435/813/1616 2433/2517/140
f 2530/2575/140 2427/281/1616 2426/282/1616
f 2530/2576/140 2419/816/1616 2435/813/1616
f 2530/2577/140 2426/282/1616 2424/2521/1616
f 2530/2578/140 2424/2521/1616 2422/489/1616
f 2530/2579/140 2422/489/1616 2420/486/1616
f 2530/2580/140 2420/486/1616 2419/2513/1616
f 2531/2571/1616 2532/2515/1616 2533/2518/1616
f 2531/2572/1616 2533/2518/1616 2534/2517/1616
f 2531/2573/1616 2535/281/1616 2532/2515/1616
f 2531/2574/1616 2534/2517/1616 2536/813/1616
f 2531/2575/1616 2537/282/1616 2535/281/1616
f 2531/2576/1616 2536/813/1616 2538/816/1616
f 2531/2577/1616 2539/2521/1616 2537/282/1616
f 2531/2578/1616 2540/489/1616 2539/2521/1616
f 2531/2579/1616 2541/486/1616 2540/489/1616
f 2531/2580/1616 2538/2513/1616 2541/486/1616
f 2853/1181/11 2855/1184/1380 6988/1183/1380 6987/1182/11
f 2284/2511/1750 2286/61/1669 2285/62/1751 2283/2512/1752
f 2402/278/140 2413/279/140 2412/2512/1753 2401/2511/1753
f 3230/2518/296 3231/2519/296 3229/2516/1709 3228/2515/1754
f 2435/813/1321 2436/814/194 2434/2520/1755 2433/2517/1756
f 2364/2403/42 2363/2402/42 2367/2397/42 2368/2396/42
f 2289/2509/1757 2290/2510/1725 2288/63/1758 2287/60/1759
f 2302/489/140 2304/2521/1750 2303/2522/1760 2301/488/1616
f 2300/486/1761 2302/489/140 2301/488/1616 2297/487/1762
f 4002/2513/571 4006/2514/570 4015/487/1691 4005/486/1707
f 2029/2136/47 2003/2137/47 2002/2627/44 2028/2628/44
f 4055/1490/1287 4056/1489/1287 4054/570/399 4053/569/399
f 196/1443/1743 198/2629/1744 197/2630/1744 195/1444/1743
f 2773/2631/1015 2774/1922/42 2727/1921/42 2726/2632/1015
f 2450/2633/44 2497/58/44 2557/2634/44
f 3373/57/11 3384/2635/11 3383/2634/11 3372/58/11
f 2558/2635/44 2498/57/44 2486/2636/44
f 4238/2637/42 4317/897/42 3386/2638/42 3388/2639/42
f 3338/2640/11 3379/2641/11 3383/2634/11 3384/2635/11
f 2571/2642/24 2911/896/24 2580/2643/24 2591/2644/24
f 2448/2645/1763 2497/58/1764 2450/2646/1765
f 4236/2647/1766 4362/1691/1767 4361/2648/1768 4235/2649/1769
f 3447/2650/1770 3506/2651/1770 3505/2652/1771 3449/590/1771
f 2659/541/1772 2690/2653/1772 2689/2654/1773 2660/2655/1773
f 2552/1983/42 2504/2656/42 2503/2613/42
f 2552/1983/42 2503/2613/42 2553/1980/42
f 3380/1727/44 4017/1382/44 4016/1980/44 3378/2613/44
f 3381/1726/44 4018/24/44 4017/1382/44 3380/1727/44
f 3513/1592/24 3491/2657/24 3490/2658/24 3514/1589/24
f 3398/2659/58 4150/2660/58 4106/2566/58 4107/2661/58
f 3386/2662/58 3389/1607/58 3387/1606/58 3388/2663/58
f 3390/2664/402 3393/565/289 3391/568/289 3392/2665/402
f 6476/2666/25 6479/2308/905 6478/2307/905 6477/2667/25
f 3395/566/288 3397/2668/297 3396/2565/297 3394/567/288
f 4506/506/1393 4505/90/1393 4496/91/1393 4495/505/1393
f 2573/2669/1774 2593/2670/1775 2592/2671/1775 2574/2672/1774
f 2607/2673/1776 2609/2674/1777 2608/2675/1777 2606/2676/1776
f 4079/2453/1778 4080/895/1779 4077/573/1780 4078/2454/1780
f 2579/895/1620 2578/2453/1619 2580/2677/1781
f 6128/2407/38 6130/2678/1420 6129/2679/1420 6127/2408/38
f 7222/1511/30 7223/1318/379 7208/1319/379 7207/1512/30
f 3877/281/1679 3879/282/1746 3890/283/1746 3889/284/1679
f 7220/1511/1014 7221/2680/11 7206/2681/11 7205/1512/1014
f 5071/2530/908 5072/1425/956 6684/1424/956 6683/2529/908
f 3454/593/1782 3455/544/1741 3428/2608/1741 3430/2682/1782
f 3457/543/1742 3435/2683/1783 3424/2684/1783 3426/2607/1742
f 4241/2685/1784 3509/2686/1785 3442/2623/1785 4199/571/1784
f 3366/2687/1786 3440/581/1787 3497/2688/1787 3365/2689/1786
f 4075/2690/1788 4078/2454/1780 4077/573/1780 4076/572/1788
f 3452/588/1789 3454/593/1782 3430/2682/1782 3432/2604/1789
f 3441/2691/1790 3444/2692/1791 3414/2693/1791 3415/2694/1790
f 3434/399/1792 3437/398/1793 3419/2695/1793 3421/2696/1792
f 3437/398/1793 3439/582/1794 3418/2697/1794 3419/2695/1793
f 3446/382/283 3412/385/283 3414/2693/1791 3444/2692/1791
f 3447/2650/1770 3445/2698/1795 3507/2699/1795 3506/2651/1770
f 4219/825/44 4235/2119/44 4234/2700/44 4217/1841/44
f 2650/575/1796 2686/2701/1796 2685/2702/1797 2651/576/1797
f 3476/1138/375 3479/2703/33 3410/2704/33 3407/2705/375
f 14/1374/385 15/1377/385 12/2630/1798 13/2629/1799
f 2148/2131/2 2140/2205/379 2067/2110/379 2046/2109/2
f 1361/2413/1612 1362/2412/1612 1358/2706/1800 1360/2707/1800
f 2437/1598/58 2440/1599/58 2438/1600/58 2439/1601/58
f 6549/554/935 6552/555/935 6550/556/935 6551/553/935
f 2648/2708/1801 2649/2709/397 2610/593/397 2609/2674/1801
f 2711/2104/1802 2713/1436/1695 2712/2523/1695 2710/712/1802
f 6726/2710/1567 6729/1162/893 6728/1165/893 6727/2711/1567
f 4806/2407/1803 4807/2408/1803 4805/2679/1396 4802/2678/1396
f 3473/94/49 3429/97/49 3427/2712/1804 3470/1137/1804
f 2724/571/964 2575/572/964 2576/573/965 2722/574/965
f 7183/2713/1166 7184/2714/376 5977/2715/376 5978/2716/1166
f 2581/2105/401 2584/1645/396 2582/1648/396 2583/2717/401
f 2483/1632/410 2485/2563/1323 2484/2587/1323 2482/1633/410
f 37/2629/1805 39/1374/392 38/1377/392 36/2630/1805
f 6005/1413/1175 6037/2718/1175 6055/1533/170 6007/1410/170
f 3407/2705/24 3410/2704/24 3408/2719/24 3409/2720/24
f 3411/2721/24 3412/2722/24 3408/2719/24 3410/2704/24
f 3480/2723/44 3483/2724/44 3482/2725/44 3481/2726/44
f 1827/1719/12 1907/1720/12 1906/749/12 1825/750/12
f 2704/1923/11 2677/2727/11 2499/1723/11 2484/1585/11
f 3509/2728/44 3399/2729/44 3518/1946/44 3508/1945/44
f 662/742/58 663/741/58 7374/1958/58 7373/2730/58
f 1833/1391/12 1834/1390/12 1911/1951/12 1910/2731/12
f 1752/1933/58 1753/1232/58 1750/1656/58 1751/1739/58
f 2444/1993/11 2446/2732/11 2445/1383/11 2442/27/11
f 3468/1595/44 3471/2733/44 3470/1137/44 3469/2734/44
f 3084/713/12 3082/1274/12 3029/1934/12 3027/716/12
f 1832/1388/58 1945/1947/58 1944/1728/58 1835/1389/58
f 3433/2735/1806 3436/396/288 3434/399/288 3435/2683/1806
f 3490/2658/32 3491/2657/1296 3465/2736/1296 3462/1724/32
f 6247/417/291 6250/420/583 6249/419/583 6248/418/291
f 3440/581/402 3366/2687/1170 3368/2737/1170 3439/582/402
f 82/2738/67 287/2739/67 293/2133/1799 86/2132/1799
f 3445/2698/15 3446/382/15 3444/2692/16 3443/2740/16
f 4403/205/138 4405/1627/1315 4404/1630/1315 4402/206/139
f 3449/590/408 3450/589/408 3448/383/1807 3447/2650/1807
f 58/2622/1744 265/2621/1458 264/782/1808 57/781/1808
f 384/146/85 372/485/356 376/436/313 377/147/86
f 3453/2655/1809 3456/541/388 3455/544/388 3454/593/1809
f 6469/547/2 6471/2741/379 6470/2742/379 6466/548/2
f 6960/123/1810 7056/124/1811 7055/125/67 6961/126/67
f 1958/2743/12 1960/2744/12 1959/2036/12 1957/2035/12
f 1752/1933/58 1755/1713/58 1754/1233/58 1753/1232/58
f 2446/2732/11 2448/2745/11 2447/1981/11 2445/1383/11
f 2487/2593/42 2479/2592/42 2438/1600/42 2486/2590/42
f 2589/2566/11 2591/2746/11 2580/2567/11
f 2029/2136/58 2028/2628/58 2041/2747/58 2040/2748/58
f 3423/2749/24 3424/2750/24 3421/2751/24 3422/2752/24
f 3462/1724/44 3465/2736/44 3464/2753/44 3463/53/44
f 649/2095/58 652/2754/58 651/2755/58 650/755/58
f 3506/2756/44 3522/1432/44 3524/1439/44 3505/710/44
f 2721/1586/11 2719/1989/11 2682/1988/11 2681/1722/11
f 1955/2757/12 1956/2054/12 1953/1997/12 1954/1996/12
f 3474/1708/44 3475/95/44 3473/94/44 3472/1139/44
f 1768/1931/58 1769/1906/58 1766/1905/58 1767/1932/58
f 3478/513/44 3479/2703/44 3476/1138/44 3477/514/44
f 333/1147/58 334/1971/58 7361/2610/58 7360/2758/58
f 2622/2282/11 2592/2759/11 2595/2760/11 2620/2283/11
f 3392/2761/44 3484/2762/44 3482/2725/44 3483/2724/44
f 6479/2308/905 6481/1619/300 6480/1618/300 6478/2307/905
f 198/2629/1744 200/1374/1156 199/1377/1156 197/2630/1744
f 3529/1566/49 3531/1989/1804 3530/1143/1804 3528/1567/49
f 3488/2763/1170 3390/1722/402 3392/2761/402 3483/2724/1170
f 6201/84/395 6202/85/395 6199/83/394 6200/80/394
f 3489/2068/31 3490/2658/32 3462/1724/32 3461/1725/31
f 2187/2252/291 2181/2253/1285 5913/1161/1812 2072/2276/291
f 6956/9/1813 6958/40/26 6957/43/26 6955/10/1813
f 1752/1933/17 1751/1739/1014 1781/1768/1014 1780/1766/17
f 274/407/1810 67/404/1810 69/405/1814 276/406/1814
f 3495/1987/49 3472/1139/49 3471/2733/1804 3494/1988/1804
f 3466/2764/1297 3469/2734/1298 3425/2765/1298 3423/2749/1297
f 3485/511/375 3477/514/375 3474/1708/50 3496/2766/50
f 2652/2767/1815 2697/2768/1815 2696/2769/1816 2653/2770/1816
f 3458/542/1817 3501/2771/1817 3500/2772/1818 3433/2735/1818
f 2655/591/1819 2654/594/1820 2695/2773/1820 2694/2774/1819
f 2850/2775/1821 2851/2685/1822 2724/571/1822 2722/574/1821
f 3438/397/1823 3498/2776/1823 3497/2688/1787 3440/581/1787
f 3453/2655/1824 3451/587/1825 3504/2777/1825 3503/2778/1824
f 2572/2690/1826 2575/572/1826 2573/2624/1774 2574/2779/1774
f 4075/2690/1788 4076/572/1788 3441/2624/1790 3415/2779/1790
f 3347/2780/1827 3345/2781/1828 3367/2128/1828 3370/59/1829
f 3452/588/1789 3432/2604/1789 3409/2782/1830 3450/589/1830
f 2605/544/1831 2607/2673/1776 2606/2676/1776 2604/2783/1831
f 3448/383/284 3450/589/1830 3409/2782/1830 3408/384/284
f 3442/2784/1785 3509/2785/1785 3508/2786/1832 3443/2740/1832
f 6526/400/290 6525/707/42 7324/1626/42 7321/401/290
f 2683/1987/1284 2684/2766/1283 2668/1708/1283 2667/1139/1284
f 6014/1397/1384 6011/1401/44 6053/1977/44 6052/1909/1384
f 1735/1717/24 1733/1994/25 1788/1781/25 1789/1783/24
f 2010/2597/30 2009/2787/29 2048/2788/29 2047/2598/30
f 2702/1924/964 2703/1732/964 2699/1587/966 2701/1586/965
f 2707/2561/1560 2709/2101/1559 2708/711/1559 2706/1745/1560
f 6474/2212/24 6475/2209/24 6473/2210/935 6472/2211/935
f 3510/1998/1297 3513/1592/1296 3511/1591/1296 3512/2594/1297
f 4/2789/386 7/2790/1833 5/2791/1834 6/2792/386
f 83/2793/1834 290/2794/1834 288/124/66 81/123/66
f 3613/2278/40 3615/649/896 3614/2277/1835 3612/2279/40
f 3463/53/32 3464/2753/1296 3422/2752/1296 3420/54/32
f 4469/1489/1015 4471/1485/31 4470/1486/31 4468/1490/1015
f 2563/2664/401 2566/565/396 2564/568/396 2565/2665/401
f 3453/2655/1809 3454/593/1809 3452/588/407 3451/587/407
f 3391/568/44 4100/1150/44 3484/2795/44 3392/2665/44
f 3474/1708/44 3477/514/44 3476/1138/44 3475/95/44
f 4104/414/24 4079/2568/24 4078/2796/24 4102/415/24
f 2590/2661/42 2647/413/42 2569/2565/42
f 2590/2661/42 2569/2565/42 2571/2797/42
f 2050/2798/58 2053/2799/58 2051/2197/58 2052/2200/58
f 1738/1864/58 1739/1863/58 1737/1715/58 1736/1714/58
f 2027/2138/58 2026/2141/58 2043/2800/58 2042/2801/58
f 7292/1626/58 7293/1959/58 7291/1735/58 7288/401/58
f 3364/2564/44 3358/1632/44 3355/1631/44 3363/2591/44
f 3382/2069/44 3461/1725/44 3459/52/44 3460/2083/44
f 2064/2802/58 2065/2207/58 2063/1664/58 2062/2072/58
f 3468/1595/44 3469/2734/44 3466/2764/44 3467/1596/44
f 2586/1646/42 2584/1645/42 2851/2107/42 2850/2803/42
f 6334/2018/12 6336/2025/12 6335/2024/12 6333/2019/12
f 345/2804/58 7366/2805/58 7365/1938/58 342/1937/58
f 352/2014/58 353/2017/58 350/2098/58 351/2806/58
f 1768/1931/58 1724/49/58 1723/1907/58 1769/1906/58
f 3506/2756/44 3507/1944/44 3520/1433/44 3522/1432/44
f 3521/1430/24 3487/2807/24 3486/512/24 3523/1431/24
f 3519/2808/24 3488/2763/24 3487/2807/24 3521/1430/24
f 1726/1914/58 1727/1893/58 1725/1738/58 1722/1737/58
f 3516/2809/24 3489/2068/24 3374/2070/24 3359/2810/24
f 6522/1704/12 6512/564/12 6513/563/12 6521/1870/12
f 2048/2788/58 2049/2143/58 2045/2129/58 2047/2598/58
f 3510/1998/24 3492/1593/24 3491/2657/24 3513/1592/24
f 2665/1925/42 2635/1371/42 2632/2134/42 2664/1926/42
f 3533/1999/24 3531/1989/24 3494/1988/24 3493/1594/24
f 2704/1923/11 2702/1924/11 2678/2811/11 2677/2727/11
f 3063/1273/12 2976/1965/12 2956/2812/12 2957/2813/12
f 2662/2814/42 2663/1925/42 2631/1371/42 2629/1370/42
f 2728/1845/1836 2731/1844/1837 2730/2815/1837 2729/2816/1836
f 2748/818/1838 2749/2817/1838 2746/2818/1839 2747/819/1839
f 2770/1848/1840 2771/2819/1840 2768/2820/1841 2769/2821/1841
f 2754/1570/1842 2755/2822/1842 2752/2823/1843 2753/1571/1843
f 2751/834/1844 2753/1571/1843 2752/2823/1843 2750/2824/1844
f 2745/1904/1845 2747/819/1839 2746/2818/1839 2744/2825/1845
f 2766/1532/1846 2769/2821/1841 2768/2820/1841 2767/2826/1846
f 2737/2827/1847 2757/1901/1848 2738/2828/1848 2736/2829/1847
f 2770/1848/1840 2740/22/1849 2772/2830/1849 2771/2819/1840
f 2732/1894/1850 2735/1913/1851 2734/2831/1851 2733/2832/1850
f 2760/1227/1852 2763/1226/1853 2762/2833/1853 2761/2834/1852
f 2763/1226/1853 2765/1531/1854 2764/2835/1854 2762/2833/1853
f 2732/1894/1850 2733/2832/1850 2730/2815/1837 2731/1844/1837
f 2757/1901/1848 2759/1902/1855 2758/2836/1855 2738/2828/1848
f 2728/1845/1836 2729/2816/1836 2725/2837/583 2727/1921/583
f 2760/1227/1852 2761/2834/1852 2758/2836/1855 2759/1902/1855
f 2726/2632/1856 2756/2838/1856 2755/2822/1842 2754/1570/1842
f 2742/2839/1857 2743/2840/1857 2739/2841/1858 2741/21/1858
f 2739/2841/1858 2772/2830/1849 2740/22/1849 2741/21/1858
f 1671/1099/811 1694/1108/859 1693/1121/858 1692/1131/1280
f 2742/2839/1857 2745/1904/1845 2744/2825/1845 2743/2840/1857
f 2748/818/1838 2751/834/1844 2750/2824/1844 2749/2817/1838
f 2735/1913/1851 2737/2827/1847 2736/2829/1847 2734/2831/1851
f 2725/2837/583 2756/2838/1856 2726/2632/1856 2727/1921/583
f 3111/2842/42 3110/1381/970 3656/1380/970 3655/2843/42
f 7273/2844/300 7275/44/28 7274/47/28 7272/2845/300
f 1748/1927/938 1782/1770/938 1781/1768/1014 1751/1739/1014
f 842/559/11 849/560/11 848/838/1152 843/835/1152
f 1354/867/1322 1114/853/1322 1118/854/967 1353/856/967
f 1728/1210/300 1726/1914/299 1785/1777/299 1786/1211/300
f 2237/1496/42 2233/1495/42 2235/1494/42 2238/1497/42
f 2892/2846/1859 2893/2827/1859 2890/1901/58 2891/1900/58
f 1761/1910/935 1762/1229/379 1800/1800/379 1801/1802/935
f 2781/1899/1397 2759/1902/1397 2757/1901/58 2780/1900/58
f 2782/1224/57 2760/1227/57 2759/1902/1397 2781/1899/1397
f 1022/1513/12 1025/1516/576 1023/1515/576 1024/1514/12
f 6446/1642/11 6448/1652/1014 6447/1653/1014 6445/1643/11
f 2055/2276/299 2057/1161/300 2158/2253/300 2159/2252/299
f 6965/2132/1805 7060/2133/1805 7059/536/392 6964/535/392
f 6021/942/42 6019/943/1290 6049/1584/1290 6048/1930/42
f 2295/12/1860 2279/13/1672 2278/14/1675 2296/15/1861
f 723/866/43 424/864/43 423/853/968 736/867/968
f 2789/20/13 2790/2847/930 2742/2839/930 2741/21/13
f 2791/1903/1398 2745/1904/1398 2742/2839/930 2790/2847/930
f 2892/2846/1859 2895/1912/971 2894/1913/971 2893/2827/1859
f 2779/2846/1859 2780/1900/58 2757/1901/58 2737/2827/1859
f 1746/1948/42 1749/1655/390 1807/1658/390 1808/1810/42
f 11/1443/67 13/2629/1799 12/2630/1798 10/1444/67
f 2795/1572/232 2753/1571/232 2751/834/577 2794/833/577
f 2797/2848/13 2800/2849/13 2798/2850/13 2799/878/13
f 3056/2851/1862 3071/1273/1863 3061/730/1864 3062/1949/1862
f 2805/2852/11 2809/2853/11 2810/2854/11
f 2805/2852/11 2810/2854/11 2808/2855/11
f 2800/2856/11 2810/2854/11 2809/2857/11
f 2800/2856/11 2797/2848/11 2810/2854/11
f 2801/1892/232 2804/2858/232 2802/2859/232 2803/2466/232
f 2808/2855/44 2812/2860/44 2811/882/44 2806/893/44
f 2805/2861/11 2808/2855/11 2806/893/11 2807/2862/11
f 2817/2467/42 2815/2863/42 2814/1672/42
f 2817/2467/42 2818/2864/42 2815/2863/42
f 2817/2467/42 2802/2865/42 2818/2866/42
f 2817/2467/42 2803/2466/42 2802/2865/42
f 2812/2860/44 2814/1672/44 2813/881/44 2811/882/44
f 2815/1313/24 2820/1316/24 2819/2867/24 2816/2868/24
f 2820/1316/24 2805/2869/24 2807/2870/24 2819/2867/24
f 2816/880/58 2819/883/58 2811/882/58 2813/881/58
f 2842/2871/1865 2841/2872/1865 2822/2873/1865 2824/2874/1865
f 2840/323/1866 2839/322/1866 2841/2872/1866 2842/2871/1866
f 5401/2875/1867 5114/2876/1868 5116/2463/1868 5271/2877/1867
f 2829/2878/1869 2828/2879/1869 2830/2880/1869
f 2829/2878/1869 2827/2881/1869 2828/2879/1869
f 2831/2882/1870 2830/2880/1870 2832/2883/1870
f 2831/2882/1870 2829/2878/1870 2830/2880/1870
f 2833/2884/1871 2834/2885/1871 2835/2886/1871
f 2833/2884/1871 2836/2887/1871 2834/2885/1871
f 2835/2886/1872 2837/321/1872 2838/320/1872
f 2835/2886/1872 2834/2885/1872 2837/321/1872
f 2827/2881/13 2825/2888/13 2826/2889/13 2828/2879/13
f 4658/701/1873 3600/3/1873 3772/2647/1874 4478/1691/1875
f 127/1673/1325 128/381/281 168/302/282 169/306/1326
f 2839/2890/44 2843/1677/44 2841/2891/44
f 2837/2892/44 2843/1677/44 2839/2890/44
f 2834/2893/44 2843/1677/44 2837/2892/44
f 2836/2894/44 2843/1677/44 2834/2893/44
f 6101/1369/12 6102/2895/12 6100/2896/12 6099/2897/12
f 2841/2891/44 2843/1677/44 2822/2898/44
f 2822/2898/44 2843/1677/44 2823/2899/44
f 2823/2899/44 2843/1677/44 2826/2900/44
f 2826/2900/44 2843/1677/44 2828/2901/44
f 2828/2901/44 2843/1677/44 2830/2902/44
f 2830/2902/44 2843/1677/44 2832/1680/44
f 2844/2903/44 2845/1678/44 2843/1677/44 2836/2894/44
f 2847/877/44 2846/1679/44 2845/1678/44
f 2847/877/44 2845/1678/44 2844/2903/44
f 2086/2162/1503 2089/2183/1626 2191/2372/1618 2257/1697/1367
f 2847/877/44 2797/2848/44 2799/878/44
f 6996/1254/24 6584/2904/24 4931/2905/24 6995/1649/24
f 2847/877/44 2801/1892/44 2803/2466/44
f 2723/894/1876 2848/2906/1877 2849/2907/1876
f 4239/2907/1878 4240/2775/1879 4197/574/1880 4198/894/1881
f 3368/2737/1882 3342/2908/1882 3418/2697/1794 3439/582/1794
f 3436/396/1883 3499/2909/1883 3498/2776/1823 3438/397/1823
f 2827/2910/1884 2821/2911/1885 2825/2912/1885
f 2827/2910/1884 2824/2913/1884 2821/2911/1885
f 2838/2914/1884 2840/2915/1885 2842/2916/1885
f 2838/2914/1884 2842/2916/1885 2824/2913/1884
f 2838/2914/1884 2824/2913/1884 2812/2860/1884
f 2827/2910/1884 2812/2860/1884 2824/2913/1884
f 2827/2910/1884 2814/1672/1884 2812/2860/1884
f 2827/2910/1884 2817/2467/1884 2814/1672/1884
f 2827/2910/1884 2846/1679/1884 2817/2467/1884
f 2827/2910/1884 2831/2917/1884 2846/1679/1884
f 2827/2910/1884 2829/2918/1885 2831/2917/1884
f 2838/2914/1884 2833/2919/1884 2835/2920/1886
f 2838/2914/1884 2844/2903/1884 2833/2919/1884
f 2838/2914/1884 2810/2854/1884 2844/2903/1884
f 2838/2914/1884 2808/2855/1884 2810/2854/1884
f 2838/2914/1884 2812/2860/1884 2808/2855/1884
f 2560/1606/42 2848/2921/42 2561/2922/42
f 3387/1606/44 3406/1605/44 4239/2923/44 4238/2921/44
f 6651/1897/24 6652/394/24 6623/35/24 6624/34/24
f 2689/2924/42 2720/1587/42 2700/1588/42 2688/2925/42
f 353/2017/58 7354/2117/58 7353/2099/58 350/2098/58
f 2852/2926/24 2853/1181/24 2854/1184/24
f 2852/2926/24 2855/1184/24 2853/1181/24
f 2852/2927/24 2856/1464/24 2855/1184/24
f 2852/2927/24 2854/1184/24 2857/1464/24
f 2852/2928/24 2858/1378/24 2856/1464/24
f 2852/2928/24 2857/1464/24 2859/1378/24
f 2852/2929/24 2859/1378/24 2860/1381/24
f 2852/2929/24 2861/1381/24 2858/1378/24
f 2852/2930/24 2862/2842/24 2861/1381/24
f 2852/2930/24 2860/1381/24 2862/2842/24
f 398/559/11 402/835/1152 401/838/1152 399/560/11
f 411/69/42 412/70/42 410/1373/1007 409/1171/1007
f 1765/1911/2 1766/1905/30 1798/1796/30 1799/1798/2
f 1739/1863/395 1741/1862/583 1817/1826/583 1816/1824/395
f 2869/1903/1398 2871/2847/930 2870/2839/930 2868/1904/1398
f 2787/1847/1287 2788/23/14 2740/22/14 2770/1848/1287
f 48/9/1887 49/10/1887 46/11/1888 47/8/1888
f 4715/252/902 4583/595/1889 4581/1248/1890 4681/1205/903
f 2876/1847/1287 2879/2931/11 2878/2821/11 2877/1848/1287
f 2880/1529/973 2881/1532/973 2878/2821/11 2879/2931/11
f 1145/888/393 1146/889/393 1140/890/42 1139/891/42
f 2884/1225/908 2885/1226/908 2882/1531/956 2883/1530/956
f 2886/1224/57 2887/1227/57 2885/1226/908 2884/1225/908
f 2886/1224/57 2889/1899/1397 2888/1902/1397 2887/1227/57
f 2865/834/577 2910/833/577 2863/817/572 2864/818/572
f 6145/2932/1891 6103/1539/1384 6105/1408/44 6144/2933/44
f 1727/1893/1014 1729/1896/17 1811/1816/17 1810/1814/1014
f 828/1361/393 815/1339/393 813/1335/42 826/1357/42
f 3404/1646/288 3406/1605/297 3405/1608/297 3403/1647/288
f 2898/1843/1007 2901/1846/1008 2900/1845/1008 2899/1844/1007
f 1723/1656/11 1725/1738/938 1809/1812/938 1796/1657/11
f 2904/2631/1015 2905/2632/1015 2902/1921/42 2903/1922/42
f 2904/2631/1015 2907/1569/393 2906/1570/393 2905/2632/1015
f 2907/1569/393 2909/1572/232 2908/1571/232 2906/1570/393
f 3400/1648/24 3393/565/24 3390/2664/24 3401/2717/24
f 3403/1647/24 3395/566/24 3393/565/24 3400/1648/24
f 4496/91/44 4471/1485/44 4469/1489/44 4495/505/44
f 2570/2668/11 2587/1608/11 2562/1607/11
f 2570/2668/11 2562/1607/11 2559/2934/11
f 2437/2640/44 2558/2635/44 2486/2935/44 2440/2936/44
f 3338/2640/11 3384/2635/11 3361/2935/11 3341/2936/11
f 5143/2937/1892 5142/2938/1892 5151/2939/1893 5150/2940/1894
f 2912/897/24 2848/2637/24 2723/894/24
f 2909/1572/232 2910/833/577 2865/834/577 2908/1571/232
f 2579/895/24 2580/2643/24 2911/896/24
f 455/1639/593 454/888/593 460/192/1176 461/193/1176
f 2913/2848/13 2916/878/13 2914/2850/13 2915/2849/13
f 2921/2861/11 2922/893/11 2923/2855/11
f 2921/2861/11 2924/2862/11 2922/893/11
f 2921/2852/11 2925/2854/11 2926/2853/11
f 2921/2852/11 2923/2855/11 2925/2854/11
f 2825/2888/1895 2821/2941/1895 2823/2942/1895 2826/2889/1895
f 2927/881/42 2928/1670/42 2929/1672/42
f 2927/881/42 2930/1671/42 2928/1670/42
f 2928/2863/42 2931/2467/42 2929/1672/42
f 2928/2863/42 2932/2864/42 2931/2467/42
f 2925/2854/11 2913/2848/11 2915/2856/11 2926/2857/11
f 2917/1892/232 2920/2466/232 2918/2859/232 2919/2858/232
f 450/1615/1419 453/887/592 452/886/592 451/925/1419
f 2767/2826/44 2935/2943/44 2764/2835/44
f 2764/2835/44 2935/2943/44 2762/2833/44
f 2762/2833/44 2935/2943/44 2761/2834/44
f 2761/2834/44 2935/2943/44 2758/2836/44
f 2758/2836/44 2935/2943/44 2738/2828/44
f 2738/2828/44 2935/2943/44 2736/2829/44
f 2736/2829/44 2935/2943/44 2734/2831/44
f 2734/2831/44 2935/2943/44 2733/2832/44
f 2733/2832/44 2935/2943/44 2730/2815/44
f 2730/2815/44 2935/2943/44 2729/2816/44
f 2729/2816/44 2935/2943/44 2725/2837/44
f 2725/2837/44 2935/2943/44 2756/2838/44
f 2756/2838/44 2935/2943/44 2755/2822/44
f 2755/2822/44 2935/2943/44 2752/2823/44
f 2752/2823/44 2935/2943/44 2750/2824/44
f 2750/2824/44 2935/2943/44 2749/2817/44
f 2749/2817/44 2935/2943/44 2746/2818/44
f 2746/2818/44 2935/2943/44 2744/2825/44
f 2744/2825/44 2935/2943/44 2743/2840/44
f 2743/2840/44 2935/2943/44 2739/2841/44
f 2739/2841/44 2935/2943/44 2772/2830/44
f 2772/2830/44 2935/2943/44 2771/2819/44
f 2771/2819/44 2935/2943/44 2768/2820/44
f 2768/2820/44 2935/2943/44 2767/2826/44
f 2796/2944/24 2936/2945/24 2773/2946/24
f 2773/2946/24 2936/2945/24 2774/2947/24
f 2774/2947/24 2936/2945/24 2775/2948/24
f 2775/2948/24 2936/2945/24 2776/2949/24
f 2776/2949/24 2936/2945/24 2777/2950/24
f 2777/2950/24 2936/2945/24 2778/2951/24
f 2778/2951/24 2936/2945/24 2779/2952/24
f 2779/2952/24 2936/2945/24 2780/2953/24
f 2780/2953/24 2936/2945/24 2781/2954/24
f 2781/2954/24 2936/2945/24 2782/2955/24
f 2782/2955/24 2936/2945/24 2783/2956/24
f 2783/2956/24 2936/2945/24 2784/2957/24
f 2784/2957/24 2936/2945/24 2785/2958/24
f 2785/2958/24 2936/2945/24 2786/2959/24
f 2786/2959/24 2936/2945/24 2787/2960/24
f 2787/2960/24 2936/2945/24 2788/2961/24
f 2788/2961/24 2936/2945/24 2789/2962/24
f 2789/2962/24 2936/2945/24 2790/2963/24
f 2790/2963/24 2936/2945/24 2791/2964/24
f 2791/2964/24 2936/2945/24 2792/2965/24
f 2792/2965/24 2936/2945/24 2793/2966/24
f 2793/2966/24 2936/2945/24 2794/2967/24
f 2794/2967/24 2936/2945/24 2795/2968/24
f 2795/2968/24 2936/2945/24 2796/2944/24
f 450/1615/1419 451/925/1419 448/891/11 449/1640/11
f 1141/1615/1304 1144/887/1305 1143/886/1305 1142/925/1304
f 3374/2617/16 3382/2097/16 3381/1726/15 3375/2618/15
f 444/924/382 445/2969/58 442/874/899 443/873/899
f 7180/2970/1384 7181/2584/1289 5980/2583/1289 5981/2971/1384
f 3098/7/4 3031/6/3 3032/2972/1896 3096/2973/1896
f 2952/483/1897 2953/482/1897 2951/2974/1898 2950/2975/1898
f 3060/2976/1899 2998/2977/1899 2991/2978/12 3056/2979/12
f 2968/2975/1900 2969/2974/1901 2966/2978/12 2967/2979/12
f 5102/2980/1902 5104/607/1903 5155/606/1904 5154/2981/1905
f 3093/480/585 3094/483/1906 3034/482/1907 3036/481/1908
f 2379/1504/11 2378/297/11 2377/294/11 2380/1505/11
f 3482/2725/1170 3484/2762/402 3416/2982/402 3413/2983/1170
f 2943/7/1909 2945/2973/354 2944/2972/353 2941/6/1910
f 2970/483/354 2971/482/353 2969/2974/1901 2968/2975/1900
f 5379/2984/1911 5380/2985/1912 5191/1916/1913 5212/1915/1914
f 3095/2975/1899 3087/2979/12 3022/2978/12 3035/2974/1915
f 3096/2973/1896 3032/2972/1896 3033/2977/1916 3097/2976/1916
f 2954/480/1917 2955/481/1918 2953/482/1897 2952/483/1897
f 1077/830/58 1078/829/58 1075/837/383 1076/836/383
f 2948/2986/2 2956/2987/1919 2976/1268/937
f 2948/2986/2 2955/2988/1919 2956/2987/1919
f 2948/2986/2 2953/2989/1919 2955/2988/1919
f 2948/2986/2 2951/2990/1919 2953/2989/1919
f 2948/2986/2 2944/2991/1920 2946/2992/1920
f 2948/2986/2 2941/2993/1920 2944/2991/1920
f 2948/2986/2 2942/2994/1920 2941/2993/1920
f 2948/2986/2 2977/1885/1386 2942/2994/1920
f 528/1426/1292 514/929/1292 513/1428/930 527/1427/930
f 6995/1649/24 4931/2905/24 4944/2995/24 6994/372/24
f 2966/2986/583 3013/1268/933 3012/1269/934 3011/2996/583
f 1715/1353/956 1713/112/57 1700/113/57 1702/1331/956
f 3704/2192/1921 3702/2997/1921 3753/1168/1922 3752/1169/1923
f 518/1435/1327 504/950/1327 503/949/971 517/1446/383
f 3747/825/1378 3749/824/1807 3748/823/1807 3745/826/1378
f 3022/2986/1862 3025/1885/939 3024/1886/939 3023/2996/1841
f 2948/2986/2 2981/2996/2 2979/1886/1386 2977/1885/1386
f 2991/2986/1924 2995/2994/1925 2994/1885/1926
f 2991/2986/1924 2996/2993/1927 2995/2994/1925
f 2991/2986/1924 2997/2991/1927 2996/2993/1927
f 2991/2986/1924 2998/2992/1927 2997/2991/1927
f 2991/2986/1924 2990/1268/931 2999/2987/1928
f 2991/2986/1924 2999/2987/1928 3000/2988/1929
f 2991/2986/1924 3000/2988/1929 3001/2989/1929
f 2991/2986/1924 3001/2989/1929 3002/2990/1929
f 519/1434/1329 505/939/1329 504/950/1327 518/1435/1327
f 2994/1885/1926 3004/1884/390 3003/1887/390 2993/1886/1930
f 3004/1884/390 3006/2998/42 3005/2999/42 3003/1887/390
f 3006/2998/42 3008/1884/290 3007/1887/290 3005/2999/42
f 2991/2986/1924 2994/1885/1926 2993/1886/1930 2992/2996/1931
f 2966/2986/583 3010/1885/1932 2960/2994/1933
f 2966/2986/583 2960/2994/1933 2959/2993/1934
f 2966/2986/583 2959/2993/1934 2962/2991/1934
f 2966/2986/583 2962/2991/1934 2964/2992/1934
f 3022/2986/1862 3023/2996/1841 3020/1269/1935 3021/1268/1936
f 2966/2986/583 2974/2987/1937 3013/1268/933
f 2966/2986/583 2973/2988/1938 2974/2987/1937
f 2966/2986/583 2971/2989/1938 2973/2988/1938
f 2966/2986/583 2969/2990/1938 2971/2989/1938
f 3008/1884/290 3010/1885/1932 3009/1886/1939 3007/1887/290
f 2984/1267/935 2986/3000/24 2985/3001/24 2983/1270/935
f 520/1429/1006 506/936/1006 505/939/1329 519/1434/1329
f 3017/3000/44 3019/1267/47 3018/1270/47 3016/3001/44
f 2991/2986/1924 2992/2996/1931 2989/1269/932 2990/1268/931
f 2966/2986/583 3011/2996/583 3009/1886/1939 3010/1885/1932
f 7167/1877/1384 5970/1880/1384 5971/3002/391 7166/3003/391
f 3025/1885/939 3027/1884/938 3026/1887/938 3024/1886/939
f 3027/1884/938 3029/2998/11 3028/2999/11 3026/1887/938
f 3022/2986/1862 3030/2994/1940 3025/1885/939
f 3022/2986/1862 3031/2993/1940 3030/2994/1940
f 3022/2986/1862 3032/2991/1940 3031/2993/1940
f 3022/2986/1862 3033/2992/1940 3032/2991/1940
f 3022/2986/1862 3034/2989/1941 3035/2990/1941
f 3022/2986/1862 3036/2988/1941 3034/2989/1941
f 3022/2986/1862 3037/2987/1941 3036/2988/1941
f 3022/2986/1862 3021/1268/1936 3037/2987/1941
f 2967/2851/2 2958/1140/1920 3038/714/1385
f 2967/2851/2 2961/3004/1920 2958/1140/1920
f 2967/2851/2 2963/3005/1920 2961/3004/1920
f 2967/2851/2 2965/3006/1920 2963/3005/1920
f 2967/2851/2 2970/3007/1919 2968/3008/1919
f 2967/2851/2 2972/3009/1919 2970/3007/1919
f 2967/2851/2 2975/2813/1919 2972/3009/1919
f 2967/2851/2 3039/1273/936 2975/2813/1919
f 3029/2998/11 2978/1884/29 2980/1887/29 3028/2999/11
f 3040/737/24 3091/729/25 3041/1272/25 3042/1271/24
f 521/1253/1005 507/937/1005 506/936/1006 520/1429/1006
f 2949/2851/583 3076/1949/583 3064/730/1942 3063/1273/1942
f 3112/454/24 3116/2559/24 3165/2418/24 3164/2419/24
f 522/1252/393 508/940/43 507/937/1005 521/1253/1005
f 1718/1358/577 1720/1362/12 1707/1342/12 1705/1338/577
f 523/1602/1331 509/1409/1331 508/940/43 522/1252/393
f 3694/395/1396 3693/1898/1396 3678/1897/1396 3677/394/1396
f 3087/2851/1924 3088/1949/1931 3085/1277/1173 3086/714/1172
f 3056/2851/1862 3055/714/939 3057/1140/1940
f 3056/2851/1862 3057/1140/1940 3058/3004/1940
f 3056/2851/1862 3058/3004/1940 3059/3005/1940
f 3056/2851/1862 3059/3005/1940 3060/3006/1940
f 3087/2851/1924 3090/1273/1943 3089/730/1943 3088/1949/1931
f 2949/2851/583 2952/3007/1938 2950/3008/1938
f 2949/2851/583 2954/3009/1938 2952/3007/1938
f 2949/2851/583 2957/2813/1937 2954/3009/1938
f 2949/2851/583 3063/1273/1942 2957/2813/1937
f 3056/2851/1862 3062/1949/1862 3054/1277/939 3055/714/939
f 3691/506/1428 3690/90/1428 3681/91/1428 3680/505/1428
f 7169/1502/42 5968/1501/42 5969/1879/1289 7168/1878/1289
f 4136/2710/1153 4139/1162/1415 4138/1165/1415 4137/2711/1153
f 3688/3010/1944 3687/3011/1944 3666/3012/1944 3665/3013/1944
f 3056/2851/1862 3072/2813/1941 3071/1273/1863
f 3056/2851/1862 3073/3009/1941 3072/2813/1941
f 3056/2851/1862 3074/3007/1941 3073/3009/1941
f 3056/2851/1862 3075/3008/1941 3074/3007/1941
f 2967/2851/2 3038/714/1385 3047/1277/1386 3046/1949/2
f 2438/1600/1945 2479/2592/1654 2478/2614/1654 2439/1601/1945
f 6136/3014/1946 6088/3015/1946 6089/2362/379 6135/2361/379
f 7194/2970/1384 5992/2971/1384 5993/3016/391 7193/3017/391
f 6138/3018/1947 6084/3019/1948 6086/3020/333 6137/3021/333
f 2949/2851/583 3078/714/1949 3077/1277/1950 3076/1949/583
f 2967/2851/2 3046/1949/2 3045/730/937 3039/1273/936
f 7216/3022/291 7217/1321/395 7201/1322/395 7200/3023/291
f 3087/2851/1924 3092/2813/1928 3090/1273/1943
f 3087/2851/1924 3093/3009/1929 3092/2813/1928
f 3087/2851/1924 3094/3007/1929 3093/3009/1929
f 3087/2851/1924 3095/3008/1929 3094/3007/1929
f 3087/2851/1924 3096/3005/1927 3097/3006/1927
f 3087/2851/1924 3098/3004/1927 3096/3005/1927
f 3087/2851/1924 3099/1140/1951 3098/3004/1927
f 3087/2851/1924 3086/714/1172 3099/1140/1951
f 3090/1273/1943 3041/1272/25 3091/729/25 3089/730/1943
f 7217/1321/395 7218/1317/44 7203/1320/44 7201/1322/395
f 1615/1084/1064 1616/1086/1064 1614/1085/1343 1613/1081/1342
f 2802/3024/24 2804/3025/24 2937/1543/24
f 1652/983/1195 1654/982/1207 1653/981/1206 1651/984/1196
f 2800/1541/24 2937/1543/24 2798/3026/24
f 2846/3027/1952 2831/2882/1952 2832/2883/1952
f 2949/2851/583 2940/1140/1953 3078/714/1949
f 2949/2851/583 2943/3004/1934 2940/1140/1953
f 2949/2851/583 2945/3005/1934 2943/3004/1934
f 2949/2851/583 2947/3006/1934 2945/3005/1934
f 3088/1949/58 3023/1950/58 3024/3028/58 3085/1277/58
f 7337/1626/58 7338/1861/58 6477/1860/58 6478/1959/58
f 3525/1436/24 3485/511/24 3496/2766/24 3527/1437/24
f 7324/1626/58 7325/1959/58 7323/1735/58 7321/401/58
f 3053/713/12 3004/716/12 2994/715/12 3055/714/12
f 2644/415/11 2577/2796/11 2572/1133/11 2643/1132/11
f 6276/528/12 6188/80/12 6186/84/12 6277/525/12
f 358/3029/58 7357/3030/58 7356/3031/58 357/3032/58
f 6319/3033/12 6322/3034/12 6321/3035/12 6320/3036/12
f 1961/3037/12 1962/2038/12 1959/2036/12 1960/2744/12
f 1978/3038/12 1980/1154/12 1979/1153/12 1977/2042/12
f 3407/2705/24 3409/2720/24 3432/2026/24 3431/96/24
f 3062/1949/58 2992/1950/58 2993/3028/58 3054/1277/58
f 1844/1391/12 1863/1390/12 1861/1951/12 1862/2731/12
f 7336/401/58 6480/1735/58 6483/1736/58 7304/402/58
f 1975/3039/12 1976/2041/12 1973/2044/12 1974/3040/12
f 3084/713/12 3027/716/12 3025/715/12 3086/714/12
f 1875/747/12 1877/750/12 1876/749/12 1874/748/12
f 3062/1949/58 3061/730/58 2989/731/58 2992/1950/58
f 1994/2056/12 1996/2055/12 1995/3041/12 1993/3042/12
f 1999/1966/12 2000/1969/12 1998/3043/12 1997/2059/12
f 2694/709/42 2710/712/42 2712/2523/42 2693/710/42
f 3076/1949/58 3077/1277/58 2979/3028/58 2981/1950/58
f 3079/1276/58 2980/1751/58 2979/3028/58 3077/1277/58
f 2833/2884/1954 2844/3044/1954 2836/2887/1954
f 3101/2926/44 3102/1181/44 3103/1184/44
f 3101/2926/44 3104/1184/44 3102/1181/44
f 3101/2927/44 3103/1184/44 3105/1464/44
f 3101/2927/44 3106/1464/44 3104/1184/44
f 3101/2928/44 3105/1464/44 3107/1378/44
f 3101/2928/44 3108/1378/44 3106/1464/44
f 3101/2929/44 3109/1381/44 3108/1378/44
f 3101/2929/44 3107/1378/44 3110/1381/44
f 3101/2930/44 3111/2842/44 3109/1381/44
f 3101/2930/44 3110/1381/44 3111/2842/44
f 3256/454/42 3259/457/42 3257/456/42 3258/455/42
f 101/458/332 102/248/171 100/237/162 97/236/161
f 2212/2390/1609 2215/2391/1608 2213/2392/1609 2214/2393/1608
f 3268/2392/1429 3271/2391/1429 3269/2390/1429 3270/2393/1429
f 2216/1299/1955 2208/208/1955 2210/211/1955 2217/1300/1955
f 2287/60/1759 2288/63/1758 2285/62/1751 2286/61/1669
f 2459/813/329 2466/814/329 2465/815/1669 2461/816/1669
f 7179/3017/391 5982/3016/391 5983/3045/1175 7178/3046/1175
f 3282/2402/193 3283/2403/193 3276/2526/193 3277/2527/193
f 2222/269/1609 2225/268/1608 2223/2399/1609 2224/2398/1608
f 3274/270/1956 3279/269/1956 3281/268/1956 3275/271/1956
f 2361/2398/1957 2366/2401/1957 2365/2400/1957 2359/2399/1957
f 373/484/355 385/287/200 391/286/199 390/491/362
f 2369/1495/359 2372/1494/360 2370/295/359 2371/296/359
f 2232/295/1616 2235/1494/140 2233/1495/140 2234/296/140
f 2371/296/1958 2370/295/1958 2377/294/1958 2378/297/1958
f 3786/60/1679 3788/61/1746 3799/62/1746 3797/63/1679
f 5912/1158/1285 2023/1492/1285 2022/1491/291 2071/1493/291
f 7037/1851/572 7038/2528/577 5567/2531/577 5568/1850/572
f 3302/2414/1429 3305/2415/1429 3303/2416/1430 3304/2417/1429
f 2382/75/360 2381/74/359 2387/1573/359 2388/1574/360
f 2380/1505/1959 2384/2416/1959 2386/2415/1959 2379/1504/1959
f 2385/2417/1960 2390/2418/1960 2389/2419/1960 2383/2414/1960
f 3148/72/297 3151/73/297 3149/2405/297 3150/2404/297
f 3164/2420/1614 3141/2423/1614 3113/2422/1614 3115/2421/1614
f 2253/2476/1613 2228/2424/1613 2254/2426/1613 2249/2450/1613
f 3140/2424/1429 3135/2425/1429 3166/2426/1429
f 3121/2427/1429 3124/2428/1429 3126/2429/1429
f 3121/2427/1429 3126/2429/1429 3122/2430/1429
f 3129/2431/1429 3122/2430/1429 3126/2429/1429
f 2244/224/360 2242/227/360 2241/226/360 2239/225/360
f 3137/2434/1429 3131/2432/1429 3133/2433/1429
f 3137/2434/1429 3133/2433/1429 3138/2435/1429
f 3137/2434/1429 3138/2435/1429 3135/2425/1429
f 3166/2426/1429 3135/2425/1429 3138/2435/1429
f 3142/2436/1429 3166/2426/1429 3138/2435/1429
f 3148/2437/1429 3150/2438/1429 3147/2439/1429
f 3148/2437/1429 3147/2439/1429 3144/2440/1429
f 3152/2441/1429 3148/2437/1429 3144/2440/1429
f 154/250/173 165/299/211 164/791/537 155/789/535
f 3159/2446/1429 3157/2447/1429 3155/2448/1429
f 3163/2449/1429 3157/2447/1429 3159/2446/1429
f 3163/2449/1429 3159/2446/1429 3161/2450/1429
f 3166/2426/1429 3163/2449/1429 3161/2450/1429
f 3167/2451/1429 3163/2449/1429 3166/2426/1429
f 3168/2826/24 3169/2835/24 3170/2943/24
f 3169/2835/24 3171/2833/24 3170/2943/24
f 3171/2833/24 3172/2834/24 3170/2943/24
f 3172/2834/24 3173/2836/24 3170/2943/24
f 3173/2836/24 3174/2828/24 3170/2943/24
f 3174/2828/24 3175/2829/24 3170/2943/24
f 3175/2829/24 3176/2831/24 3170/2943/24
f 3176/2831/24 3177/2832/24 3170/2943/24
f 3177/2832/24 3178/2815/24 3170/2943/24
f 3178/2815/24 3179/2816/24 3170/2943/24
f 3179/2816/24 3180/2837/24 3170/2943/24
f 3180/2837/24 3181/2838/24 3170/2943/24
f 3181/2838/24 3182/2822/24 3170/2943/24
f 3182/2822/24 3183/2823/24 3170/2943/24
f 3183/2823/24 3184/2824/24 3170/2943/24
f 3184/2824/24 3185/2817/24 3170/2943/24
f 3185/2817/24 3186/2818/24 3170/2943/24
f 3186/2818/24 3187/2825/24 3170/2943/24
f 3187/2825/24 3188/2840/24 3170/2943/24
f 3188/2840/24 3189/2841/24 3170/2943/24
f 3189/2841/24 3190/2830/24 3170/2943/24
f 3190/2830/24 3191/2819/24 3170/2943/24
f 3191/2819/24 3192/2820/24 3170/2943/24
f 3192/2820/24 3168/2826/24 3170/2943/24
f 2255/1575/140 2254/2394/140 2270/2395/140 2271/1576/140
f 3310/2394/193 3315/2395/193 3287/2396/193 3286/2397/193
f 3126/2429/1429 3133/2433/1429 3131/2432/1429 3129/2431/1429
f 2270/2477/360 2229/2423/360 2252/2420/360 2246/2484/360
f 3141/2423/1614 3193/2477/1614 3136/2478/1614
f 3151/225/1614 3145/2479/1614 3149/2480/1614
f 3151/225/1614 3146/2481/1614 3145/2479/1614
f 3151/225/1614 3153/226/1614 3146/2481/1614
f 2218/2442/360 2220/2443/360 2213/2444/360 2216/2445/360
f 3156/224/1614 3160/2482/1614 3154/227/1614
f 3162/2483/1614 3160/2482/1614 3156/224/1614
f 3162/2483/1614 3158/2484/1614 3160/2482/1614
f 3162/2483/1614 3193/2477/1614 3158/2484/1614
f 3193/2477/1614 3162/2483/1614 3194/2485/1614
f 3125/2444/1614 3127/2486/1614 3123/2487/1614
f 3125/2444/1614 3123/2487/1614 3120/2488/1614
f 3125/2444/1614 3120/2488/1614 3128/2445/1614
f 2377/2441/1609 2373/2437/1609 2382/2447/1609 2380/2448/1609
f 3132/2443/1614 3130/2442/1614 3134/2489/1614
f 3139/2490/1614 3132/2443/1614 3134/2489/1614
f 3139/2490/1614 3134/2489/1614 3136/2478/1614
f 3139/2490/1614 3136/2478/1614 3193/2477/1614
f 3193/2477/1614 3143/2491/1614 3139/2490/1614
f 2907/2944/44 2904/2946/44 3195/2945/44
f 2904/2946/44 2903/2947/44 3195/2945/44
f 2903/2947/44 2901/2948/44 3195/2945/44
f 2901/2948/44 2898/2949/44 3195/2945/44
f 2898/2949/44 2897/2950/44 3195/2945/44
f 2897/2950/44 2895/2951/44 3195/2945/44
f 2895/2951/44 2892/2952/44 3195/2945/44
f 2892/2952/44 2891/2953/44 3195/2945/44
f 2891/2953/44 2889/2954/44 3195/2945/44
f 2889/2954/44 2886/2955/44 3195/2945/44
f 2886/2955/44 2884/2956/44 3195/2945/44
f 2884/2956/44 2883/2957/44 3195/2945/44
f 2883/2957/44 2880/2958/44 3195/2945/44
f 2880/2958/44 2879/2959/44 3195/2945/44
f 2879/2959/44 2876/2960/44 3195/2945/44
f 2876/2960/44 2875/2961/44 3195/2945/44
f 2875/2961/44 2872/2962/44 3195/2945/44
f 2872/2962/44 2871/2963/44 3195/2945/44
f 2871/2963/44 2869/2964/44 3195/2945/44
f 2869/2964/44 2867/2965/44 3195/2945/44
f 2867/2965/44 2863/2966/44 3195/2945/44
f 2863/2966/44 2910/2967/44 3195/2945/44
f 2910/2967/44 2909/2968/44 3195/2945/44
f 2909/2968/44 2907/2944/44 3195/2945/44
f 1846/2503/1961 1849/2410/1719 1847/2411/1719 1848/2504/1961
f 121/175/112 120/170/107 132/185/122 131/223/152
f 2518/277/357 2529/280/1662 2528/279/360 2517/278/359
f 2333/452/1755 2334/453/1755 2332/2508/1705 2331/2507/1654
f 3878/813/1714 3876/2517/1962 3886/2520/1715 3885/814/1714
f 674/3047/1963 677/2707/1964 675/2706/1964 676/3048/1963
f 2462/2521/1753 2472/2522/1753 2471/283/36 2460/282/36
f 2517/278/359 2528/279/360 2527/2512/1711 2516/2511/1710
f 2320/277/1965 2322/278/360 2321/279/359 2317/280/1965
f 2324/2511/1713 2326/61/1966 2325/62/1966 2323/2512/1713
f 1439/1468/57 1442/1469/57 1440/530/58 1441/529/382
f 2538/2513/1660 2542/2514/1661 2551/487/358 2541/486/357
f 2420/486/1965 2422/489/359 2421/488/360 2417/487/1965
f 4004/489/1614 4014/488/1614 4013/2522/1967 4003/2521/1968
f 2304/2521/1750 2306/282/1669 2305/283/1751 2303/2522/1760
f 2230/2397/42 2226/2402/42 2227/2403/42 2231/2396/42
f 2400/2505/1969 2411/2506/1969 2414/280/1970 2403/277/1670
f 3998/2517/1667 3997/2518/1430 4009/2519/1429 4008/2520/1668
f 3210/2507/296 3211/2508/297 3209/2510/1709 3208/2509/1708
f 3979/2505/571 3990/2506/570 3993/280/1707 3982/277/1691
f 3328/281/1722 3329/284/569 3326/283/1692 3327/282/1692
f 3228/2515/1754 3229/2516/1709 3227/284/580 3226/281/579
f 2403/277/1670 2414/280/1970 2413/279/140 2402/278/140
f 3323/489/1971 3325/2521/1691 3324/2522/1693 3322/488/193
f 2536/813/1689 2534/2517/1653 2544/2520/1655 2543/814/1690
f 2315/813/1860 2299/816/1672 2298/815/1675 2316/814/1861
f 2335/12/194 2336/15/1321 2334/453/1755 2333/452/1755
f 3883/486/1972 3893/487/1973 3892/488/1605 3882/489/1605
f 2282/278/140 2284/2511/1750 2283/2512/1752 2281/279/1616
f 3243/2511/1691 3245/61/1692 3244/62/1692 3242/2512/1691
f 1096/3047/1974 1095/3048/1974 1100/2706/1975 1101/2707/1975
f 2200/454/44 2203/455/44 2201/456/44 2202/457/44
f 2341/2386/58 2344/2387/58 2342/2388/58 2343/2389/58
f 2254/2394/140 2230/2397/1616 2231/2396/140 2270/2395/140
f 3264/208/193 3267/211/193 3265/210/1614 3266/209/193
f 2353/1299/1976 2354/1300/1976 2348/211/1976 2345/208/1976
f 2352/1603/11 2347/209/11 2346/210/11 2350/1604/11
f 4214/3049/1977 4215/3050/1977 4213/1247/924 4212/1248/924
f 2214/2393/11 2213/2392/11 2220/2526/11 2221/2527/11
f 2359/2399/1613 2362/268/1613 2360/269/1613 2361/2398/1613
f 2363/2402/359 2364/2403/359 2357/2526/359 2358/2527/359
f 3155/1505/1978 3154/1504/1978 3160/2415/1978 3159/2416/1978
f 120/170/107 121/175/112 119/174/111 118/167/104
f 366/772/521 313/335/522 312/675/527 365/308/220
f 3162/1573/153 3156/74/1605 3157/75/153 3163/1574/153
f 3262/2389/1429 3261/2388/1429 3259/457/1429 3256/454/1429
f 3152/294/1979 3144/295/1979 3146/296/1979 3153/297/1979
f 6950/134/1487 6952/135/1980 6951/136/1980 6948/137/1487
f 4883/596/1153 6998/1470/1153 6997/1255/399 4882/1256/399
f 3298/1504/24 3297/297/24 3296/294/24 3299/1505/24
f 3278/2399/1429 3281/268/1430 3279/269/1429 3280/2398/1430
f 2204/2386/58 2207/2389/58 2205/2388/58 2206/2387/58
f 2243/1505/1981 2242/1504/1981 2248/2415/1981 2247/2416/1981
f 3164/2419/1982 3165/2418/1982 3161/2417/1982 3158/2414/1982
f 2343/2389/1613 2342/2388/1613 2340/457/1613 2337/454/1613
f 3165/2476/1429 3116/2533/1429 3118/2532/1429 3140/2424/1429
f 3165/2476/1429 3140/2424/1429 3166/2426/1429 3161/2450/1429
f 3284/2424/296 3310/2426/296 3278/2425/296
f 3311/2451/296 3310/2426/296 3307/2449/296
f 3310/2426/296 3304/2450/296 3307/2449/296
f 3303/2446/296 3307/2449/296 3304/2450/296
f 3303/2446/296 3301/2447/296 3307/2449/296
f 3303/2446/296 3299/2448/296 3301/2447/296
f 3152/2441/1429 3155/2448/1429 3157/2447/1429 3148/2437/1429
f 3296/2441/296 3289/2440/296 3292/2437/296
f 3291/2439/296 3292/2437/296 3289/2440/296
f 3291/2439/296 3295/2438/296 3292/2437/296
f 3270/2429/296 3269/2428/296 3265/2427/296
f 3270/2429/296 3265/2427/296 3267/2430/296
f 3273/2431/296 3270/2429/296 3267/2430/296
f 2253/2476/1613 2204/2533/1613 2206/2532/1613 2228/2424/1613
f 3281/2434/296 3277/2433/296 3275/2432/296
f 3282/2435/296 3277/2433/296 3281/2434/296
f 3282/2435/296 3281/2434/296 3278/2425/296
f 3310/2426/296 3282/2435/296 3278/2425/296
f 3286/2436/296 3282/2435/296 3310/2426/296
f 3312/877/24 2916/878/24 2913/2848/24
f 1597/1015/1232 1607/1031/1232 1606/1030/1334 1595/1014/1334
f 4222/2366/44 4237/2365/44 4236/2118/44 4221/824/44
f 2920/2466/24 2917/1892/24 3312/877/24
f 2042/2801/394 2117/2470/394 2116/2243/44 2041/2747/44
f 4378/3051/399 4379/3052/399 4377/3053/1983 4376/3054/1983
f 2252/2420/360 2229/2423/360 2201/2422/360 2203/2421/360
f 3193/2477/1614 3141/2423/1614 3164/2420/1614 3158/2484/1614
f 3285/2423/153 3280/2478/153 3315/2477/153
f 3268/2444/153 3266/2487/153 3271/2486/153
f 3268/2444/153 3264/2488/153 3266/2487/153
f 3268/2444/153 3272/2445/153 3264/2488/153
f 3296/2441/296 3292/2437/296 3301/2447/296 3299/2448/296
f 3276/2443/153 3279/2489/153 3274/2442/153
f 3283/2490/153 3279/2489/153 3276/2443/153
f 3283/2490/153 3280/2478/153 3279/2489/153
f 3283/2490/153 3315/2477/153 3280/2478/153
f 3315/2477/153 3283/2490/153 3287/2491/153
f 3315/2477/153 3316/2485/153 3306/2483/153
f 3306/2483/153 3302/2484/153 3315/2477/153
f 3306/2483/153 3305/2482/153 3302/2484/153
f 3306/2483/153 3300/224/153 3305/2482/153
f 3300/224/153 3298/227/153 3305/2482/153
f 2390/2476/1609 2365/2424/1609 2344/2532/1609 2341/2533/1609
f 3294/225/153 3290/2481/153 3297/226/153
f 3294/225/153 3288/2479/153 3290/2481/153
f 3294/225/153 3293/2480/153 3288/2479/153
f 4378/3051/399 4381/2711/1153 4380/2710/1153 4379/3052/399
f 4382/1165/1394 4383/1162/1394 4380/2710/1153 4381/2711/1153
f 2928/1313/44 2930/2868/44 2934/2867/44 2939/1316/44
f 3317/876/12 3312/877/12 2917/1892/12 2919/1891/12
f 680/2410/1984 681/2411/1984 679/2412/1985 678/2413/1985
f 2315/813/1860 2316/814/1861 2314/2520/1986 2313/2517/1987
f 3876/2517/1962 3875/2518/297 3887/2519/1747 3886/2520/1715
f 2463/489/140 2473/488/140 2472/2522/1753 2462/2521/1753
f 2424/2521/1713 2426/282/1966 2425/283/1966 2423/2522/1713
f 2427/281/1690 2428/284/1690 2425/283/1966 2426/282/1966
f 3336/813/7 3337/814/10 3335/2520/1717 3334/2517/1716
f 2533/2518/1613 2532/2515/1656 2546/2516/1657 2545/2519/1654
f 3221/489/153 3223/2521/1988 3222/2522/1989 3220/488/153
f 3198/2505/1682 3199/277/1663 3196/280/1664 3197/2506/1683
f 3073/480/4 3000/481/1990 2999/3055/2 3072/3056/2
f 2065/2207/935 2142/2206/935 2128/1665/24 2063/1664/24
f 348/3057/58 349/1747/58 346/1750/58 347/3058/58
f 6273/1620/12 6221/1295/12 6220/2554/12 6242/1621/12
f 4479/92/44 4480/3013/44 4442/1875/44 4473/1484/44
f 2448/2745/11 2450/2569/11 2449/1982/11 2447/1981/11
f 3350/1982/24 3351/2569/24 3352/2570/24
f 2918/3024/44 3317/1543/44 2919/3025/44
f 3313/3059/24 2931/2467/24 2920/2466/24 3312/877/24
f 3312/877/24 2913/2848/24 2925/2854/24 3313/3059/24
f 2915/1541/44 2914/3026/44 3317/1543/44
f 5768/3060/1991 5772/3061/1992 5767/3062/1993 5757/3063/1994
f 6261/528/935 6264/533/24 6263/534/24 6262/527/935
f 6464/1660/24 6465/1659/379 6444/1662/379 6463/1661/24
f 3756/1498/1164 3759/1254/393 3758/1257/393 3757/641/1164
f 1380/857/1995 1525/850/1995 1527/854/577 1379/856/577
f 2642/1150/396 2645/412/397 2644/415/397 2643/1132/396
f 3339/1600/44 3341/2589/44 3361/2590/44
f 2589/2566/11 2580/2567/11 2578/2568/11 2646/414/11
f 3406/1605/44 3404/1646/44 4240/2803/44 4239/2923/44
f 2489/2564/42 2483/1632/42 2480/1631/42 2488/2591/42
f 2490/2562/42 2485/2563/42 2483/1632/42 2489/2564/42
f 6565/1188/938 6568/1185/938 6566/1186/938 6567/1187/938
f 3073/480/4 3074/483/1896 3001/482/1896 3000/481/1990
f 2945/2973/354 2947/2976/1900 2946/2977/1901 2944/2972/353
f 2947/2976/1900 2949/2979/12 2948/2978/12 2946/2977/1901
f 2965/2976/1996 2967/2979/12 2966/2978/12 2964/2977/1898
f 3074/483/1896 3075/2975/1997 3002/2974/1997 3001/482/1896
f 142/142/81 185/804/552 184/797/545 146/181/118
f 2958/4/1931 2961/7/1998 2959/6/1999 2960/5/1931
f 3447/2650/1807 3448/383/1807 3446/382/15 3445/2698/15
f 2494/2127/1559 2496/56/1802 2495/59/1802 2492/2128/1559
f 2496/56/1802 2498/57/2000 2497/58/2000 2495/59/1802
f 3361/2600/2001 3373/57/1738 3362/2601/1737
f 2849/2907/1876 2850/2775/1821 2722/574/1821 2723/894/1876
f 2610/593/2002 2611/3064/2002 2608/2675/1777 2609/2674/1777
f 3342/3065/1882 3368/3066/1882 3367/2128/1828 3345/2781/1828
f 661/739/58 662/742/58 659/727/58 660/726/58
f 1839/1835/58 1942/1853/58 1941/719/58 1841/718/58
f 2500/2618/11 2501/3067/11 2481/1634/11 2482/1633/11
f 6546/708/12 6531/523/12 6534/580/12 6545/1703/12
f 3499/3068/44 3500/2595/44 3512/2594/44 3511/1591/44
f 4102/415/24 4078/2796/24 4075/1133/24 4101/1132/24
f 2499/2617/11 2500/2618/11 2482/1633/11 2484/2587/11
f 6259/525/12 6256/420/12 6203/2007/12 6201/84/12
f 2488/2591/42 2480/1631/42 2479/2592/42 2487/2593/42
f 3340/1601/24 3353/2614/24 3377/2615/24
f 3340/1601/24 3377/2615/24 3338/2616/24
f 6221/1295/938 6222/1296/938 6219/2555/11 6220/2554/11
f 3686/3069/2003 3685/507/2003 3668/508/2003 3667/3070/2003
f 2500/2618/410 2506/1726/410 2505/1727/409 2501/3067/409
f 6347/770/2004 6352/2625/2004 6351/2626/2004 6348/771/2004
f 2031/28/58 2038/760/58 2037/1873/58 2032/1872/58
f 6290/2023/12 6337/2022/12 6291/1975/12 6292/1974/12
f 1923/720/58 1925/1935/58 1924/1487/58 1922/717/58
f 1872/1488/12 1873/1746/12 1871/748/12 1870/747/12
f 6295/2008/12 6296/2011/12 6294/1973/12 6293/1972/12
f 1760/3071/58 1763/1201/58 1762/1229/58 1761/1910/58
f 3351/2633/11 3372/58/11 3383/2634/11
f 279/2621/1805 72/2622/1805 68/2619/67 273/2620/67
f 3384/2635/11 3373/57/11 3361/2636/11
f 3398/2642/42 4316/896/42 4081/2643/42 4150/2644/42
f 2559/2638/24 2912/897/24 2911/896/24 2571/2642/24
f 2504/2641/44 2451/3072/44 2450/3073/44 2557/2634/44
f 2717/1566/11 2683/1987/11 2682/1988/11 2719/1989/11
f 1838/1719/12 1840/750/12 1902/749/12 1903/1720/12
f 6261/528/12 6259/525/12 6201/84/12 6200/80/12
f 3042/1271/12 3041/1272/12 3019/1964/12 3017/2006/12
f 1967/3074/12 1970/3075/12 1968/2003/12 1965/2005/12
f 1760/3071/58 1761/1910/58 1758/1229/58 1759/1201/58
f 2504/3076/58 2552/1983/58 2449/1982/58 2451/3077/58
f 2571/2659/58 2591/2660/58 2589/2566/58 2590/2661/58
f 5918/3054/2005 5919/3053/2005 5917/3078/2006 5914/3079/2006
f 77/538/1155 284/537/1155 283/2794/2007 76/2793/2007
f 76/2793/2007 283/2794/2007 281/124/292 74/123/292
f 1490/830/58 1489/836/383 1505/837/383 1504/829/58
f 654/2094/58 7369/3080/58 7368/3081/58 651/2755/58
f 3066/729/58 3064/730/58 2982/731/58 2983/732/58
f 3068/737/58 3066/729/58 2983/732/58 2985/738/58
f 2667/1139/42 2638/94/42 2637/3082/42 2666/2208/42
f 3070/729/58 2987/732/58 2989/731/58 3061/730/58
f 3374/2617/24 3375/2618/24 3357/1633/24 3359/2587/24
f 6130/2678/1420 6132/3083/1835 6131/3084/1835 6129/2679/1420
f 1497/1172/12 1496/831/578 1511/832/578 1510/1503/12
f 2586/1646/397 2588/1605/1608 2587/1608/1608 2585/1647/397
f 1487/1362/12 1474/1342/12 1475/1266/930 1488/1263/930
f 6490/1704/12 6491/564/12 6489/563/12 6488/1870/12
f 2691/2100/42 2692/1705/42 2714/1438/42 2716/1567/42
f 2054/1493/58 2055/2276/58 2051/2197/58 2053/2799/58
f 1826/1835/58 1824/718/58 1937/719/58 1938/1853/58
f 2627/1709/11 2614/3085/11 2441/2759/11 2443/2264/11
f 3527/1437/24 3496/2766/24 3495/1987/24 3529/1566/24
f 2713/1436/11 2711/2104/11 2674/2103/11 2673/511/11
f 3052/1276/58 3054/1277/58 2993/3028/58 3003/1751/58
f 6492/1703/12 6493/580/12 6491/564/12 6490/1704/12
f 2034/3086/58 2036/2272/58 2049/2143/58 2048/2788/58
f 2028/2628/58 2027/2138/58 2042/2801/58 2041/2747/58
f 1728/1210/58 1731/1209/58 1730/1525/58 1729/1896/58
f 2618/1709/11 2598/1712/11 2601/1706/11 2640/96/11
f 3379/3076/58 3385/1983/58 3350/1982/58 3352/3077/58
f 4818/204/137 4821/3087/2005 4820/3088/2005 4819/207/137
f 2683/1987/1284 2667/1139/1284 2666/2208/1488 2682/1988/1488
f 7268/3089/42 7269/3090/42 7266/1581/1288 7267/1580/1288
f 2653/2770/1323 2593/2670/1323 2573/2669/1414 2652/2767/1414
f 6960/123/1810 6962/2793/1814 7057/2794/1814 7056/124/1811
f 6124/1888/1393 6126/2406/378 6125/2409/378 6123/1889/1393
f 3401/3091/402 3519/2808/1170 3518/1946/1170 3399/2729/402
f 51/40/2008 40/41/2009 42/42/2009 50/43/2008
f 6289/417/30 6258/418/30 6287/1623/29 6288/1620/29
f 6180/2555/42 6209/2554/42 6178/1295/390 6179/1296/390
f 6530/521/379 6532/522/2 6531/523/2 6529/524/379
f 2679/1722/966 2680/1723/1293 2664/1926/1293 2663/1925/966
f 7193/3017/391 5993/3016/391 5994/3045/1175 7192/3046/1175
f 3058/7/585 2996/6/584 2997/2972/2010 3059/2973/1906
f 3059/2973/1906 2997/2972/2010 2998/2977/1899 3060/2976/1899
f 2950/2975/1898 2951/2974/1898 2948/2978/12 2949/2979/12
f 3097/2976/1916 3033/2977/1916 3022/2978/12 3087/2979/12
f 3094/483/1906 3095/2975/1899 3035/2974/1915 3034/482/1907
f 2961/7/1998 2963/2973/1897 2962/2972/1897 2959/6/1999
f 407/827/971 408/828/971 406/829/58 405/830/58
f 2507/3092/42 2661/1925/42 2626/1371/42 2556/2265/42
f 7292/1626/58 7295/1861/58 7294/1860/58 7293/1959/58
f 346/1750/58 7351/1749/58 7366/2805/58 345/2804/58
f 654/2094/58 655/2093/58 7370/3093/58 7369/3080/58
f 2044/2108/58 2047/2598/58 2045/2129/58 2046/2109/58
f 2691/2100/42 2716/1567/42 2718/1143/42 2690/3094/42
f 2636/3095/11 2604/3096/11 2606/1707/11 2634/97/11
f 2564/568/42 2642/1150/42 2625/2795/42 2565/2665/42
f 1731/1209/58 1733/1994/58 1732/1526/58 1730/1525/58
f 657/725/58 658/728/58 655/2093/58 656/2092/58
f 2671/2087/42 2621/2090/42 2619/1137/42 2670/1136/42
f 3413/2983/24 3414/3097/24 3412/2722/24 3411/2721/24
f 2620/2283/11 2595/2760/11 2596/1711/11 2617/1710/11
f 6954/8/2011 6956/9/1813 6955/10/1813 6953/11/2011
f 1045/1624/930 1022/1513/12 1024/1514/12 1044/1625/930
f 2675/2102/1559 2676/3098/1560 2672/2088/1560 2671/2087/1559
f 2649/2709/397 2650/575/396 2613/578/396 2610/593/397
f 3495/1987/49 3496/2766/50 3474/1708/50 3472/1139/49
f 6476/2666/25 6477/2667/25 6475/2209/24 6474/2212/24
f 4384/1164/1392 4385/1163/1392 4383/1162/1394 4382/1165/1394
f 7229/1367/962 7230/3099/24 6106/1405/24 6104/1368/962
f 894/1602/1331 893/1252/43 879/940/43 880/1409/1331
f 83/2793/1834 84/538/386 291/537/386 290/2794/1834
f 6436/515/1384 6437/549/44 6414/552/44 6415/518/1384
f 2008/3100/11 2034/3086/11 2048/2788/29 2009/2787/29
f 7297/2209/291 7309/2212/291 7308/2666/583 7294/2667/583
f 3451/587/1825 3449/590/1771 3505/2652/1771 3504/2777/1825
f 3369/2127/2012 3364/3101/2012 3363/2602/1736 3371/56/1736
f 2649/2709/2013 2687/2773/2013 2686/2701/1796 2650/575/1796
f 2649/2709/2013 2648/2708/2014 2688/3102/2014 2687/2773/2013
f 2660/2655/1773 2689/2654/1773 2688/3102/2014 2648/2708/2014
f 2658/2655/2015 2657/587/2016 2692/2777/2016 2691/2778/2015
f 2658/2655/2015 2691/2778/2015 2690/2653/1772 2659/541/1772
f 3456/541/2017 3502/3103/2017 3501/2771/1817 3458/542/1817
f 3434/399/1792 3421/2696/1792 3424/2684/1783 3435/2683/1783
f 2657/587/2016 2656/3104/2018 2693/3105/2018 2692/2777/2016
f 2441/3065/2019 2493/3066/2019 2492/2128/2020 2444/2781/2020
f 4240/2775/1879 4241/2685/1784 4199/571/1784 4197/574/1880
f 2597/592/2021 2599/2606/1740 2598/2605/1740 2596/3106/2021
f 2616/1138/1695 2619/1137/1802 2617/1710/1802 2618/1709/1695
f 3516/2809/31 3517/3107/31 3515/1590/32 3514/1589/32
f 6548/400/935 7288/401/935 7290/402/24 6519/403/24
f 1568/1602/1300 1567/1252/14 1552/940/14 1553/1409/1300
f 6499/400/17 7336/401/17 7304/402/1014 6501/403/1014
f 3523/1431/33 3525/1436/375 3524/1439/375 3522/1432/33
f 6148/3108/1585 6149/1440/976 6096/1441/976 6098/3109/1585
f 276/406/1814 69/405/1814 70/3110/386 277/3111/386
f 1217/1506/1168 1203/946/1168 1202/948/1294 1216/1249/1294
f 2872/20/13 2875/23/14 2874/22/14 2873/21/13
f 2717/1566/1284 2719/1989/1488 2718/1143/1488 2716/1567/1284
f 364/307/219 367/435/312 366/772/521 365/308/220
f 2721/1586/1416 2698/1585/1293 2700/1588/1293 2720/1587/1416
f 3641/3112/2022 3644/3113/2023 3643/3114/2023 3642/3115/2022
f 3548/3112/2024 3653/3115/2024 3651/3114/2025 3652/3113/2025
f 3638/3116/2026 3640/3117/2027 3639/3118/2027 3547/3119/2026
f 3545/3120/2028 3546/3121/2028 3543/3119/2029 3544/3116/2029
f 3650/3122/2030 3652/3113/2025 3651/3114/2025 3649/3123/2030
f 3535/3122/2031 3538/3113/2032 3537/3114/2032 3536/3123/2031
f 3553/3120/2033 3556/3116/2034 3555/3119/2034 3554/3121/2033
f 3559/3112/2035 3560/3115/2035 3557/3118/2036 3558/3117/2036
f 3542/3117/2037 3544/3116/2029 3543/3119/2029 3541/3118/2037
f 3540/3112/2038 3542/3117/2037 3541/3118/2037 3539/3115/2038
f 3550/3118/2039 3653/3115/2024 3548/3112/2024 3549/3117/2039
f 3647/3124/2040 3648/3125/2040 3646/3123/2041 3645/3122/2041
f 3641/3112/2022 3642/3115/2022 3639/3118/2027 3640/3117/2027
f 6101/1369/12 6104/1368/12 6103/1539/12 6102/2895/12
f 3534/3124/2042 3565/3125/2042 3564/3123/2043 3563/3122/2043
f 3549/3117/2039 3552/3116/2044 3551/3119/2044 3550/3118/2039
f 2490/2925/42 2685/1734/42 2705/1733/42 2485/1588/42
f 1748/1927/58 1751/1739/58 1750/1656/58 1749/1655/58
f 3472/1139/44 3473/94/44 3470/1137/44 3471/2733/44
f 1744/48/58 1745/1157/58 1742/1890/58 1743/49/58
f 3404/1646/44 3402/1645/44 4241/2107/44 4240/2803/44
f 2690/3094/42 2718/1143/42 2720/1587/42 2689/2924/42
f 3429/97/24 3430/1707/24 3428/3096/24 3427/2712/24
f 338/2114/58 341/1936/58 7364/1939/58 7363/3126/58
f 2692/1705/42 2693/710/42 2712/2523/42 2714/1438/42
f 1990/2045/12 1992/2064/12 1991/3127/12 1989/3128/12
f 2687/2924/42 2699/1587/42 2703/1732/42 2686/1731/42
f 1828/1730/58 1826/1835/58 1938/1853/58 1947/1729/58
f 3417/55/24 3420/54/24 3419/3129/24 3418/1865/24
f 3465/2736/44 3467/1596/44 3466/2764/44 3464/2753/44
f 2665/1925/42 2666/2208/42 2637/3082/42 2635/1371/42
f 3427/2712/24 3428/3096/24 3426/3130/24 3425/2765/24
f 2707/2561/11 2583/1566/11 2563/1987/11 2676/3098/11
f 1920/719/58 1921/718/58 1919/1835/58 1918/1853/58
f 1997/2059/12 1998/3043/12 1995/3041/12 1996/2055/12
f 2701/1586/11 2679/1722/11 2678/2811/11 2702/1924/11
f 651/2755/58 7368/3081/58 7367/756/58 650/755/58
f 1740/1221/58 1743/49/58 1742/1890/58 1741/1862/58
f 2668/1708/42 2641/95/42 2638/94/42 2667/1139/42
f 3055/714/12 2994/715/12 2995/1141/12 3057/1140/12
f 2715/1437/11 2684/2766/11 2683/1987/11 2717/1566/11
f 6301/736/12 6302/735/12 6299/3131/12 6300/3132/12
f 6147/3133/583 6100/2896/583 6102/2895/395 6146/3134/395
f 3571/3135/24 3573/3136/306 3572/3137/306 3570/3138/24
f 3573/3136/306 3575/3139/2 3574/3140/2 3572/3137/306
f 3575/3139/2 3577/3141/1330 3576/3142/1330 3574/3140/2
f 3577/3141/1330 3579/3143/11 3578/3144/11 3576/3142/1330
f 3579/3143/11 3581/3145/1158 3580/3146/1158 3578/3144/11
f 1055/1357/42 1057/1353/1007 1056/1331/1007 1054/1335/42
f 3583/1476/17 3585/3147/2045 3584/3148/2045 3582/1477/17
f 3585/3147/2045 3587/3149/44 3586/3150/44 3584/3148/2045
f 3587/3149/44 3589/3151/2046 3588/3152/2046 3586/3150/44
f 4962/1635/2047 4963/1636/2048 4968/1637/2049 4960/1638/2047
f 7270/3153/2050 7273/2844/300 7272/2845/300 7271/3154/2050
f 7263/3155/2046 7265/1579/583 7264/1582/583 7262/3156/2046
f 1839/1835/2 1841/718/30 1840/750/30 1838/1719/2
f 6962/2793/1814 6963/538/386 7058/537/386 7057/2794/1814
f 6286/1621/11 6288/1620/29 6287/1623/29 6285/1622/11
f 3598/3157/2051 3599/2/2051 3600/3/2051
f 3598/3157/2051 3601/3158/2051 3599/2/2052
f 690/860/956 865/849/956 867/850/1405 688/857/1405
f 3625/77/46 3627/35/23 3626/32/21 3624/78/46
f 688/857/1405 867/850/1405 869/854/573 687/856/573
f 4442/1875/16 4445/1384/1008 4443/1387/1008 4444/1876/16
f 6472/2211/935 6473/2210/935 6470/2742/379 6471/2741/379
f 4507/503/378 4506/506/378 4495/505/378 4494/504/378
f 4447/1385/15 4449/2278/1554 4448/2279/1554 4446/1386/15
f 4497/3159/45 4441/479/45 4438/476/45 4486/3160/45
f 3620/76/45 3621/3161/2053 3622/3162/2053
f 3620/76/45 3623/79/45 3621/3161/2053
f 6628/1490/1015 6629/1489/1015 6627/570/32 6626/569/32
f 3617/650/895 3619/2085/2054 3618/2084/2054 3616/2086/895
f 4499/510/907 4498/1220/907 4485/648/907 4484/509/907
f 4502/3011/399 4501/3069/399 4482/3070/399 4481/3012/399
f 1104/17/12 1107/18/12 1105/1166/11 1106/1167/11
f 4449/2278/1554 4451/649/1553 4450/2277/1553 4448/2279/1554
f 7223/1318/379 7224/1317/24 7209/1320/24 7208/1319/379
f 4510/392/287 4509/395/287 4492/394/287 4491/393/287
f 3556/3116/2034 3558/3117/2036 3557/3118/2036 3555/3119/2034
f 3645/3122/2041 3646/3123/2041 3643/3114/2023 3644/3113/2023
f 3561/3113/2055 3562/3114/2055 3560/3115/2035 3559/3112/2035
f 3647/3124/2040 3650/3122/2030 3649/3123/2030 3648/3125/2040
f 3563/3122/2043 3564/3123/2043 3562/3114/2055 3561/3113/2055
f 3553/3120/2033 3554/3121/2033 3551/3119/2044 3552/3116/2044
f 3536/3123/2031 3565/3125/2042 3534/3124/2042 3535/3122/2031
f 3538/3113/2032 3540/3112/2038 3539/3115/2038 3537/3114/2032
f 2940/4/1841 2943/7/1909 2941/6/1910 2942/5/1841
f 1110/1312/58 1111/1311/58 1109/19/42 1108/16/42
f 2862/2842/42 6992/2843/42 6991/1380/970 2861/1381/970
f 2858/1378/969 6990/1379/969 6989/1465/1379 2856/1464/1379
f 2860/1381/1381 6984/1380/1381 6992/2843/42 2862/2842/42
f 4197/574/400 4077/573/400 4080/895/2056 4198/894/2056
f 3878/813/1714 3885/814/1714 3884/815/582 3880/816/582
f 3102/1181/11 3660/1182/11 3659/1183/1380 3103/1184/1380
f 4065/1386/378 4066/1385/378 4064/1384/973 4063/1387/973
f 3107/1378/969 3105/1464/1379 3658/1465/1379 3657/1379/969
f 4087/393/44 4088/261/44 4044/76/44 4048/77/44
f 4480/3013/44 4481/3012/44 4445/1384/44 4442/1875/44
f 4481/3012/44 4482/3070/44 4447/1385/44 4445/1384/44
f 4082/91/44 4083/505/44 4056/1489/44 4058/1485/44
f 4086/394/44 4087/393/44 4048/77/44 4050/35/44
f 4485/648/44 4453/650/44 4451/649/44 4484/509/44
f 4486/3160/44 4455/2085/44 4453/650/44 4485/648/44
f 6612/476/24 6658/3160/24 6647/2085/24 6615/3163/24
f 3672/3164/24 3673/3165/24 3622/3162/24
f 3674/260/24 3622/3162/24 3673/3165/24
f 3674/260/24 3620/76/24 3622/3162/24
f 3674/260/24 3675/261/24 3620/76/24
f 4491/393/44 4461/77/44 4456/76/44 4490/261/44
f 4492/394/44 4463/35/44 4461/77/44 4491/393/44
f 3665/3013/24 3666/3012/24 3609/1384/24 3606/1875/24
f 4493/1897/44 4494/504/44 4467/570/44 4464/34/44
f 4495/505/44 4469/1489/44 4467/570/44 4494/504/44
f 6665/92/24 6633/1484/24 6635/1875/24 6664/3013/24
f 4493/1897/44 4464/34/44 4463/35/44 4492/394/44
f 3619/2085/2054 3604/3163/2057 3603/3166/2058 3618/2084/2054
f 4453/650/1395 4455/2085/504 4454/2084/2059 4452/2086/1395
f 3685/507/374 3684/510/374 3669/509/1174 3668/508/374
f 3687/3011/137 3686/3069/137 3667/3070/137 3666/3012/2060
f 7249/3167/24 6157/3168/24 6156/3169/377 7248/3170/377
f 6640/2279/1554 6641/2278/1554 6639/1385/15 6638/1386/15
f 3068/737/44 3070/729/47 3069/1272/47 3067/1271/44
f 2553/1980/1654 2554/1382/972 2445/1383/972 2447/1981/1654
f 2020/3171/42 2050/3172/42 2068/2123/1421 2021/3173/1421
f 4503/3010/1153 4502/3011/1153 4481/3012/1153 4480/3013/1153
f 4504/93/1415 4503/3010/1415 4480/3013/1415 4479/92/1415
f 3695/392/2061 3694/395/2061 3677/394/2061 3676/393/2061
f 3051/1274/11 3053/713/938 3052/1276/938 3050/1275/11
f 3702/2997/2062 3704/2192/2062 3703/3174/2062 3599/3175/2062
f 2058/1160/905 2060/1663/25 2130/1666/25 2131/2262/905
f 4512/259/2063 4511/262/2063 4490/261/2063 4489/260/2063
f 3698/699/24 3674/3176/24 3673/3177/24
f 3698/699/24 3699/700/24 3674/3176/24
f 4125/700/2064 4089/2525/2065 4123/2524/1459 4126/697/1459
f 4513/699/2054 4516/698/2054 4515/697/2054 4514/700/2054
f 3761/1255/137 3763/1470/1567 3762/596/1567 3760/1256/137
f 4153/3178/1 4156/3179/1 4154/375/1 4155/3180/1
f 4522/3181/2066 4524/3182/2066 4525/3183/2067 4526/3184/2068
f 4527/3185/2069 4530/664/2069 4528/3186/2069 4529/3187/2069
f 3718/3188/2070 3720/3189/2071 3719/3190/2072 3715/3191/2070
f 4533/3192/2073 4534/3188/2074 4531/3191/2074 4532/3193/2073
f 4175/3194/2075 4176/3195/2076 4173/3196/2076 4174/3197/2077
f 4536/3189/2078 4529/3198/2079 4528/3186/2079 4535/3190/2080
f 4183/3199/2081 4184/3200/2081 4181/3201/2082 4182/3202/2082
f 4543/3203/2083 4544/3204/2083 4542/3205/2084 4541/3206/2084
f 4545/3201/2085 4546/3202/2085 4544/3204/2083 4543/3203/2083
f 4178/3205/2086 4180/3204/2087 4179/3203/2088 4177/3206/2086
f 4548/3200/2089 4550/3207/2090 4549/3208/2090 4547/3199/2089
f 4551/3209/2091 4552/3210/2091 4549/3208/2090 4550/3207/2090
f 4553/3211/2092 4554/3212/2092 4552/3210/2091 4551/3209/2091
f 4533/3192/2073 4532/3193/2073 4554/3212/2092 4553/3211/2092
f 4529/3213/2093 4536/3214/2094 4555/3215/2095 4527/3216/2093
f 4536/3214/2094 4534/3217/2096 4556/3218/2096 4555/3215/2095
f 4539/3219/2097 4612/3220/2098 4610/3221/2099 4541/3222/2100
f 4934/3222/2101 4935/3223/2102 4927/3224/2103 4933/3221/2104
f 4179/3223/2105 4181/3225/2106 4365/3226/2107 4366/3224/2108
f 4187/3227/2109 4169/3228/2109 4158/1461/1129 4186/1460/1129
f 5467/3229/2110 5468/3230/2110 5465/3231/2111 5466/3232/2111
f 2017/3233/1440 2066/2111/379 2064/2802/935 2016/3234/1449
f 2986/3000/24 2988/1267/25 2987/1270/25 2985/3001/24
f 4220/823/1807 4223/3235/2112 4222/2366/2112 4221/824/1807
f 4884/3186/2113 6749/3198/2113 6982/3189/2114 4887/3190/2115
f 6023/1414/2116 6021/942/42 6048/1930/42 6047/1929/2116
f 4156/374/274 4201/373/1163 4200/372/1165 4154/375/274
f 7032/1424/14 7033/2529/13 5556/2530/13 5557/1425/14
f 7315/2741/20 7333/2742/20 7335/548/47 7314/547/47
f 526/1506/1328 512/946/1328 511/948/925 525/1249/925
f 4464/34/393 4465/33/393 4462/32/1164 4463/35/1164
f 3767/1247/924 3769/3050/1977 3768/3049/1977 3766/1248/924
f 1137/885/383 1138/1610/383 1136/1609/58 1135/924/58
f 4579/3049/1393 4581/1248/48 4580/1247/48 4578/3050/1393
f 3637/1484/1171 3606/1875/402 3608/1876/402 3636/1483/1171
f 2766/1532/1846 2767/2826/1846 2764/2835/1854 2765/1531/1854
f 4593/2119/44 4594/2118/44 4572/824/44 4574/825/44
f 7005/1169/24 4800/2194/24 6589/2118/24 7004/824/24
f 2938/1315/44 2926/1542/44 2915/1541/44 3317/1543/44
f 4595/2194/44 4518/2193/44 4520/2192/44 4571/1169/44
f 4365/3226/2107 4155/1509/2117 4226/3236/2118 4357/1038/2119
f 4202/1498/44 4227/3237/44 4226/2995/44 4200/372/44
f 3775/3237/24 3759/1254/24 3756/1498/24
f 3775/3237/24 3776/2904/24 3759/1254/24
f 4205/1254/44 4207/1255/44 4229/3238/44 4228/2904/44
f 4601/3239/44 4584/1470/44 4561/1255/44 4600/3238/44
f 7001/3050/24 6579/3240/24 6578/3241/24 7000/1247/24
f 4602/3242/44 4603/3241/44 4580/1247/44 4582/1246/44
f 5369/3243/2120 5368/3244/2121 5186/788/2121 5187/787/2122
f 4591/3240/44 4592/2700/44 4576/1841/44 4578/3050/44
f 3782/2534/1614 3783/2509/1614 3784/2507/1614
f 3782/2535/1614 3784/2507/1614 3785/452/1614
f 3782/2536/1614 3786/60/193 3783/2509/1614
f 3782/2537/1614 3785/452/1614 3787/12/1614
f 3782/2538/1614 3788/61/1614 3786/60/193
f 3782/2539/1614 3787/12/1614 3789/13/1614
f 3782/2540/1614 3790/2511/193 3788/61/1614
f 3782/2541/1614 3791/278/1614 3790/2511/193
f 3782/2542/1614 3792/277/1614 3791/278/1614
f 3782/2543/1614 3789/2505/1614 3792/277/1614
f 3793/2510/1429 3794/2544/1429 3795/2508/1429
f 3795/2508/1429 3794/2545/1429 3796/453/1429
f 3797/63/1429 3794/2546/1429 3793/2510/1429
f 3796/453/1429 3794/2547/1429 3798/15/1429
f 3799/62/1429 3794/2548/1429 3797/63/1429
f 3798/15/1429 3794/2549/1429 3800/14/1429
f 3801/2512/1429 3794/2550/1429 3799/62/1429
f 3802/279/1429 3794/2551/1429 3801/2512/1429
f 3803/280/1429 3794/2552/1429 3802/279/1429
f 3800/2506/1429 3794/2553/1429 3803/280/1429
f 1089/1172/12 1090/1503/12 1088/832/578 1087/831/578
f 3320/2513/9 3321/486/2123 3318/487/192 3319/2514/8
f 2456/2518/1608 2455/2515/1685 2469/2516/1686 2468/2519/1608
f 3982/277/1691 3993/280/1707 3992/279/1614 3981/278/193
f 3880/2513/582 3884/2514/582 3893/487/1973 3883/486/1972
f 4924/633/2124 4926/1507/504 4945/1510/504 4944/3236/2125
f 2401/2511/1753 2412/2512/1753 2410/62/36 2399/61/36
f 2331/2507/1654 2332/2508/1705 2330/2510/1694 2329/2509/1694
f 2293/452/1987 2294/453/2126 2292/2508/1608 2291/2507/1609
f 3223/2521/1988 3225/282/582 3224/283/581 3222/2522/1989
f 3114/457/44 3118/2556/44 3117/2388/44
f 2202/457/42 2229/2401/42 2228/2400/42 2206/2556/42
f 3114/457/44 3113/2557/44 3141/2401/44
f 4766/3245/2127 4916/3246/2127 4923/3247/2127 4768/3248/2127
f 3804/635/2128 3808/3249/2129 3807/1036/2129
f 3809/3221/2130 3810/3226/2131 3811/3224/2132
f 3809/3221/2130 3812/1038/730 3810/3226/2131
f 3809/3221/2130 3805/1039/731 3812/1038/730
f 4356/1036/2133 4363/1039/2134 4357/1038/2119 4228/1037/2135
f 3812/1038/730 3776/1037/2136 3775/3250/2136
f 3812/1038/730 3775/3250/2136 3774/3236/2137
f 5671/3251/2138 5669/3252/2139 5667/3253/2140 5670/3254/2141
f 3810/3226/2131 3707/1509/2142 3706/1508/2143
f 4519/3245/2144 4650/3255/2144 4651/3256/2145 4671/3248/2145
f 4613/3226/2146 4545/3225/2146 4543/3223/2147 4611/3224/2148
f 4541/3222/2100 4610/3221/2099 4611/3224/2148 4543/3223/2147
f 4933/3221/2104 4940/3220/2149 4941/3219/2150 4934/3222/2101
f 3809/3221/2130 3813/3220/2151 3805/1039/731
f 235/617/439 327/616/438 309/657/477 237/656/476
f 4367/3220/2152 4368/3257/2153 4174/3258/2153 4173/3219/2154
f 7174/3259/2155 6568/3260/2156 6565/1188/2156 6574/2475/2155
f 4264/3261/2157 4267/3262/2102 4266/3263/2102 4265/3264/2157
f 4792/3265/2158 4795/3266/2159 4794/3267/2160 4793/3268/2161
f 4623/3267/2162 4626/1538/2163 4625/1537/2163 4624/3266/2164
f 4627/3269/2165 4630/3270/2165 4628/157/2166 4629/3271/2166
f 4627/3269/2165 4632/3272/2167 4631/3273/2167 4630/3270/2165
f 4788/3261/2106 4789/3264/2106 4786/3274/1130 4787/3275/1130
f 4784/3276/1129 4787/3275/1130 4786/3274/1130 4785/3277/1129
f 4256/3278/2168 4257/3279/2168 4254/3280/2169 4255/3281/2170
f 4784/3276/1129 4785/3277/1129 4782/3282/2109 4783/3283/2109
f 4641/3274/2143 4642/3275/2143 4639/3276/2171 4640/3277/2171
f 4641/3274/2143 4644/3264/2172 4643/3261/2172 4642/3275/2143
f 4619/3263/2173 4621/3262/2173 4643/3261/2172 4644/3264/2172
f 4626/1538/2174 4623/3267/2097 4645/2188/2097 4646/3284/2174
f 4622/3268/2100 4647/3285/2100 4645/2188/2097 4623/3267/2097
f 4622/3268/2100 4619/3263/2147 4648/3286/2147 4647/3285/2100
f 3837/3282/2175 3836/3279/2176 3853/3287/2176 3852/3288/2175
f 4640/3277/2177 4651/3256/2177 4650/3255/2178 4641/3274/2178
f 3819/3263/2179 3844/3264/2172 3849/3289/2172 3848/3286/2179
f 4637/3282/2180 4652/3288/2180 4651/3256/2177 4640/3277/2177
f 4637/3282/2180 4636/3279/2181 4653/3287/2181 4652/3288/2180
f 4636/3279/2181 4633/3280/2182 4654/3290/2182 4653/3287/2181
f 4632/3272/2096 4655/3291/2096 4654/3290/2182 4633/3280/2182
f 3837/3282/2175 3852/3288/2175 3851/3256/2171 3840/3277/2183
f 4797/1538/2184 4756/3284/2184 4755/2188/2150 4794/3267/2150
f 3112/454/24 3164/2419/24 3115/2558/24
f 2200/454/11 2204/2559/11 2253/2418/11 2252/2419/11
f 3112/454/24 3119/2389/24 3116/2559/24
f 5342/156/1171 4248/157/1171 4250/3271/1171 4275/3292/2185
f 4751/156/1161 4753/159/2186 4917/158/2186 4772/157/1161
f 3868/3293/2187 3869/3294/2188 3852/3288/2188 3853/3287/2187
f 4663/3295/2189 4647/3285/2189 4648/3286/2190 4662/3296/2190
f 4763/3297/2191 4765/3298/2192 4764/3255/2193 4762/3289/2191
f 3858/3299/2194 3860/3300/2195 3865/3301/2196 3856/3302/2195
f 3864/2189/2197 3846/3284/2197 3845/2188/2197
f 3858/3299/2194 3856/3302/2195 3857/3303/2194
f 5043/3301/2198 5044/3300/2198 5342/3299/2198 4274/3302/2198
f 4668/3304/2199 4669/3293/2200 4653/3287/2200 4654/3290/2199
f 4668/3304/2199 4654/3290/2199 4655/3291/2201 4667/3305/2201
f 3598/3297/2202 3849/3289/2202 3850/3255/2203 3601/3298/2204
f 4669/3293/2200 4670/3294/2205 4652/3288/2205 4653/3287/2200
f 4649/3289/2206 4673/3297/2206 4662/3296/2190 4648/3286/2190
f 4766/3245/2207 4768/3248/2208 4767/3256/2208 4764/3255/2207
f 3850/3255/2203 3599/3245/2203 3601/3298/2204
f 4673/3297/2206 4649/3289/2206 4650/3255/2144 4672/3298/2209
f 3871/2534/1614 3210/2507/1614 3208/2509/1614
f 3871/2535/1614 3212/452/1614 3210/2507/1614
f 3871/2536/1614 3208/2509/1614 3206/60/1614
f 3871/2537/1614 3214/12/1614 3212/452/1614
f 3871/2538/1614 3206/60/1614 3205/61/1614
f 3871/2539/1614 3198/13/1614 3214/12/1614
f 3871/2540/1614 3205/61/1614 3203/2511/1614
f 3871/2541/1614 3203/2511/1614 3201/278/1614
f 3871/2542/1614 3201/278/1614 3199/277/1614
f 3871/2543/1614 3199/277/1614 3198/2505/1614
f 3209/2510/1429 3211/2508/1429 3872/2544/1429
f 3211/2508/1429 3213/453/1429 3872/2545/1429
f 3207/63/1429 3209/2510/1429 3872/2546/1429
f 3213/453/1429 3215/15/1429 3872/2547/1429
f 3204/62/1429 3207/63/1429 3872/2548/1429
f 3215/15/1429 3197/14/1429 3872/2549/1429
f 3202/2512/1429 3204/62/1429 3872/2550/1429
f 3200/279/1429 3202/2512/1429 3872/2551/1429
f 3196/280/1429 3200/279/1429 3872/2552/1429
f 3197/2506/1429 3196/280/1429 3872/2553/1429
f 3873/2571/193 3874/2515/1614 3875/2518/1614
f 3873/2572/193 3875/2518/1614 3876/2517/1614
f 3873/2573/193 3877/281/193 3874/2515/1614
f 3873/2574/193 3876/2517/1614 3878/813/1614
f 3873/2575/193 3879/282/1614 3877/281/193
f 3873/2576/193 3878/813/1614 3880/816/1614
f 3873/2577/193 3881/2521/1614 3879/282/1614
f 3873/2578/193 3882/489/1614 3881/2521/1614
f 3873/2579/193 3883/486/1614 3882/489/1614
f 3873/2580/193 3880/2513/1614 3883/486/1614
f 2307/281/1759 2308/284/1758 2305/283/1751 2306/282/1669
f 3254/12/7 3255/15/10 3253/453/1716 3252/452/1717
f 2433/2517/1756 2434/2520/1755 2432/2519/1705 2431/2518/1704
f 3784/2507/297 3783/2509/1678 3793/2510/1680 3795/2508/297
f 3973/2509/1703 3976/60/7 3987/63/1383 3983/2510/1677
f 680/2410/1984 674/2503/1963 676/2504/1963 681/2411/1984
f 2309/2515/1726 2310/2516/1725 2308/284/1758 2307/281/1759
f 3321/486/2123 3323/489/1971 3322/488/193 3318/487/192
f 2280/277/1673 2282/278/140 2281/279/1616 2277/280/1674
f 3234/813/1681 3235/814/1684 3233/2520/1666 3232/2517/1665
f 3894/2571/1614 3230/2518/1614 3228/2515/1614
f 3894/2572/1614 3232/2517/1614 3230/2518/1614
f 3894/2573/1614 3228/2515/1614 3226/281/1614
f 3894/2574/1614 3234/813/1614 3232/2517/1614
f 3894/2575/1614 3226/281/1614 3225/282/1614
f 3894/2576/1614 3218/816/1614 3234/813/1614
f 3894/2577/1614 3225/282/1614 3223/2521/1614
f 3894/2578/1614 3223/2521/1614 3221/489/1614
f 3894/2579/1614 3221/489/1614 3219/486/1614
f 3894/2580/1614 3219/486/1614 3218/2513/1614
f 3895/2534/153 3250/2507/153 3248/2509/153
f 3895/2535/153 3252/452/153 3250/2507/153
f 3895/2536/153 3248/2509/153 3246/60/1605
f 3895/2537/153 3254/12/153 3252/452/153
f 3895/2538/153 3246/60/1605 3245/61/153
f 3895/2539/153 3238/13/153 3254/12/153
f 3895/2540/153 3245/61/153 3243/2511/1605
f 3895/2541/153 3243/2511/1605 3241/278/153
f 3895/2542/153 3241/278/153 3239/277/153
f 3895/2543/153 3239/277/153 3238/2505/153
f 3249/2510/296 3251/2508/297 3896/2544/296
f 3251/2508/297 3253/453/297 3896/2545/296
f 3247/63/296 3249/2510/296 3896/2546/296
f 3253/453/297 3255/15/296 3896/2547/296
f 3244/62/296 3247/63/296 3896/2548/296
f 3255/15/296 3237/14/296 3896/2549/296
f 3242/2512/296 3244/62/296 3896/2550/296
f 3240/279/296 3242/2512/296 3896/2551/296
f 3236/280/296 3240/279/296 3896/2552/296
f 3237/2506/296 3236/280/296 3896/2553/296
f 3259/457/44 3285/2401/44 3257/2557/44
f 2126/3306/1491 2121/2196/1491 2120/494/363 2104/493/363
f 3259/457/44 3261/2388/44 3263/2556/44
f 4740/3307/44 4742/3308/44 4754/1536/44 4796/1537/44
f 5094/3309/2210 5095/1849/2210 5092/1850/2211 5093/3310/2212
f 3256/454/24 3260/2559/24 3262/2389/24
f 3259/457/44 3263/2556/44 3284/2400/44 3285/2401/44
f 3256/454/24 3258/2558/24 3308/2419/24
f 3818/348/2213 3897/3311/2214 3898/622/2215
f 5811/3312/2216 5805/3313/2217 5804/2077/1453 5816/3314/2218
f 2226/2402/140 2221/2527/140 2220/2526/140 2227/2403/140
f 2392/1575/359 2416/1576/359 2415/2395/359 2391/2394/360
f 4289/3315/2219 4370/3316/2220 4371/3317/2219 4290/3318/2219
f 4845/3315/2221 4835/3319/2222 4932/3320/2223 4930/3316/2223
f 4614/3321/2224 4680/3322/2224 4679/3319/2224 4609/3320/2224
f 4884/3186/2225 4886/664/2225 6744/3185/2225 6749/3187/2225
f 4723/3323/2226 4727/3324/2227 4678/3318/2228 4677/3315/2229
f 3906/2457/1625 3905/3325/2230 3904/3323/2231
f 4544/3204/2232 4730/3326/2233 4726/3327/2234 4542/3205/2235
f 4309/3326/2236 4180/3204/2237 4178/3205/2238 4307/3327/2239
f 4680/3322/2240 4537/3194/2241 4540/3195/2242 4725/3328/2243
f 4829/643/2244 4879/642/1336 4843/1681/1335 4830/3326/2245
f 4723/3323/2226 4677/3315/2229 4679/3319/2246 4724/3329/2247
f 4700/3330/2248 4691/3331/2249 4690/661/2137 4699/3332/731
f 4591/3333/1123 6234/3334/1123 6237/2648/2250 4593/2649/2250
f 6558/1556/2251 6560/2474/2252 6559/3335/2252 6557/1557/2253
f 3912/1453/1046 3914/1452/1045 3913/2455/1623
f 4865/1452/2254 4838/2455/2255 4840/474/2256 4864/475/2257
f 148/177/114 149/176/113 145/143/82 147/180/117
f 4731/1681/2258 4732/642/2259 4728/643/2260 4730/3326/2233
f 4726/3327/2234 4730/3326/2233 4728/643/2260 4729/3336/2261
f 3919/643/2262 3921/3336/2263 3908/3327/2264 3907/3326/2265
f 4728/643/2260 6421/644/2266 4722/1454/2267 4729/3336/2261
f 4845/3315/2221 4930/3316/2223 4929/3317/2222 4846/3318/2222
f 4717/1458/2268 4718/474/347 4716/254/346 4685/1459/2269
f 4719/2456/2270 4720/2455/2271 4718/474/347 4717/1458/2268
f 3941/195/128 3931/625/450 3930/1205/1411 3940/196/129
f 4685/1459/2269 4716/254/346 4683/255/901 4684/1323/1418
f 222/234/159 223/615/2276 221/793/539 220/235/160
f 4338/3331/2277 4220/823/2278 4218/826/2279 4339/293/2280
f 6420/1452/2281 4563/1257/2282 4562/1256/2283 6419/475/348
f 6419/475/348 4562/1256/2283 4585/596/2284 6418/253/349
f 4694/196/2285 4681/1205/903 4581/1248/1890 4579/3049/2286
f 3930/1205/1411 3931/625/450 3927/255/2287 3926/252/412
f 3931/625/450 3932/624/449 3928/1323/2288 3927/255/2287
f 733/857/1405 428/850/1405 430/849/956 731/860/956
f 3757/641/2289 3929/642/2290 3755/373/2291
f 7119/3341/2292 4870/1459/2293 4841/1458/2294 7120/3342/2295
f 3751/3235/2296 3934/660/2297 3936/661/2298
f 4201/373/2299 4156/374/2300 4308/1681/2301 4315/642/465
f 4691/3331/2249 4692/293/208 4575/826/2302 4573/823/2303
f 4692/293/208 4693/197/207 4577/1842/2304 4575/826/2302
f 3762/596/414 3918/253/413 3916/475/2305 3760/1256/2306
f 4859/1248/2307 4860/1205/2308 4857/196/2309 4858/3049/2310
f 4716/254/346 6418/253/349 4715/252/902 4683/255/901
f 4696/623/2311 4686/624/1417 4682/625/904 4695/195/2312
f 4689/659/2313 4688/660/2314 4570/1168/2315 4517/2997/2316
f 3751/3235/2296 3753/1168/2317 3934/660/2297
f 4740/351/2318 4796/1537/2319 4795/3266/2320 4897/350/2321
f 4697/350/255 4698/3343/2322 4620/3265/205 4624/3266/2323
f 4687/658/2324 4621/3262/2325 4620/3265/205 4698/3343/2322
f 4704/349/254 4699/3332/731 4698/3343/2322 4697/350/255
f 4827/3329/2326 4836/3323/2327 4828/1454/2328 4825/3336/2329
f 4700/3330/2248 4701/292/205 4692/293/208 4691/3331/2249
f 4340/197/2330 4329/194/2331 4327/292/2332 4339/293/2280
f 4702/194/206 4695/195/2312 4694/196/2285 4693/197/207
f 4331/195/2333 4332/623/2334 4330/3344/2335 4329/194/2331
f 4318/350/2336 4319/349/447 4247/348/446 4244/351/2337
f 4898/349/2338 4897/350/2321 4906/3343/2339 4905/3332/2134
f 4319/349/447 4324/3332/2340 4321/3345/2341 4320/621/444
f 3951/3345/2342 3946/3330/2343 3945/3332/457
f 3951/3345/2342 3952/3346/2344 3946/3330/2343
f 4706/3346/2345 4707/3347/2346 4701/292/205 4700/3330/2248
f 4707/3347/2346 4703/3344/2347 4702/194/206 4701/292/205
f 532/987/703 641/1119/701 640/1115/1125 534/986/1125
f 4616/351/256 4697/350/255 4624/3266/2323 4625/1537/2348
f 4631/3273/2349 4710/3348/2349 4709/3349/2350 4630/3270/2350
f 4334/658/2351 4323/3343/2352 4268/3265/1075 4267/3262/2353
f 4347/3348/2354 4348/3350/2355 4255/3281/2355 4252/3273/2354
f 4638/3283/2356 4713/3351/2356 4712/3352/2357 4635/3278/2357
f 4917/3353/2358 4918/3349/2359 4775/3270/2359 4772/157/2358
f 4639/3276/2360 4642/3275/2361 4517/2997/2316 4714/3354/2360
f 4916/2997/2362 4914/659/479 4788/3261/2363 4787/3275/2364
f 3933/658/2365 3821/3262/2366 3820/3265/2367 3944/3343/2343
f 4948/3355/2368 4300/2456/2369 4292/2457/2370 4947/3356/2371
f 4954/3357/2372 4955/3358/2373 4328/3347/2374 4330/3344/2375
f 4953/3359/2376 4954/3357/2372 4330/3344/2375 4332/623/2377
f 4951/3360/2378 4294/1323/2378 4296/1459/2379 4950/3341/2380
f 4686/624/2381 6233/3361/2382 6232/3360/2383 4684/1323/2383
f 4696/623/2384 6235/3359/2385 6233/3361/2382 4686/624/2381
f 4703/3344/2386 6236/3357/2387 6235/3359/2385 4696/623/2384
f 4707/3347/2388 6238/3358/2389 6236/3357/2387 4703/3344/2386
f 388/843/485 397/844/485 308/3362/485 307/3363/485
f 4705/3345/2390 6241/3364/2391 6239/3365/2392 4706/3346/2393
f 3972/2534/153 3973/2509/153 3974/2507/153
f 3972/2535/153 3974/2507/153 3975/452/153
f 3972/2536/153 3976/60/153 3973/2509/153
f 3972/2537/153 3975/452/153 3977/12/153
f 3972/2538/153 3978/61/153 3976/60/153
f 3972/2539/153 3977/12/153 3979/13/153
f 3972/2540/153 3980/2511/153 3978/61/153
f 3972/2541/153 3981/278/153 3980/2511/153
f 3972/2542/153 3982/277/153 3981/278/153
f 3972/2543/153 3979/2505/153 3982/277/153
f 3983/2510/296 3984/2544/296 3985/2508/296
f 3985/2508/296 3984/2545/296 3986/453/296
f 3987/63/296 3984/2546/296 3983/2510/296
f 3986/453/296 3984/2547/296 3988/15/296
f 3989/62/296 3984/2548/296 3987/63/296
f 3988/15/296 3984/2549/296 3990/14/296
f 3991/2512/296 3984/2550/296 3989/62/296
f 3992/279/296 3984/2551/296 3991/2512/296
f 3993/280/296 3984/2552/296 3992/279/296
f 3990/2506/296 3984/2553/296 3993/280/296
f 6965/2132/1805 6961/2738/67 7055/2739/67 7060/2133/1805
f 2419/2513/1320 2420/486/1965 2417/487/1965 2418/2514/1320
f 3250/2507/1718 3251/2508/1749 3249/2510/1721 3248/2509/1721
f 2422/489/359 2424/2521/1713 2423/2522/1713 2421/488/360
f 2319/2505/1320 2320/277/1965 2317/280/1965 2318/2506/1320
f 6250/420/583 6252/525/395 6251/526/395 6249/419/583
f 2295/12/1860 2296/15/1861 2294/453/2126 2293/452/1987
f 2534/2517/1653 2533/2518/1613 2545/2519/1654 2544/2520/1655
f 2395/2507/1748 2394/2509/1685 2404/2510/1685 2406/2508/1609
f 4003/2521/1968 4013/2522/1967 4012/283/1382 4001/282/9
f 3994/2571/1605 3332/2518/153 3330/2515/153
f 3994/2572/1605 3334/2517/153 3332/2518/153
f 3994/2573/1605 3330/2515/153 3328/281/1605
f 3994/2574/1605 3336/813/153 3334/2517/153
f 3994/2575/1605 3328/281/1605 3327/282/153
f 3994/2576/1605 3320/816/153 3336/813/153
f 3994/2577/1605 3327/282/153 3325/2521/153
f 3994/2578/1605 3325/2521/153 3323/489/153
f 3994/2579/1605 3323/489/153 3321/486/153
f 3994/2580/1605 3321/486/153 3320/2513/153
f 3995/2571/153 3996/2515/153 3997/2518/153
f 3995/2572/153 3997/2518/153 3998/2517/153
f 3995/2573/153 3999/281/153 3996/2515/153
f 3995/2574/153 3998/2517/153 4000/813/153
f 3995/2575/153 4001/282/153 3999/281/153
f 3995/2576/153 4000/813/153 4002/816/153
f 3995/2577/153 4003/2521/153 4001/282/153
f 3995/2578/153 4004/489/153 4003/2521/153
f 3995/2579/153 4005/486/153 4004/489/153
f 3995/2580/153 4002/2513/153 4005/486/153
f 1353/856/967 1118/854/967 1119/850/1995 1351/857/1995
f 2299/2513/1672 2300/486/1761 2297/487/1762 2298/2514/1675
f 2313/2517/1987 2314/2520/1986 2312/2519/1609 2311/2518/1609
f 2291/2507/1609 2292/2508/1608 2290/2510/1725 2289/2509/1757
f 3789/2505/2394 3800/2506/582 3803/280/1973 3792/277/1973
f 2392/1575/11 2388/1574/11 2387/1573/11 2416/1576/11
f 2429/2515/1694 2430/2516/1694 2428/284/1690 2427/281/1690
f 2540/489/360 2550/488/359 2549/2522/1724 2539/2521/1723
f 3792/277/1973 3803/280/1973 3802/279/1605 3791/278/1605
f 3248/2509/1721 3249/2510/1721 3247/63/569 3246/60/569
f 6002/1404/11 6000/1401/1422 6039/1977/1422 6038/1534/11
f 5074/2530/232 5076/1425/393 6679/1424/393 6678/2529/232
f 25/9/6 27/40/381 26/43/381 24/10/6
f 3149/1496/44 3145/1495/44 3147/1494/44 3150/1497/44
f 4418/3366/2395 4421/1635/2395 4419/1638/2395 4420/3367/2395
f 4023/3368/44 4024/1636/44 4025/391/44
f 4019/3369/44 4024/1636/44 4023/3368/44
f 4019/3369/44 4021/3370/44 4024/1636/44
f 6595/3371/2396 6598/3372/2396 6594/3367/2396 6591/3366/2396
f 579/1029/1037 555/188/1037 558/189/1231 578/1451/1231
f 4596/1510/504 4604/1507/504 4605/633/458 4597/3236/2397
f 4424/391/2398 4426/390/2398 4427/1637/1319 4422/1636/1318
f 6601/3366/2399 6604/1635/2399 6602/1638/2399 6603/3367/2399
f 4029/3369/44 4033/1636/44 4032/3370/44
f 4029/3369/44 4034/3368/44 4033/1636/44
f 4034/3368/44 4035/391/44 4033/1636/44
f 3349/2645/2400 3372/58/2400 3351/2646/2401
f 2448/2645/1763 2446/2780/2402 2495/59/2402 2497/58/1764
f 2491/3373/2403 2651/576/1797 2685/2702/1797 2490/3374/2403
f 2610/593/2002 2613/578/2404 2612/2608/2404 2611/3064/2002
f 3385/1983/44 3379/2656/44 3378/2613/44
f 3385/1983/44 3378/2613/44 4016/1980/44
f 6661/508/24 6662/3070/24 6639/1385/24 6641/2278/24
f 344/3375/58 345/2804/58 342/1937/58 343/1991/58
f 2506/1726/42 2507/2097/42 2556/25/42 2555/24/42
f 6603/3367/2405 6609/3372/2405 6606/3371/2405 6601/3366/2405
f 6606/388/2406 6609/389/2406 6610/390/2406 6607/391/2406
f 6604/1635/2407 6605/1636/2408 6611/1637/2409 6602/1638/2407
f 4028/1637/1433 4027/390/2410 4025/391/2410 4024/1636/1434
f 6429/516/377 6430/3376/978 6388/3377/977 6390/517/377
f 4043/3161/2411 4044/76/45 4045/3162/2053
f 4043/3161/2411 4046/79/45 4044/76/45
f 6620/78/232 6621/77/232 6617/76/1150 6619/79/1150
f 28/2790/1814 31/2791/1814 29/2792/386 30/2789/386
f 6622/32/1164 6625/33/393 6624/34/393 6623/35/1164
f 6626/569/32 6627/570/32 6624/34/393 6625/33/393
f 3692/503/373 3691/506/372 3680/505/372 3679/504/372
f 6630/1486/31 6631/1485/31 6629/1489/1015 6628/1490/1015
f 4061/1876/402 4062/1875/402 4060/1484/1171 4059/1483/1171
f 2015/2071/24 2016/3234/1449 2064/2802/935 2062/2072/24
f 6636/1387/1008 6637/1384/1008 6635/1875/16 6634/1876/16
f 3683/1220/2412 3682/3159/2412 3671/3160/2412 3670/648/2412
f 3628/34/22 3629/33/22 3626/32/21 3627/35/23
f 1351/857/1995 1119/850/1995 1121/849/1007 1349/860/586
f 5954/2380/300 1986/3378/300 5955/3379/300 5956/2381/300
f 4122/262/1922 4088/261/1922 4087/393/1922 4121/392/1922
f 3976/60/7 3978/61/9 3989/62/1382 3987/63/1383
f 3453/2655/1824 3503/2778/1824 3502/3103/2017 3456/541/2017
f 3436/396/1883 3433/2735/1818 3500/2772/1818 3499/2909/1883
f 2496/56/2413 2488/2602/2414 2487/2601/1735 2498/57/1734
f 4080/895/1779 4079/2453/1778 4081/2677/2415
f 6648/91/24 6649/505/24 6629/1489/24 6631/1485/24
f 6649/505/24 6650/504/24 6627/570/24 6629/1489/24
f 6651/1897/24 6624/34/24 6627/570/24 6650/504/24
f 3676/393/24 3625/77/24 3620/76/24 3675/261/24
f 6652/394/24 6653/393/24 6621/77/24 6623/35/24
f 6653/393/24 6654/261/24 6617/76/24 6621/77/24
f 4089/260/44 4044/76/44 4088/261/44
f 4045/3162/44 4044/76/44 4089/260/44
f 4045/3162/44 4089/260/44 4090/3165/44
f 4091/3164/44 4045/3162/44 4090/3165/44
f 5412/3380/2416 5413/3381/2417 5411/3382/2418 5410/3383/2419
f 3670/648/24 3617/650/24 3615/649/24 3669/509/24
f 3678/1897/24 3679/504/24 3631/570/24 3628/34/24
f 6660/509/24 6661/508/24 6641/2278/24 6643/649/24
f 4483/508/44 4449/2278/44 4447/1385/44 4482/3070/44
f 2501/3067/11 2502/2615/11 2478/2614/11 2481/1634/11
f 2567/567/42 2569/2565/42 2647/413/42 2645/412/42
f 4099/92/44 4082/91/44 4058/1485/44 4060/1484/44
f 6665/92/24 6648/91/24 6631/1485/24 6633/1484/24
f 3399/2105/402 3402/1645/289 3400/1648/289 3401/2717/402
f 2559/2934/2420 2571/2797/2420 2569/2565/1608 2570/2668/1608
f 3479/2703/33 3481/2726/1009 3411/2721/1009 3410/2704/33
f 6028/1414/377 6026/1415/1166 6046/3384/1166 6045/1929/377
f 28/2790/1814 33/1442/1810 32/1445/1810 31/2791/1814
f 6181/1298/299 6182/1297/299 6179/1296/390 6178/1295/390
f 5886/2369/1593 5877/3385/2421 5876/3382/2422 5885/3383/2423
f 6701/507/350 6661/508/350 6660/509/350 6700/510/350
f 4464/34/393 4467/570/32 4466/569/32 4465/33/393
f 4047/78/46 4048/77/46 4044/76/45 4046/79/45
f 5924/1165/893 5925/1162/893 5922/2710/1567 5923/2711/1567
f 6705/93/1415 6665/92/1415 6664/3013/1415 6704/3010/1415
f 4057/1486/1170 4058/1485/1170 4056/1489/1287 4055/1490/1287
f 1919/1835/17 1921/718/20 1869/750/20 1867/1719/17
f 6708/503/378 6650/504/378 6649/505/378 6707/506/378
f 6709/1898/2424 6651/1897/2424 6650/504/2424 6708/503/2424
f 1732/1526/47 1734/1716/44 1814/1820/44 1813/1527/47
f 6189/81/24 6190/82/24 6187/83/25 6188/80/25
f 6712/262/2425 6654/261/2425 6653/393/2425 6711/392/2425
f 6713/259/2063 6655/260/2063 6654/261/2063 6712/262/2063
f 4124/699/44 4089/3176/44 4125/700/44
f 4124/699/44 4090/3177/44 4089/3176/44
f 6715/700/2426 6655/2525/2427 6713/2524/907 6716/697/907
f 6716/697/2054 6717/698/2054 6714/699/2054 6715/700/2054
f 6718/3386/1164 6721/3078/2006 6719/3079/2006 6720/3387/1164
f 6721/3078/2006 6723/3053/2005 6722/3054/2005 6719/3079/2006
f 3064/730/1942 3066/729/394 3065/1272/394 3063/1273/1942
f 3066/729/394 3068/737/44 3067/1271/44 3065/1272/394
f 4136/2710/1153 4137/2711/1153 4134/3051/399 4135/3052/399
f 7178/3046/1175 5983/3045/1175 5984/3388/11 7177/3389/11
f 7180/2970/1384 5981/2971/1384 5982/3016/391 7179/3017/391
f 1394/924/1302 1397/873/590 1395/874/590 1396/2969/1302
f 6736/67/1803 6737/64/1803 6734/519/372 6735/520/372
f 2779/2846/1859 2737/2827/1859 2735/1913/971 2778/1912/971
f 2441/1992/11 2444/1993/11 2442/27/11 2443/26/11
f 6525/707/12 6506/524/12 6508/523/12 6524/708/12
f 3347/2732/24 3349/2745/24 3348/1981/24 3346/1383/24
f 2560/1606/42 2588/1605/42 2849/2923/42 2848/2921/42
f 4106/2566/24 4150/2746/24 4081/2567/24
f 4916/2997/2428 4766/3175/2428 4801/3174/2428 6740/2192/2428
f 4939/3178/274 4875/3179/274 6741/375/274 4946/3180/2429
f 4896/3183/878 4875/3182/2430 4939/3181/2430 6742/3184/879
f 4886/664/2431 4885/663/2432 6743/662/2433 6744/665/2431
f 4885/663/2432 4889/3390/2434 6745/3391/2435 6743/662/2433
f 5043/3301/2436 4346/3392/2437 4345/3393/2438 5044/3300/2438
f 4558/3394/2439 4736/3395/2440 4737/3396/2441 4557/3397/2442
f 4559/1128/2443 4735/1125/2444 4736/3395/2440 4558/3394/2439
f 3710/1127/2445 3709/1126/2446 4590/1125/2447 3743/1128/2448
f 3711/3185/2449 3714/664/2449 3712/3186/2449 3713/3187/2449
f 4833/3194/2450 4832/3195/2451 4941/3196/2451 4942/3197/2450
f 3729/3201/2452 3730/3202/2452 3728/3204/2266 3727/3203/2266
f 3727/3203/2266 3728/3204/2266 3726/3205/2453 3725/3206/2453
f 3735/3209/2454 3736/3210/2454 3733/3208/2455 3734/3207/2455
f 4850/3199/2456 4938/3200/2456 4936/3201/2457 4848/3202/2457
f 3737/3211/2458 3738/3212/2458 3736/3210/2454 3735/3209/2454
f 4851/3208/2459 4894/3210/2460 6978/3209/2460 6977/3207/2459
f 4894/3210/2460 4892/3212/2461 6979/3211/2461 6978/3209/2460
f 4180/3204/2087 4182/3202/2082 4181/3201/2082 4179/3203/2088
f 4888/3191/2462 6981/3188/2462 6980/3192/2463 4891/3193/2463
f 4887/3190/2115 6982/3189/2114 6981/3188/2462 4888/3191/2462
f 4539/3196/2464 4540/3195/2464 4537/3194/2465 4538/3197/2465
f 1025/1516/576 1027/1173/43 1026/1176/43 1023/1515/576
f 4400/204/137 4401/207/137 4399/3088/2005 4396/3087/2005
f 2652/2623/1414 2573/2624/1414 2575/572/964 2724/571/964
f 3365/3398/44 3497/3399/44 3517/3107/44 3360/3400/44
f 2029/2136/58 2040/2748/58 2039/759/58 2030/31/58
f 4479/92/44 4473/1484/44 4471/1485/44 4496/91/44
f 4107/2661/44 4105/413/44 3396/2565/44
f 4107/2661/44 3396/2565/44 3398/2797/44
f 4521/375/2466 4524/3179/2467 4522/3178/2468 4523/3180/2469
f 1341/866/14 1115/864/14 1114/853/1322 1354/867/1322
f 4915/1168/2470 4916/2997/2471 6740/2192/2471 7005/1169/2472
f 5092/1850/1398 5095/1849/12 6675/1852/12 6674/1851/1398
f 4902/1842/378 7002/1841/378 7001/3050/1393 4858/3049/1393
f 1094/2410/2473 1097/2411/2473 1095/2504/1974 1096/2503/1974
f 7221/2680/11 7222/1511/30 7207/1512/30 7206/2681/11
f 4858/3049/1393 7001/3050/1393 7000/1247/48 4859/1248/48
f 1891/529/382 1893/532/383 1892/531/383 1890/530/58
f 4910/826/40 7003/825/40 7002/1841/378 4902/1842/378
f 6444/1662/379 6465/1659/379 6442/1641/30 6443/1644/30
f 4223/3235/2112 4225/1168/1923 4224/1169/1923 4222/2366/2112
f 3752/1169/1923 3753/1168/1922 3751/3235/2061 3750/2366/2061
f 727/1218/383 434/1191/971 436/1194/1162 725/1215/1162
f 3774/2995/24 3754/372/24 3705/375/24 3707/3180/24
f 4849/3401/2474 4875/3402/2475 4896/1126/2476 4851/3208/2476
f 4227/3237/44 4202/1498/44 4205/1254/44
f 4227/3237/44 4205/1254/44 4228/2904/44
f 6996/1254/24 6997/1255/24 6580/3238/24 6584/2904/24
f 3778/3239/24 3763/1470/24 3761/1255/24 3777/3238/24
f 4602/3242/44 4582/1246/44 4584/1470/44 4601/3239/44
f 3779/3242/24 3780/3241/24 3767/1247/24 3765/1246/24
f 4603/3241/44 4591/3240/44 4578/3050/44 4580/1247/44
f 7002/1841/24 6582/2700/24 6579/3240/24 7001/3050/24
f 7003/825/24 6583/2119/24 6582/2700/24 7002/1841/24
f 3771/2119/24 3772/2118/24 3749/824/24 3747/825/24
f 3772/2118/24 3773/2365/24 3750/2366/24 3749/824/24
f 3773/2365/24 3600/2194/24 3752/1169/24 3750/2366/24
f 3600/2194/24 3703/2193/24 3704/2192/24 3752/1169/24
f 4198/894/1881 4238/2906/2477 4239/2907/1878
f 3349/2645/2400 3347/2780/1827 3370/59/1829 3372/58/2400
f 2655/591/1819 2694/2774/1819 2693/3105/2018 2656/3104/2018
f 2851/2685/1822 2697/2686/1815 2652/2623/1815 2724/571/1822
f 4242/3157/2478 2/2/2478 4243/3158/2479
f 4242/3157/2478 3/3/2479 2/2/2478
f 4615/3403/24 4618/348/24 4616/351/24 4617/3404/24
f 4272/1537/2480 4273/1538/2184 4270/3267/2481 4271/3266/2482
f 4776/3273/2483 4777/3272/2483 4773/3269/2484 4775/3270/2484
f 4637/3282/2175 4640/3277/2171 4639/3276/2171 4638/3283/2175
f 4780/3278/2485 4781/3279/2485 4778/3280/2486 4779/3281/2486
f 3841/3274/2487 3842/3275/2487 3839/3276/2177 3840/3277/2177
f 4252/3273/2488 4253/3272/2488 4249/3269/2489 4251/3270/2489
f 3841/3274/2487 3844/3264/2490 3843/3261/2491 3842/3275/2487
f 3819/3263/2147 3821/3262/2492 3843/3261/2491 3844/3264/2490
f 4788/3261/2106 4791/3262/2493 4790/3263/2493 4789/3264/2106
f 4792/3265/2158 4793/3268/2161 4790/3263/2493 4791/3262/2493
f 4633/3280/2494 4636/3279/2176 4635/3278/2176 4634/3281/2494
f 4796/1537/2153 4797/1538/2153 4794/3267/2160 4795/3266/2159
f 4774/3271/2495 4773/3269/2496 4750/3302/2496 4752/3303/2495
f 3832/3272/2167 3855/3291/2167 3854/3290/2494 3833/3280/2494
f 4777/3272/2488 4778/3280/2497 4745/3290/2497 4747/3291/2488
f 4781/3279/2498 4746/3287/2498 4745/3290/2497 4778/3280/2497
f 4782/3282/2499 4769/3288/2499 4746/3287/2498 4781/3279/2498
f 4782/3282/2499 4785/3277/2500 4767/3256/2500 4769/3288/2499
f 4785/3277/2500 4786/3274/2501 4764/3255/2502 4767/3256/2500
f 4789/3264/2503 4762/3289/2503 4764/3255/2502 4786/3274/2501
f 4790/3263/2102 4760/3286/2102 4762/3289/2503 4789/3264/2503
f 4793/3268/2101 4758/3285/2101 4760/3286/2102 4790/3263/2102
f 4793/3268/2101 4794/3267/2150 4755/2188/2150 4758/3285/2101
f 4614/3321/2224 4538/3405/2224 4537/3194/2224 4680/3322/2224
f 3387/1606/44 4238/2921/44 3388/2922/44
f 3362/2593/44 3354/2592/44 3339/1600/44 3361/2590/44
f 4083/505/44 4084/504/44 4054/570/44 4056/1489/44
f 330/1956/58 329/1148/58 7358/3406/58 7359/1957/58
f 6288/1620/12 6286/1621/12 6209/2554/12 6208/1295/12
f 3846/1535/44 3864/1536/44 3825/1537/44 3826/1538/44
f 381/265/185 379/441/318 322/794/540 321/1676/1333
f 1003/1120/1142 1020/1121/1109 1021/1108/827 1005/1122/821
f 4292/2457/2504 4288/3323/2505 4291/3325/2506
f 801/1466/956 802/1467/956 800/1306/11 799/1305/11
f 4873/623/2507 4867/195/2508 4868/625/2509 4872/624/2510
f 4437/1637/2511 4436/390/2512 4434/391/2512 4433/1636/2513
f 4329/194/2331 4330/3344/2335 4328/3347/2514 4327/292/2332
f 4292/2457/2504 4300/2456/2515 4301/2455/2516
f 4292/2457/2504 4301/2455/2516 4302/1454/2517
f 4292/2457/2504 4302/1454/2517 4288/3323/2505
f 5784/603/425 5751/3407/2518 5753/3408/2519 5783/3409/2520
f 4828/1454/2328 4866/644/2088 4829/643/2244 4825/3336/2329
f 2963/2973/1897 2965/2976/1996 2964/2977/1898 2962/2972/1897
f 4552/3210/2521 4554/3212/2522 4736/3395/2522 4735/1125/2521
f 4166/3396/2523 4192/3193/2523 4190/3212/2524 4168/3395/2524
f 4830/3326/2245 4826/3327/2525 4825/3336/2329 4829/643/2244
f 4680/3322/2240 4725/3328/2243 4724/3329/2247 4679/3319/2246
f 4725/3328/2243 4726/3327/2234 4729/3336/2261 4724/3329/2247
f 3919/643/2262 3922/644/1044 3911/1454/1047 3921/3336/2263
f 4866/644/2088 4828/1454/2328 4838/2455/2255 4865/1452/2254
f 3914/1452/1045 3916/475/2305 3915/474/1122 3913/2455/1623
f 4341/196/2526 4331/195/2333 4329/194/2331 4340/197/2330
f 4864/475/2257 4863/253/2527 4883/596/2528 4882/1256/2529
f 2259/2238/1511 2117/2470/1635 2118/3410/2530 2258/2236/1508
f 2105/2344/1584 2079/2357/390 1955/3411/2531 1954/2342/42
f 3757/641/2532 3922/644/1044 3919/643/2262 3929/642/2290
f 3755/373/2291 3929/642/2290 3920/1681/2533 3708/374/2534
f 4201/373/2299 4315/642/465 4203/641/2535
f 4830/3326/2245 4847/3204/2536 4831/3205/2537 4826/3327/2525
f 4843/1681/1335 4848/3202/2538 4847/3204/2536 4830/3326/2245
f 6880/1074/2539 6892/3412/2539 6893/3413/2540 6879/3414/2540
f 3708/3402/2534 3731/3199/2541 3733/3208/2542 3709/1126/2542
f 4162/663/2543 4159/664/2544 4171/3186/2544 4195/3190/2543
f 3903/3322/2545 3721/3194/2546 3724/3195/2547 3909/3328/2548
f 4196/3214/2484 4160/3215/2484 4163/3218/2483 4194/3217/2483
f 4888/3191/2549 4891/3193/2550 4890/3396/2550 4889/3390/2549
f 4540/3195/2242 4542/3205/2235 4726/3327/2234 4725/3328/2243
f 4554/3212/2522 4532/3193/2551 4737/3396/2551 4736/3395/2522
f 1764/1206/58 1765/1911/58 1762/1229/58 1763/1201/58
f 2713/1436/11 2673/511/11 2684/2766/11 2715/1437/11
f 2587/1608/11 2570/2668/11 2568/566/11 2585/1647/11
f 3397/2668/24 3405/1608/24 3389/1607/24
f 3397/2668/24 3389/1607/24 3386/2934/24
f 2948/2986/2 2976/1268/937 2982/1269/1391 2981/2996/2
f 2848/2637/24 2912/897/24 2559/2638/24 2561/2639/24
f 2437/2640/44 2504/2641/44 2557/2634/44 2558/2635/44
f 4317/897/42 4238/2637/42 4198/894/42
f 832/830/58 831/836/591 847/837/591 846/829/58
f 4080/895/42 4081/2643/42 4316/896/42
f 4897/350/2321 4898/349/2338 4743/348/2552 4740/351/2318
f 4899/621/2553 4901/622/574 4743/348/2552 4898/349/2338
f 4898/349/2338 4905/3332/2134 4900/3345/2554 4899/621/2553
f 3816/351/2555 3943/350/2556 3824/3266/2557 3825/1537/2558
f 4897/350/2321 4795/3266/2320 4792/3265/2559 4906/3343/2339
f 249/496/561 250/141/2560 395/3415/2561 394/809/562
f 4321/3345/2341 4324/3332/2340 4325/3330/2352
f 4321/3345/2341 4325/3330/2352 4326/3346/2562
f 3952/3346/2344 3953/3347/2563 3947/292/2367 3946/3330/2343
f 4839/2456/2564 4841/1458/2565 4840/474/2256 4838/2455/2255
f 4874/3344/2566 4855/194/2567 4867/195/2508 4873/623/2507
f 4870/1459/2568 4871/1323/2569 4869/255/2570 4842/254/2571
f 4907/658/478 4906/3343/2339 4792/3265/2559 4791/3262/2572
f 4907/658/478 4908/661/481 4905/3332/2134 4906/3343/2339
f 4914/659/479 4907/658/478 4791/3262/2572 4788/3261/2363
f 4687/658/2324 4690/661/2137 4688/660/2314 4689/659/2313
f 4908/661/481 4909/3331/2573 4904/3330/2574 4905/3332/2134
f 4223/3235/2575 4336/660/2576 4225/1168/2577
f 4223/3235/2575 4337/661/2578 4336/660/2576
f 4909/3331/2573 4908/661/481 4912/3235/2579 4911/823/2580
f 4301/2455/2516 4313/1452/2581 4312/644/467 4302/1454/2517
f 4718/474/347 4720/2455/2271 6420/1452/2281 6419/475/348
f 4857/196/2309 4867/195/2508 4855/194/2567 4856/197/1732
f 4842/254/2571 4869/255/2570 4862/252/2582 4863/253/2527
f 4812/1628/1316 4813/1629/1316 4811/1889/2583 4810/1888/2583
f 4860/1205/2308 4868/625/2509 4867/195/2508 4857/196/2309
f 4341/196/2526 4214/3049/2584 4212/1248/2585 4342/1205/2586
f 7260/3416/44 7261/3417/44 7258/3418/2045 7259/3419/2045
f 4541/3206/2084 4542/3205/2084 4540/3195/2464 4539/3196/2464
f 4856/197/1732 4902/1842/1731 4858/3049/2310 4857/196/2309
f 3938/293/2587 3939/197/130 3746/1842/2588 3745/826/2589
f 4909/3331/2573 4911/823/2580 4910/826/1730 4903/293/1729
f 4630/3270/2350 4709/3349/2350 4660/3353/2590 4628/157/2590
f 4918/3349/2359 4919/3348/2591 4776/3273/2591 4775/3270/2359
f 4919/3348/2591 4920/3350/2592 4779/3281/2592 4776/3273/2591
f 4920/3350/2592 4921/3352/2593 4780/3278/2593 4779/3281/2592
f 4921/3352/2593 4922/3351/2594 4783/3283/2594 4780/3278/2593
f 4923/3354/2595 4784/3276/2595 4783/3283/2594 4922/3351/2594
f 3831/3273/2596 3956/3348/2596 3955/3349/2597 3830/3270/2597
f 4916/2997/2362 4787/3275/2364 4784/3276/2595 4923/3354/2595
f 4914/659/479 4916/2997/2362 4915/1168/2598 4913/660/480
f 3583/3420/12 3581/3421/12 4352/3422/12
f 3581/3421/12 3579/3423/12 4352/3422/12
f 3579/3423/12 3577/3424/12 4352/3422/12
f 3577/3424/12 3575/3425/12 4352/3422/12
f 3575/3425/12 3573/3426/12 4352/3422/12
f 3573/3426/12 3571/3427/12 4352/3422/12
f 3571/3427/12 3569/3428/12 4352/3422/12
f 3569/3428/12 3566/3429/12 4352/3422/12
f 3566/3429/12 3597/3430/12 4352/3422/12
f 3597/3430/12 3595/3431/12 4352/3422/12
f 3595/3431/12 3593/3432/12 4352/3422/12
f 3593/3432/12 3591/3433/12 4352/3422/12
f 3591/3433/12 3589/3434/12 4352/3422/12
f 3589/3434/12 3587/3435/12 4352/3422/12
f 3587/3435/12 3585/3436/12 4352/3422/12
f 3585/3436/12 3583/3420/12 4352/3422/12
f 4353/701/2599 4354/3437/2599 4355/3438/2599
f 509/1409/24 510/1250/24 468/1245/24 470/1244/24
f 3807/1036/728 4474/433/2600 3777/434/2601 3776/1037/729
f 6577/431/2602 6586/432/2603 6585/433/1074 6580/434/1073
f 4602/431/2604 6231/432/2605 6234/3334/1123 4591/3333/1123
f 5586/3439/1245 5882/3440/2606 5905/3441/2607 5582/3442/2608
f 4477/2648/2609 4478/1691/1875 3772/2647/1874 3771/2649/2610
f 3/3/2615 4354/3437/2616 4353/701/2615
f 3/3/2615 4242/3157/2617 4354/3437/2616
f 4231/431/308 4229/434/311 4230/3447/2618
f 4231/431/308 4232/3448/2619 4233/3333/2620
f 4236/2647/1766 4237/3449/1767 3/3/2615
f 4233/3333/2620 4234/3450/2621 4235/2649/1769
f 4364/3221/2158 4357/1038/2119 4363/1039/2134
f 4364/3221/2158 4365/3226/2107 4357/1038/2119
f 4364/3221/2158 4366/3224/2108 4365/3226/2107
f 4935/3223/2102 4936/3225/2622 4925/3226/2623 4927/3224/2103
f 3725/3222/2624 3809/3221/2130 3811/3224/2132 3727/3223/2179
f 6980/3451/2169 6746/3452/2497 6747/3453/2498 6979/3454/2168
f 4940/3220/2149 4943/3257/2625 4942/3258/2184 4941/3219/2150
f 3814/3257/2163 3806/634/254 3805/1039/731 3813/3220/2151
f 3804/635/2128 3807/1036/2129 3805/1039/731 3806/634/254
f 4370/635/2626 4356/1036/2627 4371/3249/2627
f 4364/3221/2158 4363/1039/2134 4367/3220/2152
f 4357/1038/2119 4227/3250/2628 4228/1037/2628
f 4357/1038/2119 4226/3236/2118 4227/3250/2628
f 3774/3236/2137 3707/1509/2142 3810/3226/2131 3812/1038/730
f 4365/3226/2107 4153/1508/1130 4155/1509/2117
f 4613/3226/2146 4522/1508/2178 4548/3455/2629 4545/3225/2146
f 3698/699/2630 3673/3456/2630 3701/698/2630
f 3701/698/2630 3673/3456/2630 3672/3457/2630
f 7236/3458/1585 7237/1667/1324 6085/1668/1324 6083/1395/1585
f 74/123/292 281/124/292 280/125/1743 75/126/1743
f 3314/2860/24 2933/882/24 2927/881/24 2929/1672/24
f 2923/2855/24 2922/893/24 2933/882/24 3314/2860/24
f 2939/1316/44 2934/2867/44 2924/2870/44 2921/2869/44
f 5926/1164/894 5927/1163/894 5925/1162/893 5924/1165/893
f 7226/3459/1947 6097/3460/1947 6095/3461/1303 7225/3462/1303
f 2398/12/329 2409/15/329 2411/14/1969 2400/13/1969
f 63/3110/386 270/3111/386 269/406/1834 62/405/1834
f 5933/64/1803 5935/65/1554 5934/66/1554 5932/67/1803
f 4741/3403/2631 4743/348/2632 4958/3311/2633 4799/3463/2631
f 4247/348/2634 4322/622/2635 4394/3311/2636
f 6111/3087/1983 6114/3088/1983 6112/3464/2637 6113/3465/2637
f 6115/204/399 6116/207/399 6114/3088/1983 6111/3087/1983
f 6115/204/399 6118/205/1153 6117/206/1153 6116/207/399
f 6118/205/1153 6120/1627/1394 6119/1630/1394 6117/206/1153
f 6210/80/935 6212/84/379 6211/85/379 6191/83/935
f 5261/1979/2638 5282/1883/1389 5284/1882/1388 5259/1978/2639
f 6143/1836/391 6144/2933/44 6105/1408/44 6107/1407/391
f 3313/3059/2640 2925/2854/2640 2923/2855/2640 3314/2860/2640
f 1453/1624/967 1454/1625/577 1452/1514/12 1451/1513/12
f 2638/94/1284 2639/97/1284 2636/3095/1488 2637/3082/1488
f 4959/3366/2641 4962/1635/2641 4960/1638/2641 4961/3367/2641
f 4418/3369/24 4422/1636/24 4421/3370/24
f 4418/3369/24 4423/3368/24 4422/1636/24
f 4423/3368/24 4424/391/24 4422/1636/24
f 6721/3078/44 6718/3386/44 7137/3084/44 7136/2679/44
f 4133/3053/24 4131/3078/24 4805/2679/24 4807/2408/24
f 5921/3052/24 6125/2409/24 6127/2408/24 5919/3053/24
f 4389/520/44 4390/67/44 4399/3088/44 4401/207/44
f 6733/2223/44 7130/206/44 7129/207/44 6735/520/44
f 6725/3052/44 6723/3053/44 7135/2408/44 7134/2409/44
f 5927/1163/24 5929/2223/24 6117/206/24 6119/1630/24
f 5929/2223/24 5931/520/24 6116/207/24 6117/206/24
f 5931/520/24 5932/67/24 6114/3088/24 6116/207/24
f 4146/67/24 4820/3088/24 4822/3464/24 4148/66/24
f 4023/3371/2642 4026/3372/2642 4022/3367/2642 4019/3366/2642
f 4964/388/2643 4966/389/2643 4967/390/2643 4965/391/2643
f 4438/476/1174 4441/479/1174 4439/478/1174 4440/477/1174
f 6600/1637/1588 6599/390/2644 6597/391/2644 6596/1636/1589
f 4969/3366/2062 4972/3367/2062 4970/1638/2062 4971/1635/2062
f 4432/3368/24 4433/1636/24 4434/391/24
f 4428/3369/24 4433/1636/24 4432/3368/24
f 4428/3369/24 4430/3370/24 4433/1636/24
f 4973/3371/2645 4976/3372/2645 4972/3367/2645 4969/3366/2645
f 4973/388/2646 4975/391/2646 4977/390/2646 4976/389/2646
f 2043/2800/2647 2118/3410/1157 2117/2470/394 2042/2801/394
f 4978/1637/2648 4977/390/2649 4975/391/2649 4974/1636/2650
f 1481/1350/42 1468/1330/42 1470/1334/393 1483/1354/393
f 4498/1220/2651 4497/3159/2651 4486/3160/2651 4485/648/2651
f 6203/2007/583 6204/2142/583 6202/85/395 6201/84/395
f 4067/2279/40 4068/2278/40 4066/1385/378 4065/1386/378
f 4451/649/1553 4453/650/1395 4452/2086/1395 4450/2277/1553
f 6638/1386/15 6639/1385/15 6637/1384/1008 6636/1387/1008
f 3684/510/1459 3683/1220/1459 3670/648/1459 3669/509/1459
f 3338/2616/1431 3377/2615/1430 3378/2613/1430 3379/2656/1431
f 4456/76/1150 4457/3161/2652 4458/3162/2652
f 4456/76/1150 4459/79/1150 4457/3161/2652
f 4461/77/232 4463/35/1164 4462/32/1164 4460/78/232
f 2722/574/965 2576/573/965 2579/895/2653 2723/894/2653
f 4563/1257/22 4565/1650/23 4564/1649/23 4560/1254/22
f 3769/3050/1977 3744/1841/372 3746/1842/372 3768/3049/1977
f 4471/1485/31 4473/1484/1161 4472/1483/1161 4470/1486/31
f 6702/3069/1983 6662/3070/1983 6661/508/1983 6701/507/1983
f 839/1172/12 838/831/576 853/832/576 852/1503/12
f 1881/1516/578 1883/1173/14 1882/1176/14 1879/1515/578
f 3961/3355/44 3807/3466/44 3962/3356/44
f 3961/3355/44 4474/3467/44 3807/3466/44
f 3961/3355/44 3963/3342/44 4474/3467/44
f 3964/3341/44 4474/3467/44 3963/3342/44
f 3964/3341/44 4475/3468/44 4474/3467/44
f 3964/3341/44 3965/3360/44 4475/3468/44
f 3966/3361/44 4475/3468/44 3965/3360/44
f 3966/3361/44 4476/3469/44 4475/3468/44
f 3966/3361/44 3967/3359/44 4476/3469/44
f 3968/3357/44 4476/3469/44 3967/3359/44
f 3968/3357/44 4477/3470/44 4476/3469/44
f 3968/3357/44 3969/3358/44 4477/3470/44
f 3970/3365/44 4477/3470/44 3969/3358/44
f 3970/3365/44 4478/3471/44 4477/3470/44
f 3970/3365/44 3971/3364/44 4478/3471/44
f 3664/92/24 3665/3013/24 3606/1875/24 3637/1484/24
f 3680/505/24 3633/1489/24 3631/570/24 3679/504/24
f 4094/509/44 4095/508/44 4068/2278/44 4070/649/44
f 3668/508/24 3613/2278/24 3611/1385/24 3667/3070/24
f 3669/509/24 3615/649/24 3613/2278/24 3668/508/24
f 3677/394/24 3627/35/24 3625/77/24 3676/393/24
f 6658/3160/24 6659/648/24 6645/650/24 6647/2085/24
f 3602/476/24 3604/3163/24 3619/2085/24 3671/3160/24
f 4487/3164/44 4488/3165/44 4458/3162/44
f 4489/260/44 4458/3162/44 4488/3165/44
f 4489/260/44 4456/76/44 4458/3162/44
f 4489/260/44 4490/261/44 4456/76/44
f 2646/414/11 2578/2568/11 2577/2796/11 2644/415/11
f 4484/509/44 4451/649/44 4449/2278/44 4483/508/44
f 3678/1897/24 3628/34/24 3627/35/24 3677/394/24
f 6663/3012/24 6637/1384/24 6639/1385/24 6662/3070/24
f 4217/1841/44 4234/2700/44 4233/3240/44 4215/3050/44
f 3681/91/24 3635/1485/24 3633/1489/24 3680/505/24
f 3664/92/24 3637/1484/24 3635/1485/24 3681/91/24
f 4455/2085/504 4440/3163/182 4439/3166/182 4454/2084/2059
f 1878/1513/12 1881/1516/578 1879/1515/578 1880/1514/12
f 4500/507/350 4499/510/350 4484/509/350 4483/508/350
f 3628/34/22 3631/570/399 3630/569/399 3629/33/22
f 2034/2611/11 2008/3472/11 2007/3473/1427 2033/1871/1427
f 3633/1489/1287 3635/1485/1170 3634/1486/1170 3632/1490/1287
f 524/1251/926 510/1250/926 509/1409/1331 523/1602/1331
f 3693/1898/2654 3692/503/2654 3679/504/2654 3678/1897/2654
f 2020/3474/42 2019/3475/390 2053/2799/390 2050/2798/42
f 4509/395/1420 4508/1898/1420 4493/1897/1420 4492/394/1420
f 4508/1898/2424 4507/503/2424 4494/504/2424 4493/1897/2424
f 3611/1385/378 3613/2278/40 3612/2279/40 3610/1386/378
f 6255/533/44 6276/528/47 6275/527/47 6274/534/44
f 4577/1842/378 4579/3049/1393 4578/3050/1393 4576/1841/378
f 6183/2007/300 6186/84/905 6185/85/905 6184/2142/300
f 367/435/312 364/307/219 377/147/86 376/436/313
f 4513/699/44 4489/3176/44 4488/3177/44
f 4513/699/44 4514/700/44 4489/3176/44
f 3699/700/2655 3700/697/2655 3697/2524/2656 3674/2525/2656
f 7000/1247/24 6578/3241/24 6577/3242/24 6999/1246/24
f 1035/529/58 1037/532/591 1036/531/591 1034/530/58
f 3705/375/1 3708/3179/1 3706/3178/1 3707/3180/2657
f 4157/3183/2658 4156/3182/2659 4153/3181/2659 4158/3184/2660
f 4833/3194/2222 4942/3405/2222 4943/3321/2223 4834/3322/2222
f 4848/3202/2457 4936/3201/2457 4935/3203/2661 4847/3204/2662
f 3717/3192/2663 3718/3188/2070 3715/3191/2070 3716/3193/2663
f 3720/3189/2071 3713/3198/2664 3712/3186/2664 3719/3190/2072
f 3723/3196/2665 3724/3195/2665 3721/3194/2666 3722/3197/2667
f 3725/3206/2453 3726/3205/2453 3724/3195/2665 3723/3196/2665
f 4193/3191/2668 4194/3188/2668 4191/3192/2669 4192/3193/2669
f 4892/3212/2461 4891/3193/2463 6980/3192/2463 6979/3211/2461
f 3729/3201/2452 3732/3200/2670 3731/3199/2670 3730/3202/2452
f 4534/3188/2074 4536/3189/2078 4535/3190/2080 4531/3191/2074
f 4195/3190/2671 4196/3189/2672 4194/3188/2668 4193/3191/2668
f 4831/3205/2673 4847/3204/2662 4935/3203/2661 4934/3206/2673
f 4185/3208/2674 4188/3210/2675 4187/3209/2675 4186/3207/2674
f 4538/3258/2174 4614/3257/2676 4612/3220/2098 4539/3219/2097
f 4194/3217/2483 4163/3218/2483 4165/3452/2486 4191/3451/2486
f 3718/3217/2167 3717/3451/2494 3741/3452/2494 3740/3218/2167
f 3717/3451/2494 3737/3454/2176 3742/3453/2176 3741/3452/2494
f 3737/3454/2176 3735/3227/2175 3743/3228/2175 3742/3453/2176
f 3735/3227/2175 3734/1460/2171 3710/1461/2171 3743/3228/2175
f 3734/1460/2171 3732/1463/2143 3706/1462/2143 3710/1461/2171
f 4059/1483/1171 4060/1484/1171 4058/1485/1170 4057/1486/1170
f 6433/2082/1585 6434/3376/1324 6379/3377/1324 6382/2081/1585
f 6731/1163/894 6733/2223/1977 6732/2222/1977 6730/1164/894
f 6171/770/2677 6176/2625/2677 6175/2626/2677 6172/771/2677
f 4875/374/2678 4877/1682/1 6993/2313/1 6741/375/45
f 7211/3023/299 7210/1322/905 7213/1321/905 7214/3022/299
f 671/1312/58 672/1311/58 670/19/11 669/16/11
f 667/1309/42 666/1310/42 672/1311/58 671/1312/58
f 4505/90/1392 4504/93/48 4479/92/1392 4496/91/48
f 4517/2997/2428 4520/2192/2428 4518/3174/2428 4519/3175/2428
f 4583/595/1415 4585/596/1153 4584/1470/1153 4582/1246/1415
f 6726/2710/1567 6727/2711/1567 6724/3051/137 6725/3052/137
f 3486/512/33 3487/2807/1009 3480/2723/1009 3478/513/33
f 2854/1184/897 6986/1183/897 6985/1465/1151 2857/1464/1151
f 4159/664/2679 4162/663/2680 4160/662/2681 4161/665/2679
f 7011/3476/2682 7012/3477/2683 7026/2940/2684 7024/1421/2685
f 4557/3397/2442 4737/3396/2441 4738/3390/2686 4556/3391/2687
f 3741/3397/2688 4588/3396/2689 4587/3390/2690 3740/3391/2691
f 4890/3396/2692 4893/3395/2693 6747/3394/2694 6746/3397/2695
f 4526/1127/2068 4525/1126/2067 4735/1125/2444 4559/1128/2443
f 3703/1/1 3600/3/1 3599/2/1
f 4327/292/2332 4328/3347/2514 4326/3346/2562 4325/3330/2352
f 3770/2700/24 3771/2119/24 3747/825/24 3744/1841/24
f 5857/3478/2696 5848/3479/2697 5852/3480/2698 5840/3481/2699
f 4365/3226/2107 4181/3225/2106 4184/3455/1130 4153/1508/1130
f 6993/2313/24 4945/3482/24 4946/3180/24 6741/375/24
f 2168/3483/44 2179/2225/44 2177/539/44 2150/3484/44
f 4596/3482/44 4566/372/44 4568/2313/44
f 4596/3482/44 4597/2995/44 4566/372/44
f 2938/1315/44 3317/1543/44 2918/3024/44 2932/1314/44
f 2049/2143/29 2036/2272/1552 2125/2271/1551 2132/2144/29
f 3777/3238/24 3761/1255/24 3759/1254/24 3776/2904/24
f 3867/3304/2700 3957/3485/2700 3958/3486/2701 3868/3293/2701
f 3779/3242/24 3765/1246/24 3763/1470/24 3778/3239/24
f 6998/1470/24 6999/1246/24 6577/3242/24 6581/3239/24
f 3780/3241/24 3781/3240/24 3769/3050/24 3767/1247/24
f 4511/262/2702 4510/392/2425 4491/393/2702 4490/261/2425
f 4598/632/457 4597/3236/2397 4605/633/458
f 5757/3063/1994 5767/3062/1993 5758/1979/1424 5743/1978/1423
f 4606/1036/457 4607/635/457 4608/3249/2703
f 4606/1036/457 4598/632/457 4607/635/457
f 4932/634/2704 4924/633/2124 4931/632/2705 4930/635/2705
f 4605/633/458 4610/3221/2099 4609/634/459
f 4605/633/458 4611/3224/2148 4610/3221/2099
f 4609/634/2706 4610/3221/2099 4612/3220/2098
f 4613/3226/2146 4605/633/2707 4604/1507/2707
f 4613/3226/2146 4611/3224/2148 4605/633/2707
f 4551/3227/2180 4550/1460/2177 4526/1461/2177 4559/3228/2180
f 6979/3454/2168 6747/3453/2498 6748/3228/2499 6978/3227/2708
f 3723/3219/2709 3813/3220/2151 3809/3221/2130 3725/3222/2624
f 3813/3220/2151 3723/3219/2709 3722/3258/2163 3814/3257/2163
f 4609/634/2710 4612/3220/2098 4614/3257/2676
f 3732/3455/2143 3729/3225/2172 3810/3226/2131 3706/1508/2143
f 4604/1507/2711 4522/1508/2178 4613/3226/2146
f 3815/3403/44 3818/348/44 3816/351/44 3817/3404/44
f 3819/3263/2147 3822/3268/2100 3820/3265/2712 3821/3262/2492
f 3823/3267/2713 3824/3266/2713 3820/3265/2712 3822/3268/2100
f 4257/3279/2485 4278/3287/2485 4277/3290/2486 4254/3280/2486
f 4772/157/2714 4775/3270/2484 4773/3269/2484 4774/3271/2714
f 4637/3282/2175 4638/3283/2175 4635/3278/2176 4636/3279/2176
f 3833/3280/2715 3834/3281/2715 3831/3273/2716 3832/3272/2096
f 3833/3280/2715 3836/3279/2717 3835/3278/2718 3834/3281/2715
f 3837/3282/2719 3838/3283/2719 3835/3278/2718 3836/3279/2717
f 3837/3282/2719 3840/3277/2177 3839/3276/2177 3838/3283/2719
f 3827/3269/2095 3832/3272/2096 3831/3273/2716 3830/3270/2095
f 4776/3273/2483 4779/3281/2486 4778/3280/2486 4777/3272/2483
f 3827/3269/2095 3830/3270/2095 3828/157/2720 3829/3271/2720
f 4273/1538/2153 4286/3284/2721 4285/2188/2722 4270/3267/2154
f 4253/3272/2483 4254/3280/2486 4277/3290/2486 4276/3291/2483
f 4258/3282/2109 4261/3277/1129 4280/3256/2723 4279/3288/2109
f 3840/3277/2183 3851/3256/2171 3850/3255/2143 3841/3274/2724
f 3844/3264/2172 3841/3274/2724 3850/3255/2143 3849/3289/2172
f 4619/3263/2147 4644/3264/2146 4649/3289/2146 4648/3286/2147
f 4269/3268/2725 4284/3285/2725 4283/3286/2105 4266/3263/2105
f 4261/3277/1129 4262/3274/1130 4281/3255/1130 4280/3256/2723
f 4644/3264/2146 4641/3274/2178 4650/3255/2178 4649/3289/2146
f 4269/3268/2725 4270/3267/2154 4285/2188/2722 4284/3285/2725
f 3832/3272/2167 3827/3269/2726 3856/3302/2726 3855/3291/2167
f 3829/3271/2727 3857/3303/2727 3856/3302/2726 3827/3269/2726
f 3779/431/2728 3778/3447/2729 3777/434/2601
f 3779/431/2728 3781/3333/2730 3780/3448/2731
f 3781/3333/2730 3771/2649/2610 3770/3450/2732
f 2166/2287/1564 2152/2235/1563 2153/2174/1476 2165/2173/1476
f 4602/431/2604 4600/434/2733 6228/433/2734 6231/432/2605
f 1392/870/589 1391/875/589 1395/874/590 1397/873/590
f 6579/3333/2735 6583/2649/2736 6588/2648/2736 6587/3334/2735
f 4229/434/311 4358/433/310 4356/1036/2133 4228/1037/2135
f 4236/2647/1766 3/3/2615 4353/701/2615 4362/1691/1767
f 3600/3/1873 4658/701/1873 3861/3437/2737
f 3600/3/1873 3861/3437/2737 3598/3157/2738
f 3772/2647/1874 3600/3/1873 3773/3449/1875
f 3861/3437/2739 4658/701/2739 3862/3438/2739
f 3858/156/1171 3857/3292/1171 3829/3271/1171 3828/157/2740
f 3858/156/2741 3828/157/2185 3859/158/2185 3860/159/2741
f 4671/3248/2145 4651/3256/2145 4652/3288/2205 4670/3294/2205
f 4666/3301/2742 4667/3305/2201 4655/3291/2201 4656/3302/2743
f 3863/2187/2197 3845/2188/2197 3847/3285/2744 3862/3295/2744
f 3863/2187/2197 3817/2190/2197 3864/2189/2197 3845/2188/2197
f 4665/2189/2745 4646/3284/2745 4645/2188/2745
f 4659/3299/2743 4656/3302/2743 4657/3303/2746
f 4749/3301/2747 4753/3300/2747 4751/3299/2747 4750/3302/2747
f 3865/3301/2196 3866/3305/2748 3855/3291/2748 3856/3302/2195
f 4276/3291/2749 4277/3290/2750 5046/3304/2750 5045/3305/2749
f 3867/3304/2751 3868/3293/2187 3853/3287/2187 3854/3290/2751
f 4768/3248/2208 4770/3294/2752 4769/3288/2752 4767/3256/2208
f 3849/3289/2202 3598/3297/2202 3861/3296/2753 3848/3286/2753
f 3599/3245/2203 3850/3255/2203 3851/3256/2754 3870/3248/2754
f 4650/3255/2144 4519/3245/2144 4672/3298/2209
f 4276/3291/2749 5045/3305/2749 5043/3301/2198 4274/3302/2198
f 3862/3438/2755 4658/701/1345 3863/702/2756
f 4156/3402/2300 4157/1126/2757 4185/3208/2757 4183/3199/2758
f 4353/701/505 4245/704/508 4395/1692/2759 4362/1691/2759
f 3825/1537/44 3864/1536/44 3817/3308/44 3816/3307/44
f 4797/1538/44 4796/1537/44 4754/1536/44 4756/1535/44
f 3599/3245/2760 3702/3246/2760 3601/3487/2760
f 3774/2995/24 3775/3237/24 3756/1498/24 3754/372/24
f 6731/1163/44 7131/1630/44 7130/206/44 6733/2223/44
f 4669/3293/2761 4712/3486/2761 4713/3488/2762 4670/3294/2762
f 4668/3304/2763 4711/3485/2763 4712/3486/2761 4669/3293/2761
f 5045/3305/2764 4347/3489/2764 4346/3392/2437 5043/3301/2436
f 4667/3305/2765 4666/3301/2766 4709/3392/2767 4710/3489/2765
f 4666/3301/2766 4661/3300/2767 4660/3393/2767 4709/3392/2767
f 4618/348/2768 4674/3311/2769 4675/622/2770
f 3815/3403/2213 3899/3463/2771 3897/3311/2214 3818/348/2213
f 4528/3186/2772 4530/664/2772 4739/663/2773 4535/3190/2773
f 4888/3191/2549 4889/3390/2549 4885/663/2774 4887/3190/2774
f 4531/3191/2775 4738/3390/2775 4737/3396/2551 4532/3193/2551
f 4162/663/2543 4195/3190/2543 4193/3191/2776 4164/3390/2776
f 3907/3326/2265 3908/3327/2264 3726/3205/2777 3728/3204/2778
f 4588/3396/2779 3716/3193/2779 3715/3191/2780 4587/3390/2780
f 4334/658/2351 4337/661/2578 4324/3332/2340 4323/3343/2352
f 4308/1681/2301 4156/3402/2300 4183/3199/2758 4182/3202/2781
f 4588/3396/2779 4589/3395/2782 3738/3212/2782 3716/3193/2779
f 5100/3490/2783 5099/3491/2784 5152/3492/2785 5153/3493/2786
f 3806/3320/2787 3902/3319/2787 3900/3315/2787 3804/3316/2787
f 4693/197/207 4694/196/2285 4579/3049/2286 4577/1842/2304
f 3814/3321/2787 3722/3405/2787 3721/3194/2787 3903/3322/2787
f 5730/1447/1019 5742/3494/2788 5732/1881/2789 5731/1448/1020
f 1763/1201/395 1760/3071/394 1776/1760/394 1775/1207/395
f 4293/255/178 4297/254/177 4296/1459/2790 4294/1323/960
f 3933/658/2365 3936/661/2298 3934/660/2297 3935/659/2791
f 4348/3350/2355 4349/3352/2792 4256/3278/2792 4255/3281/2355
f 4204/1257/2793 4203/641/464 4312/644/467 4313/1452/2581
f 3760/1256/2306 3916/475/2305 3914/1452/1045 3758/1257/2794
f 3939/197/130 3940/196/129 3768/3049/2795 3746/1842/2588
f 4583/595/1889 4715/252/902 6418/253/349 4585/596/2284
f 3926/252/412 3927/255/2287 3917/254/1123 3918/253/413
f 3927/255/2287 3928/1323/2288 3923/1459/1124 3917/254/1123
f 2931/2467/42 2932/2866/42 2918/2865/42 2920/2466/42
f 4688/660/2314 4573/823/2796 4570/1168/2315
f 4271/3266/2797 4318/350/2336 4244/351/2337 4272/1537/2798
f 4268/3265/1075 4323/3343/2352 4318/350/2336 4271/3266/2797
f 3839/3276/2799 3842/3275/2800 3702/2997/2801 3960/3354/2799
f 3945/3332/457 3936/661/2298 3933/658/2365 3944/3343/2343
f 3946/3330/2343 3937/3331/2802 3936/661/2298 3945/3332/457
f 5700/3495/2803 5713/3496/2804 5712/3497/2805 5699/3498/2806
f 3947/292/2367 3948/194/127 3939/197/130 3938/293/2587
f 238/439/316 248/443/320 239/442/319 226/440/317
f 3949/3344/2807 3942/623/448 3941/195/128 3948/194/127
f 3818/348/2808 3950/349/2809 3943/350/2556 3816/351/2555
f 3950/349/2809 3945/3332/457 3944/3343/2343 3943/350/2556
f 3950/349/2809 3954/621/2810 3951/3345/2342 3945/3332/457
f 4705/3345/2811 4700/3330/2248 4699/3332/731
f 4705/3345/2811 4706/3346/2345 4700/3330/2248
f 4854/3346/2812 4904/3330/2574 4852/292/2813 4853/3347/2814
f 4855/194/2567 4874/3344/2566 4853/3347/2814 4852/292/2813
f 3818/348/2808 3898/622/2815 3954/621/2810 3950/349/2809
f 3830/3270/2597 3955/3349/2597 3859/3353/2816 3828/157/2816
f 4349/3352/2792 4350/3351/2817 4259/3283/2817 4256/3278/2792
f 3834/3281/2818 3957/3350/2818 3956/3348/2596 3831/3273/2596
f 3835/3278/2819 3958/3352/2819 3957/3350/2818 3834/3281/2818
f 4351/3354/2820 4260/3276/2820 4259/3283/2817 4350/3351/2817
f 3838/3283/2821 3839/3276/2799 3960/3354/2799 3959/3351/2821
f 4335/659/2822 4334/658/2351 4267/3262/2353 4264/3261/2823
f 3843/3261/2824 3935/659/2791 3702/2997/2801 3842/3275/2800
f 3821/3262/2366 3933/658/2365 3935/659/2791 3843/3261/2824
f 4844/3499/58 4846/3500/58 4929/3501/58 4928/3502/58
f 3905/3499/58 3962/3503/58 3807/3502/58
f 3905/3499/58 3906/3504/58 3962/3503/58
f 5662/2281/2825 5664/2280/2826 5663/586/1404 5661/585/1403
f 137/203/136 140/251/174 138/2560/1712 139/132/73
f 4703/3344/2347 4696/623/2311 4695/195/2312 4702/194/206
f 4299/474/2827 4301/2455/2516 4300/2456/2515 4298/1458/2828
f 4720/2455/2271 4719/2456/2270 4721/2457/2829
f 4720/2455/2271 4721/2457/2829 4722/1454/2267
f 4721/2457/2829 4723/3323/2226 4722/1454/2267
f 3910/3329/2830 3921/3336/2263 3911/1454/1047 3904/3323/2231
f 4337/661/2578 4338/3331/2277 4325/3330/2352 4324/3332/2340
f 4835/3319/2831 4827/3329/2326 4824/3328/2832 4834/3322/2833
f 4833/3194/2834 4834/3322/2833 4824/3328/2832 4832/3195/2835
f 3908/3327/2264 3909/3328/2548 3724/3195/2547 3726/3205/2777
f 4721/2457/2829 4727/3325/2227 4723/3323/2226
f 3910/3329/2830 3904/3323/2231 3900/3315/2465 3902/3319/2836
f 3921/3336/2263 3910/3329/2830 3909/3328/2548 3908/3327/2264
f 3910/3329/2830 3902/3319/2836 3903/3322/2545 3909/3328/2548
f 4846/3318/2837 4844/3324/2838 4836/3323/2327 4845/3315/2075
f 4884/3186/2839 4887/3190/2774 4885/663/2774 4886/664/2839
f 3920/1681/2533 3907/3326/2265 3728/3204/2778 3730/3202/2840
f 4305/3328/2841 4306/3322/2842 4304/3319/2843 4303/3329/2844
f 4829/643/2244 4866/644/2088 4880/1650/2082 4879/642/1336
f 4565/1650/2845 4732/642/2259 4567/373/2846
f 4721/2457/2847 4719/2456/2847 6226/3355/2848 6227/3356/2847
f 4731/1681/2258 4733/3505/2052 4569/1682/2849
f 4524/374/2850 4569/1682/2849 4733/3505/2052
f 4734/3401/2851 4547/3199/2852 4549/3208/2853
f 4734/3401/2851 4546/3202/2854 4547/3199/2852
f 4734/3401/2851 4731/1681/2258 4546/3202/2854
f 4734/3401/2851 4733/3505/2052 4731/1681/2258
f 4734/3401/2851 4524/3402/2850 4733/3505/2052
f 2389/2420/1616 2366/2423/1616 2415/2477/1616 2383/2484/1616
f 3709/1126/2542 3733/3208/2542 3736/3210/2855 4590/1125/2855
f 4589/3395/2782 4590/1125/2855 3736/3210/2855 3738/3212/2782
f 4586/663/2856 3719/3190/2856 3712/3186/2857 3714/664/2857
f 4544/3204/2232 4546/3202/2854 4731/1681/2258 4730/3326/2233
f 4586/663/2856 4587/3390/2780 3715/3191/2780 3719/3190/2856
f 4531/3191/2775 4535/3190/2773 4739/663/2773 4738/3390/2775
f 4244/351/24 4247/348/24 4245/3403/24 4246/3404/24
f 4664/2187/2745 4645/2188/2745 4647/3285/2189 4663/3295/2189
f 5761/3506/2858 5752/3507/2859 5750/3508/2860 5760/3509/2861
f 3867/3304/2751 3854/3290/2751 3855/3291/2748 3866/3305/2748
f 277/99/54 278/111/54 275/100/54 276/98/54
f 4751/3299/2747 4752/3303/2747 4750/3302/2747
f 4754/2189/2862 4755/2188/2863 4756/3284/2862
f 4664/2187/2745 4617/2190/2745 4665/2189/2745 4645/2188/2745
f 4284/3285/2864 4285/2188/1482 5341/2187/1481 4355/3295/2864
f 4283/3286/2865 4284/3285/2864 4355/3295/2864 4354/3296/2865
f 4354/3296/2865 4242/3297/2866 4282/3289/2866 4283/3286/2865
f 4281/3255/2867 4282/3289/2866 4242/3297/2866 4243/3298/2868
f 4764/3255/2193 4765/3298/2192 4766/3245/2207
f 4280/3256/2869 4281/3255/2870 2/3245/2870 5049/3248/2869
f 4279/3288/2871 4280/3256/2869 5049/3248/2869 5048/3294/2871
f 4279/3288/2871 5048/3294/2871 5047/3293/2872 4278/3287/2872
f 3954/2458/12 3971/3510/12 3951/3511/12
f 3954/2458/12 4478/2459/12 3971/3510/12
f 4708/2458/12 4674/2461/12 4676/2460/12 6240/2459/12
f 3954/2458/12 3898/3512/12 3897/2461/12
f 4248/157/2873 4251/3270/2489 4249/3269/2489 4250/3271/2874
f 4619/3263/2173 4622/3268/2875 4620/3265/2875 4621/3262/2173
f 4252/3273/2488 4255/3281/2170 4254/3280/2169 4253/3272/2488
f 4268/3265/2876 4269/3268/2876 4266/3263/2102 4267/3262/2102
f 4256/3278/2168 4259/3283/2877 4258/3282/2877 4257/3279/2168
f 4260/3276/2878 4261/3277/2500 4258/3282/2877 4259/3283/2877
f 4260/3276/2878 4263/3275/2879 4262/3274/2879 4261/3277/2500
f 4264/3261/2157 4265/3264/2157 4262/3274/2879 4263/3275/2879
f 4780/3278/2485 4783/3283/2109 4782/3282/2109 4781/3279/2485
f 4633/3280/2494 4634/3281/2494 4631/3273/2167 4632/3272/2167
f 4268/3265/2876 4271/3266/2482 4270/3267/2481 4269/3268/2876
f 3823/3267/2713 3826/1538/2174 3825/1537/2174 3824/3266/2713
f 4629/3271/2093 4657/3303/2093 4656/3302/2880 4627/3269/2880
f 4253/3272/2483 4276/3291/2483 4274/3302/2881 4249/3269/2484
f 4250/3271/2714 4249/3269/2484 4274/3302/2881 4275/3303/2714
f 4258/3282/2109 4279/3288/2109 4278/3287/2485 4257/3279/2485
f 4265/3264/2106 4282/3289/2106 4281/3255/1130 4262/3274/1130
f 4777/3272/2488 4747/3291/2488 4750/3302/2496 4773/3269/2496
f 4266/3263/2105 4283/3286/2105 4282/3289/2106 4265/3264/2106
f 3836/3279/2176 3833/3280/2494 3854/3290/2494 3853/3287/2176
f 4632/3272/2096 4627/3269/2880 4656/3302/2880 4655/3291/2096
f 3822/3268/2624 3819/3263/2179 3848/3286/2179 3847/3285/2624
f 3822/3268/2624 3847/3285/2624 3845/2188/2882 3823/3267/2882
f 3826/1538/2883 3823/3267/2882 3845/2188/2882 3846/3284/2163
f 4027/390/24 4028/1637/24 4026/3513/24
f 4028/1637/24 4022/3514/24 4026/3513/24
f 4028/1637/24 4020/3515/24 4022/3514/24
f 4273/1538/24 4272/1537/24 4287/1536/24 4286/1535/24
f 4244/3307/24 4246/3308/24 4287/1536/24 4272/1537/24
f 4761/3437/2884 4742/703/2884 4741/704/2885
f 4761/3437/2884 4757/702/2886 4742/703/2884
f 4761/3437/2884 4759/3438/2886 4757/702/2886
f 4798/1691/2887 4741/704/2885 4799/1692/2887
f 4798/1691/2887 4800/3516/2888 4741/704/2885
f 4761/3437/2884 4741/704/2885 4800/3516/2888
f 4761/3437/2884 4800/3516/2888 4801/1/2884
f 4761/3437/2884 4801/1/2884 4766/2/2884
f 4761/3437/2884 4766/2/2884 4765/3158/2886
f 4761/3437/2884 4765/3158/2886 4763/3157/2886
f 4037/390/24 4036/3513/24 4038/1637/24
f 4038/1637/24 4036/3513/24 4031/3514/24
f 4038/1637/24 4031/3514/24 4030/3515/24
f 4124/699/2630 4127/698/2889 4090/3456/2630
f 4127/698/2889 4091/3457/2630 4090/3456/2630
f 7139/2678/1420 7136/2679/1420 7137/3084/1835 7140/3083/1835
f 7141/2407/38 7135/2408/38 7136/2679/1420 7139/2678/1420
f 5410/3383/2419 5411/3382/2418 5408/3385/2890 5409/2369/2891
f 4808/2406/372 4809/2409/372 4807/2408/1803 4806/2407/1803
f 4810/1888/2583 4811/1889/2583 4809/2409/372 4808/2406/372
f 4342/1205/2586 4212/1248/2585 4210/595/2892 4343/252/175
f 7/2790/1833 9/1442/66 8/1445/66 5/2791/1834
f 7147/204/399 7129/207/399 7130/206/1153 7146/205/1153
f 7147/204/399 7148/3087/1983 7128/3088/1983 7129/207/399
f 7148/3087/1983 7149/3465/2637 7127/3464/2637 7128/3088/1983
f 4305/3328/2841 4303/3329/2844 4311/3336/2893 4307/3327/2239
f 4302/1454/2517 4311/3336/2893 4303/3329/2844 4288/3323/2505
f 4302/1454/2517 4312/644/467 4310/643/466 4311/3336/2893
f 4309/3326/2236 4307/3327/2239 4311/3336/2893 4310/643/466
f 4166/3396/2523 4164/3390/2776 4193/3191/2776 4192/3193/2523
f 4307/3327/2239 4178/3205/2238 4176/3195/2894 4305/3328/2841
f 4305/3328/2841 4176/3195/2894 4175/3194/2895 4306/3322/2842
f 3920/1681/2533 3929/642/2290 3919/643/2262 3907/3326/2265
f 4303/3329/2844 4304/3319/2843 4289/3315/2450 4288/3323/2505
f 4837/2457/2896 4828/1454/2328 4836/3323/2327
f 4838/2455/2255 4828/1454/2328 4837/2457/2896
f 4838/2455/2255 4837/2457/2896 4839/2456/2564
f 3953/3347/2563 3949/3344/2807 3948/194/127 3947/292/2367
f 4297/254/177 4299/474/2827 4298/1458/2828 4296/1459/2790
f 4310/643/466 4315/642/465 4308/1681/2301 4309/3326/2236
f 4837/2457/2896 4836/3323/2327 4844/3325/2838
f 4290/3318/2897 4291/3324/2506 4288/3323/2505 4289/3315/2450
f 4832/3195/2835 4824/3328/2832 4826/3327/2525 4831/3205/2537
f 4849/3401/2474 4848/3202/2538 4843/1681/1335
f 4849/3401/2474 4850/3199/2474 4848/3202/2538
f 4849/3401/2474 4851/3208/2476 4850/3199/2474
f 386/669/485 393/668/485 394/766/485 391/765/485
f 3942/623/2898 3967/3359/2899 3966/3361/2900 3932/624/2901
f 5306/3517/2902 5307/3518/2903 5305/3519/2904 5304/3506/2905
f 102/248/171 103/257/180 109/163/100 111/165/102
f 4314/475/2906 4344/253/176 4208/596/2907 4206/1256/2908
f 4861/595/2909 4883/596/2528 4863/253/2527 4862/252/2582
f 1998/2319/20 2163/2318/20 2176/3520/47 1995/3521/47
f 4344/253/176 4343/252/175 4210/595/2892 4208/596/2907
f 376/436/313 372/485/356 374/490/361 368/437/314
f 4297/254/177 4344/253/176 4314/475/2906 4299/474/2827
f 4852/292/2813 4903/293/1729 4856/197/1732 4855/194/2567
f 5235/3522/2910 5229/3523/2911 5228/3524/2912 5234/3525/2913
f 4342/1205/2586 4333/625/959 4331/195/2333 4341/196/2526
f 4861/595/2909 4862/252/2582 4860/1205/2308 4859/1248/2307
f 3750/2366/2061 3751/3235/2061 3748/823/1807 3749/824/1807
f 3591/3526/583 3593/1837/1288 3592/1840/1288 3590/3527/583
f 4333/625/959 4295/624/958 4332/623/2334 4331/195/2333
f 4841/1458/2565 4870/1459/2568 4842/254/2571 4840/474/2256
f 4875/374/2475 4876/3505/2478 4877/1682/1338
f 4843/1681/1335 4877/1682/1338 4876/3505/2478
f 4731/1681/2258 4569/1682/2849 4567/373/2846 4732/642/2259
f 4659/156/1161 4657/3292/1161 4629/3271/1161 4628/157/2914
f 6421/644/2266 4565/1650/2915 4563/1257/2282 6420/1452/2281
f 4206/1256/2908 4204/1257/2793 4313/1452/2581 4314/475/2906
f 5422/1699/1373 5423/3528/2916 5277/3529/2916 5274/1700/1374
f 4878/373/1337 4879/642/1336 4880/1650/2082
f 4894/3210/2917 4851/3208/2476 4896/1126/2476 4895/1125/2917
f 4552/3210/2521 4735/1125/2521 4525/1126/2853 4549/3208/2853
f 4892/3212/2918 4893/3395/2918 4890/3396/2550 4891/3193/2550
f 4308/1681/2301 4182/3202/2781 4180/3204/2237 4309/3326/2236
f 4168/3395/2524 4190/3212/2524 4188/3210/2919 4170/1125/2919
f 4157/1126/2757 4170/1125/2919 4188/3210/2919 4185/3208/2757
f 4734/3401/2851 4549/3208/2853 4525/1126/2853 4524/3402/2850
f 4849/3401/2474 4876/3505/2478 4875/3402/2475
f 4849/3401/2474 4843/1681/1335 4876/3505/2478
f 6736/67/44 7128/3088/44 7127/3464/44 6738/66/44
f 4141/1163/24 4139/1162/24 4813/1629/24 4815/1630/24
f 4387/2223/44 4389/520/44 4401/207/44 4402/206/44
f 4385/1163/44 4387/2223/44 4402/206/44 4404/1630/44
f 6731/1163/44 6729/1162/44 7132/1629/44 7131/1630/44
f 6729/1162/44 6726/2710/44 7133/1889/44 7132/1629/44
f 5922/2710/24 6123/1889/24 6125/2409/24 5921/3052/24
f 4379/3052/44 4410/2409/44 4412/2408/44 4377/3053/44
f 5919/3053/24 6127/2408/24 6129/2679/24 5917/3078/24
f 4245/3403/2635 4247/348/2634 4394/3311/2636 4395/3463/2635
f 5253/3497/2920 5269/627/452 5268/3530/2921 5267/3531/2922
f 4618/348/253 4675/622/2923 4708/621/2924 4704/349/254
f 4363/1039/2134 4356/1036/2627 4370/635/2626 4369/634/2338
f 4339/293/2280 4218/826/2279 4216/1842/2925 4340/197/2330
f 5172/3532/2926 5181/3533/2927 5165/3534/2928 5164/3535/2929
f 4900/3345/2554 4904/3330/2574 4854/3346/2812
f 4900/3345/2554 4905/3332/2134 4904/3330/2574
f 4323/3343/2352 4324/3332/2340 4319/349/447 4318/350/2336
f 4643/3261/2930 4689/659/2313 4517/2997/2316 4642/3275/2361
f 646/1130/2931 647/1121/1136 645/1131/1139 644/1006/1139
f 4635/3278/2357 4712/3352/2357 4711/3350/2932 4634/3281/2932
f 4699/3332/731 4690/661/2137 4687/658/2324 4698/3343/2322
f 4724/3329/2247 4729/3336/2261 4722/1454/2267 4723/3323/2226
f 3937/3331/2802 3938/293/2587 3745/826/2589 3748/823/2933
f 3937/3331/2802 3748/823/2933 3751/3235/2296 3936/661/2298
f 4912/3235/2579 4908/661/481 4913/660/480
f 4336/660/2576 4337/661/2578 4334/658/2351 4335/659/2822
f 3935/659/2791 3934/660/2297 3753/1168/2317 3702/2997/2801
f 4912/3235/2579 4913/660/480 4915/1168/2598
f 4345/3353/2934 4346/3349/2935 4251/3270/2935 4248/157/2934
f 3838/3283/2821 3959/3351/2821 3958/3352/2819 3835/3278/2819
f 4621/3262/2325 4687/658/2324 4689/659/2313 4643/3261/2930
f 4634/3281/2932 4711/3350/2932 4710/3348/2349 4631/3273/2349
f 4346/3349/2935 4347/3348/2354 4252/3273/2354 4251/3270/2935
f 4638/3283/2356 4639/3276/2360 4714/3354/2360 4713/3351/2356
f 4151/2997/2936 4263/3275/2937 4260/3276/2820 4351/3354/2820
f 4151/2997/2936 4335/659/2822 4264/3261/2823 4263/3275/2937
f 3943/350/2556 3944/3343/2343 3820/3265/2367 3824/3266/2557
f 4924/633/2938 4925/3226/2623 4926/1507/2938
f 4924/633/2938 4927/3224/2103 4925/3226/2623
f 4928/1036/2705 4929/3249/2939 4930/635/2705
f 4928/1036/2705 4930/635/2705 4931/632/2705
f 1007/1102/868 979/1103/868 977/1040/814 1008/1104/813
f 4933/3221/2104 4924/633/2124 4932/634/2704
f 4933/3221/2104 4927/3224/2103 4924/633/2124
f 4366/3224/2108 4364/3221/2158 4177/3222/2725 4179/3223/2105
f 3727/3223/2179 3811/3224/2132 3810/3226/2131 3729/3225/2172
f 642/1122/817 593/1086/820 610/1085/1137 648/1108/1137
f 4938/3455/2940 4939/1508/2941 4937/3536/2501
f 4926/1507/2942 4937/3536/2501 4939/1508/2941
f 4926/1507/2942 4925/3226/2623 4937/3536/2501
f 4932/634/2943 4940/3220/2149 4933/3221/2104
f 4364/3221/2158 4367/3220/2152 4173/3219/2154 4177/3222/2725
f 4955/3358/2373 4956/3365/2944 4326/3346/2945 4328/3347/2374
f 4932/634/2946 4943/3257/2625 4940/3220/2149
f 4931/632/2705 4924/633/2124 4944/3236/2125
f 1498/821/967 1509/822/967 1508/557/393 1499/558/43
f 3787/12/1714 3798/15/1714 3800/14/582 3789/13/2394
f 7121/3355/2947 4839/2456/2948 4837/2457/2949 6590/3356/2950
f 4719/2456/2847 4717/1458/2951 6229/3342/2952 6226/3355/2848
f 4717/1458/2951 4685/1459/2953 6230/3341/2954 6229/3342/2952
f 7118/3360/2955 4871/1323/2955 4870/1459/2293 7119/3341/2292
f 7120/3342/2295 4841/1458/2294 4839/2456/2948 7121/3355/2947
f 7117/3361/2956 7116/3359/2957 4873/623/2958 4872/624/2959
f 7116/3359/2957 7115/3357/2960 4874/3344/2961 4873/623/2958
f 7115/3357/2960 7114/3358/2962 4853/3347/2963 4874/3344/2961
f 7114/3358/2962 7113/3365/2964 4854/3346/2965 4853/3347/2963
f 7113/3365/2964 6608/3364/2966 4900/3345/2967 4854/3346/2965
f 4615/3403/2768 4676/3463/2968 4674/3311/2769 4618/348/2768
f 4743/348/2632 4901/622/2631 4958/3311/2633
f 4956/3365/24 4362/3471/24 4957/3364/24
f 4956/3365/24 4361/3470/24 4362/3471/24
f 4956/3365/24 4955/3358/24 4361/3470/24
f 4954/3357/24 4361/3470/24 4955/3358/24
f 4954/3357/24 4360/3469/24 4361/3470/24
f 4954/3357/24 4953/3359/24 4360/3469/24
f 4952/3361/24 4360/3469/24 4953/3359/24
f 4952/3361/24 4359/3468/24 4360/3469/24
f 4952/3361/24 4951/3360/24 4359/3468/24
f 4950/3341/24 4359/3468/24 4951/3360/24
f 4950/3341/24 4358/3467/24 4359/3468/24
f 4950/3341/24 4949/3342/24 4358/3467/24
f 4948/3355/24 4358/3467/24 4949/3342/24
f 4948/3355/24 4356/3466/24 4358/3467/24
f 4948/3355/24 4947/3356/24 4356/3466/24
f 4029/3366/2969 4032/1635/2969 4030/1638/2428 4031/3367/2970
f 4959/3369/44 4963/1636/44 4962/3370/44
f 4959/3369/44 4964/3368/44 4963/1636/44
f 4964/3368/44 4965/391/44 4963/1636/44
f 6977/1460/2500 6742/1461/2500 4939/1462/2941 4938/1463/2940
f 6978/3227/2708 6748/3228/2499 6742/1461/2500 6977/1460/2500
f 4553/3454/2718 4551/3227/2180 4559/3228/2180 4558/3453/2181
f 4533/3451/2715 4553/3454/2718 4558/3453/2181 4557/3452/2182
f 6981/3217/2488 6745/3218/2488 6746/3452/2497 6980/3451/2169
f 6982/3214/2971 6743/3215/2489 6745/3218/2488 6981/3217/2488
f 3713/3213/2166 3720/3214/2165 3739/3215/2165 3711/3216/2166
f 4420/3367/2972 4425/3372/2973 4423/3371/2974 4418/3366/2973
f 6595/388/2975 6597/391/2975 6599/390/2975 6598/389/2975
f 3589/3151/2046 3591/3526/583 3590/3527/583 3588/3152/2046
f 252/450/416 258/449/2976 308/3537/2976 397/597/417
f 4600/3238/44 4561/1255/44 4560/1254/44 4599/2904/44
f 4973/3368/44 4974/1636/44 4975/391/44
f 4969/3369/44 4974/1636/44 4973/3368/44
f 4969/3369/44 4971/3370/44 4974/1636/44
f 5421/1702/1375 5273/1701/1375 5324/3538/2977 5419/3539/2977
f 4423/388/2978 4425/389/2978 4426/390/2978 4424/391/2978
f 2039/759/20 2040/2748/47 2115/2242/47 2114/2468/20
f 6607/391/2979 6610/390/2979 6611/1637/2409 6605/1636/2408
f 5468/3230/2980 5469/3540/2981 5527/3541/2981 5526/3542/2980
f 5489/3231/2982 5547/3543/2982 5546/3542/2983 5488/3230/2983
f 5489/3231/2982 5492/3230/2984 5550/3542/2984 5547/3543/2982
f 4989/3544/2985 4991/3545/2986 4990/3546/2986 4988/3547/2985
f 5493/3540/2987 5495/3544/2988 5553/3547/2988 5551/3541/2987
f 5506/3546/2989 5553/3547/2988 5495/3544/2988 5497/3545/2989
f 5458/3545/2990 5516/3546/2990 5513/3548/2991 5503/3549/2991
f 5488/3230/2983 5546/3542/2983 5544/3541/2992 5486/3540/2992
f 5469/3540/2981 5471/3544/2993 5529/3547/2993 5527/3541/2981
f 5471/3544/2993 5473/3545/2994 5531/3546/2994 5529/3547/2993
f 4994/3540/2995 4997/3544/2996 4996/3547/2996 4995/3541/2995
f 5003/3550/2997 5005/3549/2998 5004/3548/2998 5002/3551/2997
f 4982/3231/2999 4985/3230/3000 4984/3542/3000 4983/3543/2999
f 5482/3545/3001 5540/3546/3001 5537/3548/3002 5479/3549/3002
f 4997/3544/2996 4999/3545/3003 4998/3546/3003 4996/3547/2996
f 5486/3540/2992 5544/3541/2992 5542/3547/3004 5484/3544/3004
f 5458/3545/3005 5505/3552/3005 5459/3553/2110 5460/3544/2111
f 5011/3554/3006 5033/3555/3006 5012/3549/3006 5013/3550/3006
f 5012/3549/3006 5033/3555/3006 5032/3552/3007 5031/3545/3007
f 5501/3554/3005 5504/3555/3005 5503/3549/3005 5502/3550/3005
f 5027/3540/3007 5028/3556/3007 5025/3229/3007 5026/3230/3007
f 5491/3229/3008 5494/3556/3008 5493/3540/3008 5492/3230/3008
f 5463/3229/2110 5466/3232/2111 5465/3231/2111 5464/3230/2110
f 5472/3553/2111 5474/3552/3009 5473/3545/3009 5471/3544/2111
f 5494/3556/3008 5496/3553/3010 5495/3544/3010 5493/3540/3008
f 5487/3229/3008 5488/3230/3008 5486/3540/3008 5485/3556/3008
f 5023/3231/3011 5026/3230/3007 5025/3229/3007 5024/3232/3011
f 5487/3229/3008 5490/3232/3012 5489/3231/3012 5488/3230/3008
f 5029/3544/3007 5030/3553/3007 5028/3556/3007 5027/3540/3007
f 4987/3540/3013 4985/3230/3014 5019/3229/3014 5018/3556/3013
f 5496/3553/3010 5498/3552/3010 5497/3545/3010 5495/3544/3010
f 5498/3552/3010 5500/3555/3005 5499/3549/3005 5497/3545/3010
f 5491/3229/3008 5492/3230/3008 5489/3231/3012 5490/3232/3012
f 5467/3229/2110 5470/3556/2111 5469/3540/2111 5468/3230/2110
f 4997/3544/3015 4994/3540/3007 5021/3556/3007 5020/3553/3015
f 5483/3553/3008 5484/3544/3008 5482/3545/3008 5481/3552/3008
f 5474/3552/3009 5476/3555/3016 5475/3549/3009 5473/3545/3009
f 5477/3554/3016 5478/3550/3016 5475/3549/3009 5476/3555/3016
f 5005/3549/3017 5003/3550/3015 5040/3554/3015 5039/3555/3017
f 5481/3552/3008 5482/3545/3008 5479/3549/3009 5480/3555/3009
f 4749/3301/3018 4918/3392/3019 4917/3393/3020 4753/3300/3020
f 4748/3305/3021 4919/3489/3021 4918/3392/3019 4749/3301/3018
f 3866/3305/3022 3865/3301/3023 3955/3392/3024 3956/3489/3022
f 4744/3304/3025 4771/3293/3026 4921/3486/3026 4920/3485/3025
f 3868/3293/2701 3958/3486/2701 3959/3488/3027 3869/3294/3027
f 4671/3248/3028 4670/3294/2762 4713/3488/2762 4714/3247/3028
f 4519/3245/3028 4671/3248/3028 4714/3247/3028 4517/3246/3028
f 2/3245/3029 4243/3487/3029 4151/3246/3029
f 5523/3543/3030 5526/3542/3031 5525/3310/3031 5524/3309/3030
f 5547/3543/3032 5550/3542/3033 5549/3310/3033 5548/3309/3032
f 5551/3541/3034 5552/3557/3034 5549/3310/3033 5550/3542/3033
f 5553/3547/3035 5508/3558/3035 5552/3557/3034 5551/3541/3034
f 6692/3546/3036 6693/3547/3037 5089/3558/3038 5087/3559/3036
f 5509/3548/3039 5510/3560/3040 5507/3559/3041 5506/3546/3041
f 5513/3548/3042 5514/3560/3043 5511/3561/3044 5512/3551/3044
f 5533/3548/3045 5536/3551/3046 5535/3561/3046 5534/3560/3045
f 5540/3546/3047 5542/3547/3048 5541/3558/3048 5539/3559/3047
f 5533/3548/3045 5534/3560/3045 5532/3559/3049 5531/3546/3049
f 5509/3548/3039 5512/3551/3044 5511/3561/3044 5510/3560/3040
f 5537/3548/3050 5538/3560/2890 5535/3561/3046 5536/3551/3046
f 5537/3548/3050 5540/3546/3047 5539/3559/3047 5538/3560/2890
f 5531/3546/3049 5532/3559/3049 5530/3558/3051 5529/3547/3052
f 5523/3543/3030 5524/3309/3030 5521/3310/3053 5522/3542/3053
f 5051/3310/3054 4980/3542/3054 4983/3543/3055 5050/3309/3055
f 5089/3558/2904 5091/3557/3056 5090/2531/3056 5088/2530/2904
f 5548/3309/3057 5549/3310/3058 5576/1850/3058 5575/1849/3057
f 5552/3557/3059 5577/2531/3060 5576/1850/3058 5549/3310/3058
f 5508/3558/3051 5561/2530/3051 5577/2531/3060 5552/3557/3059
f 5515/3559/3061 5517/3558/3048 5566/2530/3062 5565/1425/3061
f 5055/3559/3063 5072/1425/3063 5071/2530/3064 5054/3558/3064
f 5519/3557/3065 5521/3310/3066 5568/1850/3066 5567/2531/3065
f 5538/3560/3067 5570/1422/3067 5559/1577/3068 5535/3561/3068
f 5532/3559/3069 5557/1425/3069 5556/2530/3070 5530/3558/3070
f 5538/3560/3067 5539/3559/3071 5571/1425/3071 5570/1422/3067
f 5084/3560/3072 5085/1422/3072 5083/1577/3073 5057/3561/3073
f 5062/3561/3074 5078/1577/3074 5077/1422/3075 5061/3560/3075
f 5514/3560/3076 5515/3559/3061 5565/1425/3061 5564/1422/3076
f 5065/3558/3038 5066/3557/3077 5082/2531/3077 5081/2530/3038
f 5541/3558/3078 5543/3557/3079 5573/2531/3079 5572/2530/3078
f 5528/3557/3080 5555/2531/3080 5554/1850/3081 5525/3310/3081
f 5514/3560/3076 5564/1422/3076 5563/1577/3082 5511/3561/3082
f 5510/3560/3083 5562/1422/3083 5560/1425/3084 5507/3559/3084
f 5561/2530/3051 5508/3558/3051 5507/3559/3084 5560/1425/3084
f 5054/3558/3064 5071/2530/3064 5070/2531/3085 5053/3557/3086
f 5053/3557/3086 5070/2531/3085 5069/1850/3087 5052/3310/3088
f 5548/3309/3057 5575/1849/3057 5574/1850/3089 5545/3310/3089
f 5050/3309/3090 5052/3310/3088 5069/1850/3087 5067/1849/3090
f 5543/3557/3079 5545/3310/3089 5574/1850/3089 5573/2531/3079
f 5329/601/3091 5416/3562/3091 5420/3563/3092 5330/3564/3092
f 5140/3565/1629 5141/3566/3093 5139/3567/3094 5138/3568/3095
f 5138/3568/3095 5139/3567/3094 5137/3569/3096 5136/3570/3097
f 5136/3570/3097 5137/3569/3096 5135/611/3098 5134/3571/3099
f 5123/3572/3100 5125/3573/3101 5124/3574/3102 5122/3575/3100
f 5618/3576/3103 5619/3577/3104 5617/3578/3105 5616/610/3106
f 5580/3579/3107 5579/3580/2999 5860/3581/3108 5779/3582/3109
f 5591/3491/3110 5593/3490/3111 5592/3583/3111 5590/3584/3110
f 5328/604/1578 5418/2328/1577 5416/3562/3091 5329/601/3091
f 5599/3585/3112 5601/3586/3113 5600/3587/3114 5598/3588/3112
f 5326/3589/3115 5449/3590/3116 5417/2327/1576 5327/2326/1575
f 5325/3591/3117 5450/3592/3117 5449/3590/3116 5326/3589/3115
f 5317/3582/2982 5453/3581/2982 5450/3592/3117 5325/3591/3117
f 5620/3593/3118 5623/3594/3119 5622/3595/3120 5621/3596/3118
f 5127/3595/3121 5129/3596/3122 5128/3593/3122 5126/3594/3121
f 5109/3597/3123 5111/3598/2982 5110/3599/2982 5108/3600/3124
f 5107/1457/1094 5109/3597/3123 5108/3600/3124 5106/608/1094
f 5121/3588/3125 5123/3572/3100 5122/3575/3100 5120/3601/3126
f 5587/607/3127 5589/2980/3128 5588/3602/3129 5586/1456/3127
f 5610/3567/3130 5611/3568/3131 5609/3565/3132 5608/3566/3132
f 2258/2236/1508 2118/3410/2530 2183/2377/3133 2193/2374/3134
f 312/675/487 204/674/486 213/340/246 311/309/245
f 5430/3603/3135 5293/3604/3136 5294/3605/3137 5425/3606/3138
f 5366/3607/3139 5365/3608/3140 5153/3493/3141 5168/3609/3139
f 5917/3078/24 6129/2679/24 6131/3084/24 5915/3386/24
f 5143/2937/3142 5150/2940/3143 5240/3477/3144 5141/3566/3145
f 5141/3566/3145 5240/3477/3144 5239/3610/3146 5139/3567/3147
f 5139/3567/3147 5239/3610/3146 5238/3611/3148 5137/3569/3149
f 5137/3569/3149 5238/3611/3148 5232/612/3150 5135/611/3151
f 5787/3591/3152 5781/3612/3153 5780/3613/3154 5779/3582/3155
f 5631/3614/3156 5624/3615/3157 5581/3599/3158 5580/3616/3159
f 4363/1039/2134 4369/634/2338 4368/3257/2153 4367/3220/2152
f 5246/1563/1269 5262/3617/3160 5219/3618/3161 5221/1564/1270
f 5633/3619/3162 5634/3620/3163 5625/3621/3164 5624/3615/3157
f 5320/3622/3165 5314/3623/3166 5315/354/3167 5319/3612/3168
f 5698/3624/3060 5699/3498/2806 5710/3625/3169 5709/3626/3170
f 5252/3498/3171 5253/3497/2920 5267/3531/2922 5266/3627/3172
f 5697/3628/3173 7013/3629/3174 7012/3477/2683 7011/3476/2682
f 5271/2877/3175 5268/3530/2921 5269/627/452 5272/626/451
f 5153/3493/2786 5167/3630/3176 5168/3609/3177
f 5736/3631/3178 5739/3632/3179 5738/3633/3180 5737/626/3181
f 5234/3525/2913 5228/3524/2912 5227/3634/3182 5233/3635/3183
f 5233/3635/3183 5227/3634/3182 5224/3636/3184 5222/3637/3185
f 5645/3638/3186 5646/3639/3035 5636/3640/3187 5635/3641/3188
f 5762/3517/3189 5754/3518/3190 5752/3507/2859 5761/3506/2858
f 2887/1227/3191 2888/1902/3192 3173/2836/3192 3172/2834/3191
f 5248/3642/3193 5250/3643/3194 5249/3644/3195 5245/3645/3196
f 5175/3646/3197 5176/3647/3198 5171/3648/3199
f 5176/3647/3198 5177/3649/3200 5171/3648/3199
f 5170/3638/3201 5171/3648/3199 5177/3649/3200
f 5170/3638/3201 5177/3649/3200 5178/3650/3202
f 5170/3638/3201 5178/3650/3202 5173/3651/3203
f 5178/3650/3202 5179/3254/3204 5173/3651/3203
f 5180/3253/3205 5173/3651/3203 5179/3254/3204
f 5229/3523/2911 5206/3652/3206 5201/3653/3207 5228/3524/2912
f 5656/3523/3208 5697/3628/3173 7011/3476/2682 7010/3654/3209
f 5761/3506/2858 5766/3655/3210 5765/3656/3211 5764/3657/3212
f 5147/1419/998 5146/3658/3213 5209/687/3214 5231/1420/999
f 5736/3631/3178 5716/628/3215 5718/705/3216 5735/3659/3217
f 5209/687/3214 5146/3658/3213 5211/3660/3218 5210/688/3219
f 5759/3661/3220 5760/3509/2861 5746/3662/3221 5745/3663/3222
f 5209/687/3214 5210/688/3219 5208/685/3223 5207/686/3224
f 5285/3664/3225 5283/1881/1387 5294/3605/3226 5293/3604/3227
f 5297/3665/3228 5299/3666/3229 5298/3667/3230 5275/3668/3231
f 5230/3654/3232 5207/686/3224 5206/3652/3206 5229/3523/2911
f 5756/3669/3233 5719/3670/3234 5717/3671/3235 5702/3672/3236
f 5766/3655/3210 5767/3062/1993 5772/3061/1992 5765/3656/3211
f 5258/3063/3237 5259/1978/2639 5257/3670/3238 5256/3669/3239
f 6622/32/1164 6623/35/1164 6621/77/232 6620/78/232
f 5256/3669/3239 5336/3673/3240 5335/3060/3241 5258/3063/3237
f 5304/3506/2905 5333/3655/3242 5332/3656/3243 5331/3657/3244
f 5201/3653/3207 5202/3674/3245 5203/3675/3246
f 5202/3674/3245 5204/3676/3247 5203/3675/3246
f 5196/586/406 5216/2280/1556 5188/3677/3248 5194/3252/3249
f 5194/3252/3249 5188/3677/3248 5193/3678/3250 5180/3253/3205
f 5719/3670/3234 5720/3679/3251 5718/705/3216 5717/3671/3235
f 5257/3670/3238 5286/3679/3252 5288/705/509 5255/3671/3253
f 5735/3659/3217 5734/3664/3254 5741/3604/3255 5740/3680/3256
f 5190/786/3257 5214/2588/1727 5191/1916/3258 5187/787/3259
f 5258/3063/3237 5335/3060/3241 5334/3061/3260 5260/3681/3261
f 5744/1883/1425 5745/3663/3222 5729/1449/1021 5731/1448/1020
f 5664/2280/2826 7006/1919/1412 5651/3682/3262 5665/3677/3263
f 5191/1916/3258 5214/2588/1727 5213/1918/1728 5212/1915/3264
f 5259/1978/2639 5284/1882/1388 5286/3679/3252 5257/3670/3238
f 5190/786/3257 5189/3682/3265 5215/1919/1555 5214/2588/1727
f 6460/1641/299 6462/1659/905 6461/1662/905 6459/1644/299
f 1215/1251/1295 1201/1250/1295 1200/1409/1300 1214/1602/1300
f 5705/3683/3266 5618/3576/3267 5616/610/432 5704/609/431
f 5781/3612/3153 5777/354/259 5778/353/258 5780/3613/3154
f 5132/3578/3098 5133/610/3098 5131/3576/3121 5130/3684/3121
f 5223/1565/1271 5224/3636/3184 5225/3685/3268
f 5226/3686/3269 5225/3685/3268 5224/3636/3184
f 5227/3634/3182 5226/3686/3269 5224/3636/3184
f 5227/3634/3182 5204/3676/3247 5226/3686/3269
f 5227/3634/3182 5203/3675/3246 5204/3676/3247
f 5173/3651/3203 5180/3253/3205 5172/3532/2926 5170/3638/3201
f 5658/3653/3270 5683/3687/3271 5656/3523/3208 5657/3652/3272
f 5760/3509/2861 5750/3508/2860 5747/3665/3273 5746/3662/3221
f 5169/3688/3274 5192/3689/3275 5185/3690/3276 5184/785/3277
f 1673/1109/842 1674/1114/841 1621/1044/1131 1619/1063/842
f 5106/608/3278 5108/3600/3279 5157/3621/3280 5156/605/3281
f 5162/3620/3282 5163/3641/3283 5156/605/3281 5157/3621/3280
f 5250/3643/3194 5244/3691/3284 5251/3624/3085 5249/3644/3195
f 5754/3518/3190 5755/3623/3285 5753/3408/2519 5752/3507/2859
f 4904/3330/2574 4909/3331/2573 4903/293/1729 4852/292/2813
f 5181/3533/2927 5192/3689/3275 5166/3692/3286 5165/3534/2928
f 5747/3665/3273 5749/3693/3287 5748/3667/3288 5725/3668/3289
f 5169/3688/3274 5183/3694/3290 5168/3609/3177 5167/3630/3176
f 243/233/564 393/810/563 392/613/436 222/234/435
f 5163/3641/3283 5164/3535/2929 5155/606/1904 5156/605/3281
f 5164/3535/2929 5165/3534/2928 5154/2981/1905 5155/606/1904
f 5165/3534/2928 5166/3692/3286 5152/3492/2785 5154/2981/1905
f 5715/627/3291 5737/626/3181 5721/2877/3292 5714/3530/3293
f 5150/2940/3143 5148/1418/997 5237/1421/1000
f 7014/3695/3294 5612/3569/3295 5610/3567/3296 7013/3629/3174
f 4824/3328/2832 4827/3329/2326 4825/3336/2329 4826/3327/2525
f 5792/3564/3297 5786/3538/3298 5785/602/424 5791/601/423
f 5228/3524/2912 5201/3653/3207 5203/3675/3246 5227/3634/3182
f 5642/3696/3299 5643/3646/3300 5633/3619/3162 5632/3697/3301
f 5312/352/3302 5316/353/3303 5315/354/3167 5310/355/3304
f 5685/3698/3305 5684/3699/3306 5698/3624/3060 5689/3644/3307
f 5163/3641/3283 5162/3620/3282 5171/3648/3199 5170/3638/3201
f 3946/3330/2343 3947/292/2367 3938/293/2587 3937/3331/2802
f 5304/3506/2905 5305/3519/2904 5300/3508/3308 5303/3509/3309
f 5669/3252/2139 5665/3677/3263 5666/3700/3310 5667/3253/2140
f 5260/3681/3261 5333/3655/3242 5302/3661/3311 5261/1979/2638
f 1379/856/577 1527/854/577 1528/853/1322 1375/867/1322
f 5690/3645/3312 5692/1563/3313 5691/1562/3314 5688/3642/3315
f 323/799/547 324/620/443 232/619/442 231/800/548
f 5632/3697/3301 5633/3619/3162 5624/3615/3157 5631/3614/3156
f 5220/609/3316 5222/3637/3185 5221/1564/1270 5219/3618/3161
f 5319/3612/3168 5315/354/3167 5316/353/3303 5318/3613/3317
f 5321/3409/3318 5313/3408/3319 5314/3623/3166 5320/3622/3165
f 5322/603/3320 5301/3407/3321 5313/3408/3319 5321/3409/3318
f 5323/602/3322 5299/3666/3229 5301/3407/3321 5322/603/3320
f 5300/3508/3308 5301/3407/3321 5299/3666/3229 5297/3665/3228
f 5324/3538/3323 5298/3667/3230 5299/3666/3229 5323/602/3322
f 2810/2854/44 2797/2848/44 2847/877/44 2844/2903/44
f 5628/3701/3324 5629/3492/3325 5591/3491/3326 5589/2980/3327
f 5710/3625/3169 5711/3531/3328 5601/3586/3329 5599/3585/3330
f 5709/3626/3170 5710/3625/3169 5599/3585/3330 5597/3702/3331
f 5708/3703/3332 5709/3626/3170 5597/3702/3331 5596/3574/3333
f 5325/3591/3334 5319/3612/3168 5318/3613/3317 5317/3582/3335
f 5706/3617/3336 5707/3704/3337 5623/3594/3338 5620/3593/3339
f 5779/3582/3155 5780/3613/3154 5631/3705/3156 5580/3579/3159
f 5641/3688/3340 7015/3694/3341 5640/3706/3342 5639/3707/3343
f 5287/706/510 5292/3708/3344 5291/3709/3345 5289/629/454
f 7029/3660/3346 7021/688/495 7022/687/494 7028/3658/3347
f 5285/3664/3225 5286/3679/3252 5284/1882/1388 5283/1881/1387
f 7007/1920/1413 7008/685/492 7021/688/495 7020/1918/1409
f 6217/1295/29 6220/2554/11 6219/2555/11 6218/1296/29
f 5282/1883/1389 5295/3663/3348 5279/1449/3349 5281/1448/1390
f 5735/3659/3217 5718/705/3216 5720/3679/3251 5734/3664/3254
f 5296/3710/3350 5297/3665/3228 5275/3668/3231 5276/3711/3351
f 7010/3654/3209 7011/3476/2682 7024/1421/2685 7023/1420/3352
f 5271/2877/3175 5272/626/451 5290/3633/3353
f 5275/3668/3231 5298/3667/3230 5273/1701/3354 5274/1700/3355
f 5650/785/531 7016/788/534 7015/3694/3341 5641/3688/3340
f 5184/785/3277 5190/786/3257 5187/787/3259 5186/788/3356
f 5280/1447/3357 5281/1448/1390 5279/1449/3349 5278/1450/3358
f 1451/1513/12 1452/1514/12 1450/1515/578 1449/1516/578
f 4771/3293/3359 4746/3287/3359 4769/3288/2752 4770/3294/2752
f 5660/3712/3360 5657/3652/3272 7009/686/493 7008/685/492
f 5261/1979/2638 5302/3661/3311 5295/3663/3348 5282/1883/1389
f 1482/1353/956 1469/1331/956 1467/113/57 1480/112/57
f 5189/3682/3265 5188/3677/3248 5216/2280/1556 5215/1919/1555
f 5287/706/510 5288/705/509 5286/3679/3252 5285/3664/3225
f 5649/3690/3361 5650/785/531 5641/3688/3340 5648/3689/3362
f 5648/3689/3362 5641/3688/3340 5639/3707/3343 5638/3713/3363
f 5646/3639/3035 5647/3533/3364 5637/3534/3365 5636/3640/3187
f 5759/3661/3220 5758/1979/1424 5767/3062/1993 5766/3655/3210
f 5207/686/3224 5208/685/3223 5205/3714/3366 5206/3652/3206
f 5717/3671/3235 5718/705/3216 5716/628/3215 5713/3496/2804
f 375/291/204 388/290/203 307/3715/3367 306/446/323
f 5683/3687/3271 5658/3653/3270 5676/3716/3368 5678/3717/3369
f 5307/3518/2903 5306/3517/2902 5308/3718/3370
f 5307/3518/2903 5308/3718/3370 5309/3719/3371
f 5307/3518/2903 5309/3719/3371 5310/355/3304
f 5309/3719/3371 5311/3720/3372 5310/355/3304
f 5312/352/3302 5310/355/3304 5311/3720/3372
f 5752/3507/2859 5753/3408/2519 5751/3407/2518 5750/3508/2860
f 5684/3699/3306 5700/3495/2803 5699/3498/2806 5698/3624/3060
f 5644/3721/3373 5645/3638/3186 5635/3641/3188 5634/3620/3163
f 5643/3646/3300 5644/3721/3373 5634/3620/3163 5633/3619/3162
f 5174/3696/3374 5175/3646/3197 5161/3722/3375 5160/3697/3055
f 5126/3594/3376 5128/3593/3377 5262/3617/3160 5263/3704/3378
f 5692/1563/3313 5690/3645/3312 5707/3704/3337 5706/3617/3336
f 5245/3645/3196 5249/3644/3195 5264/3703/3379 5263/3704/3378
f 5249/3644/3195 5251/3624/3085 5265/3626/3380 5264/3703/3379
f 5783/3409/2520 5753/3408/2519 5755/3623/3285 5782/3622/3381
f 5251/3624/3085 5252/3498/3171 5266/3627/3172 5265/3626/3380
f 5240/3477/3144 5236/3476/3382 5235/3522/2910 5239/3610/3146
f 301/761/3383 206/3723/3384 205/231/156 300/230/156
f 5324/3538/3323 5273/1701/3354 5298/3667/3230
f 5707/3704/3337 5708/3703/3332 5596/3574/3333 5623/3594/3338
f 5122/3575/3385 5124/3574/3386 5264/3703/3379 5265/3626/3380
f 5703/612/434 5614/611/433 5612/3569/3295 7014/3695/3294
f 5790/604/426 5784/603/425 5783/3409/2520 5789/2326/3387
f 5115/2462/3388 5118/3586/3389 5267/3531/2922 5268/3530/2921
f 5116/2463/3390 5115/2462/3388 5268/3530/2921 5271/2877/3175
f 5331/3657/3244 5308/3718/3370 5306/3517/2902
f 5304/3506/2905 5331/3657/3244 5306/3517/2902
f 5702/3672/3236 5770/3724/3391 5769/3673/3392 5756/3669/3233
f 5206/3652/3206 5205/3714/3366 5199/3725/3393 5201/3653/3207
f 5673/584/1402 5674/3726/3394 5659/3725/3395 5661/585/1403
f 1988/3727/1285 1989/1471/1157 2173/1474/1157 2172/3728/1285
f 5195/583/403 5196/586/406 5194/3252/3249 5182/3251/3396
f 5674/3726/3394 5675/3674/3397 5658/3653/3270 5659/3725/3395
f 5243/3672/3398 5242/3729/3399 5337/3724/3400
f 5338/3730/3401 5337/3724/3400 5242/3729/3399
f 5244/3691/3284 5338/3730/3401 5242/3729/3399
f 5244/3691/3284 5339/3731/3402 5338/3730/3401
f 5244/3691/3284 5250/3643/3194 5339/3731/3402
f 5340/3732/3403 5339/3731/3402 5250/3643/3194
f 5248/3642/3193 5340/3732/3403 5250/3643/3194
f 4754/2189/2862 4742/2190/2862 4757/2187/2862 4755/2188/2863
f 3862/3295/2744 3847/3285/2744 3848/3286/2753 3861/3296/2753
f 4761/3296/3404 4763/3297/2191 4762/3289/2191 4760/3286/3404
f 3870/3248/2754 3851/3256/2754 3852/3288/2188 3869/3294/2188
f 4287/2189/1481 4285/2188/1482 4286/3284/1481
f 5342/3299/2198 4275/3303/2198 4274/3302/2198
f 4659/3299/2743 4661/3300/2743 4666/3301/2742 4656/3302/2743
f 4749/3301/2747 4750/3302/2747 4747/3291/3405 4748/3305/3405
f 4744/3304/3406 4748/3305/3405 4747/3291/3405 4745/3290/3406
f 4746/3287/3359 4771/3293/3359 4744/3304/3406 4745/3290/3406
f 4757/2187/2862 4759/3295/3407 4758/3285/3407 4755/2188/2863
f 4278/3287/2872 5047/3293/2872 5046/3304/2750 4277/3290/2750
f 116/367/269 115/356/261 182/359/264 183/368/269
f 4281/3255/2867 4243/3298/2868 2/3245/2870
f 4759/3295/3407 4761/3296/3404 4760/3286/3404 4758/3285/3407
f 5397/3733/3408 5395/3734/3409 5391/3735/3409 5398/3736/3410
f 5343/3737/3411 5346/3738/3412 5344/3739/3413
f 5109/3740/3089 5113/3741/3030 5111/3742/3414
f 5132/3743/3081 5129/3744/3032 5391/3735/3409 5390/3745/3415
f 5343/3737/3411 5347/3746/3416 5348/3747/3417
f 5343/3737/3411 5348/3747/3417 5349/3748/3418
f 5343/3737/3411 5349/3748/3418 5350/3749/3412
f 5105/3479/3419 5109/3740/3089 5107/3750/3420
f 5851/3746/3421 5852/3480/2698 5848/3479/2697 5850/3740/3087
f 5452/3751/3422 5413/3381/2417 5415/3440/3423 5451/3441/3424
f 5348/3747/3417 5352/3752/3425 5353/3753/3426
f 5354/3754/3427 5353/3753/3426 5352/3752/3425
f 5843/3754/3428 5825/3755/3429 5824/2076/1452 5842/3752/3430
f 5357/3756/3044 5356/3755/3042 5355/2076/3043
f 5357/3756/3044 5358/3757/3044 5356/3755/3042
f 5354/3754/3427 5359/3758/3431 5353/3753/3426
f 5354/3754/3427 5360/3759/3431 5359/3758/3431
f 5354/3754/3427 5361/3760/3431 5362/3761/3427
f 5354/3754/3427 5356/3755/3042 5361/3760/3431
f 5884/3380/3432 5885/3383/2423 5876/3382/2422 5881/3381/3433
f 367/435/312 360/438/315 314/336/514 366/772/521
f 5590/3762/3434 5883/3763/3435 5882/3440/2606 5586/3439/1245
f 5101/3478/3436 5105/3479/3419 5103/3764/3437
f 5365/3765/3438 5101/3478/3436 5098/3766/3439
f 5365/3765/3438 5364/3481/3440 5101/3478/3436
f 5366/3767/3441 5364/3481/3440 5365/3765/3438
f 5366/3767/3441 5363/3768/3442 5364/3481/3440
f 5366/3767/3441 5367/3769/3443 5363/3768/3442
f 5363/3768/3442 5367/3769/3443 5368/3770/3444
f 4154/375/44 4200/372/44 4226/2995/44 4155/3180/44
f 4343/252/175 4293/255/178 4333/625/959 4342/1205/2586
f 5357/3756/3044 5355/2076/3043 5371/2077/3040
f 5357/3756/3044 5371/2077/3040 5372/3314/3039
f 5357/3756/3044 5372/3314/3039 5373/3771/3044
f 5357/3756/3044 5373/3771/3044 5374/3772/3445
f 5355/2076/3043 5356/3755/3042 5354/3754/3427 5352/3752/3425
f 5375/3312/2140 5377/3773/2140 5372/3314/3039
f 5375/3312/2140 5378/3774/2140 5377/3773/2140
f 5379/3775/3446 5369/3776/3447 5380/3777/3448
f 5895/2370/1594 5886/2369/1593 5885/3383/2423 5894/3778/3449
f 5363/3768/3442 5370/2075/3450 5355/2076/3043 5352/3752/3425
f 5899/3779/3286 5828/3780/3451 5837/3781/3452 5887/2368/1592
f 5351/3480/3453 5105/3479/3419 5101/3478/3436 5364/3481/3440
f 5140/3782/3454 5138/3783/3455 5136/3784/3456
f 5145/3785/3457 5379/3775/3446 5385/3786/3458
f 5409/2369/2891 5407/2368/3459 5426/2367/3460 5425/2370/3461
f 5382/3787/3462 5145/3785/3457 5144/3788/3340
f 5382/3787/3462 5144/3788/3340 5149/3789/3463
f 5382/3787/3462 5149/3789/3463 5383/3790/3464
f 5151/3791/3465 5383/3790/3464 5149/3789/3463
f 5151/3791/3465 5140/3782/3454 5383/3790/3464
f 5151/3791/3465 5142/3792/3465 5140/3782/3454
f 5375/3312/2140 5386/3793/3466 5387/3794/3466
f 5375/3312/2140 5388/3795/3467 5386/3793/3466
f 5375/3312/2140 5376/3313/3468 5388/3795/3467
f 5389/3796/3469 5388/3795/3467 5376/3313/3468
f 5806/3797/3470 5805/3313/2217 5809/3796/3471 5808/3745/3167
f 5598/3784/3472 5806/3797/3470 5808/3745/3167 5595/3743/2211
f 5136/3784/3456 5134/3798/3473 5132/3743/3081
f 2075/2176/1513 2074/2148/1638 2263/2256/1536 2262/2240/1514
f 4740/351/44 4743/348/44 4741/3403/44 4742/3404/44
f 5392/3799/3474 5389/3796/3469 5390/3745/3415
f 5392/3799/3474 5393/3800/3475 5389/3796/3469
f 5392/3799/3474 5394/3801/3476 5393/3800/3475
f 5392/3799/3474 5395/3734/3409 5396/3802/3476
f 5817/3735/3055 5831/3734/3477 5830/3733/3478 5829/3736/3479
f 5397/3733/3408 5399/3803/3480 5395/3734/3409
f 5609/3804/3481 5613/3805/3482 5828/3780/3451 5899/3779/3286
f 5345/3806/3413 5451/3441/3424 5450/3442/3058 5113/3807/3030
f 5595/3743/2211 5808/3745/3167 5817/3735/3055 5621/3744/3483
f 5132/3743/3081 5130/3808/3484 5129/3744/3032
f 5117/3804/3485 5121/3805/3486 5119/3809/3487
f 5125/3810/3066 5129/3744/3032 5127/3811/3488
f 5121/3805/3486 5125/3810/3066 5123/3812/3489
f 5401/3813/3490 5117/3804/3485 5114/3814/3491
f 5397/3733/3408 5402/3815/3492 5403/3816/3480
f 5397/3733/3408 5404/3817/3493 5402/3815/3492
f 5397/3733/3408 5398/3736/3410 5404/3817/3493
f 5827/3817/3494 5837/3781/3452 5828/3780/3451 5829/3736/3479
f 5805/3313/2217 5806/3797/3470 5800/3790/3495 5795/3787/3496
f 5382/3787/3462 5376/3313/3468 5371/2077/3040 5381/2078/3497
f 7251/2351/1947 7252/2350/1303 6164/2353/1303 6162/1559/1947
f 5407/2368/3459 5409/2369/2891 5408/3385/2890 5405/3781/3498
f 5840/3481/2699 5852/3480/2698 5842/3752/3430 5841/3768/3499
f 5140/3782/3454 5136/3784/3456 5384/3797/3500 5383/3790/3464
f 5416/3762/3501 5418/3818/3502 5417/3439/3503
f 5416/3762/3501 5419/3819/3504 5420/3820/3505
f 5416/3762/3501 5414/3763/3506 5419/3819/3504
f 5421/3821/3507 5419/3819/3504 5414/3763/3506
f 5421/3821/3507 5414/3763/3506 5412/3380/2416
f 5421/3821/3507 5412/3380/2416 5422/3822/3508
f 5412/3380/2416 5423/3823/3509 5422/3822/3508
f 5802/3776/3510 5847/3770/3510 5841/3768/3499 5803/2075/1451
f 5803/2075/1451 5794/2078/1454 5796/3775/3511 5802/3776/3512
f 5793/3785/3513 5796/3775/3514 5794/2078/1454 5795/3787/3496
f 5407/2368/3459 5427/3824/3289 5426/2367/3460
f 5407/2368/3459 5428/3825/3515 5427/3824/3289
f 5407/2368/3459 5406/3779/3516 5428/3825/3515
f 5401/3813/3490 5428/3825/3515 5406/3779/3516
f 5401/3813/3490 5406/3779/3516 5117/3804/3485
f 5425/2370/3461 5429/3826/3517 5424/3778/3518
f 5426/2367/3460 5430/3827/3519 5425/2370/3461
f 4751/156/1161 4772/157/1161 4774/3271/1161 4752/3292/96
f 152/202/135 169/306/218 168/302/214 158/301/213
f 5431/3828/3520 5432/3829/3521 5433/3830/3522
f 5431/3828/3520 5434/3831/3521 5432/3829/3521
f 5431/3828/3520 5435/3832/3521 5436/3833/3520
f 5431/3828/3520 5437/3834/3050 5435/3832/3521
f 5404/3817/3493 5405/3781/3498 5433/3830/3522
f 5431/3828/3520 5433/3830/3522 5405/3781/3498
f 5411/3382/2418 5413/3381/2417 5443/3835/3523 5441/3836/3045
f 5438/3837/3046 5437/3834/3050 5408/3385/2890
f 5438/3837/3046 5439/3838/3046 5437/3834/3050
f 5438/3837/3046 5440/3839/3524 5439/3838/3046
f 5438/3837/3046 5441/3836/3045 5442/3840/3046
f 5443/3835/3523 5444/3841/3523 5445/3842/3525
f 5443/3835/3523 5445/3842/3525 5441/3836/3045
f 5873/3835/3526 5881/3381/3433 5876/3382/2422 5869/3836/3527
f 5438/3837/3046 5411/3382/2418 5441/3836/3045
f 5438/3837/3046 5408/3385/2890 5411/3382/2418
f 5443/3835/3523 5446/3843/3528 5447/3844/3525
f 5443/3835/3523 5447/3844/3525 5448/3845/3523
f 5417/3439/3503 5449/3846/3529 5450/3442/3058
f 5105/3479/3419 5351/3480/3453 5347/3746/3416 5109/3740/3089
f 5853/3747/3530 5842/3752/3430 5852/3480/2698 5851/3746/3421
f 5452/3751/3422 5446/3843/3528 5413/3381/2417
f 5443/3835/3523 5413/3381/2417 5446/3843/3528
f 5450/3442/3058 5453/3847/3531 5113/3807/3030
f 5861/3848/1269 5851/3746/3421 5850/3740/3087 5579/3741/3532
f 5861/3848/1269 5865/3739/3533 5862/3737/3534 5851/3746/3421
f 5454/3849/3535 5452/3751/3422 5451/3441/3424
f 5454/3849/3535 5455/3850/3536 5452/3751/3422
f 5454/3849/3535 5456/3851/3535 5455/3850/3536
f 5454/3849/3535 5344/3852/3413 5457/3853/3535
f 5031/3545/3007 5032/3552/3007 5030/3553/3007 5029/3544/3007
f 4989/3544/3013 4987/3540/3013 5018/3556/3013 5017/3553/3013
f 5010/3540/3013 5036/3556/3013 5035/3229/3014 4979/3230/3014
f 4982/3231/3013 4979/3230/3014 5035/3229/3014 5034/3232/3013
f 5023/3231/3011 5024/3232/3011 5022/3229/3007 4993/3230/3007
f 4994/3540/3007 4993/3230/3007 5022/3229/3007 5021/3556/3007
f 5008/3544/3013 5037/3553/3014 5036/3556/3013 5010/3540/3013
f 5006/3545/3017 5038/3552/3017 5037/3553/3014 5008/3544/3013
f 5485/3556/3008 5486/3540/3008 5484/3544/3008 5483/3553/3008
f 2639/97/11 2602/1707/11 2604/3096/11 2636/3095/11
f 5001/3549/3015 5041/3555/3015 5040/3554/3015 5003/3550/3015
f 5005/3549/3017 5039/3555/3017 5038/3552/3017 5006/3545/3017
f 5001/3549/3015 4999/3545/3015 5042/3552/3015 5041/3555/3015
f 5470/3556/2111 5472/3553/2111 5471/3544/2111 5469/3540/2111
f 5477/3554/3016 5480/3555/3009 5479/3549/3009 5478/3550/3016
f 4982/3231/3013 5034/3232/3013 5019/3229/3014 4985/3230/3014
f 5014/3549/3006 4991/3545/3006 5016/3552/3006 5015/3555/3006
f 5463/3229/2110 5464/3230/2110 5462/3540/2111 5461/3556/2111
f 5461/3556/2111 5462/3540/2111 5460/3544/2111 5459/3553/2110
f 5020/3553/3015 5042/3552/3015 4999/3545/3015 4997/3544/3015
f 5505/3552/3005 5458/3545/3005 5503/3549/3005 5504/3555/3005
f 4991/3545/3006 4989/3544/3013 5017/3553/3013 5016/3552/3006
f 5014/3549/3006 5015/3555/3006 5011/3554/3006 5013/3550/3006
f 5501/3554/3005 5502/3550/3005 5499/3549/3005 5500/3555/3005
f 5861/3806/1269 5905/3441/2607 5903/3849/3537 5865/3852/3533
f 4658/701/1345 3815/704/1347 3817/703/3538 3863/702/2756
f 4353/701/505 4355/3438/3539 5341/702/506
f 5007/3546/3540 5009/3547/2904 5065/3558/2904 5064/3559/3540
f 5004/3548/2218 5007/3546/3540 5064/3559/3540 5063/3560/1453
f 4992/3548/3541 6690/3551/3542 5057/3561/3543 5056/3560/2421
f 6691/3548/3527 5084/3560/3527 5057/3561/3543 6690/3551/3542
f 4992/3548/3541 5056/3560/2421 5055/3559/3544 4990/3546/3544
f 4998/3546/3545 5060/3559/3545 5058/3558/3064 4996/3547/3546
f 6693/3547/3037 6694/3541/3547 5091/3557/3547 5089/3558/3038
f 4986/3541/3548 5053/3557/3548 5052/3310/3549 4984/3542/3549
f 4983/3543/3055 4984/3542/3549 5052/3310/3549 5050/3309/3055
f 6696/3543/1269 6697/3542/3550 5097/3310/3550 5094/3309/1269
f 4995/3541/3551 5059/3557/3551 5097/3310/3550 6697/3542/3550
f 5542/3547/3048 5544/3541/3552 5543/3557/3552 5541/3558/3048
f 5516/3546/3553 5518/3547/3554 5517/3558/3078 5515/3559/3553
f 5529/3547/3052 5530/3558/3051 5528/3557/3555 5527/3541/3555
f 5004/3548/2218 5063/3560/1453 5062/3561/3556 5002/3551/3557
f 5000/3548/3429 5002/3551/3557 5062/3561/3556 5061/3560/1452
f 5000/3548/3429 5061/3560/1452 5060/3559/3545 4998/3546/3545
f 4990/3546/3544 5055/3559/3544 5054/3558/3558 4988/3547/3558
f 5009/3547/2904 4981/3541/3559 5066/3557/3559 5065/3558/2904
f 4981/3541/3559 4980/3542/3054 5051/3310/3054 5066/3557/3559
f 6694/3541/3547 6695/3542/3560 5093/3310/3560 5091/3557/3547
f 6696/3543/1269 5094/3309/1269 5093/3310/3560 6695/3542/3560
f 5508/3558/3035 5553/3547/3035 5506/3546/3041 5507/3559/3041
f 6691/3548/3527 6692/3546/3036 5087/3559/3036 5084/3560/3527
f 4608/3317/2224 4607/3316/2224 4677/3315/2224 4678/3318/2224
f 4835/3319/2222 4834/3322/2222 4943/3321/2223 4932/3320/2223
f 3814/3321/2787 3903/3322/2787 3902/3319/2787 3806/3320/2787
f 4894/3210/2917 4895/1125/2917 4893/3395/2918 4892/3212/2918
f 4291/3499/58 4947/3503/58 4292/3504/58
f 4291/3499/58 4356/3502/58 4947/3503/58
f 3905/3499/58 3807/3502/58 3808/3501/58 3901/3500/58
f 5524/3309/3561 5569/1849/3561 5568/1850/3066 5521/3310/3066
f 3920/1681/2533 3730/3202/2840 3731/3199/2541 3708/3402/2534
f 5075/2531/3562 5059/3557/3562 5058/3558/3558 5074/2530/3558
f 5539/3559/3071 5541/3558/3078 5572/2530/3078 5571/1425/3071
f 5061/3560/3075 5077/1422/3075 5076/1425/3563 5060/3559/3563
f 5063/3560/3564 5079/1422/3564 5078/1577/3074 5062/3561/3074
f 5535/3561/3068 5559/1577/3068 5558/1422/3565 5534/3560/3565
f 5060/3559/3563 5076/1425/3563 5074/2530/3558 5058/3558/3558
f 5056/3560/3566 5073/1422/3566 5072/1425/3063 5055/3559/3063
f 5057/3561/3073 5083/1577/3073 5073/1422/3566 5056/3560/3566
f 5511/3561/3082 5563/1577/3082 5562/1422/3083 5510/3560/3083
f 5084/3560/3072 5087/3559/3567 5086/1425/3567 5085/1422/3072
f 5087/3559/3567 5089/3558/2904 5088/2530/2904 5086/1425/3567
f 5534/3560/3565 5558/1422/3565 5557/1425/3069 5532/3559/3069
f 5091/3557/3056 5093/3310/2212 5092/1850/2211 5090/2531/3056
f 5094/3309/2210 5097/3310/3568 5096/1850/3569 5095/1849/2210
f 5063/3560/3564 5064/3559/3570 5080/1425/3570 5079/1422/3564
f 5064/3559/3570 5065/3558/3038 5081/2530/3038 5080/1425/3570
f 5530/3558/3070 5556/2530/3070 5555/2531/3080 5528/3557/3080
f 5066/3557/3077 5051/3310/3571 5068/1850/2608 5082/2531/3077
f 5554/1850/3081 5569/1849/3561 5524/3309/3561 5525/3310/3081
f 5068/1850/2608 5051/3310/3571 5050/3309/3090 5067/1849/3090
f 5059/3557/3562 5075/2531/3562 5096/1850/3569 5097/3310/3568
f 5517/3558/3048 5519/3557/3065 5567/2531/3065 5566/2530/3062
f 6591/3366/3572 6594/3367/3572 6592/1638/3572 6593/1635/3572
f 5125/3573/3101 5127/3595/3121 5126/3594/3121 5124/3574/3102
f 1417/905/921 1418/902/921 1415/909/1311 1414/908/1311
f 5597/3702/3573 5599/3585/3112 5598/3588/3112 5594/3854/3574
f 5274/1700/3355 5277/3529/3575 5276/3711/3351 5275/3668/3231
f 5117/2465/3576 5119/3587/3577 5118/3586/3577 5115/2462/3576
f 5791/601/3578 5857/3562/3578 5859/3563/3579 5792/3564/3579
f 5787/3591/3580 5850/3592/3580 5849/3590/3581 5788/3589/3582
f 5788/3589/3582 5849/3590/3581 5848/2327/3583 5789/2326/3583
f 5789/2326/3583 5848/2327/3583 5858/2328/3584 5790/604/3585
f 5790/604/3585 5858/2328/3584 5857/3562/3578 5791/601/3578
f 5142/2938/1628 5143/2937/1628 5141/3566/3093 5140/3565/1629
f 5114/2876/3586 5117/2465/3576 5115/2462/3576 5116/2463/3586
f 5589/2980/3128 5591/3491/3110 5590/3584/3110 5588/3602/3129
f 5103/3602/3587 5105/1456/1093 5104/607/1095 5102/2980/3588
f 5585/608/3589 5587/607/3127 5586/1456/3127 5584/1457/3590
f 5583/3600/3591 5585/608/3589 5584/1457/3590 5582/3597/3591
f 5623/3594/3119 5596/3574/3592 5595/3573/3592 5622/3595/3120
f 5580/3616/3107 5581/3599/3593 5578/3598/3594 5579/3855/2999
f 5620/3593/3118 5621/3596/3118 5619/3577/3104 5618/3576/3103
f 5779/3582/3109 5860/3581/3108 5850/3592/3580 5787/3591/3580
f 4320/2458/12 4394/2461/12 4322/3512/12
f 4899/2458/12 4798/2459/12 4799/2460/12 4958/2461/12
f 4320/2458/12 4957/3510/12 4362/2459/12
f 4320/2458/12 4321/3511/12 4957/3510/12
f 5108/3600/3279 5110/3599/3595 5158/3615/3596 5157/3621/3280
f 5326/3589/3597 5320/3622/3165 5319/3612/3168 5325/3591/3334
f 5789/2326/3387 5783/3409/2520 5782/3622/3381 5788/3589/3598
f 5328/604/3599 5322/603/3320 5321/3409/3318 5327/2326/3600
f 7013/3629/3174 5610/3567/3296 5608/3566/3601 7012/3477/2683
f 7012/3477/2683 5608/3566/3601 5607/2937/3602 7026/2940/2684
f 5706/3617/3336 5620/3593/3339 5618/3576/3267 5705/3683/3266
f 5692/1563/3313 5706/3617/3336 5705/3683/3266 5693/1564/3603
f 5693/1564/3603 5705/3683/3266 5704/609/431 5694/3637/3604
f 5232/612/3150 5233/3635/3183 5222/3637/3185 5220/609/3316
f 5782/3622/3381 5755/3623/3285 5777/354/259 5781/3612/3153
f 5239/3610/3146 5235/3522/2910 5234/3525/2913 5238/3611/3148
f 5785/602/424 5749/3693/3287 5751/3407/2518 5784/603/425
f 5150/2940/3143 5237/1421/1000 5236/3476/3382 5240/3477/3144
f 5630/3493/3605 5639/3707/3343 5640/3706/3342
f 3379/2641/11 3352/3072/11 3351/3073/11 3383/2634/11
f 5642/3856/3299 5632/3857/3301 5778/353/258 5776/352/257
f 5694/3637/3604 5680/3636/3606 5682/1565/3607 5693/1564/3603
f 5695/3635/3608 5678/3717/3369 5680/3636/3606 5694/3637/3604
f 5696/3525/3609 5683/3687/3271 5678/3717/3369 5695/3635/3608
f 5697/3628/3173 5656/3523/3208 5683/3687/3271 5696/3525/3609
f 5254/3496/3610 5270/628/453 5269/627/452 5253/3497/2920
f 5737/626/3181 5715/627/3291 5716/628/3215 5736/3631/3178
f 7009/686/493 7010/3654/3209 7023/1420/3352 7022/687/494
f 5295/3663/3348 5296/3710/3350 5276/3711/3351 5279/1449/3349
f 5643/3646/3300 5653/3647/3611 5644/3721/3373
f 5654/3858/3612 5644/3721/3373 5653/3647/3611
f 5645/3638/3186 5644/3721/3373 5654/3858/3612
f 5645/3638/3186 5654/3858/3612 5655/3650/3613
f 5647/3533/3364 5646/3639/3035 5667/3253/2140 5666/3700/3310
f 5256/3669/3239 5257/3670/3238 5255/3671/3253 5243/3672/3398
f 5665/3677/3263 5669/3252/2139 5663/586/1404 5664/2280/2826
f 2872/20/13 2873/21/13 2870/2839/930 2871/2847/930
f 4695/195/2312 4682/625/904 4681/1205/903 4694/196/2285
f 5205/3714/3366 5217/2281/1557 5197/585/405 5199/3725/3393
f 5302/3661/3311 5303/3509/3309 5296/3710/3350 5295/3663/3348
f 5657/3652/3272 5656/3523/3208 7010/3654/3209 7009/686/493
f 5243/3672/3398 5255/3671/3253 5254/3496/3610 5241/3495/3064
f 5241/3495/3064 5244/3691/3284 5242/3729/3399 5243/3672/3398
f 5645/3638/3186 5655/3650/3613 5668/3651/3614
f 5303/3509/3309 5302/3661/3311 5333/3655/3242 5304/3506/2905
f 5670/3254/2141 5668/3651/3614 5655/3650/3613
f 5667/3253/2140 5668/3651/3614 5670/3254/2141
f 5200/3859/3615 5202/3674/3245 5201/3653/3207 5199/3725/3393
f 5334/3061/3260 5332/3656/3243 5333/3655/3242 5260/3681/3261
f 3531/1989/1804 3533/1999/1298 3532/1144/1298 3530/1143/1804
f 5756/3669/3233 5769/3673/3392 5768/3060/1991 5757/3063/1994
f 5182/3251/3396 5194/3252/3249 5180/3253/3205 5179/3254/3204
f 5658/3653/3270 5675/3674/3397 5676/3716/3368
f 5677/3676/3616 5676/3716/3368 5675/3674/3397
f 5678/3717/3369 5676/3716/3368 5677/3676/3616
f 5678/3717/3369 5677/3676/3616 5679/3686/3617
f 5678/3717/3369 5679/3686/3617 5680/3636/3606
f 5681/3860/3618 5680/3636/3606 5679/3686/3617
f 5682/1565/3607 5680/3636/3606 5681/3860/3618
f 5645/3638/3186 5668/3651/3614 5667/3253/2140 5646/3639/3035
f 5684/3699/3306 5685/3698/3305 5686/3731/3619
f 5686/3731/3619 5685/3698/3305 5687/3861/3620
f 5688/3642/3315 5687/3861/3620 5685/3698/3305
f 5222/3637/3185 5224/3636/3184 5223/1565/1271 5221/1564/1270
f 5693/1564/3603 5682/1565/3607 5691/1562/3314 5692/1563/3313
f 5247/1562/1268 5248/3642/3193 5245/3645/3196 5246/1563/1269
f 5689/3644/3307 5690/3645/3312 5688/3642/3315 5685/3698/3305
f 4438/476/44 4440/3163/44 4455/2085/44 4486/3160/44
f 5170/3638/3201 5172/3532/2926 5164/3535/2929 5163/3641/3283
f 4722/1454/2267 6421/644/2266 6420/1452/2281 4720/2455/2271
f 5774/355/260 5777/354/259 5755/3623/3285 5754/3518/3190
f 5244/3691/3284 5241/3495/3064 5252/3498/3171 5251/3624/3085
f 4690/661/2137 4691/3331/2249 4573/823/2303 4688/660/2314
f 5634/3620/3163 5635/3641/3188 5626/605/427 5625/3621/3164
f 5690/3645/3312 5689/3644/3307 5708/3703/3332 5707/3704/3337
f 5160/3697/3055 5161/3722/3375 5158/3615/3596 5159/3614/3621
f 5780/3613/3154 5778/353/258 5632/3857/3301 5631/3705/3156
f 5318/3613/3317 5316/353/3303 5160/3857/3055 5159/3705/3621
f 5694/3637/3604 5704/609/431 5703/612/434 5695/3635/3608
f 5695/3635/3608 5703/612/434 7014/3695/3294 5696/3525/3609
f 5696/3525/3609 7014/3695/3294 7013/3629/3174 5697/3628/3173
f 5305/3519/2904 5313/3408/3319 5301/3407/3321 5300/3508/3308
f 5133/610/3622 5220/609/3316 5219/3618/3161 5131/3576/3623
f 5788/3589/3598 5782/3622/3381 5781/3612/3153 5787/3591/3152
f 5104/607/1903 5106/608/3278 5156/605/3281 5155/606/1904
f 250/141/2560 251/140/415 396/598/418 395/3415/2561
f 5329/601/3624 5323/602/3322 5322/603/3320 5328/604/3599
f 4835/3319/2831 4845/3315/2075 4836/3323/2327 4827/3329/2326
f 5236/3476/3382 5230/3654/3232 5229/3523/2911 5235/3522/2910
f 5255/3671/3253 5288/705/509 5270/628/453 5254/3496/3610
f 5185/3690/3276 5193/3678/3250 5188/3677/3248 5189/3682/3265
f 5786/3538/3298 5748/3667/3288 5749/3693/3287 5785/602/424
f 5722/3862/3505 5714/3530/3293 5721/2877/3292
f 5603/2462/3625 5714/3530/3293 5722/3862/3505
f 5603/2462/3625 5722/3862/3505 5605/2463/3625
f 7025/3863/3626 7027/1419/3627 7023/1420/3352 7024/1421/2685
f 5735/3659/3217 5740/3680/3256 5739/3632/3179 5736/3631/3178
f 547/1129/1372 643/1120/1273 647/1121/1136 646/1130/2931
f 7030/1915/1406 7020/1918/1409 7021/688/495 7029/3660/3346
f 5733/1882/1426 5744/1883/1425 5731/1448/1020 5732/1881/2789
f 1760/3071/394 1759/1201/44 1777/1204/44 1776/1760/394
f 5743/1978/1423 5733/1882/1426 5720/3679/3251 5719/3670/3234
f 5745/3663/3222 5746/3662/3221 5726/3711/3628 5729/1449/1021
f 5746/3662/3221 5747/3665/3273 5725/3668/3289 5726/3711/3628
f 5750/3508/2860 5751/3407/2518 5749/3693/3287 5747/3665/3273
f 5721/2877/3292 5737/626/3181 5738/3633/3180
f 5725/3668/3289 5748/3667/3288 5723/3864/3629 5724/1700/3630
f 5184/785/3277 5186/788/3356 5183/3694/3290 5169/3688/3274
f 5728/1450/1022 5729/1449/1021 5726/3711/3628 5727/3529/3631
f 5652/786/532 7019/1917/1408 7018/1916/1407 7017/787/533
f 5758/1979/1424 5759/3661/3220 5745/3663/3222 5744/1883/1425
f 1845/1388/11 1915/1389/1427 1863/1390/1427 1844/1391/11
f 5734/3664/3254 5720/3679/3251 5733/1882/1426 5732/1881/2789
f 5189/3682/3265 5190/786/3257 5184/785/3277 5185/3690/3276
f 5648/3689/3362 5647/3533/3364 5666/3700/3310 5649/3690/3361
f 5192/3689/3275 5169/3688/3274 5167/3630/3176 5166/3692/3286
f 5713/3496/2804 5716/628/3215 5715/627/3291 5712/3497/2805
f 4339/293/2280 4327/292/2332 4325/3330/2352 4338/3331/2277
f 5307/3518/2903 5314/3623/3166 5313/3408/3319 5305/3519/2904
f 5180/3253/3205 5193/3678/3250 5181/3533/2927 5172/3532/2926
f 5760/3509/2861 5759/3661/3220 5766/3655/3210 5761/3506/2858
f 5660/3712/3360 5662/2281/2825 5661/585/1403 5659/3725/3395
f 6003/1410/3632 6002/1404/11 6038/1534/11 6036/1533/3632
f 5662/2281/2825 5660/3712/3360 7008/685/492 7007/1920/1413
f 5657/3652/3272 5660/3712/3360 5659/3725/3395 5658/3653/3270
f 5303/3509/3309 5300/3508/3308 5297/3665/3228 5296/3710/3350
f 5702/3672/3236 5717/3671/3235 5713/3496/2804 5700/3495/2803
f 5701/3729/3633 5702/3672/3236 5700/3495/2803 5684/3699/3306
f 5763/3718/3634 5762/3517/3189 5764/3657/3212
f 5761/3506/2858 5764/3657/3212 5762/3517/3189
f 4223/3235/2575 4220/823/2278 4338/3331/2277 4337/661/2578
f 4864/475/2257 4840/474/2256 4842/254/2571 4863/253/2527
f 5757/3063/1994 5743/1978/1423 5719/3670/3234 5756/3669/3233
f 6203/2007/583 6206/1298/291 6205/1297/291 6204/2142/583
f 5198/584/404 5200/3859/3615 5199/3725/3393 5197/585/405
f 5243/3672/3398 5337/3724/3400 5336/3673/3240 5256/3669/3239
f 5702/3672/3236 5701/3729/3633 5770/3724/3391
f 5770/3724/3391 5701/3729/3633 5771/3730/3635
f 5684/3699/3306 5771/3730/3635 5701/3729/3633
f 5684/3699/3306 5686/3731/3619 5771/3730/3635
f 3758/1257/2794 3914/1452/1045 3922/644/1044 3757/641/2532
f 5754/3518/3190 5762/3517/3189 5763/3718/3634
f 5754/3518/3190 5763/3718/3634 5773/3865/3636
f 5754/3518/3190 5773/3865/3636 5774/355/260
f 5775/3720/3637 5774/355/260 5773/3865/3636
f 5776/352/257 5774/355/260 5775/3720/3637
f 5310/355/3304 5315/354/3167 5314/3623/3166 5307/3518/2903
f 5175/3646/3197 5171/3648/3199 5162/3620/3282 5161/3722/3375
f 5174/3856/3374 5160/3857/3055 5316/353/3303 5312/352/3302
f 5159/3614/3621 5158/3615/3596 5110/3599/3595 5112/3616/3638
f 5246/1563/1269 5245/3645/3196 5263/3704/3378 5262/3617/3160
f 5161/3722/3375 5162/3620/3282 5157/3621/3280 5158/3615/3596
f 5689/3644/3307 5698/3624/3060 5709/3626/3170 5708/3703/3332
f 5238/3611/3148 5234/3525/2913 5233/3635/3183 5232/612/3150
f 5699/3498/2806 5712/3497/2805 5711/3531/3328 5710/3625/3169
f 5712/3497/2805 5715/627/3291 5714/3530/3293 5711/3531/3328
f 5166/3692/3286 5167/3630/3176 5153/3493/2786 5152/3492/2785
f 5723/3864/3629 5748/3667/3288 5786/3538/3298
f 5124/3574/3386 5126/3594/3376 5263/3704/3378 5264/3703/3379
f 5135/611/3151 5232/612/3150 5220/609/3316 5133/610/3622
f 5327/2326/3600 5321/3409/3318 5320/3622/3165 5326/3589/3597
f 5118/3586/3389 5120/3601/3639 5266/3627/3172 5267/3531/2922
f 5711/3531/3328 5714/3530/3293 5603/2462/3625 5601/3586/3329
f 5629/3492/3325 5630/3493/3605 5593/3490/3640 5591/3491/3326
f 6099/2897/12 6100/2896/12 6098/3109/12 6097/3460/12
f 5793/3785/3513 5797/3786/3513 5796/3775/3514
f 5795/3787/3496 5798/3788/3641 5793/3785/3641
f 5795/3787/3496 5799/3789/3641 5798/3788/3641
f 5795/3787/3496 5800/3790/3495 5799/3789/3641
f 5796/3775/3511 5801/3777/3512 5802/3776/3512
f 3706/3181/3642 3708/3182/3642 3709/3183/2446 3710/3184/2445
f 4100/1150/289 4103/412/288 4102/415/288 4101/1132/289
f 5824/2076/1452 5803/2075/1451 5841/3768/3499 5842/3752/3430
f 5383/3790/3464 5384/3797/3500 5376/3313/3468 5382/3787/3462
f 5416/3762/3501 5417/3439/3503 5415/3440/3423 5414/3763/3506
f 5602/3782/3643 5598/3784/3472 5600/3783/3644
f 5807/3791/3645 5799/3789/3645 5800/3790/3495
f 5807/3791/3645 5800/3790/3495 5602/3782/3643
f 5807/3791/3645 5602/3782/3643 5604/3792/3645
f 5598/3784/3472 5595/3743/2211 5594/3798/3646
f 5398/3736/3410 5125/3810/3066 5121/3805/3486 5400/3780/3647
f 4565/1650/2845 6421/644/2266 4728/643/2260 4732/642/2259
f 5809/3796/3471 5805/3313/2217 5810/3795/3648
f 5811/3312/2216 5810/3795/3648 5805/3313/2217
f 5811/3312/2216 5812/3793/3649 5810/3795/3648
f 5811/3312/2216 5813/3794/2216 5812/3793/3649
f 5811/3312/2216 5814/3773/3649 5815/3774/2216
f 5811/3312/2216 5816/3314/2218 5814/3773/3649
f 5375/3312/2140 5372/3314/3039 5371/2077/3040 5376/3313/3468
f 5595/3743/2211 5621/3744/3483 5622/3808/3650
f 5617/3810/3569 5621/3744/3483 5817/3735/3055 5829/3736/3479
f 5391/3735/3409 5395/3734/3409 5392/3799/3474 5390/3745/3415
f 5818/3799/3651 5808/3745/3167 5809/3796/3471
f 5818/3799/3651 5809/3796/3471 5819/3800/3652
f 5818/3799/3651 5819/3800/3652 5820/3801/3653
f 5821/3756/3556 5816/3314/2218 5804/2077/1453
f 5821/3756/3556 5822/3771/3654 5816/3314/2218
f 5821/3756/3556 5823/3772/3556 5822/3771/3654
f 5821/3756/3556 5804/2077/1453 5824/2076/1452
f 5821/3756/3556 5824/2076/1452 5825/3755/3429
f 5821/3756/3556 5825/3755/3429 5826/3757/3556
f 5882/3440/2606 5881/3381/3433 5906/3751/3655 5905/3441/2607
f 5830/3733/3478 5827/3817/3494 5829/3736/3479
f 5818/3799/3651 5831/3734/3477 5817/3735/3055 5808/3745/3167
f 5818/3799/3651 5832/3802/3653 5831/3734/3477
f 5830/3733/3478 5831/3734/3477 5833/3803/3656
f 5830/3733/3478 5834/3815/3657 5827/3817/3494
f 5830/3733/3478 5835/3816/3656 5834/3815/3657
f 5827/3817/3494 5836/3830/3658 5837/3781/3452
f 5838/3767/3659 5839/3765/3659 5840/3481/2699
f 5838/3767/3659 5840/3481/2699 5841/3768/3499
f 5406/3779/3516 5407/2368/3459 5405/3781/3498 5400/3780/3647
f 3904/3323/2231 3905/3324/2230 3901/3318/3660 3900/3315/2465
f 5408/3385/2890 5437/3834/3050 5431/3828/3520 5405/3781/3498
f 5843/3754/3428 5844/3760/3661 5825/3755/3429
f 5843/3754/3428 5845/3761/3428 5844/3760/3661
f 5838/3767/3659 5841/3768/3499 5846/3769/3659
f 5894/3778/3449 5885/3383/2423 5884/3380/3432 5893/3823/3662
f 5841/3768/3499 5847/3770/3510 5846/3769/3510
f 5848/3479/2697 5849/3750/3663 5850/3740/3087
f 5136/3784/3456 5132/3743/3081 5390/3745/3415 5384/3797/3500
f 5384/3797/3500 5390/3745/3415 5389/3796/3469 5376/3313/3468
f 5853/3747/3530 5854/3753/3664 5842/3752/3430
f 5843/3754/3428 5842/3752/3430 5854/3753/3664
f 5843/3754/3428 5854/3753/3664 5855/3758/3665
f 5843/3754/3428 5855/3758/3665 5856/3759/3661
f 5806/3797/3470 5598/3784/3472 5602/3782/3643 5800/3790/3495
f 5857/3478/2696 5858/3764/2922 5848/3479/2697
f 5857/3478/2696 5840/3481/2699 5839/3765/2921
f 5857/3478/2696 5839/3765/2921 5859/3766/2921
f 5850/3740/3087 5860/3742/3666 5579/3741/3532
f 5582/3442/2608 5905/3441/2607 5861/3806/1269 5579/3807/3532
f 5345/3848/3413 5347/3746/3416 5343/3737/3411 5344/3739/3413
f 5862/3737/3534 5853/3747/3530 5851/3746/3421
f 5862/3737/3534 5863/3748/3667 5853/3747/3530
f 5862/3737/3534 5864/3749/3534 5863/3748/3667
f 5862/3737/3534 5865/3739/3533 5866/3738/3534
f 5867/3839/3668 5868/3840/3669 5869/3836/3527
f 5867/3839/3668 5870/3837/3668 5868/3840/3669
f 5867/3839/3668 5871/3834/3541 5872/3838/3668
f 5873/3835/3526 5874/3842/3670 5875/3841/3526
f 5873/3835/3526 5869/3836/3527 5874/3842/3670
f 5877/3385/2421 5837/3781/3452 5878/3828/3671 5871/3834/3541
f 5867/3839/3668 5869/3836/3527 5876/3382/2422
f 5867/3839/3668 5876/3382/2422 5877/3385/2421
f 5867/3839/3668 5877/3385/2421 5871/3834/3541
f 4704/349/254 4708/621/2924 4705/3345/2811 4699/3332/731
f 5878/3828/3671 5879/3832/3672 5871/3834/3541
f 5878/3828/3671 5880/3833/3671 5879/3832/3672
f 5590/3762/3434 5586/3439/1245 5588/3818/3673
f 5117/3804/3485 5406/3779/3516 5400/3780/3647 5121/3805/3486
f 5352/3752/3425 5351/3480/3453 5364/3481/3440 5363/3768/3442
f 5887/2368/1592 5837/3781/3452 5877/3385/2421 5886/2369/1593
f 2553/1980/1654 2447/1981/1654 2449/1982/1945 2552/1983/1945
f 5804/2077/1453 5805/3313/2217 5795/3787/3496 5794/2078/1454
f 5878/3828/3671 5837/3781/3452 5836/3830/3658
f 5878/3828/3671 5836/3830/3658 5888/3829/3674
f 5878/3828/3671 5888/3829/3674 5889/3831/3671
f 5590/3762/3434 5592/3820/3675 5890/3819/3676
f 5590/3762/3434 5890/3819/3676 5883/3763/3435
f 5891/3821/3677 5883/3763/3435 5890/3819/3676
f 5891/3821/3677 5884/3380/3432 5883/3763/3435
f 5891/3821/3677 5892/3822/3678 5884/3380/3432
f 5884/3380/3432 5892/3822/3678 5893/3823/3662
f 5369/3776/3447 5370/2075/3450 5363/3768/3442 5368/3770/3444
f 5410/3383/2419 5409/2369/2891 5425/2370/3461 5424/3778/3518
f 5145/3785/3457 5382/3787/3462 5381/2078/3497 5379/3775/3446
f 5887/2368/1592 5896/2367/1591 5897/3824/3679
f 5887/2368/1592 5897/3824/3679 5898/3825/3680
f 5887/2368/1592 5898/3825/3680 5899/3779/3286
f 5883/3763/3435 5884/3380/3432 5881/3381/3433 5882/3440/2606
f 5895/2370/1594 5894/3778/3449 5900/3826/3681
f 5896/2367/1591 5895/2370/1594 5901/3827/3682
f 5902/3813/3683 5899/3779/3286 5898/3825/3680
f 5902/3813/3683 5609/3804/3481 5899/3779/3286
f 5672/583/1401 5663/586/1404 5669/3252/2139 5671/3251/2138
f 5451/3441/3424 5415/3440/3423 5417/3439/3503 5450/3442/3058
f 5109/3740/3089 5347/3746/3416 5345/3848/3413 5113/3741/3030
f 5617/3810/3569 5619/3811/3684 5621/3744/3483
f 5613/3805/3482 5615/3812/3685 5617/3810/3569
f 5902/3813/3683 5606/3814/3683 5609/3804/3481
f 5609/3804/3481 5611/3809/1905 5613/3805/3482
f 5345/3806/3413 5344/3852/3413 5454/3849/3535 5451/3441/3424
f 5903/3849/3537 5904/3853/3537 5865/3852/3533
f 5582/3442/2608 5579/3807/3532 5578/3847/3686
f 5391/3735/3409 5129/3744/3032 5125/3810/3066 5398/3736/3410
f 5903/3849/3537 5905/3441/2607 5906/3751/3655
f 5903/3849/3537 5906/3751/3655 5907/3850/3687
f 5903/3849/3537 5907/3850/3687 5908/3851/3687
f 5586/3439/1245 5582/3442/2608 5584/3846/3688
f 5613/3805/3482 5617/3810/3569 5829/3736/3479 5828/3780/3451
f 5351/3480/3453 5352/3752/3425 5348/3747/3417 5347/3746/3416
f 5906/3751/3655 5881/3381/3433 5909/3843/3689
f 5873/3835/3526 5909/3843/3689 5881/3381/3433
f 5873/3835/3526 5910/3844/3690 5909/3843/3689
f 5873/3835/3526 5911/3845/3670 5910/3844/3690
f 4426/390/44 4425/3513/44 4427/1637/44
f 4427/1637/44 4425/3513/44 4420/3514/44
f 4427/1637/44 4420/3514/44 4419/3515/44
f 4436/390/44 4437/1637/44 4435/3513/44
f 4437/1637/44 4431/3514/44 4435/3513/44
f 4437/1637/44 4429/3515/44 4431/3514/44
f 3090/1273/12 3092/2813/12 3037/2812/12 3021/1965/12
f 6327/3866/12 6328/3867/12 6325/1742/12 6326/1741/12
f 7146/205/1153 7130/206/1153 7131/1630/1394 7145/1627/1394
f 4501/3069/1983 4500/507/1983 4483/508/1983 4482/3070/1983
f 4513/699/3691 4488/3456/3691 4516/698/3691
f 4516/698/3691 4488/3456/3691 4487/3457/3691
f 4372/3079/350 4375/3078/3692 4373/3386/23 4374/3387/23
f 4376/3054/1983 4377/3053/1983 4375/3078/3692 4372/3079/350
f 4562/1256/399 4563/1257/22 4560/1254/22 4561/1255/399
f 5920/3051/137 5921/3052/137 5919/3053/2005 5918/3054/2005
f 4573/823/896 4575/826/40 4574/825/40 4572/824/896
f 2638/94/1284 2641/95/1283 2640/96/1283 2639/97/1284
f 4143/2223/1393 4145/520/378 4144/519/378 4142/2222/1393
f 4388/519/378 4389/520/378 4387/2223/1393 4386/2222/1393
f 4388/519/378 4391/64/38 4390/67/38 4389/520/378
f 4396/3087/2005 4399/3088/2005 4397/3464/393 4398/3465/393
f 2186/3868/1288 2072/2276/291 2070/3869/1288
f 2186/3868/1288 2187/2252/291 2072/2276/291
f 2785/1529/973 2786/2931/11 2769/2821/11 2766/1532/973
f 2183/3870/1634 5913/1161/1812 2181/2253/1285
f 2183/3870/1634 2043/1160/2647 5913/1161/1812
f 2183/3870/1634 2118/2262/1157 2043/1160/2647
f 2070/2122/1288 2256/2269/1549 2186/3871/1288
f 2070/2122/1288 2069/2124/1421 2256/2269/1549
f 2035/1874/1427 2111/2204/1427 2103/2263/1550 2036/2612/1552
f 6545/1703/30 7296/1858/30 7295/1861/2 6546/708/2
f 4220/823/1807 4221/824/1807 4219/825/1378 4218/826/1377
f 7242/3872/1158 6558/1556/1158 6550/556/1303 6552/3873/1303
f 5962/2383/1330 1949/3874/1330 1950/3875/30 5961/2384/30
f 5942/3876/2050 5943/3877/299 1984/3878/299 1985/3879/2050
f 5936/3880/976 5942/3876/2050 1985/3879/2050 1982/3881/976
f 189/2790/293 192/2791/293 190/2792/1155 191/2789/1155
f 1497/1172/12 1510/1503/12 1509/822/967 1498/821/967
f 7172/3872/3693 6570/1556/3694 6563/556/3695 6562/3873/3695
f 5960/2379/3696 5961/2384/30 1950/3875/30 1987/3882/1399
f 2197/1556/3697 6976/3872/1324 6975/3883/291 2199/2474/291
f 7244/3259/169 6553/3260/1646 6555/1188/1646 7199/2475/3698
f 6561/553/290 6564/554/290 6562/555/290 6563/556/290
f 3475/95/50 3476/1138/375 3407/2705/375 3431/96/50
f 5940/89/3699 1999/3884/3699 2001/3885/1166 5944/3886/1166
f 7173/3883/24 7174/3259/2155 6574/2475/2155 6572/2474/24
f 5951/2379/1651 5952/2384/44 1965/3875/44 1966/3882/1649
f 5954/2380/334 5960/2379/3696 1987/3882/1399 1986/3887/334
f 5963/3888/58 5964/3889/58 5965/3890/58
f 5963/3888/58 5966/3891/58 5964/3889/58
f 5963/3888/58 5967/1500/58 5966/3891/58
f 5963/3888/58 5968/1501/58 5967/1500/58
f 5963/3888/58 5969/1879/58 5968/1501/58
f 5963/3888/58 5970/1880/58 5969/1879/58
f 5963/3888/58 5971/3002/58 5970/1880/58
f 5963/3888/58 5972/1520/58 5971/3002/58
f 5963/3888/58 5973/1521/58 5972/1520/58
f 5963/3888/58 5965/3890/58 5973/1521/58
f 5974/3892/58 5975/3893/58 5976/3894/58
f 5974/3892/58 5977/2715/58 5975/3893/58
f 5974/3892/58 5978/2716/58 5977/2715/58
f 5974/3892/58 5979/2582/58 5978/2716/58
f 5974/3892/58 5980/2583/58 5979/2582/58
f 5974/3892/58 5981/2971/58 5980/2583/58
f 5974/3892/58 5982/3016/58 5981/2971/58
f 5974/3892/58 5983/3045/58 5982/3016/58
f 5974/3892/58 5984/3388/58 5983/3045/58
f 5974/3892/58 5976/3894/58 5984/3388/58
f 5985/3892/58 5986/3893/58 5987/3894/58
f 5985/3892/58 5988/2715/58 5986/3893/58
f 5985/3892/58 5989/2716/58 5988/2715/58
f 5985/3892/58 5990/2582/58 5989/2716/58
f 5985/3892/58 5991/2583/58 5990/2582/58
f 5985/3892/58 5992/2971/58 5991/2583/58
f 5985/3892/58 5993/3016/58 5992/2971/58
f 5985/3892/58 5994/3045/58 5993/3016/58
f 5985/3892/58 5995/3388/58 5994/3045/58
f 5985/3892/58 5987/3894/58 5995/3388/58
f 762/907/44 875/950/44 874/949/44 739/908/44
f 751/1245/44 881/1250/44 880/1409/44 753/1244/44
f 1193/955/44 1174/905/44 1176/904/44 1129/869/44
f 6019/943/12 6020/944/12 6018/954/12 6017/951/12
f 513/1428/24 462/898/24 464/901/24 512/946/24
f 505/939/24 506/936/24 476/922/24 478/917/24
f 1428/1244/24 1553/1409/24 1552/940/24 1430/941/24
f 1204/1428/44 1153/898/44 1155/901/44 1203/946/44
f 1437/907/24 1548/950/24 1547/949/24 1414/908/24
f 5996/1397/12 6000/1401/12 5999/1402/12 5997/1400/12
f 6026/1415/12 6028/1414/12 6027/1417/12 6025/1416/12
f 746/901/44 745/898/44 884/1428/44 883/946/44
f 1421/901/24 1420/898/24 1557/1428/24 1556/946/24
f 1149/926/44 1189/919/44 1191/914/44 1205/929/44
f 1199/940/44 1163/941/44 1165/938/44 1198/937/44
f 1432/938/24 1430/941/24 1552/940/24 1551/937/24
f 762/907/44 761/917/44 876/939/44 875/950/44
f 751/1245/44 749/947/44 882/948/44 881/1250/44
f 1201/1250/44 1202/948/44 1157/947/44 1159/1245/44
f 6021/942/12 6022/945/12 6020/944/12 6019/943/12
f 6723/3053/2005 6725/3052/137 6724/3051/137 6722/3054/2005
f 6005/1413/1175 6003/1410/3632 6036/1533/3632 6037/2718/1175
f 1930/1835/1285 1856/1719/1285 1877/750/1157 1929/718/1157
f 1822/1388/42 1821/1391/42 1858/1390/1421 1934/1389/1421
f 842/559/11 841/558/14 850/557/14 849/560/11
f 1932/1730/291 1854/1718/291 1856/1719/1285 1930/1835/1285
f 6023/1414/2116 6047/1929/2116 6046/3384/1166 6026/1415/1166
f 710/1615/1419 713/1640/11 712/891/11 711/925/1419
f 1724/49/42 1768/1931/290 1771/1754/290 1770/1753/42
f 6011/1401/44 6009/1404/391 6054/1534/391 6053/1977/44
f 60/404/3700 267/407/66 266/2620/67 61/2619/67
f 456/1213/1291 458/926/1291 514/929/1292 528/1426/1292
f 4880/1650/23 6995/1649/23 6994/372/46 4878/373/46
f 7183/2713/1166 5978/2716/1166 5979/2582/42 7182/2581/42
f 2017/3233/1440 2018/2599/2 2044/2108/2 2066/2111/379
f 6707/506/1393 6649/505/1393 6648/91/1393 6706/90/1393
f 1733/1994/25 1731/1209/905 1787/1212/905 1788/1781/25
f 3214/12/1681 3198/13/1682 3197/14/1683 3215/15/1684
f 6704/3010/1153 6664/3013/1153 6663/3012/1153 6703/3011/1153
f 4105/413/296 4107/2661/1301 4106/2566/1301 4104/414/297
f 6056/3895/12 6049/3896/12 6050/3897/12
f 6056/3895/12 6048/3898/12 6049/3896/12
f 6056/3895/12 6047/3899/12 6048/3898/12
f 6056/3895/12 6046/3900/12 6047/3899/12
f 6056/3895/12 6045/3901/12 6046/3900/12
f 6056/3895/12 6044/3902/12 6045/3901/12
f 6056/3895/12 6043/3903/12 6044/3902/12
f 6056/3895/12 6042/3904/12 6043/3903/12
f 6056/3895/12 6041/3905/12 6042/3904/12
f 6056/3895/12 6040/3906/12 6041/3905/12
f 6056/3895/12 6039/3907/12 6040/3906/12
f 6056/3895/12 6038/3908/12 6039/3907/12
f 6056/3895/12 6036/3909/12 6038/3908/12
f 6056/3895/12 6037/3910/12 6036/3909/12
f 6056/3895/12 6055/3911/12 6037/3910/12
f 6056/3895/12 6054/3912/12 6055/3911/12
f 6056/3895/12 6053/3913/12 6054/3912/12
f 6056/3895/12 6052/3914/12 6053/3913/12
f 6056/3895/12 6051/3915/12 6052/3914/12
f 6056/3895/12 6050/3897/12 6051/3915/12
f 6018/954/3701 6020/944/3702 6060/3916/3702 6059/3917/3701
f 6058/3918/3703 6013/1400/3703 6015/1399/3704 6057/3919/3704
f 6025/1416/3705 6063/3920/3705 6062/3921/3706 6024/1417/3706
f 6004/1411/3707 6006/1412/3708 6073/3922/3708 6072/3923/3707
f 6027/1417/3709 6064/3921/3709 6063/3920/3705 6025/1416/3705
f 6008/1411/3710 6010/1403/3711 6075/3924/3711 6074/3923/3710
f 6015/1399/3704 6018/954/3701 6059/3917/3701 6057/3919/3704
f 6033/954/3712 6067/3917/3712 6066/3916/3713 6031/944/3713
f 6008/1411/3710 6074/3923/3710 6073/3922/3708 6006/1412/3708
f 6022/945/3714 6024/1417/3706 6062/3921/3706 6061/3925/3714
f 6004/1411/3707 6072/3923/3707 6071/3924/3715 6001/1403/3715
f 5997/1400/3716 5999/1402/3717 6070/3926/3717 6069/3918/3716
f 2821/2941/3718 2824/2874/3718 2822/2873/3718 2823/2942/3718
f 6013/1400/3703 6058/3918/3703 6076/3926/3719 6012/1402/3719
f 5998/953/3720 5997/1400/3716 6069/3918/3716 6068/3927/3720
f 5998/953/3720 6068/3927/3720 6067/3917/3712 6033/954/3712
f 5999/1402/3717 6001/1403/3715 6071/3924/3715 6070/3926/3717
f 6010/1403/3711 6012/1402/3719 6076/3926/3719 6075/3924/3711
f 6029/945/3721 6031/944/3713 6066/3916/3713 6065/3925/3721
f 6022/945/3714 6061/3925/3714 6060/3916/3702 6020/944/3702
f 5998/953/12 6035/952/12 5996/1397/12 5997/1400/12
f 511/948/24 466/947/24 468/1245/24 510/1250/24
f 514/929/24 500/914/24 462/898/24 513/1428/24
f 1205/929/44 1191/914/44 1153/898/44 1204/1428/44
f 6381/3928/3722 6382/3929/3722 6379/3930/3723 6378/3931/3723
f 110/3932/3724 178/3933/3725 179/358/263 112/357/262
f 5932/67/24 5934/66/24 6112/3464/24 6114/3088/24
f 4625/1537/24 4665/1536/24 4617/3308/24 4616/3307/24
f 6093/1259/12 6094/3934/12 6091/2274/12 6092/1260/12
f 6095/3461/12 6096/1441/12 6094/3934/12 6093/1259/12
f 5379/3775/3446 5381/2078/3497 5370/2075/3450 5369/3776/3447
f 6087/1482/12 6090/1481/12 6089/2275/12 6088/2153/12
f 3349/2745/24 3351/2569/24 3350/1982/24 3348/1981/24
f 1424/947/24 1555/948/24 1554/1250/24 1426/1245/24
f 502/955/24 483/905/24 485/904/24 438/869/24
f 1193/955/44 1194/949/44 1172/908/44 1174/905/44
f 1200/1409/44 1201/1250/44 1159/1245/44 1161/1244/44
f 6738/66/1554 6739/65/1554 6737/64/1803 6736/67/1803
f 278/782/392 71/781/392 72/2622/1805 279/2621/1805
f 35/1443/67 37/2629/1805 36/2630/1805 34/1444/67
f 101/458/332 117/272/189 125/151/90 95/258/181
f 2792/820/12 2747/819/12 2745/1904/1398 2791/1903/1398
f 1709/1345/971 1712/1347/1007 1699/1327/1007 1697/1325/971
f 4409/1888/3726 4411/2406/372 4410/2409/372 4408/1889/3726
f 4411/2406/372 4413/2407/1803 4412/2408/1803 4410/2409/372
f 4413/2407/1803 4415/2678/1396 4414/2679/1396 4412/2408/1803
f 4415/2678/1396 4417/3083/1807 4416/3084/1807 4414/2679/1396
f 1951/3935/291 1988/3727/1285 2172/3728/1285 2171/3936/291
f 2677/2727/1414 2678/2811/964 2662/2814/964 2661/1925/1414
f 3078/714/1949 3080/713/290 3079/1276/290 3077/1277/1950
f 7192/3046/1175 5994/3045/1175 5995/3388/11 7191/3389/11
f 7196/2581/42 5990/2582/42 5991/2583/1289 7195/2584/1289
f 3469/2734/1298 3470/1137/1804 3427/2712/1804 3425/2765/1298
f 4151/2997/2062 2/3175/2062 1/3174/2062 4152/2192/2062
f 62/405/1834 269/406/1834 267/407/66 60/404/3700
f 2660/2655/3727 2648/2708/1801 2609/2674/1801 2607/2673/3727
f 1063/1345/57 1065/1347/956 1064/1327/956 1062/1325/57
f 2676/3098/1560 2563/1987/401 2565/514/401 2672/2088/1560
f 2657/587/3728 2600/2603/3728 2599/2606/3729 2656/3104/3729
f 86/2132/1799 293/2133/1799 292/536/385 85/535/385
f 3569/2310/28 3571/3135/24 3570/3138/24 3567/2311/28
f 7349/1597/583 6502/3937/291 6486/746/291 6485/745/583
f 5197/585/405 5217/2281/1557 5216/2280/1556 5196/586/406
f 6544/1704/29 7298/3938/29 7296/1858/30 6545/1703/30
f 6167/2324/3730 6168/3939/3730 6165/3940/3731 6166/2325/3731
f 6164/2353/3732 6166/2325/3731 6165/3940/3731 6163/3941/3732
f 6162/1559/1267 6164/2353/3732 6163/3941/3732 6161/1560/1267
f 6167/2324/3730 6169/2325/3733 6152/3940/3733 6168/3939/3730
f 6157/3168/3734 6158/3942/3734 6155/1561/3735 6156/3169/3735
f 6154/2352/3736 6156/3169/3735 6155/1561/3735 6153/1560/3736
f 6150/2353/3737 6154/2352/3736 6153/1560/3736 6151/3941/3737
f 6152/3940/3733 6169/2325/3733 6150/2353/3737 6151/3941/3737
f 6157/3168/3734 6160/1558/1266 6159/1561/1266 6158/3942/3734
f 5601/3586/3113 5603/2462/1628 5602/2465/1630 5600/3587/3114
f 4375/3078/44 4414/2679/44 4416/3084/44 4373/3386/44
f 6723/3053/44 6721/3078/44 7136/2679/44 7135/2408/44
f 4377/3053/44 4412/2408/44 4414/2679/44 4375/3078/44
f 4380/2710/44 4408/1889/44 4410/2409/44 4379/3052/44
f 4383/1162/44 4406/1629/44 4408/1889/44 4380/2710/44
f 4385/1163/44 4404/1630/44 4406/1629/44 4383/1162/44
f 4139/1162/24 4136/2710/24 4811/1889/24 4813/1629/24
f 6726/2710/44 6725/3052/44 7134/2409/44 7133/1889/44
f 6735/520/44 7129/207/44 7128/3088/44 6736/67/44
f 4390/67/44 4392/66/44 4397/3464/44 4399/3088/44
f 7302/548/390 7312/547/390 7311/2741/42 7301/2742/42
f 6172/771/44 6174/3943/44 6170/768/44
f 6172/771/44 6175/3944/44 6174/3943/44
f 5080/1425/1007 5081/2530/1395 6668/2529/1395 6667/1424/1007
f 6177/3945/24 6171/770/24 6173/769/24
f 6177/3945/24 6176/3946/24 6171/770/24
f 2928/1313/3738 2939/1316/3738 2938/1315/3738 2932/1314/3738
f 6223/1298/1014 6224/1297/1014 6222/1296/938 6221/1295/938
f 138/2560/1712 143/144/83 141/133/74 139/132/73
f 201/117/60 212/217/146 204/430/307 202/416/298
f 5945/2380/29 1964/3378/29 5946/3379/29 5947/2381/29
f 6140/408/295 6077/411/295 6082/3947/11 6139/3948/11
f 2437/2616/1945 2502/2615/1654 2503/2613/1654 2504/2656/1945
f 3696/262/1922 3695/392/1922 3676/393/1922 3675/261/1922
f 6186/84/905 6188/80/25 6187/83/25 6185/85/905
f 6424/2214/333 6399/3949/333 6402/3950/1947 6423/3951/1947
f 7346/579/44 7347/561/394 6491/564/394 6493/580/44
f 6261/528/935 6262/527/935 6260/526/379 6259/525/379
f 6198/81/44 6200/80/394 6199/83/394 6197/82/44
f 6703/3011/399 6663/3012/399 6662/3070/399 6702/3069/399
f 2635/1371/1416 2637/3082/1488 2636/3095/1488 2634/97/1416
f 2647/413/1608 2590/2661/2420 2589/2566/2420 2646/414/1609
f 1485/1358/577 1472/1338/577 1474/1342/12 1487/1362/12
f 4407/1628/1316 4409/1888/3726 4408/1889/3726 4406/1629/1316
f 4131/3078/3692 4133/3053/1983 4132/3054/1983 4129/3079/350
f 4100/1150/289 4101/1132/289 3416/1135/402 3484/2795/402
f 3015/1267/394 3017/3000/44 3016/3001/44 3014/1270/394
f 2658/2655/3739 2659/541/3740 2605/544/3740 2603/593/3739
f 2033/1871/1427 2007/3473/1427 2006/2266/1438 2032/1872/1014
f 6183/2007/300 6184/2142/300 6182/1297/299 6181/1298/299
f 6226/3355/24 4606/3466/24 6227/3356/24
f 6226/3355/24 6228/3467/24 4606/3466/24
f 6226/3355/24 6229/3342/24 6228/3467/24
f 6230/3341/24 6228/3467/24 6229/3342/24
f 6230/3341/24 6231/3468/24 6228/3467/24
f 6230/3341/24 6232/3360/24 6231/3468/24
f 6233/3361/24 6231/3468/24 6232/3360/24
f 6233/3361/24 6234/3469/24 6231/3468/24
f 6233/3361/24 6235/3359/24 6234/3469/24
f 6236/3357/24 6234/3469/24 6235/3359/24
f 6236/3357/24 6237/3470/24 6234/3469/24
f 6236/3357/24 6238/3358/24 6237/3470/24
f 6239/3365/24 6237/3470/24 6238/3358/24
f 6239/3365/24 6240/3471/24 6237/3470/24
f 6239/3365/24 6241/3364/24 6240/3471/24
f 6189/81/24 6210/80/935 6191/83/935 6190/82/24
f 5914/3079/2006 5917/3078/2006 5915/3386/1164 5916/3387/1164
f 4115/93/3741 4099/92/3741 4098/3013/3742 4114/3010/3742
f 2673/511/1695 2674/2103/1802 2670/1136/1802 2669/1139/1695
f 5930/519/372 5933/64/1803 5932/67/1803 5931/520/372
f 5281/1448/1390 5280/1447/3357 5294/3605/3226 5283/1881/1387
f 6253/528/394 6254/527/394 6251/526/395 6252/525/395
f 65/2622/1799 61/2619/67 266/2620/67 272/2621/1799
f 2677/2727/1414 2661/1925/1414 2507/3092/1323 2499/1723/1323
f 6017/951/1289 6016/1398/1574 6051/3952/1574 6050/1583/1289
f 2656/3104/3729 2599/2606/3729 2597/592/409 2655/591/409
f 6482/1616/299 6483/1617/299 6480/1618/300 6481/1619/300
f 6258/418/30 6289/417/30 6256/420/2 6257/419/2
f 6363/770/3743 6368/2625/3743 6367/2626/3743 6364/771/3743
f 6281/417/1014 6282/418/1014 6280/419/17 6279/420/17
f 6281/417/1014 6284/1620/938 6283/1623/938 6282/418/1014
f 2709/2101/1559 2711/2104/1802 2710/712/1802 2708/711/1559
f 6267/525/905 6268/526/905 6265/527/25 6266/528/25
f 6269/420/300 6270/419/300 6268/526/905 6267/525/905
f 2658/2655/3739 2603/593/3739 2600/2603/3728 2657/587/3728
f 2787/1847/1287 2770/1848/1287 2769/2821/11 2786/2931/11
f 6213/2007/2 6214/2142/2 6211/85/379 6212/84/379
f 2674/2103/1802 2675/2102/1559 2671/2087/1559 2670/1136/1802
f 3682/3159/2652 3605/479/2652 3602/476/2652 3671/3160/2652
f 3044/1272/12 3015/1964/12 3013/1965/12 3039/1273/12
f 6271/417/12 6223/1298/12 6221/1295/12 6273/1620/12
f 1975/3039/12 1978/3038/12 1977/2042/12 1976/2041/12
f 6193/2007/12 6269/420/12 6267/525/12 6194/84/12
f 6266/528/12 6196/80/12 6194/84/12 6267/525/12
f 6329/1943/12 6330/1942/12 6328/3867/12 6327/3866/12
f 1829/1718/12 1908/1721/12 1907/1720/12 1827/1719/12
f 356/3953/58 359/3954/58 358/3029/58 357/3032/58
f 6246/1620/12 6242/1621/12 6220/2554/12 6217/1295/12
f 6322/3034/12 6324/1740/12 6323/1743/12 6321/3035/12
f 1858/1390/12 1859/1951/12 1857/1721/12 1854/1718/12
f 7304/751/58 6483/752/58 7302/753/58 7303/754/58
f 357/3032/58 7356/3031/58 7355/2116/58 354/2016/58
f 2707/2561/11 2676/3098/11 2675/2102/11 2709/2101/11
f 328/2596/58 331/1149/58 329/1148/58 330/1956/58
f 6277/525/12 6186/84/12 6183/2007/12 6279/420/12
f 2687/2924/42 2688/2925/42 2700/1588/42 2699/1587/42
f 6484/743/12 6487/744/12 6485/745/12 6486/746/12
f 1928/719/58 1929/718/58 1927/717/58 1926/720/58
f 1728/1210/58 1729/1896/58 1727/1893/58 1726/1914/58
f 7341/3955/58 6470/3956/58 6473/3957/58 7340/3938/58
f 7300/3955/58 7303/754/58 7302/753/58 7301/3956/58
f 337/2115/58 338/2114/58 7363/3126/58 7362/2609/58
f 2056/1158/58 2057/1161/58 2055/2276/58 2054/1493/58
f 2622/2282/11 2624/1709/11 2574/1712/11 2592/2759/11
f 1986/1854/12 1990/2045/12 1989/3128/12 1988/1855/12
f 653/2091/58 654/2094/58 651/2755/58 652/2754/58
f 1856/1719/12 1855/1720/12 1876/749/12 1877/750/12
f 344/3375/58 347/3058/58 346/1750/58 345/2804/58
f 3041/1272/12 3090/1273/12 3021/1965/12 3019/1964/12
f 6545/1703/12 6534/580/12 6535/564/12 6544/1704/12
f 5913/1161/58 2043/1160/58 2026/1159/58 5912/1158/58
f 3516/2809/24 3514/1589/24 3490/2658/24 3489/2068/24
f 1821/1488/12 1823/747/12 1905/748/12 1860/1746/12
f 3345/1993/24 3347/2732/24 3346/1383/24 3343/27/24
f 6298/2009/12 6300/3132/12 6299/3131/12 6297/2010/12
f 7324/1626/58 7327/1861/58 7326/1860/58 7325/1959/58
f 2582/1648/11 2566/565/11 2563/2664/11 2583/2717/11
f 3040/737/58 3016/738/58 3018/732/58 3091/729/58
f 1872/1488/12 1875/747/12 1874/748/12 1873/1746/12
f 3739/662/3744 4586/663/3745 3714/664/3746 3711/665/3746
f 3740/3391/2691 4587/3390/2690 4586/663/3745 3739/662/3744
f 4889/3390/2434 4890/3396/2692 6746/3397/2695 6745/3391/2435
f 3742/3394/3747 4589/3395/3748 4588/3396/2689 3741/3397/2688
f 3743/1128/2448 4590/1125/2447 4589/3395/3748 3742/3394/3747
f 4893/3395/2693 4895/1125/877 6748/1128/880 6747/3394/2694
f 4662/3437/3749 4664/702/3749 4663/3438/3749
f 4662/3437/3749 4617/703/3750 4664/702/3749
f 4662/3437/3749 4615/704/3751 4617/703/3750
f 4615/704/3751 6240/1691/3752 4676/1692/3753
f 4615/704/3751 4595/3516/3754 6240/1691/3752
f 4662/3437/3749 4595/3516/3754 4615/704/3751
f 4662/3437/3749 4518/1/3750 4595/3516/3754
f 4662/3437/3749 4519/2/3750 4518/1/3750
f 4662/3437/3750 4672/3158/3749 4519/2/3755
f 4662/3437/3750 4673/3157/3749 4672/3158/3749
f 4602/431/2604 4601/3447/3756 4600/434/2733
f 4602/431/2604 4591/3333/1123 4603/3448/3757
f 4591/3333/1123 4593/2649/2250 4592/3450/3758
f 4593/2649/2250 4595/3516/3759 4594/2647/3760
f 6583/2649/2736 4800/3516/3761 4798/1691/3762 6588/2648/2736
f 4477/2648/2609 3771/2649/2610 3781/3333/2730 4476/3334/2730
f 4476/3334/2730 3781/3333/2730 3779/431/2728 4475/432/3763
f 4609/3320/2224 4679/3319/2224 4677/3315/2224 4607/3316/2224
f 6783/1686/1248 7102/1685/1248 7101/3958/1248 6785/3959/1248
f 4600/434/2733 4599/1037/2367 4598/632/2367
f 4519/3245/3028 4517/3246/3028 4672/3487/3028
f 3599/3245/2760 3870/3248/2760 3960/3247/2760 3702/3246/2760
f 3870/3248/2760 3869/3294/3027 3959/3488/3027 3960/3247/2760
f 4768/3248/2127 4923/3247/2127 4922/3488/3764 4770/3294/3764
f 4744/3304/3025 4920/3485/3025 4919/3489/3021 4748/3305/3021
f 3867/3304/2700 3866/3305/3022 3956/3489/3022 3957/3485/2700
f 5046/3304/3765 5047/3293/3766 4349/3486/3766 4348/3485/3765
f 4162/663/2680 4164/3390/3767 4163/3391/3768 4160/662/2681
f 277/783/386 70/784/386 71/781/392 278/782/392
f 6340/771/299 6342/3943/299 6338/768/299
f 6340/771/299 6343/3944/299 6342/3943/299
f 2673/511/1695 2669/1139/1695 2668/1708/1283 2684/2766/1283
f 6345/3945/1014 6339/770/1014 6341/769/1014
f 6345/3945/1014 6344/3946/1014 6339/770/1014
f 2654/594/410 2594/593/410 2593/2670/1323 2653/2770/1323
f 6348/771/24 6350/3943/24 6346/768/24
f 6348/771/24 6351/3944/24 6350/3943/24
f 3597/3960/2050 3566/2309/300 3568/2312/300 3596/3961/2050
f 6353/3945/44 6347/770/44 6349/769/44
f 6353/3945/44 6352/3946/44 6347/770/44
f 45/135/76 47/8/1888 46/11/1888 44/136/76
f 6355/771/30 6358/3943/30 6356/768/30
f 6355/771/30 6359/3944/30 6358/3943/30
f 3313/3059/2640 3314/2860/2640 2929/1672/2640 2931/2467/2640
f 6361/3945/291 6357/770/291 6354/769/291
f 6361/3945/291 6360/3946/291 6357/770/291
f 53/404/292 260/407/292 259/2620/1743 54/2619/1743
f 6364/771/1014 6366/3943/1014 6362/768/1014
f 6364/771/1014 6367/3944/1014 6366/3943/1014
f 6613/3166/182 6615/3163/182 6647/2085/504 6646/2084/1455
f 6369/3945/299 6363/770/299 6365/769/299
f 6369/3945/299 6368/3946/299 6363/770/299
f 6146/3134/395 6102/2895/395 6103/1539/1384 6145/2932/1891
f 6372/771/291 6374/3943/291 6370/768/291
f 6372/771/291 6375/3944/291 6374/3943/291
f 6279/420/17 6280/419/17 6278/526/20 6277/525/20
f 6377/3945/30 6371/770/30 6373/769/30
f 6377/3945/30 6376/3946/30 6371/770/30
f 6391/3962/3769 6392/3963/3769 6390/3964/3770 6389/3965/3770
f 6397/3966/3771 6400/3967/3772 6399/3968/3772 6398/3969/3771
f 6387/3970/3773 6388/3971/3773 6386/3972/3774 6385/3973/3774
f 6391/3962/3769 6394/3974/3775 6393/3975/3775 6392/3963/3769
f 6403/3976/13 6406/3977/3776 6405/3978/3776 6404/3979/13
f 6403/3976/13 6404/3979/13 6402/3980/3777 6401/3981/3777
f 6417/3982/3778 6380/3983/3778 6415/3984/3779 6416/3985/3779
f 6411/3986/3780 6412/3987/3780 6410/3988/3781 6409/3989/3781
f 5400/3780/3647 5405/3781/3498 5404/3817/3493 5398/3736/3410
f 6385/3973/3774 6386/3972/3774 6383/3990/232 6384/3991/232
f 6389/3965/3770 6390/3964/3770 6388/3971/3773 6387/3970/3773
f 6413/3992/1839 6414/3993/1839 6412/3987/3780 6411/3986/3780
f 6409/3989/3781 6410/3988/3781 6408/3994/3782 6407/3995/3782
f 6407/3995/3782 6408/3994/3782 6405/3978/3776 6406/3977/3776
f 6401/3981/3777 6402/3980/3777 6399/3968/3772 6400/3967/3772
f 6397/3966/3771 6398/3969/3771 6396/3996/3783 6395/3997/3783
f 6413/3992/1839 6416/3985/3779 6415/3984/3779 6414/3993/1839
f 6395/3997/3783 6396/3996/3783 6393/3975/3775 6394/3974/3775
f 6380/3983/3778 6417/3982/3778 6378/3931/3723 6379/3930/3723
f 6381/3928/3722 6384/3991/232 6383/3990/232 6382/3929/3722
f 3940/196/129 3930/1205/1411 3766/1248/1410 3768/3049/2795
f 4340/197/2330 4216/1842/2925 4214/3049/2584 4341/196/2526
f 4865/1452/2254 4864/475/2257 4882/1256/2529 4881/1257/3784
f 4225/1168/2577 4336/660/2576 4335/659/2822 4151/2997/2936
f 3916/475/2305 3918/253/413 3917/254/1123 3915/474/1122
f 4299/474/2827 4314/475/2906 4313/1452/2581 4301/2455/2516
f 5241/3495/3064 5254/3496/3610 5253/3497/2920 5252/3498/3171
f 3865/3301/3023 3860/3300/3024 3859/3393/3024 3955/3392/3024
f 4771/3293/3026 4770/3294/3764 4922/3488/3764 4921/3486/3026
f 5046/3304/3765 4348/3485/3765 4347/3489/2764 5045/3305/2764
f 4668/3304/2763 4667/3305/2765 4710/3489/2765 4711/3485/2763
f 5047/3293/3766 5048/3294/3785 4350/3488/3785 4349/3486/3766
f 5049/3248/3029 4351/3247/3029 4350/3488/3785 5048/3294/3785
f 2/3245/3029 4151/3246/3029 4351/3247/3029 5049/3248/3029
f 4766/3245/2127 4765/3487/2127 4916/3246/2127
f 2027/2138/394 2028/2628/44 2002/2627/44 2025/2139/1437
f 7348/562/395 7349/1597/583 6485/745/583 6489/563/395
f 4970/1638/3786 4978/1637/2648 4974/1636/2650 4971/1635/3786
f 6432/2079/42 6433/2082/1585 6382/2081/1585 6383/2080/42
f 6733/2223/1977 6735/520/372 6734/519/372 6732/2222/1977
f 240/311/223 241/241/166 228/240/165 227/773/523
f 2039/759/20 2114/2468/20 2113/2255/17 2038/760/17
f 4570/1168/895 4571/1169/895 4520/2192/2471 4517/2997/2471
f 2502/2615/1654 2501/3067/409 2505/1727/409 2503/2613/1654
f 2498/57/44 2558/2635/44 2557/2634/44 2497/58/44
f 7344/521/20 6497/524/20 6498/1869/17 7343/3998/17
f 4112/3069/2003 4096/3070/2003 4095/508/2003 4111/507/2003
f 6536/561/29 6538/562/11 6537/563/11 6535/564/29
f 6438/550/391 6439/2213/170 6410/2216/170 6412/551/391
f 6244/1623/390 6273/1620/390 6242/1621/42 6243/1622/42
f 3494/1988/1804 3471/2733/1804 3468/1595/1298 3493/1594/1298
f 6519/743/24 7290/751/24 7334/754/25 6520/744/25
f 3481/2726/1009 3482/2725/1170 3413/2983/1170 3411/2721/1009
f 4032/1635/3787 4033/1636/3788 4038/1637/3789 4030/1638/3787
f 1399/884/971 1401/887/1305 1400/886/1305 1398/885/383
f 405/830/58 406/829/58 403/837/57 404/836/57
f 6448/1652/1014 6450/1651/20 6449/1654/20 6447/1653/1014
f 2901/1846/1008 2903/1922/42 2902/1921/42 2900/1845/1008
f 6450/1651/20 6452/3999/44 6451/4000/44 6449/1654/20
f 6452/3999/44 6454/1651/395 6453/1654/395 6451/4000/44
f 3386/2934/1301 3398/2797/1301 3396/2565/297 3397/2668/297
f 5260/3681/3261 5261/1979/2638 5259/1978/2639 5258/3063/3237
f 6458/1642/42 6460/1641/299 6459/1644/299 6457/1643/42
f 3355/1631/1590 3358/1632/15 3357/1633/15 3356/1634/1590
f 702/924/58 705/873/899 703/874/899 704/2969/58
f 3339/1600/1431 3354/2592/1429 3353/2614/1430 3340/1601/1431
f 7299/2210/290 7301/2742/42 7311/2741/42 7310/2211/290
f 1720/1362/12 1721/1263/930 1708/1266/930 1707/1342/12
f 2568/566/397 2570/2668/1608 2569/2565/1608 2567/567/397
f 2659/541/3740 2660/2655/3727 2607/2673/3727 2605/544/3740
f 6515/1597/25 6516/745/25 6513/563/905 6514/562/905
f 56/3110/1155 263/4001/1155 262/406/294 55/405/293
f 7294/2667/583 7308/2666/583 7307/2308/395 7293/2307/395
f 6192/85/20 6225/2142/17 6193/2007/17 6194/84/20
f 3595/1838/42 3597/3960/2050 3596/3961/2050 3594/1839/42
f 4727/3499/58 4606/3502/58 4608/3501/58 4678/3500/58
f 5342/156/1171 5044/159/3790 4345/158/3790 4248/157/1171
f 6319/3033/12 6320/3036/12 6318/1953/12 6317/1952/12
f 2052/2267/58 2069/2124/58 2068/2123/58 2050/3172/58
f 1756/1202/58 1759/1201/58 1758/1229/58 1757/1228/58
f 1821/1391/12 1860/2731/12 1859/1951/12 1858/1390/12
f 3083/1276/58 3085/1277/58 3024/3028/58 3026/1751/58
f 6209/2554/12 6286/1621/12 6284/1620/12 6178/1295/12
f 7338/1861/58 7339/1858/58 6475/1859/58 6477/1860/58
f 3498/4002/44 3515/1590/44 3517/3107/44 3497/3399/44
f 6505/521/42 6506/524/42 6503/1869/290 6504/3998/290
f 7240/1261/44 6092/1260/44 6090/1481/1160 7239/1480/1160
f 6511/561/300 6512/564/300 6509/580/299 6510/579/299
f 1211/1429/1013 1197/936/1013 1196/939/1010 1210/1434/1010
f 6511/561/300 6514/562/905 6513/563/905 6512/564/300
f 6518/4003/24 6528/3998/935 6527/1869/935 6517/1868/24
f 3487/2807/1009 3488/2763/1170 3483/2724/1170 3480/2723/1009
f 1961/4004/905 2100/4005/905 2099/38/25 1963/37/25
f 1963/4006/12 1964/2002/12 1962/2038/12 1961/3037/12
f 3091/729/58 3018/732/58 3020/731/58 3089/730/58
f 1764/1206/58 1767/1932/58 1766/1905/58 1765/1911/58
f 7298/3938/58 7299/3957/58 7297/1859/58 7296/1858/58
f 1845/1487/58 1843/717/58 1940/720/58 1913/1935/58
f 1951/4007/12 1952/1995/12 1948/1984/12 1950/1986/12
f 2633/2135/11 2608/4008/11 2611/1707/11 2630/97/11
f 336/2112/58 337/2115/58 334/1971/58 335/1970/58
f 1754/1233/905 1757/1228/25 1803/1231/25 1804/1234/905
f 2103/2184/363 2102/492/363 2124/495/364 2125/2221/3791
f 98/239/164 135/213/142 96/212/141 97/236/161
f 6346/768/12 6349/769/12 6347/770/12 6348/771/12
f 1210/1434/1010 1196/939/1010 1195/950/1011 1209/1435/1011
f 2939/1316/3738 2921/2869/3738 2926/1542/3738 2938/1315/3738
f 1952/2345/1421 1951/3935/291 2171/3936/291 2170/2302/1570
f 6434/3376/1324 6435/516/1574 6380/517/1574 6379/3377/1324
f 3078/714/12 2940/1140/12 2942/1141/12 2977/715/12
f 3425/2765/24 3426/3130/24 3424/2750/24 3423/2749/24
f 3049/713/12 3008/716/12 3006/1934/12 3051/1274/12
f 6543/1870/12 6537/563/12 6539/745/12 6542/744/12
f 3079/1276/58 3081/1275/58 3028/1752/58 2980/1751/58
f 3069/1272/12 3071/1273/12 2990/1965/12 2988/1964/12
f 7300/3955/58 7301/3956/58 7299/3957/58 7298/3938/58
f 1955/2757/12 1958/2743/12 1957/2035/12 1956/2054/12
f 5930/519/372 5931/520/372 5929/2223/1977 5928/2222/1977
f 1851/2413/1720 1853/2707/3792 1852/2706/3792 1850/2412/1720
f 2194/556/3793 2197/1556/3794 2195/1557/3795 2196/553/3793
f 2197/1556/3794 2199/2474/3796 2198/3335/3796 2195/1557/3795
f 1083/69/11 1084/70/11 1082/1373/956 1081/1171/956
f 678/2413/1985 679/2412/1985 675/2706/1964 677/2707/1964
f 6550/556/3797 6558/1556/2251 6557/1557/2253 6551/553/3797
f 6572/2474/3798 6574/2475/3799 6573/2472/3800 6571/2473/3798
f 7126/4009/3801 5952/2384/3801 5951/2379/3802 7125/2378/3803
f 1326/1113/125 1327/1110/1110 1316/1104/1114 1315/1102/125
f 189/2790/293 194/1442/292 193/1445/292 192/2791/293
f 839/1172/12 852/1503/12 851/822/573 840/821/930
f 2754/1570/393 2796/1569/393 2773/2631/1015 2726/2632/1015
f 3906/2457/3804 3925/2456/3804 3961/3355/3805 3962/3356/3804
f 3925/2456/3804 3924/1458/3806 3963/3342/3807 3961/3355/3805
f 3924/1458/3806 3923/1459/3808 3964/3341/3809 3963/3342/3807
f 3923/1459/3808 3928/1323/3810 3965/3360/3810 3964/3341/3809
f 7118/3360/2955 7117/3361/2956 4872/624/2959 4871/1323/2955
f 4952/3361/3811 4953/3359/2376 4332/623/2377 4295/624/3812
f 3932/624/2901 3966/3361/2900 3965/3360/3810 3928/1323/3810
f 6749/3213/2495 6744/3216/2495 6743/3215/2489 6982/3214/2971
f 3952/3346/3813 3970/3365/3814 3969/3358/3815 3953/3347/3816
f 4956/3365/2944 4957/3364/3817 4321/3345/3818 4326/3346/2945
f 6577/431/2602 6578/3448/3819 6579/3333/2735
f 6577/431/2602 6580/434/1073 6581/3447/3820
f 6579/3333/2735 6582/3450/3821 6583/2649/2736
f 6580/434/1073 4931/632/1075 6584/1037/1075
f 4600/434/2733 4598/632/2367 4606/1036/2367 6228/433/2734
f 4474/433/2600 4475/432/3763 3779/431/2728 3777/434/2601
f 4231/431/308 4233/3333/2620 4360/3334/2620 4359/432/309
f 4233/3333/2620 4235/2649/1769 4361/2648/1768 4360/3334/2620
f 124/153/92 126/221/150 128/220/149 127/218/147
f 6583/2649/2736 6589/2647/3822 4800/3516/3761
f 3808/3317/2787 3804/3316/2787 3900/3315/2787 3901/3318/2787
f 4289/3315/2219 4304/3319/2219 4369/3320/2220 4370/3316/2220
f 4304/3319/2219 4306/3322/2219 4368/3321/2220 4369/3320/2220
f 4175/3194/2219 4174/3405/2219 4368/3321/2220 4306/3322/2219
f 4844/3499/58 6590/3503/58 4837/3504/58
f 4844/3499/58 4928/3502/58 6590/3503/58
f 3911/1454/1047 3912/1453/1046 3906/2457/1625 3904/3323/2231
f 4019/3366/3823 4022/3367/3823 4020/1638/3823 4021/1635/3823
f 6595/3368/24 6596/1636/24 6597/391/24
f 6591/3369/24 6596/1636/24 6595/3368/24
f 6591/3369/24 6593/3370/24 6596/1636/24
f 4031/3367/3824 4036/3372/3824 4034/3371/3824 4029/3366/3824
f 4023/388/3825 4025/391/3825 4027/390/3825 4026/389/3825
f 1975/2354/30 1974/1831/2 2090/1834/2 2088/2355/30
f 4965/391/3826 4967/390/3826 4968/1637/2049 4963/1636/2048
f 4428/3366/2969 4431/3367/2428 4429/1638/2428 4430/1635/2969
f 6601/3369/24 6605/1636/24 6604/3370/24
f 6601/3369/24 6606/3368/24 6605/1636/24
f 6606/3368/24 6607/391/24 6605/1636/24
f 4899/2458/12 4958/2461/12 4901/3512/12
f 3954/2458/12 3897/2461/12 3899/2460/12 4478/2459/12
f 4899/2458/12 6608/3510/12 4798/2459/12
f 4899/2458/12 4900/3511/12 6608/3510/12
f 4432/3371/3827 4435/3372/3827 4431/3367/3827 4428/3366/3827
f 4432/388/3828 4434/391/3828 4436/390/3828 4435/389/3828
f 4429/1638/3829 4437/1637/2511 4433/1636/2513 4430/1635/3829
f 4035/391/3830 4037/390/3830 4038/1637/3789 4033/1636/3788
f 7235/4010/42 7236/3458/1585 6083/1395/1585 6081/932/42
f 6616/3161/3831 6617/76/1150 6618/3162/2652
f 6616/3161/3831 6619/79/1150 6617/76/1150
f 2678/2811/964 2679/1722/966 2663/1925/966 2662/2814/964
f 4049/32/21 4050/35/23 4048/77/46 4047/78/46
f 6271/417/299 6273/1620/390 6244/1623/390 6272/418/299
f 3393/565/289 3395/566/288 3394/567/288 3391/568/289
f 3615/649/896 3617/650/895 3616/2086/895 3614/2277/1835
f 2011/1491/299 2054/1493/299 2053/2799/390 2019/3475/390
f 6634/1876/16 6635/1875/16 6633/1484/1161 6632/1483/1161
f 1828/1730/905 1829/1718/905 1827/1719/300 1826/1835/300
f 6952/135/1980 6954/8/2011 6953/11/2011 6951/136/1980
f 4473/1484/1161 4442/1875/16 4444/1876/16 4472/1483/1161
f 3689/93/3832 3688/3010/3832 3665/3013/3742 3664/92/3832
f 4069/2277/1835 4070/649/896 4068/2278/40 4067/2279/40
f 4071/2086/895 4072/650/895 4070/649/896 4069/2277/1835
f 4073/2084/2054 4074/2085/2054 4072/650/895 4071/2086/895
f 4040/3166/2057 4042/3163/2057 4074/2085/2054 4073/2084/2054
f 4967/390/24 4966/3513/24 4968/1637/24
f 4968/1637/24 4966/3513/24 4961/3514/24
f 4968/1637/24 4961/3514/24 4960/3515/24
f 4977/390/24 4978/1637/24 4976/3513/24
f 4978/1637/24 4972/3514/24 4976/3513/24
f 4978/1637/24 4970/3515/24 4972/3514/24
f 4085/1897/44 4051/34/44 4054/570/44 4084/504/44
f 6664/3013/24 6635/1875/24 6637/1384/24 6663/3012/24
f 3671/3160/24 3619/2085/24 3617/650/24 3670/648/24
f 4085/1897/44 4086/394/44 4050/35/44 4051/34/44
f 3405/1608/24 3397/2668/24 3395/566/24 3403/1647/24
f 3666/3012/24 3667/3070/24 3611/1385/24 3609/1384/24
f 6655/260/24 6617/76/24 6654/261/24
f 6618/3162/24 6617/76/24 6655/260/24
f 6618/3162/24 6655/260/24 6656/3165/24
f 6657/3164/24 6618/3162/24 6656/3165/24
f 4039/476/44 4092/3160/44 4074/2085/44 4042/3163/44
f 4092/3160/44 4093/648/44 4072/650/44 4074/2085/44
f 4093/648/44 4094/509/44 4070/649/44 4072/650/44
f 2588/1605/42 2586/1646/42 2850/2803/42 2849/2923/42
f 4095/508/44 4096/3070/44 4066/1385/44 4068/2278/44
f 4097/3012/44 4064/1384/44 4066/1385/44 4096/3070/44
f 4098/3013/44 4062/1875/44 4064/1384/44 4097/3012/44
f 4099/92/44 4060/1484/44 4062/1875/44 4098/3013/44
f 3376/3067/24 3377/2615/24 3353/2614/24 3356/1634/24
f 7053/1423/973 7054/1578/11 5559/1577/11 5570/1422/973
f 7052/1424/956 7053/1423/973 5570/1422/973 5571/1425/956
f 2480/1631/972 2481/1634/972 2478/2614/1654 2479/2592/1654
f 7050/2528/57 7051/2529/908 5572/2530/908 5573/2531/57
f 5096/1850/572 5075/2531/577 6677/2528/577 6676/1851/572
f 4882/1256/399 6997/1255/399 6996/1254/22 4881/1257/22
f 4204/1257/393 4205/1254/393 4202/1498/1164 4203/641/1164
f 7038/2528/577 7039/2529/232 5566/2530/232 5567/2531/577
f 5069/1850/1397 5070/2531/57 6682/2528/57 6672/1851/1397
f 7036/1852/12 7037/1851/572 5568/1850/572 5569/1849/12
f 7048/1852/58 7049/1851/1397 5574/1850/1397 5575/1849/58
f 7034/2528/930 7035/1851/1398 5554/1850/1398 5555/2531/930
f 5081/2530/1395 5082/2531/971 6669/2528/971 6668/2529/1395
f 7051/2529/908 7052/1424/956 5571/1425/956 5572/2530/908
f 2954/480/1917 2957/3056/1931 2956/3055/1931 2955/481/1918
f 3246/60/569 3247/63/569 3244/62/1692 3245/61/1692
f 7046/2528/971 7047/1851/1859 5576/1850/1859 5577/2531/971
f 1455/1308/393 1456/1307/393 1454/1625/577 1453/1624/967
f 7039/2529/232 7040/1424/393 5565/1425/393 5566/2530/232
f 5085/1422/1287 5086/1425/14 6688/1424/14 6687/1423/1287
f 7043/1423/1008 5562/1422/1008 5563/1577/42 7042/1578/42
f 7041/1423/1015 7042/1578/42 5563/1577/42 5564/1422/1015
f 1571/1506/1168 1570/1249/1294 1555/948/1294 1556/946/1168
f 7044/1424/1007 7045/2529/1395 5561/2530/1395 5560/1425/1007
f 5497/3545/2989 5499/3549/3833 5509/3548/3833 5506/3546/2989
f 5502/3550/3834 5503/3549/2991 5513/3548/2991 5512/3551/3834
f 5478/3550/3835 5479/3549/3002 5537/3548/3002 5536/3551/3835
f 6577/431/2602 6579/3333/2735 6587/3334/2735 6586/432/2603
f 5462/3540/3836 5520/3541/3836 5518/3547/3837 5460/3544/3837
f 5492/3230/2984 5493/3540/2987 5551/3541/2987 5550/3542/2984
f 4981/3541/3838 5010/3540/3838 4979/3230/3839 4980/3542/3839
f 5526/3542/2980 5523/3543/3121 5465/3231/3121 5468/3230/2980
f 5527/3541/3555 5528/3557/3555 5525/3310/3031 5526/3542/3031
f 5513/3548/3042 5516/3546/3553 5515/3559/3553 5514/3560/3043
f 6908/1546/3840 6940/4011/3840 6939/4012/3841 6906/4013/3841
f 4988/3547/3558 5054/3558/3558 5053/3557/3548 4986/3541/3548
f 5520/3541/3842 5522/3542/3053 5521/3310/3053 5519/3557/3842
f 5059/3557/3551 4995/3541/3551 4996/3547/3546 5058/3558/3064
f 5547/3543/3032 5548/3309/3032 5545/3310/3843 5546/3542/3843
f 5544/3541/3552 5546/3542/3843 5545/3310/3843 5543/3557/3552
f 4108/3159/2652 4092/3160/2652 4039/476/2652 4041/479/2652
f 4109/1220/2412 4093/648/2412 4092/3160/2412 4108/3159/2412
f 1740/1221/2 1738/1864/379 1791/1787/379 1792/1222/2
f 75/2738/1743 280/2739/1743 286/2133/1458 79/2132/1458
f 2719/1989/1488 2721/1586/1416 2720/1587/1416 2718/1143/1488
f 4113/3011/2060 4097/3012/2060 4096/3070/2060 4112/3069/2060
f 5664/2280/2826 5662/2281/2825 7007/1920/1413 7006/1919/1412
f 7231/4014/376 6108/1406/376 6106/1405/24 7230/3099/24
f 4116/90/3844 4082/91/3844 4099/92/3845 4115/93/3845
f 715/1639/593 717/193/1176 716/192/1176 714/888/593
f 6357/770/3846 6360/2625/3846 6359/2626/3846 6355/771/3846
f 6354/769/12 6357/770/12 6355/771/12 6356/768/12
f 1756/1202/47 1755/1713/20 1779/1764/20 1778/1203/47
f 4121/392/2061 4087/393/2061 4086/394/2061 4120/395/2061
f 57/781/1808 264/782/1808 263/783/1155 56/784/1155
f 3697/259/182 3696/262/182 3675/261/1169 3674/260/182
f 6714/699/24 6655/3176/24 6715/700/24
f 6714/699/24 6656/3177/24 6655/3176/24
f 2224/2398/3847 2223/2399/3847 2228/2400/3847 2229/2401/3847
f 3698/699/504 3701/698/504 3700/697/504 3699/700/504
f 2491/4015/1560 2494/2127/1559 2492/2128/1559 2493/3066/1560
f 3443/2740/16 3444/2692/16 3441/2691/31 3442/2784/31
f 4581/1248/48 4583/595/1415 4582/1246/1415 4580/1247/48
f 2632/2134/1293 2635/1371/1416 2634/97/1416 2633/2135/1293
f 4114/3010/1944 4098/3013/1944 4097/3012/1944 4113/3011/1944
f 4565/1650/23 4567/373/46 4566/372/46 4564/1649/23
f 5920/3051/137 5923/2711/1567 5922/2710/1567 5921/3052/137
f 6427/549/24 6428/515/376 6392/518/376 6393/552/24
f 200/1374/1156 191/1375/1155 190/1376/1155 199/1377/1156
f 4148/66/39 4149/65/40 4147/64/38 4146/67/38
f 5894/3243/3848 5893/3244/3849 7016/788/3849 7017/787/3850
f 5901/4016/3851 5895/2984/3852 7030/1915/3853 7029/3660/3854
f 5425/3606/3138 5294/3605/3137 5280/1447/3855 5429/4017/3856
f 5797/3603/3857 5741/3604/3858 5742/3494/3859 5796/4018/3860
f 5385/4016/3861 5211/3660/3862 5146/3658/3863 5145/4019/3863
f 6644/2086/1395 6645/650/1395 6643/649/1553 6642/2277/1553
f 4524/374/3864 4521/375/3864 4568/2313/1573 4569/1682/1572
f 3951/3345/3865 3971/3364/3866 3970/3365/3814 3952/3346/3813
f 4685/1459/2953 4684/1323/2383 6232/3360/2383 6230/3341/2954
f 4556/3391/2687 4738/3390/2686 4739/663/483 4555/662/482
f 4164/3390/3767 4166/3396/3867 4165/3397/3868 4163/3391/3768
f 4166/3396/3867 4168/3395/3869 4167/3394/3870 4165/3397/3868
f 4168/3395/3869 4170/1125/3871 4169/1128/3872 4167/3394/3870
f 4170/1125/3871 4157/1126/2658 4158/1127/2660 4169/1128/3872
f 4171/3186/3873 4159/664/3873 4161/3185/3873 4172/3187/3873
f 6750/4020/1248 6751/4021/1248 6752/4022/1248
f 6750/4020/1248 6753/4023/1248 6751/4021/1248
f 6750/4020/1248 6754/4024/1248 6753/4023/1248
f 6750/4020/1248 6755/4025/1248 6754/4024/1248
f 6750/4020/1248 6756/4026/1248 6755/4025/1248
f 6750/4020/1248 6757/4027/1248 6756/4026/1248
f 6750/4020/1248 6758/4028/1248 6757/4027/1248
f 6750/4020/1248 6759/4029/1248 6758/4028/1248
f 6750/4020/1248 6760/4030/1248 6759/4029/1248
f 6750/4020/1248 6761/4031/1248 6760/4030/1248
f 6750/4020/1248 6762/4032/1248 6761/4031/1248
f 6750/4020/1248 6752/4022/1248 6762/4032/1248
f 6820/1686/3874 6822/3959/3875 6821/4033/3875 6819/4034/3874
f 7078/4035/3876 6838/4036/3876 6836/4037/3877 7077/4038/3877
f 6802/4039/3878 6823/1555/3878 6800/1554/3879 6801/4040/3879
f 7068/4041/3880 7069/4042/426 6881/1071/426 6878/4043/3880
f 6809/1548/3881 6810/4044/3881 6808/4045/2417 6807/1693/3882
f 6772/1548/3883 6773/4044/3883 6771/4045/3884 6770/1693/3885
f 6812/1551/3886 6814/4046/3887 6813/4047/3887 6811/4048/3886
f 6814/4046/3887 6816/4049/3888 6815/4050/3888 6813/4047/3887
f 6816/4049/3888 6818/1683/3889 6817/4051/3889 6815/4050/3888
f 6818/1683/3889 6820/1686/3874 6819/4034/3874 6817/4051/3889
f 6906/4013/3841 6939/4012/3841 6938/4052/3890 6903/4053/3890
f 6823/1555/3878 6802/4039/3878 6821/4033/3875 6822/3959/3875
f 6787/4020/1246 6788/4021/1246 6789/4022/1246
f 6787/4020/1246 6790/4023/1246 6788/4021/1246
f 6787/4020/1246 6791/4024/1246 6790/4023/1246
f 6787/4020/1246 6792/4025/1246 6791/4024/1246
f 6787/4020/1246 6793/4026/1246 6792/4025/1246
f 6787/4020/1246 6794/4027/1246 6793/4026/1246
f 6787/4020/1246 6795/4028/1246 6794/4027/1246
f 6787/4020/1246 6796/4029/1246 6795/4028/1246
f 6787/4020/1246 6797/4030/1246 6796/4029/1246
f 6787/4020/1246 6798/4031/1246 6797/4030/1246
f 6787/4020/1246 6799/4032/1246 6798/4031/1246
f 6787/4020/1246 6789/4022/1246 6799/4032/1246
f 6765/4039/3891 6786/1555/3891 6763/1554/3892 6764/4040/3892
f 6766/1688/3893 6767/4054/3893 6764/4040/3892 6763/1554/3892
f 6768/1687/3894 6769/4055/3894 6767/4054/3893 6766/1688/3893
f 6770/1693/3885 6771/4045/3884 6769/4055/3894 6768/1687/3894
f 6911/4056/3895 6942/4057/3895 6941/4058/3896 6910/1545/3896
f 6772/1548/3883 6775/1551/3897 6774/4048/3897 6773/4044/3883
f 6903/4053/3890 6938/4052/3890 6937/4059/3898 6902/4060/3898
f 6786/1555/3891 6765/4039/3891 6784/4033/3899 6785/3959/3899
f 6805/1687/3900 6806/4055/3900 6804/4054/3901 6803/1688/3901
f 7082/4061/3902 6846/1072/3902 6844/1071/3599 7081/4042/3599
f 6783/1686/3903 6785/3959/3899 6784/4033/3899 6782/4034/3903
f 6781/1683/3904 6783/1686/3903 6782/4034/3903 6780/4051/3904
f 6866/4062/764 6869/4063/764 6868/4064/764 6867/4065/764
f 1278/1067/1077 1272/1455/44 1271/1051/44 1281/1048/44
f 6866/4062/764 6867/4065/764 6865/1053/764 6864/1052/764
f 6912/4066/1245 6914/4067/1245 6913/4068/1245 6911/4056/1245
f 6875/4036/764 6877/4069/764 6876/4070/764 6874/4071/764
f 6871/4072/764 6873/4037/764 6872/4073/764 6870/4074/764
f 981/1067/756 982/1048/44 954/1051/44 955/1455/44
f 6841/4043/739 6844/1071/739 6843/1074/739 6842/3414/739
f 961/1061/1069 935/1078/44 936/1082/44 964/1081/44
f 6878/4043/764 6881/1071/764 6880/1074/764 6879/3414/764
f 1286/1043/1072 1288/1042/44 1275/1075/44 1274/1058/44
f 604/1064/767 575/1070/24 586/1077/24 602/1047/24
f 5146/3658/3905 5147/1419/3906 5144/4075/3906 5145/4019/3905
f 5798/4076/3907 5799/4077/3908 5738/3633/3909 5739/3632/3907
f 5799/4077/3908 5807/2875/3910 5721/2877/3911 5738/3633/3909
f 5902/2939/3912 7026/2940/3912 5607/2937/3913 5606/4078/3913
f 6848/4020/739 6849/4079/739 6850/4080/739
f 6848/4020/739 6851/4081/739 6849/4079/739
f 6848/4020/739 6852/4082/739 6851/4081/739
f 6848/4020/739 6853/4083/739 6852/4082/739
f 6848/4020/739 6854/4084/739 6853/4083/739
f 6848/4020/739 6855/3412/739 6854/4084/739
f 6848/4020/739 6856/3413/739 6855/3412/739
f 6848/4020/739 6857/4085/739 6856/3413/739
f 6848/4020/739 6858/4086/739 6857/4085/739
f 6848/4020/739 6859/4087/739 6858/4086/739
f 6848/4020/739 6860/4088/739 6859/4087/739
f 6848/4020/739 6850/4080/739 6860/4088/739
f 6824/1079/739 6847/1080/739 6825/1055/739 6826/1054/739
f 6807/1693/1246 6805/1687/1246 7095/1690/1246 7094/1694/1246
f 6914/4067/1245 6916/4089/1245 6915/4090/1245 6913/4068/1245
f 6829/4062/739 6832/4063/739 6831/4064/739 6830/4065/739
f 6832/4063/739 6834/4072/739 6833/4074/739 6831/4064/739
f 6818/1683/1246 6816/4049/1246 7090/4091/1246 7089/1684/1246
f 6836/4037/739 6838/4036/739 6837/4071/739 6835/4073/739
f 6838/4036/739 6840/4069/739 6839/4070/739 6837/4071/739
f 6841/4043/739 6842/3414/739 6839/4070/739 6840/4069/739
f 6777/4046/1248 7105/4092/1248 7104/4091/1248 6779/4049/1248
f 6844/1071/739 6846/1072/739 6845/1073/739 6843/1074/739
f 6847/1080/739 6824/1079/739 6845/1073/739 6846/1072/739
f 971/1047/44 973/1046/44 959/1076/44 960/1077/44
f 2802/3024/24 2937/1543/24 3100/1315/24 2818/1314/24
f 5119/3587/3577 5121/3588/3125 5120/3601/3126 5118/3586/3577
f 5614/611/3914 5615/3571/3915 5613/3570/3914 5612/3569/3914
f 5596/3574/3592 5597/3702/3573 5594/3854/3574 5595/3573/3592
f 5111/3598/2982 5113/3855/3916 5112/3616/3916 5110/3599/2982
f 5130/3684/3121 5131/3576/3121 5128/3593/3122 5129/3596/3122
f 5365/3608/3140 5098/3583/3917 5100/3490/3917 5153/3493/3141
f 5428/4077/3918 5401/2875/1867 5271/2877/1867 5290/3633/3919
f 5427/4076/3920 5428/4077/3918 5290/3633/3919 5291/3709/3921
f 5846/1699/3922 5847/3528/3923 5727/3529/3923 5724/1700/3924
f 6885/4020/764 6886/4079/764 6887/4080/764
f 6885/4020/764 6888/4081/764 6886/4079/764
f 6885/4020/764 6889/4082/764 6888/4081/764
f 6885/4020/764 6890/4083/764 6889/4082/764
f 6885/4020/764 6891/4084/764 6890/4083/764
f 6885/4020/764 6892/3412/764 6891/4084/764
f 6885/4020/764 6893/3413/764 6892/3412/764
f 6885/4020/764 6894/4085/764 6893/3413/764
f 6885/4020/764 6895/4086/764 6894/4085/764
f 6885/4020/764 6896/4087/764 6895/4086/764
f 6885/4020/764 6897/4088/764 6896/4087/764
f 6885/4020/764 6887/4080/764 6897/4088/764
f 978/1043/1242 957/1058/44 958/1075/44 976/1042/44
f 6884/1080/764 6861/1079/764 6882/1073/764 6883/1072/764
f 6812/1551/1246 7092/1550/1246 7091/4092/1246 6814/4046/1246
f 587/1067/1084 581/1455/24 580/1051/24 590/1048/24
f 6869/4063/764 6871/4072/764 6870/4074/764 6868/4064/764
f 6905/4093/1245 6906/4013/1245 6903/4053/1245 6904/4094/1245
f 6786/1555/1248 6785/3959/1248 7101/3958/1248 7100/1552/1248
f 595/1043/735 597/1042/24 584/1075/24 583/1058/24
f 6907/1547/1245 6908/1546/1245 6906/4013/1245 6905/4093/1245
f 6900/4095/1245 6921/4096/1245 6898/4097/1245 6899/4098/1245
f 6901/4099/1245 6902/4060/1245 6899/4098/1245 6898/4097/1245
f 1618/1064/772 1620/1047/24 1609/1077/24 1583/1070/24
f 5901/4016/3851 7029/3660/3854 7028/3658/3925 5896/4019/3925
f 5369/3243/2120 5187/787/2122 5191/1916/1913 5380/2985/1912
f 5796/4018/3860 5742/3494/3859 5730/1447/3926 5801/4100/3927
f 5385/4016/3861 5379/2984/1911 5212/1915/1914 5211/3660/3862
f 5424/4101/3928 5278/1450/3929 5277/3529/3930 5423/3528/3930
f 6922/4102/1245 6923/4103/1245 6924/4104/1245
f 6922/4102/1245 6925/4105/1245 6923/4103/1245
f 6922/4102/1245 6926/4106/1245 6925/4105/1245
f 6922/4102/1245 6927/4107/1245 6926/4106/1245
f 6922/4102/1245 6928/4108/1245 6927/4107/1245
f 6922/4102/1245 6929/4109/1245 6928/4108/1245
f 6922/4102/1245 6930/4110/1245 6929/4109/1245
f 6922/4102/1245 6931/4111/1245 6930/4110/1245
f 6922/4102/1245 6932/4112/1245 6931/4111/1245
f 6922/4102/1245 6933/4113/1245 6932/4112/1245
f 6922/4102/1245 6934/4114/1245 6933/4113/1245
f 6922/4102/1245 6924/4104/1245 6934/4114/1245
f 6775/1551/3897 6777/4046/3931 6776/4047/3931 6774/4048/3897
f 7076/4115/3932 6834/4072/3932 6832/4063/3933 7075/4116/3933
f 7085/4117/3934 6827/1052/3934 6825/1055/3136 7084/4118/3136
f 7083/4119/3935 6847/1080/3935 6846/1072/3902 7082/4061/3902
f 7073/4117/3936 7062/4120/2540 6866/4062/2540 6864/1052/3936
f 6902/4060/3898 6937/4059/3898 6935/4121/3937 6899/4098/3937
f 3545/3120/2028 3638/3116/2026 3547/3119/2026 3546/3121/2028
f 6809/1548/3881 6812/1551/3886 6811/4048/3886 6810/4044/3881
f 6936/4122/3938 6900/4095/3938 6899/4098/3937 6935/4121/3937
f 7067/4123/3939 7068/4041/3880 6878/4043/3880 6877/4069/3939
f 6918/4124/3940 6945/4125/3940 6944/4126/3941 6915/4090/3941
f 7076/4115/3932 7077/4038/3877 6836/4037/3877 6834/4072/3932
f 4119/1898/2654 4085/1897/2654 4084/504/2654 4118/503/2654
f 2559/2662/58 2562/1607/58 2560/1606/58 2561/2663/58
f 19/134/3942 21/135/398 20/136/398 17/137/3942
f 6430/3376/978 6431/2082/976 6386/2081/976 6388/3377/977
f 6699/1220/2651 6659/648/2651 6658/3160/2651 6698/3159/2651
f 2785/1529/973 2766/1532/973 2765/1531/956 2784/1530/956
f 279/109/54 273/102/54 275/100/54 278/111/54
f 286/109/51 280/102/51 281/101/51 282/100/51
f 73/103/53 77/106/53 76/110/53 74/108/53
f 3121/210/24 3123/209/24 3127/1603/24 3124/1604/24
f 1369/1312/58 1371/16/42 1370/19/42 1367/1311/58
f 1366/1309/11 1369/1312/58 1367/1311/58 1368/1310/11
f 2776/1843/1007 2777/1895/1395 2732/1894/1395 2731/1844/1007
f 7123/4127/1014 7112/2495/1647 7099/4128/1014 7098/4129/1158
f 4866/644/2088 4865/1452/2254 4881/1257/3784 4880/1650/2082
f 7173/3883/24 6572/2474/24 6570/1556/3694 7172/3872/3693
f 5949/1180/3943 1968/4130/3943 1969/3874/1595 5953/2383/1595
f 5897/4075/3944 5896/4019/3945 7028/3658/3945 7027/1419/3946
f 5892/4131/3947 5891/3607/3902 5640/3706/3902 7015/3694/3947
f 5891/3607/3902 5890/3608/3948 5630/3493/3948 5640/3706/3902
f 5419/3539/2977 5324/3538/2977 5330/3564/3949 5420/3563/3949
f 5006/3545/3950 5007/3546/3950 5004/3548/2998 5005/3549/2998
f 4176/3195/2076 4178/3205/2086 4177/3206/2086 4173/3196/2076
f 4188/3210/2675 4190/3212/3951 4189/3211/3951 4187/3209/2675
f 4851/3208/2459 6977/3207/2459 4938/3200/2456 4850/3199/2456
f 4832/3195/2451 4831/3205/2673 4934/3206/2673 4941/3196/2451
f 4185/3208/2674 4186/3207/2674 4184/3200/2081 4183/3199/2081
f 3732/3200/2670 3734/3207/2455 3733/3208/2455 3731/3199/2670
f 4545/3201/2085 4548/3200/2089 4547/3199/2089 4546/3202/2085
f 4190/3212/3951 4192/3193/2669 4191/3192/2669 4189/3211/3951
f 4961/3367/3952 4966/3372/3953 4964/3371/3954 4959/3366/3953
f 3717/3192/2663 3716/3193/2663 3738/3212/2458 3737/3211/2458
f 4171/3186/3955 4172/3198/3955 4196/3189/2672 4195/3190/2671
f 4995/3541/2995 6697/3542/3956 4993/3230/3956 4994/3540/2995
f 4982/3231/2999 4983/3543/2999 4980/3542/3839 4979/3230/3839
f 5010/3540/3838 4981/3541/3838 5009/3547/3957 5008/3544/3957
f 5026/3230/3958 6695/3542/3958 6694/3541/3959 5027/3540/3959
f 4999/3545/3003 5001/3549/3960 5000/3548/3960 4998/3546/3003
f 5001/3549/3960 5003/3550/2997 5002/3551/2997 5000/3548/3960
f 5475/3549/3961 5478/3550/3835 5536/3551/3835 5533/3548/3961
f 5460/3544/3837 5518/3547/3837 5516/3546/2990 5458/3545/2990
f 4991/3545/2986 5014/3549/3962 4992/3548/3962 4990/3546/2986
f 5013/3550/3963 5012/3549/3964 6691/3548/3964 6690/3551/3963
f 5014/3549/3962 5013/3550/3963 6690/3551/3963 4992/3548/3962
f 5031/3545/3965 6692/3546/3965 6691/3548/3964 5012/3549/3964
f 5029/3544/3966 6693/3547/3966 6692/3546/3965 5031/3545/3965
f 5499/3549/3833 5502/3550/3834 5512/3551/3834 5509/3548/3833
f 4985/3230/3000 4987/3540/3967 4986/3541/3967 4984/3542/3000
f 5023/3231/3968 6696/3543/3118 6695/3542/3958 5026/3230/3958
f 5473/3545/2994 5475/3549/3961 5533/3548/3961 5531/3546/2994
f 5008/3544/3957 5009/3547/3957 5007/3546/3950 5006/3545/3950
f 4987/3540/3967 4989/3544/2985 4988/3547/2985 4986/3541/3967
f 5484/3544/3004 5542/3547/3004 5540/3546/3001 5482/3545/3001
f 5023/3231/3968 4993/3230/3956 6697/3542/3956 6696/3543/3118
f 5465/3231/3121 5523/3543/3121 5522/3542/3969 5464/3230/3969
f 5464/3230/3969 5522/3542/3969 5520/3541/3836 5462/3540/3836
f 5027/3540/3959 6694/3541/3959 6693/3547/3966 5029/3544/3966
f 5427/4076/3920 5291/3709/3921 5292/3708/3970 5426/4132/3970
f 5148/1418/3971 5149/4133/3972 5144/4075/3906 5147/1419/3906
f 5838/1702/3973 5723/3864/3974 5786/3538/3975 5839/3539/3975
f 5722/3862/3976 5721/2877/3911 5807/2875/3910
f 5722/3862/3976 5807/2875/3910 5604/2464/3976
f 5722/3862/3976 5604/2464/3976 5605/2463/3976
f 6997/1255/24 6998/1470/24 6581/3239/24 6580/3238/24
f 301/761/3383 302/696/503 257/695/502 206/3723/3384
f 5895/2984/3852 5900/4134/3977 7018/1916/3978 7030/1915/3853
f 5894/3243/3848 7017/787/3850 7018/1916/3978 5900/4134/3977
f 5802/4101/3979 5728/1450/3980 5727/3529/3981 5847/3528/3981
f 2250/1573/11 2251/1574/11 2255/1575/11 2271/1576/11
f 1901/1624/967 1878/1513/12 1880/1514/12 1900/1625/967
f 2856/1464/1379 6989/1465/1379 6988/1183/1380 2855/1184/1380
f 2536/813/1689 2543/814/1690 2542/815/1661 2538/816/1660
f 3102/1181/11 3104/1184/897 3661/1183/897 3660/1182/11
f 2783/1225/908 2784/1530/956 2765/1531/956 2763/1226/908
f 1883/1173/14 1885/1174/11 1884/1175/11 1882/1176/14
f 1500/559/42 1507/560/42 1506/838/586 1501/835/586
f 3977/12/568 3988/15/569 3990/14/570 3979/13/571
f 2858/1378/969 2861/1381/970 6991/1380/970 6990/1379/969
f 2446/2780/2402 2444/2781/2020 2492/2128/2020 2495/59/2402
f 2594/593/3982 2595/2676/3982 2592/2671/1775 2593/2670/1775
f 2594/593/3982 2597/592/2021 2596/3106/2021 2595/2676/3982
f 3445/2698/1795 3443/2740/1832 3508/2786/1832 3507/2699/1795
f 2494/2127/3983 2489/3101/3983 2488/2602/2414 2496/56/2413
f 3366/4015/1786 3365/4135/1786 3364/3101/2012 3369/2127/2012
f 2603/593/3984 2605/544/1831 2604/2783/1831 2602/2682/3984
f 2600/2603/1739 2603/593/3984 2602/2682/3984 2601/2604/1739
f 2572/2690/1826 2577/2454/1622 2576/573/1621 2575/572/1826
f 2654/594/1820 2653/2770/1816 2696/2769/1816 2695/2773/1820
f 2491/4015/2403 2490/4135/2403 2489/3101/3983 2494/2127/3983
f 2613/578/2404 2615/577/3985 2614/3064/3985 2612/2608/2404
f 2493/4136/2019 2441/2675/2019 2614/3064/3985 2615/577/3985
f 1099/2413/3986 1101/2707/1975 1100/2706/1975 1098/2412/3986
f 3533/1999/1298 3510/1998/1297 3512/2594/1297 3532/1144/1298
f 6424/2214/333 6425/2213/1400 6398/2216/1400 6399/3949/333
f 2623/2089/1560 2625/1138/401 2624/1709/401 2622/2282/1560
f 6496/707/20 7337/1626/20 7336/401/17 6499/400/17
f 2626/1371/1414 2629/1370/964 2628/1372/964 2627/1709/1414
f 4017/1382/1590 4018/24/15 3343/27/15 3346/1383/1590
f 3519/2808/1170 3521/1430/1009 3520/1433/1009 3518/1946/1170
f 3466/2764/1297 3423/2749/1297 3422/2752/1296 3464/2753/1296
f 834/827/971 832/830/58 846/829/58 845/828/971
f 4802/2678/1396 4805/2679/1396 4803/3084/1807 4804/3083/1807
f 6247/417/291 6248/418/291 6245/1623/290 6246/1620/290
f 2641/95/1283 2616/1138/1695 2618/1709/1695 2640/96/1283
f 3386/2638/42 4317/897/42 4316/896/42 3398/2642/42
f 108/618/441 177/317/440 178/3933/3725 110/3932/3724
f 5367/4131/3987 5366/3607/3139 5168/3609/3139 5183/3694/3987
f 5892/4131/3947 7015/3694/3947 7016/788/3988 5893/3244/3988
f 156/328/237 157/327/236 138/2560/1712 140/251/174
f 402/835/1152 404/836/57 403/837/57 401/838/1152
f 725/1215/1162 436/1194/1162 424/1195/43 723/1216/43
f 5957/1177/47 5959/1178/47 1948/1179/47 5958/1180/47
f 4206/1256/137 4207/1255/137 4205/1254/393 4204/1257/393
f 4208/596/1567 4209/1470/1567 4207/1255/137 4206/1256/137
f 4210/595/923 4211/1246/923 4209/1470/1567 4208/596/1567
f 6016/1398/1574 6014/1397/1384 6052/1909/1384 6051/3952/1574
f 4861/595/1415 6999/1246/1415 6998/1470/1153 4883/596/1153
f 4216/1842/372 4217/1841/372 4215/3050/1977 4214/3049/1977
f 3654/1380/1381 3663/1379/1154 3108/1378/1154 3109/1381/1381
f 4818/204/137 4819/207/137 4817/206/139 4816/205/3989
f 4912/3235/3990 7004/824/574 4911/823/574
f 4912/3235/3990 7005/1169/2472 7004/824/574
f 4912/3235/3990 4915/1168/2470 7005/1169/2472
f 4225/1168/1923 4151/2997/1921 4152/2192/1921 4224/1169/1923
f 5210/688/3219 5213/1918/1728 5218/1920/1558 5208/685/3223
f 1736/1714/935 1735/1717/24 1789/1783/24 1790/1785/935
f 5208/685/3223 5218/1920/1558 5217/2281/1557 5205/3714/3366
f 5649/3690/3361 5666/3700/3310 5665/3677/3263 5651/3682/3262
f 5193/3678/3250 5185/3690/3276 5192/3689/3275 5181/3533/2927
f 5647/3533/3364 5648/3689/3362 5638/3713/3363 5637/3534/3365
f 5637/3534/3365 5638/3713/3363 5629/3492/3325 5628/3701/3324
f 5636/3640/3187 5637/3534/3365 5628/3701/3324 5627/606/428
f 5635/3641/3188 5636/3640/3187 5627/606/428 5626/605/427
f 7027/1419/3627 7028/3658/3347 7022/687/494 7023/1420/3352
f 5278/1450/3358 5279/1449/3349 5276/3711/3351 5277/3529/3575
f 5212/1915/3264 5213/1918/1728 5210/688/3219 5211/3660/3218
f 731/860/956 430/849/956 432/1190/974 729/861/974
f 7006/1919/1412 7019/1917/1408 5652/786/532 5651/3682/3262
f 5651/3682/3262 5652/786/532 5650/785/531 5649/3690/3361
f 5231/1420/999 5209/687/3214 5207/686/3224 5230/3654/3232
f 5237/1421/1000 5231/1420/999 5230/3654/3232 5236/3476/3382
f 7025/3863/3626 7024/1421/2685 7026/2940/2684
f 5289/629/454 5291/3709/3345 5290/3633/3353 5272/626/451
f 5724/1700/3630 5727/3529/3631 5726/3711/3628 5725/3668/3289
f 5287/706/510 5285/3664/3225 5293/3604/3227 5292/3708/3344
f 5734/3664/3254 5732/1881/2789 5742/3494/2788 5741/3604/3255
f 1722/1737/390 1724/1739/42 1770/1775/42 1784/1774/390
f 5638/3713/3363 5639/3707/3343 5630/3493/3605 5629/3492/3325
f 5330/3564/3991 5324/3538/3323 5323/602/3322 5329/601/3624
f 5099/3491/2784 5102/2980/1902 5154/2981/1905 5152/3492/2785
f 5627/606/428 5628/3701/3324 5589/2980/3327 5587/607/429
f 5120/3601/3639 5122/3575/3385 5265/3626/3380 5266/3627/3172
f 5625/3621/3164 5626/605/427 5585/608/430 5583/3600/3992
f 5624/3615/3157 5625/3621/3164 5583/3600/3992 5581/3599/3158
f 5317/3582/3335 5318/3613/3317 5159/3705/3621 5112/3579/3638
f 5131/3576/3623 5219/3618/3161 5262/3617/3160 5128/3593/3377
f 5078/1577/42 6681/1578/42 6680/1423/1015 5077/1422/1015
f 1094/2410/2473 1099/2413/3986 1098/2412/3986 1097/2411/2473
f 6502/4003/291 6504/3998/290 6503/1869/290 6486/1868/291
f 6576/1185/25 2273/1186/25 2268/1187/25 2269/1188/25
f 2357/2526/11 2349/2392/11 2351/2393/11 2358/2527/11
f 5068/1850/1859 5067/1849/58 6671/1852/58 6670/1851/1859
f 7047/1851/1859 7048/1852/58 5575/1849/58 5576/1850/1859
f 5090/2531/930 5092/1850/1398 6674/1851/1398 6673/2528/930
f 7045/2529/1395 7046/2528/971 5577/2531/971 5561/2530/1395
f 5086/1425/14 5088/2530/13 6689/2529/13 6688/1424/14
f 2619/1137/1802 2621/2090/1559 2620/2283/1559 2617/1710/1802
f 5083/1577/11 6686/1578/11 6685/1423/973 5073/1422/973
f 3126/2393/24 3125/2392/24 3132/2526/24 3133/2527/24
f 1562/1446/575 1560/1262/1299 1546/955/1299 1547/949/57
f 14/1374/385 4/1375/386 6/1376/386 15/1377/385
f 5070/2531/57 5071/2530/908 6683/2529/908 6682/2528/57
f 7049/1851/1397 7050/2528/57 5573/2531/57 5574/1850/1397
f 5067/1849/58 5069/1850/1397 6672/1851/1397 6671/1852/58
f 7035/1851/1398 7036/1852/12 5569/1849/12 5554/1850/1398
f 5082/2531/971 5068/1850/1859 6670/1851/1859 6669/2528/971
f 7033/2529/13 7034/2528/930 5555/2531/930 5556/2530/13
f 3355/1631/1590 3356/1634/1590 3353/2614/1430 3354/2592/1429
f 5077/1422/1015 6680/1423/1015 6679/1424/393 5076/1425/393
f 5559/1577/11 7054/1578/11 7031/1423/1287 5558/1422/1287
f 2908/1571/3993 3183/2823/3993 3182/2822/3994 2906/1570/3994
f 2865/834/3995 3184/2824/3995 3183/2823/3993 2908/1571/3993
f 2870/2839/3996 3188/2840/3996 3187/2825/3997 2868/1904/3997
f 2877/1848/3998 3191/2819/3998 3190/2830/3999 2874/22/3999
f 2894/1913/4000 3176/2831/4000 3175/2829/4001 2893/2827/4001
f 2881/1532/4002 3168/2826/4002 3192/2820/2 2878/2821/2
f 2900/1845/4003 3179/2816/4003 3178/2815/4004 2899/1844/4004
f 5134/3571/3099 5135/611/3098 5133/610/3098 5132/3578/3098
f 2905/2632/4005 3181/2838/4005 3180/2837/1924 2902/1921/1924
f 2873/21/4006 2874/22/3999 3190/2830/3999 3189/2841/4006
f 2890/1901/4007 3174/2828/4007 3173/2836/3192 2888/1902/3192
f 2896/1894/4008 3177/2832/4008 3176/2831/4000 2894/1913/4000
f 2887/1227/3191 3172/2834/3191 3171/2833/4009 2885/1226/4009
f 2864/818/4010 3185/2817/4010 3184/2824/3995 2865/834/3995
f 2864/818/4010 2866/819/4011 3186/2818/4011 3185/2817/4010
f 2893/2827/4001 3175/2829/4001 3174/2828/4007 2890/1901/4007
f 2900/1845/4003 2902/1921/1924 3180/2837/1924 3179/2816/4003
f 2905/2632/4005 2906/1570/3994 3182/2822/3994 3181/2838/4005
f 3169/2835/4012 2882/1531/4012 2885/1226/4009 3171/2833/4009
f 2881/1532/4002 2882/1531/4012 3169/2835/4012 3168/2826/4002
f 2868/1904/3997 3187/2825/3997 3186/2818/4011 2866/819/4011
f 2899/1844/4004 3178/2815/4004 3177/2832/4008 2896/1894/4008
f 2877/1848/3998 2878/2821/2 3192/2820/2 3191/2819/3998
f 2870/2839/3996 2873/21/4006 3189/2841/4006 3188/2840/3996
f 4523/3180/44 4596/3482/44 4568/2313/44 4521/375/44
f 4945/3482/24 6993/2313/24 6994/372/24
f 4945/3482/24 6994/372/24 4944/2995/24
f 4597/2995/44 4598/2905/44 4564/1649/44 4566/372/44
f 4598/2905/44 4599/2904/44 4560/1254/44 4564/1649/44
f 6029/945/3721 6065/3925/3721 6064/3921/3709 6027/1417/3709
f 4207/1255/44 4209/1470/44 4230/3239/44 4229/3238/44
f 4209/1470/44 4211/1246/44 4231/3242/44 4230/3239/44
f 4213/1247/44 4232/3241/44 4231/3242/44 4211/1246/44
f 4215/3050/44 4233/3240/44 4232/3241/44 4213/1247/44
f 3781/3240/24 3770/2700/24 3744/1841/24 3769/3050/24
f 4592/2700/44 4593/2119/44 4574/825/44 4576/1841/44
f 4221/824/44 4236/2118/44 4235/2119/44 4219/825/44
f 4594/2118/44 4595/2194/44 4571/1169/44 4572/824/44
f 4152/2192/44 1/2193/44 3/2194/44 4224/1169/44
f 4550/1460/2177 4548/1463/2629 4522/1462/2178 4526/1461/2177
f 4936/3225/2622 4938/3455/2940 4937/3536/2501 4925/3226/2623
f 4189/3454/2485 4167/3453/2485 4169/3228/2109 4187/3227/2109
f 4191/3451/2486 4165/3452/2486 4167/3453/2485 4189/3454/2485
f 4534/3217/2096 4533/3451/2715 4557/3452/2182 4556/3218/2096
f 3720/3214/2165 3718/3217/2167 3740/3218/2167 3739/3215/2165
f 4172/3213/4013 4161/3216/2714 4160/3215/2484 4196/3214/2484
f 5098/3583/4014 5101/4137/4015 5099/3491/4015 5100/3490/4014
f 5101/4137/4015 5103/3602/3587 5102/2980/3588 5099/3491/4015
f 5612/3569/3914 5613/3570/3914 5611/3568/3131 5610/3567/3130
f 925/1018/1360 952/1023/795 989/1097/797 991/1098/1361
f 5616/610/3106 5617/3578/3105 5615/3571/3915 5614/611/3914
f 5581/3599/3593 5583/3600/3591 5582/3597/3591 5578/3598/3594
f 5112/3579/3916 5113/3580/3916 5453/3581/2982 5317/3582/2982
f 4063/1387/973 4064/1384/973 4062/1875/402 4061/1876/402
f 3377/2615/1430 3376/3067/1590 3380/1727/1807 3378/2613/1430
f 90/120/63 89/127/68 93/129/70 92/121/64
f 40/2201/2009 43/134/75 41/137/75 42/2202/2009
f 3458/542/389 3433/2735/1806 3435/2683/1806 3457/543/389
f 684/1216/393 857/1195/393 859/1194/1162 696/1215/1162
f 5798/4076/3907 5739/3632/3907 5740/3680/4016 5793/4132/4016
f 5897/4075/3944 7027/1419/3946 7025/3863/4017 5898/4133/4017
f 5898/4133/4017 7025/3863/4017 7026/2940/3912 5902/2939/3912
f 5839/3539/3975 5786/3538/3975 5792/3564/4018 5859/3563/4018
f 2895/1912/971 2897/1895/1395 2896/1894/1395 2894/1913/971
f 830/1263/577 817/1266/577 815/1265/393 828/1264/393
f 829/1362/12 816/1342/12 817/1266/577 830/1263/577
f 827/1358/930 814/1338/930 816/1342/12 829/1362/12
f 825/1354/14 812/1334/14 814/1338/930 827/1358/930
f 823/1350/11 810/1330/11 812/1334/14 825/1354/14
f 821/1347/956 808/1327/956 810/1330/11 823/1350/11
f 818/1345/57 807/1325/57 808/1327/956 821/1347/956
f 820/115/58 805/114/58 807/1325/57 818/1345/57
f 822/112/971 809/113/971 805/114/58 820/115/58
f 824/1353/1007 811/1331/1007 809/113/971 822/112/971
f 826/1357/42 813/1335/42 811/1331/1007 824/1353/1007
f 292/111/52 293/109/52 289/100/52 291/99/52
f 66/103/55 68/107/55 72/104/55 71/105/55
f 52/103/53 55/110/53 53/108/53 54/107/53
f 6861/1079/4019 6863/1054/4020 6889/4082/4020 6890/4083/4019
f 7094/1694/3874 7095/1690/4021 6791/4024/3889 6792/4025/3874
f 6752/4022/3897 6751/4021/4022 7111/1553/4022 7100/1552/3897
f 6916/4089/4023 6914/4067/3898 6928/4108/3898 6929/4109/4023
f 6904/4094/4024 6901/4099/4025 6934/4114/4025 6924/4104/4024
f 7104/4091/3893 6759/4029/3893 6760/4030/3894 7103/1684/3894
f 6824/1079/4026 6853/4083/4026 6854/4084/3932 6845/1073/3932
f 6898/4097/4027 6933/4113/4027 6934/4114/4025 6901/4099/4025
f 6835/4073/3935 6837/4071/3136 6858/4086/3136 6859/4087/3935
f 5518/3547/3554 5520/3541/3842 5519/3557/3842 5517/3558/3078
f 6905/4093/3940 6923/4103/4028 6925/4105/4029 6907/1547/4029
f 6912/4066/3937 6927/4107/3937 6928/4108/3898 6914/4067/3898
f 5797/3603/3857 5793/4132/4030 5740/3680/4030 5741/3604/3858
f 5424/4101/3928 5429/4017/3856 5280/1447/3855 5278/1450/3929
f 5414/3763/3506 5415/3440/3423 5413/3381/2417 5412/3380/2416
f 5802/4101/3979 5801/4100/3927 5730/1447/3926 5728/1450/3980
f 5430/3603/3135 5426/4132/4031 5292/3708/4031 5293/3604/3136
f 6832/4063/3933 6829/4062/4032 7074/4120/4032 7075/4116/3933
f 6869/4063/2539 6866/4062/2540 7062/4120/2540 7063/4116/2539
f 6911/4056/3895 6913/4068/4033 6943/4138/4033 6942/4057/3895
f 6919/4139/4029 6946/4140/4029 6945/4125/3940 6918/4124/3940
f 6777/4046/3931 6779/4049/4034 6778/4050/4034 6776/4047/3931
f 7079/4123/4035 7080/4041/4036 6841/4043/4036 6840/4069/4035
f 7080/4041/4036 7081/4042/3599 6844/1071/3599 6841/4043/4036
f 6908/1546/3840 6910/1545/3896 6941/4058/3896 6940/4011/3840
f 6803/1688/3901 6804/4054/3901 6801/4040/3879 6800/1554/3879
f 6807/1693/3882 6808/4045/2417 6806/4055/3900 6805/1687/3900
f 7083/4119/3935 7084/4118/3136 6825/1055/3136 6847/1080/3935
f 7085/4117/3934 7074/4120/4032 6829/4062/4032 6827/1052/3934
f 7086/1552/3886 7087/3958/3881 6799/4032/3881 6789/4022/3886
f 6907/1547/4029 6925/4105/4029 6926/4106/4037 6909/1544/4037
f 6843/1074/3933 6845/1073/3932 6854/4084/3932 6855/3412/3933
f 6826/1054/4038 6828/1053/4035 6851/4081/4035 6852/4082/4038
f 6831/4064/4039 6833/4074/3902 6860/4088/3902 6850/4080/4039
f 6920/4141/3840 6931/4111/3840 6932/4112/3896 6921/4096/3896
f 6843/1074/3933 6855/3412/3933 6856/3413/4032 6842/3414/4032
f 6912/4066/3937 6909/1544/4037 6926/4106/4037 6927/4107/3937
f 7088/1685/3882 6798/4031/2417 6799/4032/3881 7087/3958/3881
f 6824/1079/4026 6826/1054/4038 6852/4082/4038 6853/4083/4026
f 6920/4141/3840 6917/4142/4040 6930/4110/4040 6931/4111/3840
f 6863/1054/4020 6865/1053/3939 6888/4081/3939 6889/4082/4020
f 5890/3608/3948 5592/3583/4041 5593/3490/4041 5630/3493/3948
f 5150/2940/1894 5151/2939/1893 5149/4133/3972 5148/1418/3971
f 5846/1699/3922 5724/1700/3924 5723/3864/3974 5838/1702/3973
f 5367/4131/3987 5183/3694/3987 5186/788/4042 5368/3244/4042
f 6915/4090/3941 6944/4126/3941 6943/4138/4033 6913/4068/4033
f 7064/4115/4043 6871/4072/4043 6869/4063/2539 7063/4116/2539
f 7064/4115/4043 7065/4038/4044 6873/4037/4044 6871/4072/4043
f 7066/4035/4045 6875/4036/4045 6873/4037/4044 7065/4038/4044
f 7067/4123/3939 6877/4069/3939 6875/4036/4045 7066/4035/4045
f 6919/4139/4029 6900/4095/3938 6936/4122/3938 6946/4140/4029
f 6779/4049/4034 6781/1683/3904 6780/4051/3904 6778/4050/4034
f 7070/4061/3139 6883/1072/3139 6881/1071/426 7069/4042/426
f 7071/4119/4046 6884/1080/4046 6883/1072/3139 7070/4061/3139
f 7071/4119/4046 7072/4118/3858 6862/1055/3858 6884/1080/4046
f 7073/4117/3936 6864/1052/3936 6862/1055/3858 7072/4118/3858
f 7079/4123/4035 6840/4069/4035 6838/4036/3876 7078/4035/3876
f 6887/4080/4047 6886/4079/3880 6867/4065/3880 6868/4064/4047
f 6868/4064/4047 6870/4074/3139 6897/4088/3139 6887/4080/4047
f 6872/4073/4046 6896/4087/4046 6897/4088/3139 6870/4074/3139
f 6872/4073/4046 6874/4071/3858 6895/4086/3858 6896/4087/4046
f 6876/4070/4048 6894/4085/4048 6895/4086/3858 6874/4071/3858
f 6876/4070/4048 6879/3414/2540 6893/3413/2540 6894/4085/4048
f 7108/1694/3903 6755/4025/3903 6756/4026/3899 7107/1549/3899
f 6880/1074/2539 6882/1073/4043 6891/4084/4043 6892/3412/2539
f 6861/1079/4019 6890/4083/4019 6891/4084/4043 6882/1073/4043
f 6916/4089/4023 6929/4109/4023 6930/4110/4040 6917/4142/4040
f 6830/4065/4036 6849/4079/4036 6851/4081/4035 6828/1053/4035
f 6867/4065/3880 6886/4079/3880 6888/4081/3939 6865/1053/3939
f 843/835/1152 848/838/1152 847/837/591 831/836/591
f 4878/373/46 6994/372/46 6993/2313/1 4877/1682/1
f 6834/4072/739 6836/4037/739 6835/4073/739 6833/4074/739
f 6766/1688/1248 6763/1554/1248 7111/1553/1248 7110/1689/1248
f 6878/4043/764 6879/3414/764 6876/4070/764 6877/4069/764
f 6917/4142/1245 6920/4141/1245 6919/4139/1245 6918/4124/1245
f 6781/1683/1248 6779/4049/1248 7104/4091/1248 7103/1684/1248
f 1627/1043/741 1606/1058/24 1607/1075/24 1625/1042/24
f 6775/1551/1248 7106/1550/1248 7105/4092/1248 6777/4046/1248
f 6772/1548/1248 7107/1549/1248 7106/1550/1248 6775/1551/1248
f 1295/1064/747 1266/1070/44 1277/1077/44 1293/1047/44
f 6770/1693/1248 6768/1687/1248 7109/1690/1248 7108/1694/1248
f 6920/4141/1245 6921/4096/1245 6900/4095/1245 6919/4139/1245
f 6873/4037/764 6875/4036/764 6874/4071/764 6872/4073/764
f 7091/4092/4049 6795/4028/4049 6796/4029/3901 7090/4091/3901
f 7100/1552/3897 7101/3958/3883 6762/4032/3883 6752/4022/3897
f 7102/1685/3885 6761/4031/3884 6762/4032/3883 7101/3958/3883
f 7107/1549/3899 6756/4026/3899 6757/4027/3891 7106/1550/3891
f 6924/4104/4024 6923/4103/4028 6905/4093/3940 6904/4094/4024
f 7105/4092/4050 6758/4028/4050 6759/4029/3893 7104/4091/3893
f 6839/4070/4051 6857/4085/4051 6858/4086/3136 6837/4071/3136
f 6850/4080/4039 6849/4079/4036 6830/4065/4036 6831/4064/4039
f 7109/1690/4052 7110/1689/4053 6753/4023/4054 6754/4024/3904
f 7108/1694/3903 7109/1690/4052 6754/4024/3904 6755/4025/3903
f 6898/4097/4027 6921/4096/3896 6932/4112/3896 6933/4113/4027
f 6839/4070/4051 6842/3414/4032 6856/3413/4032 6857/4085/4051
f 7186/2472/1640 7199/2475/1642 6555/1188/4055 6554/1187/4055
f 7155/2382/1645 5962/2383/1644 5961/2384/4056 7154/2385/4056
f 7086/1552/1246 7097/1553/1246 6800/1554/1246 6823/1555/1246
f 6823/1555/1246 6822/3959/1246 7087/3958/1246 7086/1552/1246
f 6820/1686/1246 7088/1685/1246 7087/3958/1246 6822/3959/1246
f 6818/1683/1246 7089/1684/1246 7088/1685/1246 6820/1686/1246
f 6909/1544/1245 6912/4066/1245 6911/4056/1245 6910/1545/1245
f 6814/4046/1246 7091/4092/1246 7090/4091/1246 6816/4049/1246
f 6917/4142/1245 6918/4124/1245 6915/4090/1245 6916/4089/1245
f 6829/4062/739 6830/4065/739 6828/1053/739 6827/1052/739
f 6807/1693/1246 7094/1694/1246 7093/1549/1246 6809/1548/1246
f 6901/4099/1245 6904/4094/1245 6903/4053/1245 6902/4060/1245
f 6805/1687/1246 6803/1688/1246 7096/1689/1246 7095/1690/1246
f 6803/1688/1246 6800/1554/1246 7097/1553/1246 7096/1689/1246
f 6789/4022/3886 6788/4021/4057 7097/1553/4057 7086/1552/3886
f 7111/1553/4022 6751/4021/4022 6753/4023/4054 7110/1689/4053
f 7103/1684/3894 6760/4030/3894 6761/4031/3884 7102/1685/3885
f 7089/1684/3900 6797/4030/3900 6798/4031/2417 7088/1685/3882
f 7090/4091/3901 6796/4029/3901 6797/4030/3900 7089/1684/3900
f 7106/1550/3891 6757/4027/3891 6758/4028/4050 7105/4092/4050
f 7092/1550/3878 6794/4027/3878 6795/4028/4049 7091/4092/4049
f 7093/1549/3875 6793/4026/3875 6794/4027/3878 7092/1550/3878
f 7094/1694/3874 6792/4025/3874 6793/4026/3875 7093/1549/3875
f 6835/4073/3935 6859/4087/3935 6860/4088/3902 6833/4074/3902
f 7095/1690/4021 7096/1689/4058 6790/4023/4059 6791/4024/3889
f 7097/1553/4057 6788/4021/4057 6790/4023/4059 7096/1689/4058
f 1245/1010/1263 1304/1088/1263 1302/1087/1362 1247/187/1362
f 2266/2475/4060 2269/1188/4061 2268/1187/4061 2267/2472/4062
f 7113/3365/44 4798/3471/44 6608/3364/44
f 7113/3365/44 6588/3470/44 4798/3471/44
f 7113/3365/44 7114/3358/44 6588/3470/44
f 7115/3357/44 6588/3470/44 7114/3358/44
f 7115/3357/44 6587/3469/44 6588/3470/44
f 7115/3357/44 7116/3359/44 6587/3469/44
f 7117/3361/44 6587/3469/44 7116/3359/44
f 7117/3361/44 6586/3468/44 6587/3469/44
f 7117/3361/44 7118/3360/44 6586/3468/44
f 7119/3341/44 6586/3468/44 7118/3360/44
f 7119/3341/44 6585/3467/44 6586/3468/44
f 7119/3341/44 7120/3342/44 6585/3467/44
f 7121/3355/44 6585/3467/44 7120/3342/44
f 7121/3355/44 4928/3466/44 6585/3467/44
f 7121/3355/44 6590/3356/44 4928/3466/44
f 7150/4143/3693 7125/2502/3694 5947/4144/3695 5946/4145/3695
f 7123/4127/1014 7098/4129/1158 7122/4146/1158
f 2195/462/335 2198/4147/30 2267/2497/1330 2274/2496/30
f 7123/4127/1014 7124/2492/1175 7112/2495/1647
f 7158/4148/1288 5959/4149/1585 5957/4150/1585 7155/2500/1288
f 7243/3883/1014 7244/3259/169 7199/2475/3698 6560/2474/1014
f 4949/3342/4063 4298/1458/4064 4300/2456/2369 4948/3355/2368
f 4950/3341/2380 4296/1459/2379 4298/1458/4064 4949/3342/4063
f 3925/2456/1624 3913/2455/1623 3915/474/1122 3924/1458/1121
f 4951/3360/2378 4952/3361/3811 4295/624/3812 4294/1323/2378
f 4623/3267/2162 4624/3266/2164 4620/3265/2875 4622/3268/2875
f 3949/3344/4065 3968/3357/4066 3967/3359/2899 3942/623/2898
f 3953/3347/3816 3969/3358/3815 3968/3357/4066 3949/3344/4065
f 4706/3346/2393 6239/3365/2392 6238/3358/2389 4707/3347/2388
f 576/1024/703 562/1017/701 564/1019/1235 575/1025/1234
f 7098/4151/4067 5942/3876/4068 5936/3880/4069 5938/4152/4069
f 7154/4009/4070 5961/2384/4070 5960/2379/1599 7153/2378/1598
f 2185/2469/1634 2184/2371/1595 2190/2373/1595 2188/2452/1634
f 4145/520/24 4819/207/24 4820/3088/24 4146/67/24
f 4143/2223/24 4817/206/24 4819/207/24 4145/520/24
f 4141/1163/24 4815/1630/24 4817/206/24 4143/2223/24
f 5927/1163/24 6119/1630/24 6121/1629/24 5925/1162/24
f 5925/1162/24 6121/1629/24 6123/1889/24 5922/2710/24
f 4136/2710/24 4135/3052/24 4809/2409/24 4811/1889/24
f 4135/3052/24 4133/3053/24 4807/2408/24 4809/2409/24
f 3075/2975/1997 3056/2979/12 2991/2978/12 3002/2974/1997
f 4131/3078/24 4128/3386/24 4803/3084/24 4805/2679/24
f 7099/4153/4071 5943/3877/4071 5942/3876/4068 7098/4151/4067
f 6574/2475/3799 6565/1188/4072 6567/1187/4072 6573/2472/3800
f 2642/1150/396 2643/1132/396 2624/1135/401 2625/2795/401
f 6138/3018/1947 6139/3948/11 6082/3947/11 6084/3019/1948
f 1716/1354/393 1718/1358/577 1705/1338/577 1703/1334/393
f 7142/2406/378 7134/2409/378 7135/2408/38 7141/2407/38
f 7143/1888/1393 7133/1889/1393 7134/2409/378 7142/2406/378
f 7144/1628/1392 7132/1629/1392 7133/1889/1393 7143/1888/1393
f 4816/205/3989 4817/206/139 4815/1630/1315 4814/1627/1315
f 3527/1437/50 3529/1566/49 3528/1567/49 3526/1438/50
f 3366/4015/1170 3369/2127/1009 3367/2128/1009 3368/3066/1170
f 1745/1157/290 1819/1524/290 1818/1794/291 1742/1890/291
f 7188/459/2050 6549/460/976 6551/461/976 6557/462/2050
f 7151/2499/24 7125/2502/3694 7150/4143/3693
f 6569/462/1651 6571/4147/44 6573/2497/4073 7160/2496/44
f 7151/2499/24 7152/4148/2155 7138/2500/4074
f 7185/2498/978 7186/2497/4075 6554/4154/3699 6556/4155/3699
f 6714/699/3691 6717/698/4076 6656/3456/3691
f 6717/698/4076 6657/3457/3691 6656/3456/3691
f 6610/390/44 6609/3513/44 6611/1637/44
f 6611/1637/44 6609/3513/44 6603/3514/44
f 6611/1637/44 6603/3514/44 6602/3515/44
f 6599/390/44 6600/1637/44 6598/3513/44
f 6600/1637/44 6594/3514/44 6598/3513/44
f 6600/1637/44 6592/3515/44 6594/3514/44
f 7125/2378/3803 5951/2379/3802 5945/2380/4077 5947/2381/4077
f 2266/2475/4060 2267/2472/4062 2198/2473/4078 2199/2474/4078
f 4708/2458/12 6241/3510/12 4705/3511/12
f 4708/2458/12 6240/2459/12 6241/3510/12
f 6097/3460/12 6098/3109/12 6096/1441/12 6095/3461/12
f 4708/2458/12 4675/3512/12 4674/2461/12
f 6570/1556/1256 6572/2474/4079 6571/3335/4079 6569/1557/1257
f 5948/1177/4080 5949/1180/4080 5953/2383/1602 7138/2382/1601
f 4291/3499/58 4290/3500/58 4371/3501/58 4356/3502/58
f 4727/3499/58 6227/3503/58 4606/3502/58
f 4727/3499/58 4721/3504/58 6227/3503/58
f 7122/4146/1158 7098/4129/1158 5938/4156/1303 5937/4157/1303
f 7157/2499/291 7153/2502/1648 7156/4143/1289
f 7151/2499/24 7138/2500/4074 7126/2501/24 7125/2502/3694
f 7157/2499/291 7158/4148/1288 7155/2500/1288
f 7152/4148/2155 5950/4149/2156 5948/4150/2156 7138/2500/4074
f 4593/2649/2250 6237/2648/2250 6240/1691/4081 4595/3516/3759
f 7160/2496/44 6573/2497/4073 7159/2498/1595
f 6557/462/2050 6559/4147/299 7186/2497/4075 7187/2496/299
f 6569/462/1651 7160/2496/44 7161/459/1649
f 7156/4143/1289 7153/2502/1648 5956/4144/4082 5955/4145/4082
f 2972/480/351 2975/3056/1841 2974/3055/1862 2973/481/352
f 1141/1615/1304 1142/925/1304 1139/891/42 1140/1640/42
f 7164/1522/11 5973/1521/11 5965/3890/1399 7163/4158/1399
f 1899/1308/393 1901/1624/967 1900/1625/967 1898/1307/43
f 3019/1267/47 3021/1268/1936 3020/1269/1935 3018/1270/47
f 1893/532/383 1895/1466/1007 1894/1467/1007 1892/531/383
f 4133/3053/1983 4135/3052/399 4134/3051/399 4132/3054/1983
f 7170/1499/1166 7171/4159/376 5966/3891/376 5967/1500/1166
f 7189/4160/962 5986/3893/962 5988/2715/376 7198/2714/376
f 5965/3890/1399 5964/3889/962 7162/4161/962 7163/4158/1399
f 5958/1180/1947 1948/4130/1947 1949/3874/1330 5962/2383/1330
f 2266/2475/1288 2199/2474/291 6975/3883/291 6974/3259/1288
f 5953/2383/1595 1969/3874/1595 1965/3875/44 5952/2384/44
f 5945/2380/1650 5951/2379/1651 1966/3882/1649 1964/3887/1650
f 1846/3047/1961 1848/3048/1961 1852/2706/3792 1853/2707/3792
f 3070/729/47 3061/730/1864 3071/1273/1863 3069/1272/47
f 7177/3389/11 5984/3388/11 5976/3894/1399 7176/4162/1399
f 2327/60/1690 2328/63/1690 2325/62/1966 2326/61/1966
f 4139/1162/1415 4141/1163/48 4140/1164/48 4138/1165/1415
f 1089/1172/12 1092/821/967 1091/822/967 1090/1503/12
f 4141/1163/48 4143/2223/1393 4142/2222/1393 4140/1164/48
f 7175/4160/962 5975/3893/962 5977/2715/376 7184/2714/376
f 5976/3894/1399 5975/3893/962 7175/4160/962 7176/4162/1399
f 3093/480/585 3036/481/1908 3037/3055/583 3092/3056/583
f 7159/2498/1595 6573/2497/4073 6567/4154/3943 6566/4155/3943
f 7187/2496/299 7186/2497/4075 7185/2498/978
f 2258/2236/1508 2193/2374/3134 2189/2376/1627 2093/2179/1509
f 6557/462/2050 7187/2496/299 7188/459/2050
f 2272/2498/1330 2267/2497/1330 2268/4154/1947 2273/4155/1947
f 7162/4161/962 5964/3889/962 5966/3891/376 7171/4159/376
f 3080/713/290 3082/1274/42 3081/1275/42 3079/1276/290
f 7191/3389/11 5995/3388/11 5987/3894/1399 7190/4162/1399
f 7194/2970/1384 7195/2584/1289 5991/2583/1289 5992/2971/1384
f 6137/3021/333 6086/3020/333 6088/3015/1946 6136/3014/1946
f 7166/3003/391 5971/3002/391 5972/1520/1175 7165/1519/1175
f 3082/1274/42 3084/713/390 3083/1276/390 3081/1275/42
f 5987/3894/1399 5986/3893/962 7189/4160/962 7190/4162/1399
f 7197/2713/1166 5989/2716/1166 5990/2582/42 7196/2581/42
f 7197/2713/1166 7198/2714/376 5988/2715/376 5989/2716/1166
f 5939/86/4083 5940/89/4083 5944/3886/4084 7112/4163/4085
f 7112/4163/4085 5944/3886/4084 5943/3877/4086 7099/4164/4086
f 7200/4165/12 7201/4166/12 7202/4167/12
f 7201/4166/12 7203/4168/12 7202/4167/12
f 7203/4168/12 7204/4169/12 7202/4167/12
f 7204/4169/12 7205/4170/12 7202/4167/12
f 7205/4170/12 7206/4171/12 7202/4167/12
f 7206/4171/12 7207/4172/12 7202/4167/12
f 7207/4172/12 7208/4173/12 7202/4167/12
f 7208/4173/12 7209/4174/12 7202/4167/12
f 7209/4174/12 7210/4175/12 7202/4167/12
f 7210/4175/12 7211/4176/12 7202/4167/12
f 7211/4176/12 7212/4177/12 7202/4167/12
f 7212/4177/12 7200/4165/12 7202/4167/12
f 7227/4178/2 7228/1366/961 6101/1369/963 6099/2897/2
f 791/1516/576 792/1515/576 790/1176/43 789/1173/43
f 7214/3022/299 7215/4179/42 7212/4180/42 7211/3023/299
f 7215/4179/42 7216/3022/291 7200/3023/291 7212/4180/42
f 2820/1316/957 3100/1315/957 2809/1542/957 2805/2869/957
f 3109/1381/1381 3111/2842/42 3655/2843/42 3654/1380/1381
f 795/1624/930 796/1625/573 794/1514/12 793/1513/12
f 7227/4178/2 6099/2897/2 6097/3460/1947 7226/3459/1947
f 1108/16/42 1109/19/42 1107/18/12 1104/17/12
f 2588/1605/1608 2560/1606/2420 2562/1607/2420 2587/1608/1608
f 4212/1248/924 4213/1247/924 4211/1246/923 4210/595/923
f 3631/570/399 3633/1489/1287 3632/1490/1287 3630/569/399
f 1981/2360/1427 2166/2333/1580 2165/4181/1014 1983/4182/1014
f 6426/550/962 6427/549/24 6393/552/24 6396/551/962
f 6147/3133/583 6148/3108/1585 6098/3109/1585 6100/2896/583
f 783/529/58 782/530/58 804/531/591 803/532/591
f 48/9/1887 51/40/2008 50/43/2008 49/10/1887
f 3491/2657/1296 3492/1593/1297 3467/1596/1297 3465/2736/1296
f 1832/1388/24 1833/1391/24 1831/1390/25 1830/1389/25
f 7232/4183/377 6109/931/377 6108/1406/376 7231/4014/376
f 7232/4183/377 7233/4184/978 6079/930/977 6109/931/377
f 6540/1597/938 6541/3937/1014 6500/746/1014 6539/745/938
f 7234/1392/975 7235/4010/42 6081/932/42 6080/935/976
f 6698/3159/45 6658/3160/45 6612/476/45 6614/479/45
f 194/1442/292 196/1443/1743 195/1444/1743 193/1445/292
f 1824/718/299 1825/750/299 1823/747/390 1820/717/390
f 64/781/385 65/2622/1799 272/2621/1799 271/782/385
f 1135/924/58 1136/2969/58 1133/874/590 1134/873/590
f 1972/1832/379 1970/2586/935 2094/2585/935 2092/1833/379
f 2194/556/4082 6575/3873/4082 6976/3872/1324 2197/1556/3697
f 5944/3886/1166 2001/3885/1166 1984/3878/299 5943/3877/299
f 7243/3883/1014 6560/2474/1014 6558/1556/1158 7242/3872/1158
f 2269/1188/1585 2266/2475/1288 6974/3259/1288 6576/3260/1585
f 7225/3462/1303 6095/3461/1303 6093/1259/170 7241/1258/170
f 1955/3411/2531 2079/2357/390 2077/2347/299 1958/2346/299
f 4575/826/40 4577/1842/378 4576/1841/378 4574/825/40
f 7247/2351/976 7248/3170/377 6156/3169/377 6154/2352/976
f 2100/4005/905 1961/4004/905 1960/2349/300 2073/2348/300
f 7249/3167/24 7250/3170/1400 6160/1558/1400 6157/3168/24
f 7250/3170/1400 7251/2351/1947 6162/1559/1947 6160/1558/1400
f 5370/2075/3450 5381/2078/3497 5371/2077/3040 5355/2076/3043
f 7252/2350/1303 7253/2322/170 6166/2325/170 6164/2353/1303
f 6422/4185/11 6423/3951/1947 6402/3950/1947 6404/4186/11
f 1983/4182/1014 2165/4181/1014 2164/2317/17 2000/2316/17
f 7257/4187/17 7286/4188/1158 7255/4189/1158 7256/4190/17
f 7256/4190/17 7259/3419/2045 7258/3418/2045 7257/4187/17
f 4862/252/2582 4869/255/2570 4868/625/2509 4860/1205/2308
f 7260/3416/44 7263/3155/2046 7262/3156/2046 7261/3417/44
f 1443/1304/956 1444/1303/956 1442/1469/57 1439/1468/57
f 2645/412/397 2647/413/1608 2646/414/1609 2644/415/397
f 4872/624/2510 4868/625/2509 4869/255/2570 4871/1323/2569
f 7270/3153/2050 7271/3154/2050 7269/3090/42 7268/3089/42
f 1357/3047/1652 1360/2707/1800 1358/2706/1800 1359/3048/1652
f 5936/3880/394 1982/4191/394 5937/4192/394 5938/4152/394
f 1053/1361/393 1055/1357/42 1054/1335/42 1052/1339/393
f 3359/2810/16 3360/3400/16 3517/3107/31 3516/2809/31
f 211/116/59 214/214/143 212/217/146 201/117/60
f 1218/1427/577 1204/1428/577 1203/946/1168 1217/1506/1168
f 7283/1674/1330 7285/4193/11 7284/4194/11 7282/1675/1330
f 7286/4188/58 7257/4187/58 7287/4195/58
f 7257/4187/58 7258/3418/58 7287/4195/58
f 7258/3418/58 7261/3417/58 7287/4195/58
f 7261/3417/58 7262/3156/58 7287/4195/58
f 7262/3156/58 7264/1582/58 7287/4195/58
f 7264/1582/58 7266/1581/58 7287/4195/58
f 7266/1581/58 7269/3090/58 7287/4195/58
f 7269/3090/58 7271/3154/58 7287/4195/58
f 7271/3154/58 7272/2845/58 7287/4195/58
f 7272/2845/58 7274/47/58 7287/4195/58
f 7274/47/58 7276/46/58 7287/4195/58
f 7276/46/58 7278/429/58 7287/4195/58
f 7278/429/58 7280/428/58 7287/4195/58
f 7280/428/58 7282/1675/58 7287/4195/58
f 7282/1675/58 7284/4194/58 7287/4195/58
f 7284/4194/58 7286/4188/58 7287/4195/58
f 6307/721/12 6308/724/12 6305/4196/12 6306/4197/12
f 1970/3075/12 1972/4198/12 1971/2031/12 1968/2003/12
f 2662/2814/42 2629/1370/42 2626/1371/42 2661/1925/42
f 6524/708/12 6508/523/12 6509/580/12 6523/1703/12
f 1833/1391/12 1910/2731/12 1909/1951/12 1831/1390/12
f 7342/754/58 6466/753/58 6470/3956/58 7341/3955/58
f 1972/4198/12 1974/3040/12 1973/2044/12 1971/2031/12
f 662/742/58 7373/2730/58 7372/2120/58 659/727/58
f 7285/4193/11 7255/4189/1158 7286/4188/1158 7284/4194/11
f 4821/3087/2005 4823/3465/393 4822/3464/393 4820/3088/2005
f 33/1442/1810 35/1443/67 34/1444/67 32/1445/1810
f 2651/576/401 2491/3373/1560 2493/4136/1560 2615/577/401
f 2040/2748/47 2041/2747/44 2116/2243/44 2115/2242/47
f 896/1249/925 895/1251/926 881/1250/926 882/948/925
f 6543/1870/11 7300/3955/11 7298/3938/29 6544/1704/29
f 6542/744/938 7303/754/938 7300/3955/11 6543/1870/11
f 6533/579/30 6534/580/30 6531/523/2 6532/522/2
f 6468/546/30 6469/547/2 6466/548/2 6467/545/30
f 6344/2625/4087 6343/2626/4087 6340/771/4087 6339/770/4087
f 6338/768/12 6341/769/12 6339/770/12 6340/771/12
f 6533/579/30 6536/561/29 6535/564/29 6534/580/30
f 1382/860/1007 1523/849/1007 1525/850/1995 1380/857/1995
f 1993/2314/44 1995/3521/47 2176/3520/47 2175/2315/44
f 16/2201/380 19/134/3942 17/137/3942 18/2202/380
f 7313/4199/58 7312/547/58 6482/546/58
f 7313/4199/58 7311/2741/58 7312/547/58
f 7313/4199/58 7310/2211/58 7311/2741/58
f 7313/4199/58 7309/2212/58 7310/2211/58
f 7313/4199/58 7308/2666/58 7309/2212/58
f 7313/4199/58 7307/2308/58 7308/2666/58
f 7313/4199/58 7306/1619/58 7307/2308/58
f 7313/4199/58 7305/1616/58 7306/1619/58
f 7313/4199/58 7314/547/58 7305/546/58
f 7313/4199/58 7315/2741/58 7314/547/58
f 7313/4199/58 7316/2211/58 7315/2741/58
f 7313/4199/58 7317/2212/58 7316/2211/58
f 7313/4199/58 7318/2666/58 7317/2212/58
f 7313/4199/58 7319/2308/58 7318/2666/58
f 7313/4199/58 7320/1619/58 7319/2308/58
f 7313/4199/58 6468/1616/58 7320/1619/58
f 3071/1273/12 3072/2813/12 2999/2812/12 2990/1965/12
f 3375/2618/24 3376/3067/24 3356/1634/24 3357/1633/24
f 348/3057/58 351/2806/58 350/2098/58 349/1747/58
f 6264/533/12 6261/528/12 6200/80/12 6198/81/12
f 7290/751/58 7289/752/58 7335/753/58 7334/754/58
f 2059/1159/58 2061/2073/58 2060/1663/58 2058/1160/58
f 2062/2072/58 2063/1664/58 2060/1663/58 2061/2073/58
f 6281/417/12 6279/420/12 6183/2007/12 6181/1298/12
f 7313/4199/58 6469/547/58 6468/546/58
f 7313/4199/58 6471/2741/58 6469/547/58
f 7313/4199/58 6472/2211/58 6471/2741/58
f 7313/4199/58 6474/2212/58 6472/2211/58
f 7313/4199/58 6476/2666/58 6474/2212/58
f 7313/4199/58 6479/2308/58 6476/2666/58
f 7313/4199/58 6481/1619/58 6479/2308/58
f 7313/4199/58 6482/1616/58 6481/1619/58
f 6310/722/12 6312/1963/12 6311/1962/12 6309/723/12
f 1865/1718/12 1867/1719/12 1866/1720/12 1864/1721/12
f 3088/1949/58 3089/730/58 3020/731/58 3023/1950/58
f 2634/97/11 2606/1707/11 2608/4008/11 2633/2135/11
f 3413/2983/24 3416/2982/24 3415/4200/24 3414/3097/24
f 7328/1858/58 7331/3938/58 7330/3957/58 7329/1859/58
f 6255/533/12 6189/81/12 6188/80/12 6276/528/12
f 3048/1276/58 3007/1751/58 3009/3028/58 3047/1277/58
f 891/1429/1006 890/1434/1329 876/939/1329 877/936/1006
f 2022/4201/291 2021/3173/1421 2068/2123/1421 2071/2125/291
f 89/127/68 90/120/63 87/256/179 88/150/89
f 6524/708/390 7327/1861/390 7324/1626/42 6525/707/42
f 6523/1703/299 7328/1858/299 7327/1861/390 6524/708/390
f 6522/1704/300 7331/3938/300 7328/1858/299 6523/1703/299
f 6522/1704/300 6521/1870/905 7332/3955/905 7331/3938/300
f 6520/744/25 7334/754/25 7332/3955/905 6521/1870/905
f 3375/2618/15 3381/1726/15 3380/1727/1807 3376/3067/1590
f 3756/1498/1164 3757/641/1164 3755/373/232 3754/372/272
f 6435/516/1574 6436/515/1384 6415/518/1384 6380/517/1574
f 7316/2211/17 7330/2210/17 7333/2742/20 7315/2741/20
f 7317/2212/1014 7329/2209/1014 7330/2210/17 7316/2211/17
f 7317/2212/1014 7318/2666/938 7326/2667/938 7329/2209/1014
f 7319/2308/11 7325/2307/11 7326/2667/938 7318/2666/938
f 7319/2308/11 7320/1619/29 7323/1618/29 7325/2307/11
f 1834/1390/12 1836/1718/12 1912/1721/12 1911/1951/12
f 7332/3955/58 7333/3956/58 7330/3957/58 7331/3938/58
f 1992/2064/12 1994/2056/12 1993/3042/12 1991/3127/12
f 7334/754/58 7335/753/58 7333/3956/58 7332/3955/58
f 1928/719/58 1931/1853/58 1930/1835/58 1929/718/58
f 6247/417/12 6216/1298/12 6213/2007/12 6250/420/12
f 7340/3938/58 6473/3957/58 6475/1859/58 7339/1858/58
f 6303/733/12 6306/4197/12 6305/4196/12 6304/734/12
f 4128/3386/23 4131/3078/3692 4129/3079/350 4130/3387/23
f 6213/2007/2 6216/1298/30 6215/1297/30 6214/2142/2
f 1478/115/58 1463/114/58 1465/1325/971 1476/1345/971
f 6494/708/47 7338/1861/47 7337/1626/20 6496/707/20
f 6492/1703/44 7339/1858/44 7338/1861/47 6494/708/47
f 6490/1704/394 7340/3938/394 7339/1858/44 6492/1703/44
f 6488/1870/395 7341/3955/395 7340/3938/394 6490/1704/394
f 6487/744/583 7342/754/583 7341/3955/395 6488/1870/395
f 6484/743/291 7322/751/291 7342/754/583 6487/744/583
f 7343/3998/17 6498/1869/17 6500/1868/1014 6541/4003/1014
f 7291/1618/394 7306/1619/394 7305/1616/44 7289/1617/44
f 6515/1597/25 6518/3937/24 6517/746/24 6516/745/25
f 6425/2213/1400 6426/550/962 6396/551/962 6398/2216/1400
f 6528/3998/935 6530/521/379 6529/524/379 6527/1869/935
f 274/407/1810 273/2620/67 68/2619/67 67/404/1810
f 5928/2222/1977 5929/2223/1977 5927/1163/894 5926/1164/894
f 6381/3928/12 6378/3931/12 7350/4202/12
f 6378/3931/12 6417/3982/12 7350/4202/12
f 6417/3982/12 6416/3985/12 7350/4202/12
f 6416/3985/12 6413/3992/12 7350/4202/12
f 6413/3992/12 6411/3986/12 7350/4202/12
f 6411/3986/12 6409/3989/12 7350/4202/12
f 6409/3989/12 6407/3995/12 7350/4202/12
f 6407/3995/12 6406/3977/12 7350/4202/12
f 6406/3977/12 6403/3976/12 7350/4202/12
f 6403/3976/12 6401/3981/12 7350/4202/12
f 6401/3981/12 6400/3967/12 7350/4202/12
f 6400/3967/12 6397/3966/12 7350/4202/12
f 6397/3966/12 6395/3997/12 7350/4202/12
f 6395/3997/12 6394/3974/12 7350/4202/12
f 6394/3974/12 6391/3962/12 7350/4202/12
f 6391/3962/12 6389/3965/12 7350/4202/12
f 6389/3965/12 6387/3970/12 7350/4202/12
f 6387/3970/12 6385/3973/12 7350/4202/12
f 6385/3973/12 6384/3991/12 7350/4202/12
f 6384/3991/12 6381/3928/12 7350/4202/12
f 3480/2723/44 3481/2726/44 3479/2703/44 3478/513/44
f 2663/1925/42 2664/1926/42 2632/2134/42 2631/1371/42
f 6252/525/12 6250/420/12 6213/2007/12 6212/84/12
f 3519/2808/24 3401/3091/24 3390/1722/24 3488/2763/24
f 356/3953/58 357/3032/58 354/2016/58 355/2015/58
f 6499/400/12 6501/403/12 6500/1868/12 6498/1869/12
f 2072/2276/58 5913/1161/58 5912/1158/58 2071/1493/58
f 2628/1372/11 2630/97/11 2611/1707/11 2612/4203/11
f 6494/708/12 6495/523/12 6493/580/12 6492/1703/12
f 2627/1709/11 2628/1372/11 2612/4203/11 2614/3085/11
f 340/1990/58 341/1936/58 338/2114/58 339/2113/58
f 3499/3068/44 3511/1591/44 3515/1590/44 3498/4002/44
f 3011/1950/58 3046/1949/58 3047/1277/58 3009/3028/58
f 658/728/58 7371/2121/58 7370/3093/58 655/2093/58
f 3039/1273/12 3013/1965/12 2974/2812/12 2975/2813/12
f 333/1147/58 7360/2758/58 7358/3406/58 329/1148/58
f 3525/1436/24 3523/1431/24 3486/512/24 3485/511/24
f 6281/417/12 6181/1298/12 6178/1295/12 6284/1620/12
f 2066/2111/58 2067/2110/58 2065/2207/58 2064/2802/58
f 2698/1585/11 2680/1723/11 2679/1722/11 2701/1586/11
f 2585/1647/11 2568/566/11 2566/565/11 2582/1648/11
f 1963/4006/12 1967/4204/12 1965/2000/12 1964/2002/12
f 3420/54/24 3422/2752/24 3421/2751/24 3419/3129/24
f 1935/1728/58 1936/1947/58 1822/1388/58 1934/1389/58
f 5412/3380/2416 5410/3383/2419 5424/3778/3518 5423/3823/3509
f 5608/3566/3132 5609/3565/3132 5606/4078/4116 5607/2937/4116
f 1447/1173/14 1448/1176/14 1446/1175/11 1445/1174/11
usemtl personality_sphere_light
f 7381/3337/2272 7411/3338/2273 7395/3339/2274 7383/3340/2275
f 7389/3443/2611 7390/3444/2612 7388/3445/2613 7387/3446/2614
f 7393/4205/4088 7394/4206/4089 7392/4207/4090 7391/4208/4091
f 7391/4208/4091 7392/4207/4090 7390/3444/2612 7389/3443/2611
f 7375/4209/4092 7378/4210/4093 7376/4211/4094 7377/4212/4095
f 7401/4213/4096 7406/4214/4097 7394/4206/4089 7393/4205/4088
f 7379/4215/4098 7380/4216/4099 7378/4210/4093 7375/4209/4092
f 7385/4217/4100 7386/4218/4101 7384/4219/4102 7383/3340/2275
f 7387/3446/2614 7388/3445/2613 7386/4218/4101 7385/4217/4100
f 7381/3337/2272 7382/4220/4103 7380/4216/4099 7379/4215/4098
f 7377/4212/4095 7408/4221/4104 7409/4222/4105 7375/4209/4092
f 7403/4223/4106 7405/4224/4107 7401/4213/4096 7402/4225/4108
f 7403/4223/4106 7408/4221/4104 7377/4212/4095 7405/4224/4107
f 7396/4226/4109 7385/4217/4100 7383/3340/2275 7395/3339/2274
f 7400/4227/4110 7402/4225/4108 7401/4213/4096 7393/4205/4088
f 7398/4228/4111 7389/3443/2611 7387/3446/2614 7397/4229/4112
f 7379/4215/4098 7375/4209/4092 7409/4222/4105 7410/4230/4113
f 7397/4229/4112 7387/3446/2614 7385/4217/4100 7396/4226/4109
f 7404/4231/58 7403/4223/4106 7402/4225/4108
f 7404/4231/58 7402/4225/4108 7400/4227/4110
f 7404/4231/58 7400/4227/4110 7399/4232/4114
f 7404/4231/58 7399/4232/4114 7398/4228/4111
f 7404/4231/58 7398/4228/4111 7397/4229/4112
f 7405/4224/4107 7377/4212/4095 7376/4211/4094 7407/4233/4115
f 7383/3340/2275 7384/4219/4102 7382/4220/4103 7381/3337/2272
f 7405/4224/4107 7407/4233/4115 7406/4214/4097 7401/4213/4096
f 7404/4231/58 7408/4221/4104 7403/4223/4106
f 7404/4231/58 7409/4222/4105 7408/4221/4104
f 7404/4231/58 7410/4230/4113 7409/4222/4105
f 7410/4230/4113 7411/3338/2273 7381/3337/2272 7379/4215/4098
f 7400/4227/4110 7393/4205/4088 7391/4208/4091 7399/4232/4114
f 7404/4231/58 7395/3339/2274 7411/3338/2273
f 7404/4231/58 7396/4226/4109 7395/3339/2274
f 7404/4231/58 7397/4229/4112 7396/4226/4109
f 7404/4231/58 7411/3338/2273 7410/4230/4113
f 7399/4232/4114 7391/4208/4091 7389/3443/2611 7398/4228/4111
