# Blender 5.2.0 LTS
# www.blender.org
mtllib turret.mtl
o turret_model
v 2.869377 25.292933 -1.042104
v 2.974810 25.932495 -1.209185
v 2.517207 25.620485 -1.353400
v 2.661051 38.636158 2.350099
v 2.661072 39.231285 -1.303674
v 2.661054 39.231300 2.350095
v 2.661069 38.636143 -1.303671
v -2.660854 39.231308 -1.303701
v -2.660857 38.636166 -1.303697
v -2.660875 38.636181 2.350072
v -2.660872 39.231323 2.350068
v -2.338404 38.779865 2.867566
v -2.338405 38.636181 2.867566
v 2.338576 38.779842 2.867589
v 2.338575 38.636158 2.867589
v 3.240275 37.698788 2.350106
v 3.287694 38.146481 -0.441618
v 3.240278 38.146496 2.350102
v 3.287691 37.698772 -0.441614
v -3.287497 37.698803 -0.441649
v -3.240106 38.146526 2.350072
v -3.287495 38.146511 -0.441649
v -3.240108 37.698818 2.350072
v -3.099364 38.146526 2.765225
v -3.099366 37.698818 2.765229
v 3.099530 38.146496 2.765256
v 3.099528 37.698788 2.765260
v -2.660880 37.698814 2.350076
v -2.338427 34.227142 2.867585
v -2.338409 37.698814 2.867574
v -2.660897 34.227142 2.350091
v 2.661029 34.227119 2.350118
v 2.338571 37.698792 2.867597
v 2.338553 34.227119 2.867608
v 2.661047 37.698792 2.350102
v -2.660865 36.976574 -1.303690
v 2.661046 34.227104 -1.027773
v -2.660880 34.227127 -1.027799
v 2.661061 36.976551 -1.303663
v -7.187636 18.740898 10.056990
v -7.979512 19.543591 11.124677
v -7.692563 19.658112 11.144713
v -7.466674 18.610905 10.019915
v -8.066489 19.313936 11.311139
v -7.024699 18.045120 9.068357
v -6.754680 18.186661 9.124851
v -6.290345 17.800020 8.125641
v -7.077797 17.761507 9.181855
v -7.537815 18.350386 10.172249
v -7.866517 19.198811 11.517636
v -6.537757 18.044586 9.294847
v -6.979732 18.610373 10.246401
v -7.492570 19.543060 11.351163
v -7.579549 19.313406 11.537627
v -7.050871 18.349857 10.398741
v -7.329911 18.219858 10.361660
v -6.860875 17.619432 9.351844
v -6.584442 17.350704 8.120192
v -6.550691 17.650425 8.048330
v -5.806064 17.590508 7.083968
v -6.056320 17.436548 6.984951
v -5.313762 17.563280 6.025470
v -6.063749 17.649891 8.274818
v -6.097500 17.350172 8.346682
v -6.590856 17.760975 9.408345
v -4.568449 17.567190 5.059783
v -4.825562 17.719000 4.976221
v -5.066820 17.408218 6.130892
v -5.569377 17.436018 7.211442
v -5.582952 17.127565 7.239900
v -6.357845 17.200577 8.269368
v -5.833209 16.973604 7.140887
v -6.069894 17.128096 7.013411
v -5.299883 16.944107 5.994182
v -5.546823 17.099165 5.888760
v -5.028109 17.264618 4.773933
v -5.553762 17.408751 5.904404
v -5.059881 17.098635 6.115249
v -4.541168 17.264090 5.000420
v -4.770998 17.112806 4.857493
v -4.259580 17.475552 3.758810
v -4.526527 17.620390 3.696376
v -3.778222 18.023405 2.725186
v -4.054425 18.157709 2.682629
v -4.039586 17.619856 3.922864
v -4.086538 17.909000 4.024484
v -5.055391 17.567719 4.833292
v -4.573479 17.909534 3.797996
v -4.119891 18.425783 2.824003
v -3.705796 19.103756 1.935297
v -3.623429 18.863358 1.757648
v -3.338774 18.742889 1.782068
v -3.567483 18.157179 2.909117
v -3.632949 18.425253 3.050491
v -4.353483 18.053843 3.962051
v -3.909153 18.559557 3.007936
v -3.218853 19.103224 2.161785
v -3.136487 18.862825 1.984136
v -3.503509 19.223690 2.137367
v -7.313214 18.973450 11.938424
v -7.022497 20.670975 11.243381
v -7.742528 20.671045 12.939369
v -7.023368 19.726006 11.243052
v -7.743778 19.321718 12.938898
v -7.564179 20.259050 15.184485
v -7.453780 18.742916 14.463740
v -2.660861 37.698799 -1.303694
v -8.332108 18.974562 11.464513
v -8.002866 19.727070 10.787463
v -8.001990 20.672039 10.787793
v -8.800815 20.672197 12.447133
v -8.802063 19.322870 12.446664
v -9.668984 20.261343 14.205488
v -9.547945 18.856737 13.827429
v 2.661065 37.698776 -1.303667
v -8.485860 15.864422 17.212040
v -11.074547 16.778231 18.151848
v -10.695143 16.012426 16.527107
v -8.898423 16.634863 18.832180
v -8.195956 17.051043 16.528614
v -10.455747 17.173609 15.841949
v -10.093505 18.103422 14.942014
v -10.410707 19.181276 16.673325
v -10.988624 18.256109 18.506355
v -7.856720 17.981905 15.621666
v -8.404102 19.179090 17.606647
v -8.957361 18.382393 19.230076
v -3.065331 18.832684 1.990253
v -3.498441 18.123577 2.919766
v -3.761865 17.956366 2.689852
v -3.580272 18.458673 3.096486
v -3.524107 19.283770 2.181788
v -3.925527 18.626551 3.043292
v -3.168289 19.133186 2.212314
v -2.805741 19.951990 1.434765
v -2.684190 19.693470 1.172829
v -2.501558 20.894917 0.782986
v -2.364407 20.684755 0.487628
v -2.113855 21.782127 -0.048484
v -2.600172 20.580013 0.198393
v -2.343507 21.704144 -0.350795
v -2.973085 20.685425 0.204517
v -2.722532 21.782791 -0.331597
v -3.110236 20.895578 0.499873
v -2.871905 21.939421 -0.010085
v -2.642252 22.017399 0.292226
v -2.479915 23.107752 -0.054243
v -2.705295 23.058462 -0.365670
v -2.391458 24.244532 -0.241763
v -2.164083 22.909266 -0.733735
v -1.843261 24.185081 -0.624630
v -1.938701 22.958553 -0.422307
v -2.005833 24.224491 -0.275015
v -2.096617 23.057798 -0.082559
v -2.263227 21.938755 0.273026
v -2.874472 21.000328 0.789111
v -3.170856 20.081583 1.424176
v -1.993108 25.410109 -0.299600
v -2.379059 25.399748 -0.265717
v -2.058757 26.585457 -0.155708
v -2.443024 26.544956 -0.125515
v -2.201160 27.721594 0.153113
v -2.581777 27.651960 0.175390
v -2.048605 27.861519 -0.174547
v -2.614512 24.225157 -0.558124
v -2.601786 25.410774 -0.582711
v -2.667434 26.586121 -0.438821
v -2.809838 27.722256 -0.130000
v -2.657284 27.862183 -0.457658
v -2.507576 26.667784 -0.782317
v -2.276666 27.931816 -0.479935
v -2.123308 26.708284 -0.812511
v -1.898898 26.667120 -0.499208
v -1.829884 25.431501 -0.650475
v -2.438562 25.432165 -0.933586
v -2.052611 25.442526 -0.967469
v -2.066314 24.165709 -0.940995
v -2.547379 22.959217 -0.705418
v -2.451940 24.185745 -0.907741
v -3.292869 19.694134 0.889718
v -3.776968 19.133852 1.929203
v -3.414421 19.952650 1.151656
v -3.674008 18.833347 1.707142
v -2.927755 19.564545 0.900311
v -3.318190 18.682766 1.737668
v -4.107118 18.124245 2.636655
v -4.188949 18.459335 2.813374
v 0.731360 24.713692 0.806946
v 0.992563 23.850504 -1.626862
v 0.731376 24.406462 -1.695128
v 0.992548 24.157736 0.875212
v 0.874633 23.248348 -1.552923
v 0.874617 23.555574 0.949150
v 0.422628 22.829994 -1.501556
v 0.422613 23.137222 1.000517
v -0.190814 23.062469 1.009693
v -0.190799 22.755241 -1.492380
v -0.731341 23.052637 -1.528898
v -0.731357 23.359865 0.973175
v -0.992530 23.608593 -1.597166
v -0.992545 23.915821 0.904909
v -0.874614 24.517981 0.830970
v -0.874598 24.210751 -1.671103
v -0.422594 24.629107 -1.722470
v -0.422609 24.936337 0.779604
v 0.190833 24.703859 -1.731646
v 0.190818 25.011089 0.770427
v 0.000059 24.064762 -7.208145
v 0.269259 24.853100 -8.198072
v 0.269247 24.203238 -7.137584
v 0.000071 24.727367 -8.289423
v 0.269271 25.660856 -9.143845
v 0.000084 25.550961 -9.253740
v 0.269283 26.606623 -9.951609
v 0.000096 26.515272 -10.077343
v 0.269295 27.667101 -10.601479
v 0.000107 27.596550 -10.739956
v -0.269127 24.480196 -6.996478
v -0.269128 24.203243 -7.137589
v -0.269139 23.727274 -5.988497
v -0.269116 24.853104 -8.198074
v -0.269104 25.660862 -9.143845
v -0.269092 26.606627 -9.951611
v -0.269081 27.667109 -10.601482
v 0.000118 28.768169 -11.225264
v 0.269305 28.816198 -11.077452
v 0.000129 30.001287 -11.521313
v 0.269315 30.025599 -11.367809
v 0.269313 30.074221 -11.060804
v -0.269070 28.816202 -11.077456
v -0.269138 24.022896 -5.892447
v 0.269322 31.265532 -11.154568
v 0.269324 31.265528 -11.465401
v 0.000137 31.265532 -11.620813
v -0.269060 30.025602 -11.367813
v -0.269062 30.074224 -11.060808
v -0.269072 28.912252 -10.781837
v -0.269082 27.808226 -10.324530
v -0.269093 26.789330 -9.700144
v -0.269104 25.880651 -8.924057
v -0.269116 25.104570 -8.015373
v 0.000050 24.170706 -5.844418
v 0.000061 24.618670 -6.925917
v 0.000072 25.230303 -7.924023
v 0.000083 25.990547 -8.814159
v 0.000094 26.880678 -9.574408
v 0.000105 27.878778 -10.186054
v 0.000116 28.960276 -10.634027
v 0.000125 30.098539 -10.907303
v -0.269054 31.265535 -11.154570
v -0.269051 31.265537 -11.465401
v 0.000133 31.265537 -10.999153
v -0.269044 32.505466 -11.367825
v 0.000145 32.529778 -11.521324
v -0.269047 32.456841 -11.060820
v 0.000140 32.432529 -10.907314
v 0.269331 32.505466 -11.367823
v 0.269329 32.456841 -11.060816
v 0.269304 28.912249 -10.781836
v 0.269294 27.808222 -10.324526
v 0.269283 26.789324 -9.700140
v 0.269271 25.880648 -8.924053
v 0.269260 25.104570 -8.015371
v 0.000012 23.579481 -1.041806
v 0.000019 23.283428 -2.274919
v 0.269208 23.436930 -2.299230
v 0.269216 23.339336 -3.539161
v 0.269218 23.650167 -3.539162
v 0.269226 23.436922 -4.779091
v 0.269227 23.743927 -4.730468
v 0.269237 24.022892 -5.892442
v 0.269248 24.480190 -6.996473
v 0.000048 23.579462 -6.036521
v 0.269236 23.727270 -5.988494
v 0.269201 23.727287 -1.089831
v 0.269210 23.743935 -2.347855
v 0.000032 23.805588 -3.539165
v 0.000040 23.897430 -4.706159
v 0.269204 24.022907 -1.185884
v 0.000018 24.170721 -1.233912
v 0.000024 23.897438 -2.372171
v -0.269150 23.436926 -4.779096
v -0.269148 23.743931 -4.730473
v -0.269157 23.650177 -3.539165
v -0.269165 23.743938 -2.347860
v -0.269167 23.436934 -2.299234
v -0.269174 23.727293 -1.089833
v -0.269172 24.022913 -1.185887
v 0.000028 23.183926 -3.539161
v 0.000037 23.283421 -4.803405
v -0.269159 23.339346 -3.539163
v 5.055451 17.567663 4.833310
v 4.825607 17.718937 4.976227
v 5.313766 17.563210 6.025493
v 4.573574 17.909483 3.797998
v 4.353566 18.053785 3.962045
v 4.120018 18.425739 2.823995
v 3.909265 18.559504 3.007919
v 3.705945 19.103716 1.935285
v 3.503643 19.223642 2.137345
v 5.028180 17.264565 4.773941
v 5.553778 17.408688 5.904435
v 4.526635 17.620338 3.696373
v 4.054564 18.157663 2.682614
v 3.623591 18.863314 1.757628
v 3.338937 18.742838 1.782034
v 3.778361 18.023354 2.725157
v 3.567610 18.157122 2.909080
v 4.039680 17.619793 3.922838
v 3.633062 18.425192 3.050462
v 4.086619 17.908937 4.024464
v 4.568495 17.567120 5.059775
v 5.066821 17.408142 6.130904
v 3.136636 18.862768 1.984094
v 3.218988 19.103170 2.161751
v 4.259687 17.475494 3.758792
v 4.541223 17.264019 5.000408
v 5.059891 17.098555 6.115253
v 5.582910 17.127483 7.239927
v 5.569330 17.435940 7.211471
v 5.833177 16.973532 7.140920
v 5.299902 16.944033 5.994195
v 4.771066 17.112740 4.857491
v 6.357759 17.200499 8.269430
v 5.806018 17.590437 7.084012
v 6.063648 17.649807 8.274872
v 6.097404 17.350088 8.346733
v 6.860728 17.619349 9.351933
v 6.584359 17.350632 8.120266
v 6.069865 17.128027 7.013462
v 5.546847 17.099098 5.888786
v 6.056285 17.436483 6.985005
v 6.550602 17.650352 8.048405
v 7.492281 19.542965 11.351303
v 7.692281 19.658026 11.144865
v 7.187427 18.740812 10.057106
v 6.979517 18.610281 10.246511
v 7.579256 19.313309 11.537766
v 7.050656 18.349764 10.398844
v 7.866231 19.198719 11.517786
v 7.329703 18.219774 10.361778
v 7.537611 18.350307 10.172379
v 7.077655 17.761429 9.181953
v 7.024555 18.045040 9.068459
v 6.290248 17.799942 8.125710
v 7.466474 18.610825 10.020044
v 6.754527 18.186575 9.124943
v 8.066214 19.313852 11.311300
v 7.979237 19.543510 11.124838
v 6.537599 18.044497 9.294924
v 6.590700 17.760887 9.408419
v 4.107244 18.124237 2.636624
v 4.189060 18.459332 2.813353
v 3.777103 19.133844 1.929174
v 3.414574 19.952650 1.151624
v 3.170993 20.081566 1.424137
v 2.874618 21.000320 0.789073
v 3.524228 19.283754 2.181751
v 3.925622 18.626534 3.043258
v 3.293041 19.694138 0.889680
v 3.674160 18.833345 1.707105
v 3.110398 20.895582 0.499847
v 2.642398 22.017395 0.292195
v 2.872066 21.939419 -0.010108
v 2.480051 23.107744 -0.054262
v 2.705448 23.058466 -0.365682
v 2.391577 24.244526 -0.241768
v 2.614646 24.225163 -0.558121
v 2.379153 25.399740 -0.265703
v 2.601896 25.410778 -0.582686
v 2.443086 26.544950 -0.125481
v 2.667509 26.586124 -0.438774
v 2.581800 27.651947 0.175447
v 2.809873 27.722254 -0.129926
v 2.657330 27.862183 -0.457592
v 2.507666 26.667786 -0.782278
v 2.438687 25.432169 -0.933569
v 2.452091 24.185753 -0.907744
v 2.547551 22.959225 -0.705437
v 2.722713 21.782795 -0.331628
v 2.973266 20.685427 0.204479
v 2.123398 26.708281 -0.812489
v 2.052737 25.442520 -0.967470
v 2.066468 24.165703 -0.941015
v 2.164256 22.909266 -0.733773
v 2.343689 21.704140 -0.350847
v 2.600355 20.580002 0.198337
v 2.927927 19.564541 0.900249
v 3.318344 18.682755 1.737611
v 2.684348 19.693457 1.172762
v 3.065469 18.832663 1.990189
v 3.168411 19.133163 2.212257
v 1.829996 25.431488 -0.650487
v 1.898974 26.667107 -0.499195
v 1.843400 24.185072 -0.624662
v 1.938859 22.958544 -0.422355
v 2.114021 21.782114 -0.048544
v 2.364575 20.684744 0.487561
v 2.805882 19.951965 1.434708
v 2.501705 20.894899 0.782929
v 2.263376 21.938738 0.272976
v 2.096756 23.057783 -0.082600
v 2.005954 24.224478 -0.275039
v 1.993204 25.410093 -0.299604
v 2.058817 26.585443 -0.155692
v 2.201183 27.721569 0.153156
v 2.048639 27.861502 -0.174510
v 2.276713 27.931807 -0.479884
v 3.580368 18.458649 3.096435
v 3.498553 18.123554 2.919709
v 3.761990 17.956350 2.689802
v 7.022181 20.670870 11.243517
v 7.312912 18.973341 11.938545
v 7.742136 20.670931 12.939533
v 7.023078 19.725901 11.243174
v 7.563691 20.258900 15.184628
v 7.743419 19.321604 12.939047
v 7.453363 18.742764 14.463858
v 8.331833 18.974480 11.464678
v 8.002600 19.726994 10.787632
v 8.001702 20.671963 10.787977
v 8.800453 20.672113 12.447346
v 8.801736 19.322786 12.446856
v 9.668552 20.261250 14.205729
v 9.547565 18.856642 13.827644
v 11.074025 16.778101 18.152084
v 8.485394 15.864253 17.212151
v 10.694717 16.012321 16.527325
v 8.897861 16.634682 18.832317
v 10.410192 19.181164 16.673573
v 10.455325 17.173506 15.842169
v 10.988048 18.255976 18.506611
v 10.093102 18.103325 14.942236
v 3.871366 18.234812 2.928906
v 8.403531 19.178923 17.606800
v 8.956737 18.382208 19.230244
v 1.264432 27.059881 -0.926262
v 1.265858 25.059652 -0.308961
v 1.266331 25.059881 -0.926994
v 1.263959 27.059652 -0.308228
v 1.628745 25.059816 0.191319
v 1.626846 27.059816 0.192051
v 2.216384 25.060303 0.382754
v 2.214484 27.060303 0.383485
v 2.804316 25.060932 0.192223
v 2.802416 27.060932 0.192953
v 3.167973 25.061459 -0.307497
v 3.166074 27.061459 -0.306767
v 3.168447 25.061687 -0.925533
v 3.166547 27.061687 -0.924801
v 2.805559 25.061527 -1.425810
v 2.803660 27.061527 -1.425080
v 2.217920 25.061035 -1.617248
v 2.216020 27.061035 -1.616516
v 1.629987 25.060410 -1.426716
v 1.628088 27.060410 -1.425986
v -1.264408 27.059933 -0.926478
v -1.265660 25.059713 -0.309145
v -1.266261 25.059935 -0.927178
v -1.263808 27.059711 -0.308446
v -1.628446 25.059875 0.191210
v -1.626593 27.059874 0.191910
v -2.216044 25.060352 0.382767
v -2.214191 27.060350 0.383466
v -2.804015 25.060963 0.192355
v -2.802162 27.060961 0.193055
v -3.167775 25.061476 -0.307291
v -3.165922 27.061474 -0.306591
v -3.168376 25.061693 -0.925324
v -3.166524 27.061691 -0.924626
v -2.805590 25.061533 -1.425679
v -2.803738 27.061531 -1.424979
v -2.217991 25.061058 -1.617236
v -2.216138 27.061056 -1.616536
v -1.630019 25.060446 -1.426826
v -1.628167 27.060444 -1.426126
v -1.313212 25.571505 4.816572
v -1.313213 24.971962 4.564968
v -1.313215 24.992388 4.857069
v -1.313210 25.551079 4.524471
v -0.786324 23.602560 4.660736
v -0.786325 23.622988 4.952837
v -0.786313 25.551077 4.524473
v -0.786315 25.571503 4.816574
v -0.786347 26.086258 11.815315
v -1.313241 26.282795 11.212624
v -1.313243 26.019421 11.231041
v -0.786346 26.323776 11.798706
v -1.313188 25.197584 -0.521019
v -1.313187 25.460958 -0.539439
v -0.786346 25.767107 11.248688
v -0.786290 24.920469 -0.858031
v -0.786287 25.436155 -0.894093
v -1.313227 25.172564 7.433506
v -1.313223 25.731251 7.100906
v -1.313226 25.152134 7.141403
v -1.313224 25.751677 7.393009
v -0.786337 23.803160 7.529274
v -0.786336 23.782736 7.237171
v -0.786325 25.731249 7.100910
v -0.786327 25.751675 7.393009
v 1.313217 25.172552 7.433517
v 1.313222 25.731239 7.100922
v 1.313220 25.751665 7.393021
v 1.313218 25.152122 7.141418
v 0.786313 23.803152 7.529282
v 0.786314 23.782728 7.237179
v 0.786325 25.731241 7.100918
v 0.786323 25.751667 7.393017
v 1.313231 24.971951 4.564981
v 1.313232 25.571493 4.816586
v 1.313229 24.992376 4.857082
v 1.313234 25.551067 4.524485
v 0.786326 23.602552 4.660744
v 0.786325 23.622980 4.952845
v 0.786337 25.551069 4.524481
v 0.786335 25.571495 4.816582
v 0.786303 26.086250 11.815323
v 1.313205 26.282784 11.212635
v 0.786304 26.323769 11.798714
v 1.313203 26.019409 11.231052
v 1.313258 25.197573 -0.521006
v 1.313259 25.460947 -0.539425
v 0.786304 25.767099 11.248695
v 0.786360 24.920462 -0.858023
v 0.786363 25.436148 -0.894085
v -1.264493 25.278185 -0.462099
v -1.264524 23.887751 4.385202
v -1.264516 25.540819 4.385195
v -1.264497 23.887724 -1.097712
v -1.022996 23.144453 -1.097708
v -1.023024 23.144478 4.385208
v -0.390735 22.685085 -1.097702
v -0.390762 22.685110 4.385214
v 0.390758 22.685106 4.385218
v 0.390785 22.685081 -1.097698
v 1.023052 23.144442 -1.097696
v 1.023024 23.144466 4.385218
v 1.264559 23.887712 -1.097698
v 1.264532 23.887737 4.385216
v 1.264563 25.278173 -0.462054
v 1.264540 25.540806 4.385208
v -3.871256 18.234825 2.928946
v 2.828370 26.162069 -1.487700
v 3.584146 26.514999 -0.727619
v 3.452472 26.335808 -0.724949
v 3.552581 27.147635 -1.502382
v -2.830954 26.159746 -1.513720
v -3.586734 26.512680 -0.753645
v -3.555156 27.145315 -1.528408
v -3.455063 26.333488 -0.750975
v -0.786317 24.819853 4.419624
v 0.786327 23.481848 4.419640
v -0.786323 23.481855 4.419632
v 0.786333 24.819845 4.419634
v 0.786312 23.682447 7.529282
v -0.786338 23.682455 7.529274
v 2.274644 27.666790 11.995758
v 2.142970 27.487598 11.998428
v -2.274674 27.666813 11.995735
v -2.143002 27.487621 11.998405
v 2.067183 29.059126 11.848362
v 1.901462 27.598797 -1.713160
v 0.519805 28.814054 11.711292
v 3.448840 27.843868 -1.576086
v -2.134557 26.049448 -1.575401
v -0.519821 28.814058 11.711285
v -0.750347 27.267040 11.875053
v -1.904031 27.596466 -1.739168
v -2.067197 29.059145 11.848343
v -3.451407 27.841549 -1.602112
v -0.786290 24.819830 -0.919306
v 0.786360 24.819822 -0.919298
v -0.786342 24.819876 9.613846
v -0.786298 28.514929 4.419609
v -0.786271 28.514906 -0.919323
v -0.786315 28.514944 7.803040
v -0.786335 28.514963 11.813290
v -0.786347 26.058987 11.813301
v 0.786308 24.819868 9.613853
v 0.786315 28.514956 11.813297
v 0.786303 26.058979 11.813309
v 0.786335 28.514936 7.803047
v 0.786352 28.514921 4.419617
v 0.786379 28.514898 -0.919316
v 2.532391 28.514921 6.610115
v 3.454981 29.041704 6.610119
v 3.454978 28.514917 6.610123
v 2.532394 29.041708 6.610115
v 2.532369 29.041731 11.574722
v 3.454953 28.514940 11.574730
v 3.454956 29.041727 11.574726
v 2.532366 28.514944 11.574726
v -2.532357 29.041735 6.610088
v -3.454946 28.514952 6.610085
v -3.454943 29.041739 6.610085
v -2.532359 28.514948 6.610092
v -2.532384 28.514971 11.574699
v -3.454968 29.041761 11.574692
v -3.454971 28.514975 11.574696
v -2.532381 29.041758 11.574699
v 2.532419 28.514896 1.048535
v 3.455009 29.041681 1.048539
v 3.455006 28.514893 1.048539
v 2.532422 29.041685 1.048534
v 2.532403 29.041700 4.759418
v 3.454987 28.514910 4.759426
v 3.454990 29.041697 4.759422
v 2.532400 28.514914 4.759418
v -2.532329 29.041712 1.048509
v -3.454918 28.514927 1.048505
v -3.454916 29.041716 1.048503
v -2.532331 28.514923 1.048511
v -2.532350 28.514940 4.759396
v -3.454934 29.041731 4.759388
v -3.454937 28.514944 4.759392
v -2.532347 29.041727 4.759392
v 2.532430 28.514883 -1.249581
v 2.532436 29.041672 -1.752195
v -2.532320 28.514910 -1.249607
v -2.532315 29.041698 -1.752220
v -2.532325 26.934544 -1.752211
v -2.532328 26.934546 -1.249600
v 2.532423 26.934519 -1.249575
v 2.532425 26.934517 -1.752186
v 2.532365 28.514940 11.813305
v -2.532385 28.514967 11.813282
v 0.000020 23.676395 -2.044885
v 8.195493 17.050875 16.528732
v 7.856271 17.981750 15.621788
v 2.532355 26.431471 11.813316
v -2.532396 26.431498 11.813290
v -2.532382 29.041758 11.813278
v -2.532385 29.041758 12.318230
v -2.532398 26.431499 12.318245
v 2.532352 26.431473 12.318268
v 2.532368 29.041731 11.813301
v 2.532365 29.041731 12.318256
v 2.217152 25.060673 -0.617245
v -2.217017 25.060703 -0.617234
v -4.473370 48.077477 0.627522
v -4.622934 49.042728 1.362380
v -4.747033 47.860245 0.957823
v -4.354268 48.038124 0.393366
v -5.511600 48.226044 3.370884
v -6.022954 45.307228 3.009877
v -5.393937 46.844032 1.745465
v -5.026897 49.265770 2.527855
v -4.856734 49.614246 2.333282
v -4.823250 49.823540 2.371807
v -4.855070 49.607243 8.575796
v -4.823329 49.823524 8.529532
v -4.623025 49.042725 9.538949
v -5.026964 49.265770 8.373439
v -4.747135 47.860241 9.943474
v -5.511646 48.226044 7.530397
v -5.394022 46.844028 9.155823
v -6.023009 45.307228 7.891397
v -5.953720 46.662148 6.202143
v -6.012752 46.285664 5.868790
v -6.338925 44.064384 6.826935
v -6.033717 46.151936 5.570552
v -6.399702 43.752426 6.712172
v -6.399765 43.752079 4.203419
v -6.033714 46.151936 5.330707
v -6.339070 44.063698 4.088235
v -6.012741 46.285667 5.032471
v -5.953703 46.662144 4.699138
v -6.458374 43.296574 4.203622
v -6.458810 43.293846 6.712391
v -4.471735 48.070484 10.281548
v -4.354381 48.038113 10.507962
v -3.501933 22.499521 10.189857
v -3.485291 21.443289 9.494308
v -3.716557 22.589312 9.945942
v -3.323604 22.676029 10.488294
v -4.430793 22.133066 7.532862
v -5.294031 24.967810 7.893856
v -4.482457 23.519115 9.158281
v -3.823022 21.160154 8.375909
v -3.611667 20.835014 8.570477
v -3.594028 20.493036 8.467484
v -3.652083 20.837093 2.329057
v -3.593958 20.493044 2.433888
v -3.485198 21.443266 1.407078
v -3.822955 21.160154 2.530320
v -3.716455 22.589304 0.960291
v -4.430747 22.133066 3.373349
v -4.482372 23.519112 1.747928
v -5.293975 24.967810 3.012336
v -5.060132 23.631435 4.701595
v -5.164608 23.997921 5.034941
v -5.759014 26.162901 4.076790
v -5.201720 24.128096 5.333182
v -5.857357 26.465130 4.191550
v -5.857388 26.465126 6.699882
v -5.201723 24.128094 5.573028
v -5.759304 26.163559 6.815489
v -5.164618 23.997917 5.871264
v -5.060149 23.631433 6.204604
v -5.963307 26.846193 6.700097
v -5.964017 26.848854 4.191332
v -3.501330 22.529589 0.707116
v -3.323488 22.676014 0.413094
v -3.876603 40.879772 9.821263
v -4.445083 34.341984 9.821257
v -3.876639 33.638767 9.821266
v -4.445052 40.355148 9.821254
v -3.250179 33.638767 11.018480
v -3.876662 33.638771 11.769373
v -3.250188 33.638767 11.769381
v -3.250143 40.879772 11.018474
v -3.876626 40.879776 11.769366
v -3.250152 40.879772 11.769374
v -3.250190 33.638767 12.019678
v -3.818630 34.341988 11.769372
v -3.818633 34.341988 12.019670
v -3.818602 40.355152 12.019667
v -3.818600 40.355152 11.769369
v -3.250154 40.879772 12.019675
v -3.250062 31.118071 -0.454856
v -3.250191 31.275494 11.018478
v -3.250203 31.118076 12.019679
v -3.250065 31.275488 -0.057639
v -3.250137 42.595440 11.202817
v -3.250010 42.351608 -0.057646
v -3.250004 42.595428 -0.454865
v -3.250135 42.351612 11.018475
v -4.445075 40.355152 11.769364
v -4.445106 34.341988 11.769363
v -6.341471 36.310516 9.097970
v -4.847632 37.231976 8.735432
v -4.847637 36.310509 8.735431
v -6.341466 37.231983 9.097971
v -6.341387 37.231983 2.180606
v -4.847562 36.310509 2.180623
v -4.847557 37.231976 2.180623
v -6.341392 36.310516 2.180606
v -4.847600 36.310513 5.458029
v -6.341430 36.310520 5.458012
v -6.341414 39.348976 5.458009
v -6.341371 40.355164 2.180603
v -6.341425 37.231987 5.458013
v -6.341450 40.355160 9.097968
v -6.341401 34.341995 2.180606
v -6.341439 34.341999 5.458013
v -6.341480 34.341995 9.097971
v -5.218660 41.759998 12.019650
v -5.523920 42.595451 11.202787
v -3.250149 41.759991 12.019670
v -6.696980 35.620033 4.191537
v -7.006106 36.172806 4.191533
v -6.549143 35.782829 4.191539
v -7.192214 35.922150 4.191531
v -6.639990 37.922844 6.714463
v -7.006129 37.392776 6.736947
v -6.455698 37.782757 6.728544
v -7.192235 37.643425 6.736943
v -7.006134 36.172806 6.699863
v -6.697005 35.620037 6.699867
v -6.549171 35.782822 6.699869
v -7.192243 35.922153 6.699861
v -7.006100 37.392769 4.179064
v -6.639963 37.922844 4.201545
v -6.455668 37.782745 4.187477
v -7.192207 37.643421 4.179056
v -5.782324 37.392765 6.736959
v -5.526200 37.782749 6.725346
v -5.782328 36.172798 6.699878
v -5.526209 35.782818 6.699879
v -5.782301 36.172794 4.191548
v -5.526181 35.782814 4.191553
v -5.782296 37.392761 4.179076
v -5.526169 37.782738 4.190694
v -6.689967 31.055058 6.680099
v -6.689937 31.055056 4.211314
v -6.949185 30.310411 6.736950
v -7.066879 31.118092 4.179066
v -6.949153 30.310411 4.179067
v -7.066911 31.118092 6.736948
v -4.664485 42.594170 -1.544954
v -3.690109 42.594166 -1.839217
v -3.690275 42.594177 12.740564
v -4.637215 42.594181 12.469318
v -5.404766 42.594185 11.422873
v -5.404630 42.594173 -0.506839
v -6.461300 42.594189 1.708344
v -6.461385 42.594189 9.207670
v -7.039762 42.594193 4.179061
v -7.039791 42.594196 6.736944
v -6.933450 43.323715 6.736944
v -6.933422 43.323711 4.179061
v -6.354958 43.323708 1.708344
v -6.355042 43.323708 9.207676
v -5.298426 43.323704 11.422875
v -5.298290 43.323696 -0.506839
v -4.530446 43.323700 12.469328
v -4.549510 43.323692 -1.555361
v -3.583505 43.323696 12.740570
v -3.583339 43.323689 -1.839217
v -3.725463 31.118078 12.717525
v -3.611669 30.310394 -1.806099
v -3.729654 31.118073 -1.806100
v -3.607478 30.310400 12.717527
v -3.138851 19.110228 7.771424
v -3.405491 19.663465 9.115896
v -3.557934 18.887177 7.928645
v -3.012419 19.872671 8.887911
v -3.195032 20.731972 10.241684
v -2.835472 20.923349 9.950968
v -2.929720 22.074665 11.286679
v -2.609134 22.245296 10.942142
v -2.613747 23.668741 12.232759
v -2.335782 23.816679 11.843394
v -2.245654 25.490561 13.068348
v -1.989558 25.626860 12.658559
v -2.245483 25.490572 -2.166982
v -1.989400 25.626871 -1.757157
v -2.335639 23.816668 -0.941991
v -2.613594 23.668728 -1.331387
v -2.609013 22.245277 -0.040743
v -2.929589 22.074654 -0.385319
v -2.835373 20.923342 0.950432
v -3.194926 20.731974 0.659673
v -3.012339 19.872669 2.013483
v -3.405407 19.663464 1.785458
v -3.138795 19.110224 3.129966
v -3.557877 18.887175 2.972706
v -3.214539 18.648018 4.281631
v -3.650184 18.416151 4.201304
v -3.239753 18.493164 5.450696
v -3.681096 18.258265 5.450675
v -3.650213 18.416153 6.700044
v -3.214565 18.648020 6.619761
v -0.743236 25.278183 -0.462098
v 0.000031 23.887718 -1.097704
v -4.959562 50.375751 3.398305
v -4.406904 50.572113 1.964060
v -4.607881 51.201344 3.092448
v -4.130472 49.706356 0.895525
v -3.783390 48.618900 -0.094852
v -3.371675 47.328384 -0.990145
v -4.005669 46.806068 -0.512207
v -3.756785 46.009777 -0.958582
v -2.870224 45.846855 -1.801231
v -3.758132 45.360943 -1.139771
v -3.390713 45.755093 -1.358913
v -3.257003 44.575832 -1.810222
v -3.924371 44.760738 -1.159855
v -4.235752 43.306564 -1.158432
v -3.570858 43.180813 -1.826484
v -4.475422 41.762882 -1.153701
v -3.822386 41.673740 -1.839217
v -4.649360 40.137756 -1.150192
v -4.006052 40.080826 -1.848304
v -4.755061 38.457561 -1.148254
v -4.117862 38.429825 -1.853751
v -4.790528 36.749508 -1.147639
v -4.155399 36.749500 -1.855562
v -4.117873 35.069180 -1.853748
v -4.755067 35.041451 -1.148255
v -4.006080 33.418163 -1.848301
v -4.649389 33.361225 -1.150192
v -3.822430 31.825256 -1.839212
v -4.475569 31.736029 -1.153811
v -3.570915 30.318199 -1.826479
v -4.236894 30.191624 -1.159709
v -3.257072 28.923172 -1.810216
v -3.937369 28.751841 -1.168594
v -2.887882 27.664305 -1.790733
v -3.580558 27.438330 -1.180319
v -2.471595 26.563124 -1.768703
v -3.153029 26.248009 -1.188854
v -2.524849 25.620512 -1.353501
v -2.877029 25.292963 -1.042214
v -3.098844 24.188879 -0.514933
v -2.982453 25.932526 -1.209296
v -3.657924 19.830593 3.461026
v -3.688499 19.446199 4.466645
v -3.697043 19.321329 5.450686
v -3.688523 19.446203 6.434726
v -3.657973 19.830599 7.440336
v -3.098976 24.188883 11.416309
v -2.877172 25.292948 11.923292
v -2.524999 25.620497 12.254884
v -2.471757 26.563112 12.670089
v -4.006246 33.418167 12.749657
v -4.649537 33.361233 12.051537
v -4.755219 35.041451 12.049588
v -3.822595 31.825258 12.740568
v -4.475717 31.736029 12.055154
v -3.571080 30.318209 12.727850
v -4.237041 30.191631 12.061060
v -3.257237 28.923191 12.711595
v -3.937520 28.751869 12.069951
v -2.888046 27.664312 12.692116
v -3.580712 27.438341 12.081682
v -3.153177 26.247993 12.090222
v -2.982597 25.932510 12.090365
v -3.766714 45.359634 12.049967
v -3.765942 46.009003 11.870449
v -3.399480 45.755047 12.269219
v -2.870387 45.846859 12.702593
v -3.257168 44.575821 12.711584
v -3.924521 44.760723 12.061206
v -4.235902 43.306553 12.059769
v -3.571025 43.180805 12.727841
v -4.475571 41.762890 12.055037
v -3.822553 41.673748 12.740569
v -4.649509 40.137768 12.051533
v -4.006220 40.080837 12.749656
v -4.755207 38.457554 12.049586
v -4.118030 38.429829 12.755096
v -4.790678 36.749504 12.048978
v -4.155569 36.749508 12.756909
v -4.118040 35.069183 12.755098
v -3.371818 47.328388 11.891497
v -4.005804 46.806065 11.413543
v -3.783515 48.618900 10.996203
v -4.130574 49.706356 10.005814
v -4.406982 50.572102 8.937281
v -4.959642 50.375698 7.503027
v -4.607938 51.201294 7.808880
v -5.021123 50.633698 6.700824
v -4.729925 51.583206 6.639982
v -5.062760 50.810108 5.450646
v -4.770810 51.711266 5.450663
v -4.729894 51.583237 4.261340
v -5.021094 50.633701 4.215215
v -4.872013 37.188976 1.669412
v -6.873491 36.310074 1.669388
v -6.873486 37.188988 1.669388
v -4.872017 36.310062 1.669412
v -6.873491 37.188984 2.064742
v -6.815962 37.188988 2.279449
v -6.658787 37.188984 2.436627
v -6.444081 37.188984 2.494161
v -4.872022 37.188976 2.494179
v -6.873496 36.310070 2.064743
v -6.815967 36.310074 2.279449
v -6.658792 36.310070 2.436627
v -6.444086 36.310070 2.494162
v -4.872026 36.310062 2.494179
v -0.451256 36.107178 6.254180
v -0.451253 35.890404 5.938487
v 0.326647 35.890400 5.938495
v 0.326645 36.107174 6.254189
v 0.326644 36.431595 6.465127
v -0.451256 36.431599 6.465119
v 0.326645 36.814278 6.539203
v -0.451255 36.814281 6.539190
v 0.326648 37.196960 6.465131
v -0.451253 37.196964 6.465119
v -0.451245 37.521393 6.254179
v 0.326652 37.521389 6.254187
v 0.326657 37.738163 5.938495
v -0.451240 37.738167 5.938486
v 0.326662 37.814278 5.566108
v -0.451235 37.814281 5.566100
v 0.326665 37.738163 5.193721
v -0.451231 37.738163 5.193712
v 0.326668 37.521389 4.878025
v -0.451229 37.521393 4.878016
v 0.326669 37.196960 4.667086
v -0.451232 37.196964 4.667078
v 0.326668 36.814278 4.593014
v -0.451233 36.814281 4.593005
v 0.326665 36.431595 4.667086
v -0.451236 36.431599 4.667078
v 0.326661 36.107174 4.878026
v -0.451240 36.107178 4.878018
v 0.326656 35.890396 5.193721
v -0.451244 35.890400 5.193713
v 0.326652 35.814278 5.566108
v -0.451249 35.814281 5.566100
v 0.750314 27.267033 11.875061
v -0.194162 32.733044 1.503824
v -0.194174 39.269974 5.106855
v -0.194203 32.733047 5.106860
v -0.194133 39.269970 1.503823
v -0.451233 32.733047 5.106855
v -0.451192 32.733044 1.503823
v -0.451159 39.269970 1.503822
v -0.451200 39.269974 5.106854
v -0.194208 32.733044 5.530620
v -0.194219 39.269966 9.133651
v -0.194249 32.733040 9.133656
v -0.194178 39.269970 5.530619
v -0.451279 32.733040 9.133650
v -0.451238 32.733044 5.530618
v -0.451205 39.269970 5.530617
v -0.451246 39.269966 9.133649
v -1.082711 32.124249 9.633923
v -1.052254 32.277344 11.018435
v -1.052231 32.277351 9.633923
v -1.082727 32.124249 11.018438
v -1.452281 31.877323 11.018433
v -1.299189 31.907772 9.633918
v -1.452266 31.877323 9.633917
v -1.299205 31.907768 11.018434
v -1.169420 31.994476 9.633919
v -1.169435 31.994476 11.018435
v -3.132132 41.749744 9.633893
v -3.132197 31.877331 11.018414
v -3.132182 31.877335 9.633899
v -3.132144 41.749748 11.018409
v -1.452158 31.276392 -0.057691
v -3.789835 33.654274 -0.057714
v -3.789804 39.863571 -0.057716
v -3.436808 31.275475 -0.057709
v -1.452057 42.350639 -0.057692
v -3.436752 42.351601 -0.057716
v -0.451134 41.349682 -0.057681
v -0.451203 32.277313 -0.057679
v -1.452204 41.749722 9.633911
v -1.452212 41.749714 11.018427
v -1.052189 41.349689 11.018433
v -1.052173 41.349689 9.633917
v -0.528399 31.894634 11.018442
v -0.745175 31.570210 11.018440
v -1.069600 31.353439 11.018437
v -1.452284 31.276394 11.018435
v -3.436934 31.275475 11.018413
v -3.789961 33.654278 11.018405
v -3.789929 39.863575 11.018403
v -3.436874 42.351601 11.018405
v -1.452183 42.350639 11.018425
v -1.069500 42.273567 11.018432
v -1.299114 41.719242 11.018428
v -0.745080 42.056793 11.018436
v -1.169341 41.632530 11.018433
v -1.082634 41.502762 11.018433
v -0.528307 41.732368 11.018440
v -0.451261 41.349686 11.018440
v -0.451329 32.277317 11.018446
v -2.449406 35.929665 9.620386
v -2.449416 37.141361 10.765673
v -2.449419 35.929665 10.765671
v -2.449403 37.141361 9.620388
v -3.132175 35.598827 10.765665
v -3.132162 35.598827 9.620380
v -3.132150 37.141365 9.620379
v -3.132163 37.141365 10.765664
v 6.392060 43.752365 6.712362
v 6.450782 43.361229 4.203814
v 6.451163 43.358501 6.712579
v 6.392091 43.752361 4.204032
v 4.615465 49.042686 1.362529
v 4.346812 48.038082 0.393511
v 4.465909 48.077438 0.627669
v 4.739562 47.860195 0.957977
v 4.815766 49.823494 2.371963
v 4.849249 49.614201 2.333437
v 5.019403 49.265724 2.528014
v 5.504076 48.225994 3.371053
v 5.386440 46.843979 1.745631
v 6.015411 45.307175 3.010056
v 5.946134 46.662090 4.699315
v 6.005164 46.285614 5.032650
v 6.331491 44.063637 4.088421
v 6.026126 46.151882 5.330886
v 6.026124 46.151882 5.570731
v 6.331282 44.064323 6.827120
v 6.005154 46.285610 5.868972
v 6.015357 45.307175 7.891576
v 5.946117 46.662094 6.202324
v 5.504030 48.225990 7.530566
v 5.386355 46.843979 9.155993
v 4.739460 47.860195 9.943628
v 5.019337 49.265724 8.373596
v 4.615370 49.042679 9.539098
v 4.847443 49.607197 8.575951
v 4.815705 49.823479 8.529683
v 4.464054 48.070446 10.281700
v 4.346695 48.038074 10.508109
v 5.849598 26.465069 4.191726
v 5.955496 26.846128 6.700274
v 5.956264 26.848789 4.191511
v 5.849573 26.465065 6.700058
v 3.586252 20.493000 8.467587
v 3.477360 21.443254 9.494431
v 3.603890 20.834976 8.570582
v 3.815255 21.160116 8.376016
v 3.708628 22.589273 9.946068
v 4.423056 22.133020 7.532985
v 4.474556 23.519070 9.158428
v 5.286174 24.967756 7.894018
v 5.052454 23.631388 6.204740
v 5.156936 23.997868 5.871404
v 5.751482 26.163502 6.815664
v 5.194050 24.128044 5.573167
v 5.194052 24.128042 5.333322
v 5.751255 26.162844 4.076965
v 5.156946 23.997869 5.035081
v 5.286229 24.967756 3.012500
v 5.052472 23.631386 4.701730
v 4.423102 22.133022 3.373471
v 3.315665 22.675999 10.488412
v 3.493999 22.499487 10.189981
v 4.474641 23.519066 1.748073
v 3.708730 22.589266 0.960416
v 3.815322 21.160118 2.530430
v 3.477453 21.443232 1.407205
v 3.644450 20.837057 2.329164
v 3.586317 20.493008 2.433988
v 3.493610 22.529554 0.707241
v 3.315778 22.675980 0.413213
v 2.131971 26.051771 -1.549391
v 3.868802 33.638725 11.769506
v 3.242336 33.638729 11.018599
v 3.242327 33.638729 11.769499
v 3.868824 33.638721 9.821398
v 3.242372 40.879742 11.018596
v 3.868838 40.879738 11.769504
v 3.242363 40.879742 11.769496
v 3.868861 40.879734 9.821391
v 3.810808 40.355114 11.769501
v 4.437283 40.355114 11.769509
v 4.437253 34.341942 11.769512
v 3.810777 34.341942 11.769504
v 3.242325 33.638729 12.019796
v 3.810775 34.341942 12.019801
v 3.810805 40.355114 12.019798
v 3.242361 40.879742 12.019794
v 3.242454 31.118036 -0.454740
v 3.242324 31.275459 11.018600
v 3.242450 31.275454 -0.057523
v 3.242312 31.118042 12.019797
v 3.242506 42.351578 -0.057530
v 3.242378 42.595409 11.202935
v 3.242511 42.595398 -0.454745
v 3.242380 42.351582 11.018593
v 4.437275 34.341938 9.821404
v 4.437306 40.355110 9.821401
v 6.333698 36.310448 9.098155
v 4.839877 37.231922 8.735586
v 6.333703 37.231915 9.098156
v 4.839872 36.310455 8.735585
v 6.333782 37.231915 2.180792
v 4.839947 36.310455 2.180775
v 6.333777 36.310448 2.180792
v 4.839952 37.231922 2.180775
v 5.210876 41.759953 12.019813
v 3.242366 41.759960 12.019793
v 5.516162 42.595398 11.202961
v 5.516294 42.595387 -0.454719
v 3.242500 40.355110 -0.454746
v 5.516284 40.355099 -0.454721
v 3.242470 34.341938 -0.454743
v 5.516253 34.341927 -0.454717
v 4.936522 31.118029 -0.454720
v 6.998445 36.172729 4.191735
v 6.689313 35.619965 4.191731
v 6.541478 35.782761 4.191731
v 7.184550 35.922073 4.191736
v 6.998422 37.392700 6.737149
v 6.632289 37.922775 6.714661
v 6.447993 37.782688 6.728735
v 7.184530 37.643349 6.737147
v 6.689282 35.619968 6.700065
v 6.998416 36.172729 6.700065
v 6.541450 35.782753 6.700061
v 7.184522 35.922077 6.700069
v 6.632318 37.922775 4.201742
v 6.998450 37.392693 4.179266
v 6.448022 37.782677 4.187668
v 7.184559 37.643345 4.179265
v 5.774617 37.392704 6.737134
v 5.518497 37.782688 6.725514
v 5.774610 36.172737 6.700053
v 5.518487 35.782757 6.700051
v 5.774640 36.172733 4.191720
v 5.518516 35.782753 4.191717
v 5.774646 37.392700 4.179251
v 5.518523 37.782677 4.190863
v 6.682199 31.313955 6.680291
v 6.682225 31.313953 4.211504
v 7.059166 31.118019 4.179268
v 6.480681 31.118029 9.207867
v 7.059141 31.118019 6.737151
v 6.480766 31.118023 1.708536
v 5.424011 31.118032 11.423047
v 5.424147 31.118027 -0.506667
v 4.693698 31.118036 12.388042
v 4.692105 31.118029 -1.529667
v 3.722076 31.118034 -1.805971
v 3.717556 31.118040 12.717657
v 3.604084 30.310356 -1.805973
v 3.599564 30.310362 12.717653
v 3.682482 42.594147 12.740692
v 3.575886 43.323658 -1.839090
v 3.682648 42.594135 -1.839092
v 3.575720 43.323666 12.740700
v 5.062428 51.345394 2.964164
v 4.399437 50.572075 1.964203
v 4.600394 51.201298 3.092598
v 4.841705 50.710011 1.774177
v 4.123020 49.706318 0.895663
v 4.538016 49.835743 0.647143
v 3.775949 48.618858 -0.094722
v 4.156570 48.737572 -0.397655
v 3.364241 47.328354 -0.990027
v 3.703918 47.434280 -1.342338
v 3.180631 45.945957 -2.176991
v 2.862793 45.846832 -1.801120
v 3.180459 45.945965 13.078512
v 3.364094 47.328354 11.891619
v 2.862627 45.846836 12.702705
v 3.703764 47.434296 12.243871
v 4.156437 48.737576 11.299195
v 3.775822 48.618862 10.996335
v 4.537904 49.835747 10.254401
v 4.122918 49.706322 10.005954
v 4.399356 50.572063 8.937422
v 4.841621 50.710003 9.127378
v 4.600344 51.201252 7.809030
v 5.062373 51.345383 7.937394
v 4.722360 51.583160 6.640133
v 5.196366 51.731022 6.704825
v 4.763274 51.711220 5.450818
v 5.241294 51.860306 5.450776
v 4.722384 51.583191 4.261490
v 5.196392 51.731026 4.196732
v 4.174083 31.772175 -2.185644
v 3.563333 30.318165 -1.826355
v 3.814862 31.825218 -1.839083
v 3.909493 30.246920 -2.182724
v 3.249474 28.923138 -1.810101
v 3.577615 28.833364 -2.178987
v 2.880269 27.664270 -1.790626
v 3.184496 27.555779 -2.174508
v 2.463971 26.563097 -1.768605
v 2.737311 26.436029 -2.169440
v 2.237858 25.490551 -2.166912
v 1.981766 25.626852 -1.757071
v 3.249561 44.575802 -1.810103
v 3.577700 44.665577 -2.178992
v 3.909564 43.252033 -2.182726
v 3.563403 43.180782 -1.826357
v 4.174139 41.726734 -2.185649
v 3.814919 41.673702 -1.839087
v 4.366616 40.115932 -2.187733
v 3.998567 40.080788 -1.848171
v 4.483510 38.447285 -2.188978
v 4.110361 38.429779 -1.853612
v 4.522697 36.749451 -2.189396
v 4.147882 36.749454 -1.855423
v 4.110339 35.069134 -1.853610
v 4.483487 35.051617 -2.188980
v 3.998528 33.418118 -1.848170
v 4.366576 33.382961 -2.187732
v 2.327971 23.816645 -0.941896
v 2.605931 23.668703 -1.331307
v 2.601308 22.245251 -0.040639
v 2.921890 22.074625 -0.385232
v 2.827633 20.923311 0.950539
v 3.187191 20.731939 0.659766
v 3.004562 19.872635 2.013595
v 3.397635 19.663427 1.785558
v 3.130987 19.110189 3.130082
v 3.550068 18.887140 2.972810
v 3.206700 18.647980 4.281746
v 3.642344 18.416111 4.201409
v 3.231886 18.493126 5.450815
v 3.673225 18.258223 5.450781
v 3.642317 18.416115 6.700147
v 3.206673 18.647982 6.619877
v 3.550015 18.887140 7.928747
v 3.130937 19.110193 7.771540
v 3.397552 19.663429 9.115993
v 3.004486 19.872637 8.888021
v 3.187078 20.731939 10.241779
v 2.827528 20.923319 9.951075
v 2.921756 22.074636 11.286772
v 2.601181 22.245270 10.942246
v 2.605776 23.668716 12.232840
v 2.327823 23.816656 11.843493
v 2.237683 25.490540 13.068420
v 1.981598 25.626841 12.658652
v 4.483336 38.447296 13.090539
v 3.998403 40.080799 12.749795
v 4.110197 38.429783 12.755236
v 4.366443 40.115952 13.089287
v 3.814753 41.673710 12.740701
v 4.173965 41.726753 13.087200
v 3.563238 43.180775 12.727967
v 3.909389 43.252022 13.084269
v 3.249397 44.575790 12.711702
v 3.577525 44.665565 13.080528
v 2.463807 26.563086 12.670188
v 2.737137 26.436022 13.070958
v 3.184325 27.555786 13.076042
v 2.880105 27.664278 12.692225
v 3.577440 28.833384 13.080531
v 3.249308 28.923159 12.711717
v 3.909319 30.246933 13.084274
v 3.563166 30.318169 12.727974
v 4.173910 31.772190 13.087199
v 3.814695 31.825220 12.740700
v 4.366404 33.382980 13.089291
v 3.998362 33.418121 12.749792
v 4.483314 35.051636 13.090541
v 4.110171 35.069138 12.755234
v 4.522526 36.749458 13.090953
v 4.147718 36.749462 12.757051
v 3.680804 19.446159 4.466749
v 3.650255 19.830551 3.461131
v 3.091170 24.188848 -0.514821
v 4.782993 36.749451 -1.147492
v 4.747515 35.041397 -1.148105
v 4.641820 33.361172 -1.150046
v 4.467983 31.735981 -1.153666
v 4.229432 30.191584 -1.159592
v 3.929755 28.751802 -1.168461
v 3.572930 27.438288 -1.180195
v 3.145391 26.247978 -1.188740
v 3.998220 46.806030 -0.512070
v 3.749339 46.009739 -0.958452
v 3.383272 45.755058 -1.358796
v 3.750683 45.360905 -1.139645
v 3.916917 44.760700 -1.159722
v 4.228282 43.306530 -1.158292
v 4.467937 41.762848 -1.153558
v 4.641858 40.137714 -1.150047
v 4.747544 38.457508 -1.148099
v 2.517048 25.620470 12.254989
v 2.869225 25.292917 11.923401
v 3.091029 24.188852 11.416426
v 3.650214 19.830559 7.440441
v 3.680781 19.446163 6.434830
v 3.689322 19.321289 5.450792
v 4.864413 36.310009 1.669564
v 4.864409 37.188923 2.494332
v 4.864418 37.188923 1.669563
v 4.864404 36.310009 2.494332
v 6.865887 36.309998 1.669588
v 6.865891 37.188911 1.669588
v 6.436469 37.188915 2.494349
v 6.436464 36.310001 2.494350
v 6.651175 37.188915 2.436825
v 6.651171 36.310001 2.436825
v 6.808354 37.188911 2.279649
v 6.808350 36.309998 2.279649
v 6.865887 37.188908 2.064943
v 6.865882 36.309994 2.064943
v -0.315208 37.814281 5.566100
v 0.441755 37.738163 5.948791
v 0.441759 37.814278 5.566109
v -0.315212 37.738167 5.948782
v 0.441749 37.521389 6.273215
v -0.315218 37.521393 6.273203
v -0.315222 37.196964 6.489980
v 0.441748 37.196960 6.489988
v 0.441746 36.814281 6.566108
v -0.315224 36.814285 6.566100
v 0.441745 36.431595 6.489988
v -0.315225 36.431599 6.489980
v 0.441745 36.107174 6.273217
v -0.315224 36.107178 6.273209
v 0.441748 35.890400 5.948792
v -0.315222 35.890404 5.948783
v 0.441752 35.814278 5.566109
v -0.315218 35.814281 5.566100
v 0.441757 35.890396 5.183426
v -0.315213 35.890400 5.183417
v 0.441762 36.107174 4.859002
v -0.315208 36.107178 4.858994
v 0.441765 36.431595 4.642229
v -0.315205 36.431599 4.642220
v 0.441767 36.814278 4.566108
v -0.315202 36.814281 4.566100
v -0.315201 37.196964 4.642220
v 0.441769 37.196960 4.642229
v 0.441765 37.521389 4.859000
v -0.315202 37.521393 4.858992
v 0.441763 37.738159 5.183425
v -0.315204 37.738163 5.183417
v 0.186157 32.733040 1.503829
v 0.186152 39.269970 5.106861
v 0.186193 39.269966 1.503824
v 0.186116 32.733044 5.106862
v 0.443147 32.733044 5.106868
v 0.443188 32.733040 1.503831
v 0.443221 39.269966 1.503830
v 0.443180 39.269970 5.106863
v 0.186111 32.733040 5.530625
v 0.186107 39.269962 9.133655
v 0.186148 39.269966 5.530621
v 0.186070 32.733036 9.133656
v 0.443101 32.733036 9.133657
v 0.443142 32.733040 5.530627
v 0.443175 39.269966 5.530622
v 0.443134 39.269962 9.133657
v 1.044029 32.277332 11.018459
v 1.074517 32.124237 9.633945
v 1.044038 32.277340 9.633942
v 1.074501 32.124237 11.018459
v 1.444049 31.276386 11.018467
v 1.061492 31.353430 -0.057663
v 1.444174 31.276382 -0.057659
v 1.061366 31.353432 11.018460
v 0.737068 31.570206 -0.057668
v 0.736943 31.570210 11.018459
v 0.520296 31.894630 -0.057670
v 0.520170 31.894634 11.018455
v 0.443230 32.277309 -0.057671
v 0.443103 32.277313 11.018452
v 0.443126 41.349689 11.018450
v 0.520303 41.732368 -0.057671
v 0.443252 41.349686 -0.057673
v 0.520178 41.732372 11.018451
v 0.737079 42.056789 -0.057669
v 0.736953 42.056793 11.018454
v 1.061500 42.273560 -0.057666
v 1.061375 42.273563 11.018456
v 1.444184 42.350632 -0.057659
v 1.444058 42.350636 11.018459
v 1.044070 41.349686 9.633940
v 1.074501 41.502758 11.018457
v 1.044056 41.349686 11.018457
v 1.074517 41.502758 9.633940
v 1.161210 41.632526 11.018459
v 1.161226 41.632526 9.633942
v 1.290983 41.719238 11.018460
v 1.290999 41.719238 9.633943
v 1.444082 41.749710 11.018461
v 1.444105 41.749718 9.633944
v 3.123983 31.877308 9.633965
v 3.124013 41.749718 11.018479
v 3.124033 41.749718 9.633962
v 3.123968 31.877308 11.018487
v -5.224393 37.192455 3.098789
v -6.731249 37.192459 1.457438
v -6.731267 37.192463 3.098772
v -5.224370 37.192451 0.957456
v -6.731244 37.192459 0.957439
v -6.874771 37.192467 1.296366
v -5.224398 36.310238 3.098788
v -6.731272 36.310246 3.098771
v 2.668154 34.362530 9.063049
v 3.028125 33.890686 9.063054
v 3.028128 34.532661 9.063052
v 2.589949 34.209042 9.063048
v 2.786494 33.649059 9.063052
v 2.468143 34.087238 9.063046
v 2.314657 34.009029 9.063046
v 2.482024 33.493923 9.063049
v 2.144519 33.982086 9.063041
v 2.144516 33.440468 9.063043
v 1.807010 33.493927 9.063037
v 1.974381 34.009033 9.063040
v 1.502539 33.649063 9.063036
v 1.820897 34.087242 9.063039
v 1.699091 34.209045 9.063039
v 1.260912 33.890697 9.063035
v 1.620888 34.362534 9.063039
v 1.260916 34.532673 9.063033
v 1.593942 34.532669 9.063040
v 1.620890 34.702805 9.063037
v 1.260920 35.174648 9.063031
v 1.699095 34.856293 9.063037
v 1.502548 35.416275 9.063034
v 1.820901 34.978096 9.063039
v 1.974386 35.056305 9.063040
v 1.807020 35.571411 9.063037
v 2.144525 35.083252 9.063045
v 2.144527 35.624870 9.063039
v 2.482035 35.571407 9.063046
v 2.314663 35.056301 9.063046
v 2.786504 35.416271 9.063050
v 2.468147 34.978092 9.063046
v 2.589952 34.856289 9.063046
v 3.028131 35.174637 9.063050
v 2.668156 34.702801 9.063047
v 2.695102 34.532665 9.063046
v 1.260935 33.890690 7.077136
v 1.502562 33.649055 7.077140
v 1.807033 33.493919 7.077145
v 2.144539 33.440460 7.077147
v 2.482047 33.493916 7.077149
v 2.786517 33.649052 7.077156
v 3.028148 33.890678 7.077158
v 3.028151 34.532654 7.077157
v 3.028154 35.174629 7.077158
v 1.587845 34.937191 -0.388554
v 1.456319 34.532665 7.074259
v 1.587760 34.937191 7.074261
v 1.456404 34.532665 -0.388557
v 1.587757 34.128139 7.074263
v 1.587841 34.128139 -0.388554
v 1.931954 33.878124 -0.388552
v 1.931869 33.878124 7.074264
v 2.357215 33.878120 7.074271
v 2.357300 33.878120 -0.388546
v 2.701329 34.128136 7.074274
v 2.701414 34.128136 -0.388543
v 2.832770 34.532661 7.074275
v 2.832854 34.532661 -0.388540
v 2.701332 34.937187 7.074272
v 2.701417 34.937187 -0.388543
v 2.357221 35.187202 7.074271
v 2.357306 35.187202 -0.388548
v 1.931875 35.187206 7.074264
v 1.931959 35.187206 -0.388551
v 6.720963 36.307777 1.521379
v 6.864492 37.189995 1.360308
v 6.720967 37.189995 1.521379
v 6.864488 36.307777 1.360308
v 6.720943 36.307781 3.162712
v 6.720948 37.189999 3.162712
v 6.720973 37.189999 1.021379
v 6.720968 36.307781 1.021379
v 5.214099 37.190006 1.021362
v 5.214094 36.307789 1.021362
v 5.214074 37.190006 3.162695
v 5.214069 36.307789 3.162694
v -3.250045 34.341976 -0.454859
v -3.250050 34.341980 -0.057643
v -3.250019 40.355145 -0.057646
v -3.250015 40.355141 -0.454862
v -3.250138 41.759991 11.018473
v -4.847595 37.231979 5.458030
v 1.444051 31.877312 11.018465
v 1.444067 31.877312 9.633947
v -5.761743 31.118082 5.458019
v -4.638999 31.118082 12.019663
v -5.761784 31.118090 9.097978
v -4.944130 31.118078 -0.454877
v -5.761704 31.118084 2.180616
v 3.428750 42.351574 11.018483
v 3.428879 42.351574 -0.057639
v 3.428824 31.275446 -0.057633
v 3.428698 31.275448 11.018491
v 2.441250 35.929638 9.620438
v 2.441247 37.141335 10.765726
v 2.441260 37.141335 9.620440
v 2.441237 35.929638 10.765724
v 3.123990 35.598793 10.765736
v 3.124003 35.598793 9.620449
v 3.124007 37.141331 9.620448
v 3.123994 37.141331 10.765735
v -3.035769 38.593452 5.460110
v -3.035771 37.951477 5.460108
v -3.035819 37.951473 9.681044
v -3.035816 38.593449 9.681042
v -3.035808 40.222828 9.681042
v -3.035760 40.222832 5.460109
v 2.678317 38.419678 9.681105
v 3.028148 37.951130 9.681108
v 3.028151 38.593105 9.681107
v 2.598598 38.263218 9.681103
v 2.474433 38.139057 9.681102
v 2.786518 37.709496 9.681107
v 2.482047 37.554367 9.681105
v 2.317976 38.059338 9.681100
v 2.144540 37.500919 9.681097
v 2.144542 38.031876 9.681099
v 1.971110 38.059341 9.681094
v 1.807032 37.554371 9.681096
v 1.814654 38.139061 9.681094
v 1.502562 37.709499 9.681090
v 1.260934 37.951141 9.681089
v 1.690490 38.263226 9.681093
v 1.610770 38.419678 9.681090
v 1.260939 38.593117 9.681087
v 1.583302 38.593113 9.681090
v 1.610773 38.766548 9.681091
v 1.260947 40.222504 9.681087
v 1.690493 38.923008 9.681091
v 1.814659 39.047169 9.681093
v 1.502576 40.464130 9.681090
v 1.971115 39.126884 9.681094
v 1.807048 40.619267 9.681092
v 2.144547 39.154354 9.681095
v 2.144555 40.672729 9.681098
v 2.482063 40.619267 9.681101
v 2.317981 39.126881 9.681096
v 2.786532 40.464130 9.681107
v 2.474438 39.047165 9.681101
v 3.028159 40.222492 9.681107
v 2.598601 38.923004 9.681101
v 2.678320 38.766544 9.681106
v 2.705787 38.593109 9.681105
v -5.523788 42.595440 -0.454891
v -5.523798 40.355152 -0.454888
v -5.523829 34.341988 -0.454885
v 1.260983 37.951145 5.460154
v 1.502610 37.709503 5.460158
v 1.807080 37.554375 5.460163
v 2.144588 37.500923 5.460166
v 2.482095 37.554371 5.460168
v 2.786566 37.709499 5.460174
v 3.028195 37.951134 5.460176
v 3.028198 38.593109 5.460175
v 3.028207 40.222496 5.460173
v 1.260987 38.593121 5.460155
v 1.260995 40.222507 5.460154
v -1.595230 34.937229 -0.260012
v -1.939427 35.187244 7.202796
v -1.595315 34.937229 7.202800
v -1.939343 35.187244 -0.260017
v -2.364774 35.187248 7.202793
v -2.364689 35.187248 -0.260024
v -2.708887 34.937233 7.202790
v -2.708802 34.937233 -0.260027
v -2.840244 34.532707 -0.260029
v -2.840328 34.532707 7.202788
v -2.708892 34.128181 7.202788
v -2.708807 34.128181 -0.260026
v -2.364779 33.878166 7.202793
v -2.364695 33.878166 -0.260021
v -1.939433 33.878162 7.202799
v -1.939348 33.878162 -0.260019
v -1.595320 34.128178 7.202802
v -1.595235 34.128178 -0.260012
v -1.463879 34.532700 7.202804
v -1.463794 34.532700 -0.260013
v -2.152019 34.532703 -0.260021
v -1.628492 34.702843 9.191579
v -1.706695 34.856331 9.191579
v -1.601546 34.532707 9.191578
v -1.628494 34.362572 9.191577
v -1.706699 34.209084 9.191577
v -1.828505 34.087280 9.191575
v -1.981990 34.009071 9.191574
v -2.152128 33.982124 9.191573
v -2.322267 34.009075 9.191572
v -2.475750 34.087284 9.191571
v -2.597556 34.209087 9.191567
v -2.675760 34.362576 9.191566
v -2.702706 34.532711 9.191567
v -2.675758 34.702847 9.191568
v -2.597553 34.856335 9.191566
v -2.475746 34.978138 9.191571
v -2.322261 35.056347 9.191572
v -2.152123 35.083290 9.191573
v -1.981984 35.056343 9.191574
v -1.828501 34.978134 9.191579
v -6.341398 42.595451 5.458010
v -6.341360 42.595448 2.180604
v -6.341438 42.595448 9.097964
v -6.731254 36.310242 1.457438
v -6.874775 36.310249 1.296366
v -6.731248 36.310242 0.957439
v -5.224374 36.310234 0.957456
v 4.747390 38.457500 12.049743
v 4.782844 36.749451 12.049130
v 4.641708 40.137722 12.051687
v 4.467786 41.762852 12.055189
v 4.228133 43.306515 12.059910
v 3.916768 44.760685 12.061339
v 3.758965 45.359596 12.050095
v 3.391732 45.755016 12.269343
v 3.758204 46.008965 11.870577
v 3.998083 46.806026 11.413682
v 4.952047 50.375652 7.503185
v 5.013548 50.633652 6.700982
v 5.055213 50.810059 5.450805
v 5.013576 50.633656 4.215373
v 4.952060 50.375706 3.398462
v -5.218697 34.341991 12.019652
v -5.218667 40.355156 12.019650
v 2.974656 25.932480 12.090480
v 3.145239 26.247963 12.090339
v 3.572785 27.438299 12.081808
v 3.929606 28.751831 12.070088
v 4.229141 30.191589 12.061201
v 4.467831 31.735985 12.055303
v 4.641669 33.361179 12.051687
v 4.747369 35.041397 12.049741
v -4.566791 30.310404 12.401978
v -4.570245 30.310396 -1.538146
v -5.314025 30.310402 -0.506833
v -5.314161 30.310408 11.422881
v -6.370693 30.310410 1.708350
v -6.370782 30.310415 9.207678
v -6.488507 31.118093 9.207676
v -6.488422 31.118088 1.708349
v -5.431888 31.118086 11.422879
v -5.431752 31.118080 -0.506834
v -4.701597 31.118082 12.387892
v -4.699688 31.118076 -1.529816
v -1.023012 25.540819 4.385197
v 0.000004 23.887743 4.385208
v 1.023036 25.540806 4.385208
v 0.743281 25.540808 4.385206
v 0.390772 25.540810 4.385204
v 0.000010 25.540812 4.385202
v -0.390748 25.540815 4.385201
v -0.743259 25.540815 4.385197
v -2.152128 38.593445 2.346994
v -2.324757 39.124496 9.681048
v -2.480413 39.045181 9.681046
v -2.152207 39.151814 9.681049
v -1.979659 39.124489 9.681050
v -1.824001 39.045177 9.681055
v -1.700471 38.921650 9.681055
v -1.621161 38.765991 9.681059
v -1.593833 38.593441 9.681058
v -1.621161 38.420895 9.681058
v -1.700474 38.265236 9.681057
v -1.824006 38.141705 9.681056
v -1.979664 38.062393 9.681054
v -2.152213 38.035065 9.681053
v -2.324761 38.062397 9.681048
v -2.480418 38.141708 9.681047
v -2.603949 38.265240 9.681047
v -2.683261 38.420895 9.681044
v -2.710588 38.593445 9.681044
v -2.683259 38.765995 9.681045
v -2.603946 38.921654 9.681046
v -5.069912 51.345440 2.964028
v -4.849166 50.710052 1.774044
v -4.545461 49.835785 0.647014
v -4.164002 48.737606 -0.397772
v -3.711342 47.434311 -1.342445
v -3.188052 45.945984 -2.177088
v -3.188226 45.945992 13.078415
v -3.711495 47.434322 12.243766
v -4.164134 48.737610 11.299081
v -4.545568 49.835789 10.254283
v -4.849250 50.710045 9.127251
v -5.069969 51.345421 7.937261
v -5.203929 51.731064 6.704684
v -5.248829 51.860352 5.450637
v -5.203899 51.731071 4.196595
v -1.268497 34.532700 7.205686
v -2.152103 34.532703 7.205677
v -1.268494 35.174675 7.205684
v -1.510122 35.416309 7.205683
v -1.814590 35.571445 7.205679
v -2.152098 35.624905 7.205673
v -2.489605 35.571449 7.205670
v -2.794076 35.416313 7.205667
v -3.035707 35.174686 7.205665
v -3.035709 34.532711 7.205667
v -3.035712 33.890736 7.205669
v -2.794086 33.649101 7.205668
v -2.489615 33.493965 7.205669
v -2.152109 33.440502 7.205676
v -1.814601 33.493961 7.205682
v -1.510132 33.649097 7.205685
v -1.268500 33.890724 7.205688
v -4.181644 31.772215 -2.185762
v -3.917070 30.246958 -2.182833
v -3.585207 28.833401 -2.179093
v -3.192101 27.555815 -2.174603
v -2.744926 26.436054 -2.169522
v -3.585134 44.665604 -2.179094
v -3.917011 43.252071 -2.182836
v -4.181601 41.726772 -2.185766
v -4.374095 40.115967 -2.187856
v -4.491004 38.447327 -2.189103
v -4.530210 36.749500 -2.189518
v -4.491015 35.051662 -2.189105
v -4.374123 33.383007 -2.187852
v -1.268520 34.532703 9.191581
v -1.268516 35.174679 9.191579
v -1.268522 33.890728 9.191583
v -4.491177 38.447342 13.090413
v -4.374268 40.115990 13.089167
v -4.181775 41.726788 13.087082
v -3.917184 43.252056 13.084158
v -3.585307 44.665596 13.080421
v -2.745098 26.436049 13.070874
v -3.192277 27.555824 13.075949
v -3.585378 28.833420 13.080426
v -3.917242 30.246967 13.084162
v -4.181818 31.772232 13.087079
v -4.374296 33.383026 13.089170
v -4.491189 35.051682 13.090419
v -4.530384 36.749512 13.090831
v -3.035729 35.174690 9.191560
v -2.794098 35.416317 9.191562
v -2.489627 35.571453 9.191565
v -2.152120 35.624908 9.191571
v -1.814613 35.571449 9.191573
v -1.510144 35.416313 9.191578
v 0.326657 36.814278 5.566108
v -3.035732 34.532715 9.191562
v -3.035734 33.890739 9.191560
v -0.745049 31.570208 -0.057683
v -0.528273 31.894632 -0.057681
v -1.069474 31.353436 -0.057686
v -2.794108 33.649105 9.191564
v -2.489638 33.493969 9.191565
v -2.152131 33.440506 9.191571
v -1.814623 33.493965 9.191573
v -1.510154 33.649101 9.191580
v -0.744954 42.056793 -0.057684
v -1.069374 42.273563 -0.057689
v -0.528181 41.732365 -0.057680
v -2.597553 34.856335 9.191566
v 2.786579 40.464130 5.460172
v 2.482110 40.619267 5.460167
v 2.144603 40.672729 5.460163
v 1.807096 40.619270 5.460158
v 1.502624 40.464134 5.460156
v -1.299098 41.719242 9.633916
v -1.169325 41.632530 9.633917
v -1.082618 41.502762 9.633917
v 3.242496 40.355114 -0.057526
v 3.242465 34.341942 -0.057527
v 2.144627 38.593117 2.347036
v -1.268604 38.593437 9.681061
v -1.268548 40.222820 5.460127
v -1.268597 40.222820 9.681061
v -1.268556 38.593441 5.460128
v -1.268606 37.951462 9.681063
v -1.268558 37.951466 5.460130
v -1.510176 40.464455 5.460127
v -1.510224 40.464451 9.681060
v -1.814645 40.619591 5.460122
v -1.814693 40.619591 9.681054
v -2.152152 40.673050 5.460116
v -2.152200 40.673046 9.681052
v -2.489707 40.619591 9.681046
v -2.489659 40.619595 5.460114
v -2.794131 40.464458 5.460111
v -2.794179 40.464455 9.681044
v -2.794145 37.709839 5.460112
v -2.794192 37.709831 9.681044
v -2.489722 37.554699 9.681049
v -2.489675 37.554707 5.460117
v -2.152167 37.501251 5.460119
v -2.152215 37.501247 9.681055
v -1.814660 37.554703 5.460122
v -1.814709 37.554703 9.681058
v -1.510189 37.709831 5.460128
v -1.510237 37.709831 9.681060
v 3.242377 41.759960 11.018595
v 3.781748 33.654236 11.018491
v 3.781780 39.863533 11.018489
v 1.161208 31.994469 11.018463
v 1.290976 31.907757 11.018466
v 3.781874 33.654232 -0.057629
v 3.781906 39.863529 -0.057635
v 6.333744 37.231918 5.458200
v 4.839914 37.231926 5.458183
v 6.333739 36.310452 5.458199
v 4.839909 36.310459 5.458182
v 6.333798 40.355103 2.180793
v 6.333754 39.348907 5.458200
v 6.333719 40.355099 9.098157
v 6.333729 34.341930 5.458200
v 6.333688 34.341927 9.098156
v 6.333767 34.341927 2.180792
v 5.753999 31.118025 5.458195
v 5.754037 31.118027 2.180787
v 4.631108 31.118038 12.019814
v 5.753958 31.118032 9.098151
v -0.570473 54.662342 1.071634
v 0.570769 39.931904 -3.184183
v -0.570525 39.931911 -3.184186
v 0.570821 54.662334 1.071638
v -0.570482 57.176586 5.450619
v 0.570812 57.176579 5.450626
v -0.570517 54.662384 10.060411
v 0.570777 54.662376 10.060419
v -0.570612 39.931988 14.316359
v 0.570682 39.931980 14.316366
v 6.333770 42.595390 5.458197
v 6.333729 42.595387 9.098153
v 6.333808 42.595387 2.180790
v 5.210870 40.355110 12.019815
v 5.210839 34.341938 12.019818
v 2.144629 34.532665 -0.388548
v 1.260939 34.532665 7.077137
v 1.260942 35.174641 7.077136
v 2.144545 34.532661 7.077147
v 1.502571 35.416267 7.077138
v 1.807043 35.571404 7.077142
v 2.144551 35.624863 7.077147
v 2.482058 35.571400 7.077150
v 2.786527 35.416264 7.077155
v 6.620766 42.228416 4.203192
v 6.620735 42.228420 6.713204
v 6.362948 30.310350 9.207867
v 6.941433 30.310345 4.179269
v 6.941407 30.310343 6.737152
v 6.363029 30.310345 1.708536
v 5.306276 30.310354 11.423047
v 5.306412 30.310349 -0.506669
v 4.558884 30.310358 12.402122
v 4.562654 30.310350 -1.538000
v 4.657017 42.594124 -1.544805
v 4.629430 42.594135 12.469473
v 5.397003 42.594131 11.423041
v 5.397139 42.594120 -0.506673
v 6.453758 42.594128 1.708531
v 6.453673 42.594128 9.207861
v 7.032164 42.594124 4.179264
v 7.032135 42.594128 6.737146
v 6.925802 43.323647 6.737144
v 6.925831 43.323643 4.179262
v 6.347423 43.323647 1.708529
v 6.347338 43.323647 9.207861
v 5.290671 43.323650 11.423041
v 5.290807 43.323643 -0.506674
v 4.522668 43.323654 12.469477
v 4.542050 43.323647 -1.555213
v 1.290992 31.907761 9.633946
v 1.161224 31.994473 9.633945
v -0.315213 36.814281 5.566100
v 2.316769 45.937908 -1.863794
v 2.773983 44.700291 -2.160116
v 2.437223 45.813385 -1.767111
v 4.136560 43.872341 7.527512
v 3.060342 43.002380 7.527512
v 3.998767 43.002377 7.527515
v 3.244067 44.162338 7.527508
v 4.136577 43.872318 3.924478
v 3.998785 43.002357 3.924481
v 1.884529 38.935074 7.922359
v 2.582554 34.226700 8.755888
v 1.884506 34.226700 7.922382
v 2.582579 39.208054 8.755865
v 2.582540 34.226711 11.649282
v 2.582564 39.208065 11.649260
v -2.645837 34.226723 8.755861
v -2.645828 39.208088 11.649233
v -2.645812 39.208076 8.755838
v -2.645853 34.226734 11.649256
v -1.884405 38.935089 7.922344
v -1.884429 34.226715 7.922363
v 2.478280 39.503860 8.755861
v 1.580030 39.230881 7.922359
v -2.478157 39.503883 8.755838
v -1.579903 39.230896 7.922344
v -0.139174 34.453789 13.511782
v 0.139172 34.189121 13.511786
v 0.139173 34.453804 13.511786
v -0.139175 34.189121 13.511782
v -0.139132 40.482128 13.135092
v 0.139196 40.482128 13.135092
v -3.058510 33.604706 -1.480020
v -2.662476 34.226696 2.930348
v -2.662454 34.226677 -1.545297
v -3.058533 33.628540 3.112870
v -2.662526 34.226742 12.935045
v -3.058582 33.601353 12.935045
v 2.993041 31.566490 3.777368
v -3.056278 31.566496 -1.253971
v 2.993066 31.566465 -1.253940
v -3.056304 31.566521 3.777337
v -2.619598 28.912144 4.552032
v 2.556301 28.912117 4.552059
v 2.992995 31.566530 12.935083
v 2.556259 28.912155 12.935095
v -3.056349 31.566561 12.935053
v -2.619640 28.912182 12.935068
v 0.155974 34.493469 13.472303
v -0.155965 34.493462 13.472300
v -0.204989 38.996880 13.462099
v 0.205053 38.996880 13.462099
v -1.800368 29.039032 2.476262
v -1.785785 32.404613 2.893468
v -1.785802 29.039034 2.893483
v -1.800351 32.404613 2.476247
v -1.785732 43.037090 2.893422
v -1.800298 43.037090 2.476201
v -3.908750 43.037102 2.549821
v -3.894237 32.404625 2.967088
v -3.894184 43.037102 2.967042
v -3.908803 32.404625 2.549867
v -3.135742 29.039038 2.549888
v -3.121175 29.039040 2.967107
v -4.490617 30.604103 2.987920
v -4.490608 32.404629 2.987912
v -3.454584 38.332783 -0.004553
v -3.218866 38.332779 -0.016913
v -3.218863 38.582779 -0.266916
v -3.579527 38.582783 -0.253416
v -3.928185 38.582783 0.103532
v -3.677981 38.332783 0.226839
v -3.678025 38.332779 9.112604
v -3.928231 38.582783 9.235907
v -3.454631 38.332783 9.344000
v -3.579576 38.582783 9.592867
v -2.319643 38.582775 9.606367
v -2.319646 38.332775 9.856371
v -3.704526 38.332783 9.841730
v -3.579579 38.082783 9.592867
v -4.178432 38.332783 9.359213
v -3.928233 38.082783 9.235914
v -3.928187 38.082783 0.103540
v -3.579530 38.082783 -0.253416
v -4.178392 38.332783 -0.019778
v -3.704474 38.332779 -0.502291
v -2.319643 38.332775 9.356371
v -2.319646 38.082775 9.606367
v -3.218863 38.332775 -0.516916
v -3.218866 38.082779 -0.266913
v -2.319597 38.332775 -0.016913
v -2.319597 38.082775 -0.266913
v -2.319594 38.332771 -0.516913
v -2.319594 38.582771 -0.266913
v -3.531548 48.818005 2.730447
v -3.470087 48.915401 2.729951
v -3.504972 48.936611 2.828355
v -3.585744 48.725185 2.633157
v -3.550950 48.696720 2.730462
v -3.566259 48.846470 2.633149
v -3.504580 48.943653 2.632646
v -2.151923 50.373531 2.624276
v -2.113517 50.356678 2.721734
v -2.073828 50.493046 2.623612
v -2.035707 50.476475 2.721086
v -2.007044 50.615002 2.721101
v -2.073322 50.488918 2.819367
v -2.044728 50.627438 2.819375
v -2.164624 50.523090 2.860887
v -2.136220 50.661617 2.860887
v -2.256157 50.558956 2.821328
v -2.227957 50.697475 2.821321
v -2.294278 50.575527 2.723855
v -2.266171 50.714054 2.723840
v -2.228482 50.701618 2.625550
v -2.335412 50.440540 2.822053
v -2.373828 50.457401 2.724595
v -2.243244 50.404064 2.861573
v -2.151346 50.369335 2.820024
v -2.256660 50.563091 2.625566
v -2.335987 50.444752 2.626290
v -3.672056 49.063107 2.635301
v -3.706947 49.084309 2.733720
v -3.672461 49.056057 2.831025
v -3.588799 48.994884 2.870217
v -3.588236 49.004841 2.593438
v -2.244063 50.410000 2.584741
v -3.734672 48.966808 2.635858
v -3.769734 48.988178 2.734284
v -3.735022 48.959713 2.831574
v -3.650877 48.898075 2.870744
v -3.566596 48.839375 2.828858
v -3.670509 48.776791 2.870751
v -3.586061 48.718090 2.828866
v -3.669437 38.295902 2.870851
v -3.571802 38.295902 2.829659
v -3.650392 48.908108 2.593972
v -3.768875 38.295902 2.635137
v -3.670052 48.786816 2.593972
v -3.671240 38.295902 2.593949
v -3.754498 48.845524 2.635842
v -3.789619 48.866894 2.734277
v -3.754827 48.838421 2.831567
v -3.808794 38.295902 2.733300
v -3.767599 38.295898 2.830937
v -3.531898 38.295902 2.731500
v -3.573079 38.295902 2.633866
v -2.165341 50.528919 2.584046
v -2.045256 50.631573 2.623620
v -2.049626 55.354107 2.623910
v -2.008437 55.354107 2.721543
v -2.136971 50.667446 2.584039
v -2.147787 55.354099 2.584001
v -2.048357 55.354107 2.819703
v -2.145992 55.354115 2.860902
v -2.244153 55.354107 2.820985
v -2.285341 55.354107 2.723344
v -2.245422 55.354107 2.625184
v -2.766781 35.896828 7.223232
v -2.769547 36.129845 7.001549
v -2.945994 36.092331 6.928158
v -2.942783 35.822269 7.186264
v -2.809189 41.311783 7.028473
v -2.986035 41.310703 6.955269
v -2.986415 41.314884 6.601017
v -2.944434 35.920563 6.573044
v -2.939098 35.471649 7.006973
v -2.595950 36.382965 6.558773
v -2.632882 41.318768 6.600693
v -2.590901 35.924446 6.572712
v -2.585564 35.475536 7.006645
v -2.929856 35.391422 12.456251
v -2.933736 35.744946 12.458860
v -2.757777 35.820103 12.459238
v -2.576323 35.395306 12.455931
v 0.649745 40.187103 3.924490
v 1.127735 40.324894 7.527532
v 1.127777 40.324898 3.924499
v 0.651141 40.187096 7.527527
v 0.558626 40.324902 3.924488
v 0.562563 40.324898 7.527521
v 1.159316 40.724773 3.924488
v 1.161211 40.724777 7.527521
v 2.185791 41.347591 3.924485
v 2.189550 41.347607 7.527527
v 3.110983 42.132401 3.924488
v 3.112128 42.132416 7.527517
v 2.599249 34.226673 2.930375
v 2.995322 33.604675 -1.479990
v 2.599271 34.226654 -1.545274
v 2.995299 33.628510 3.112901
v 2.599199 34.226719 12.935072
v 2.995250 33.601322 12.935076
v -3.249376 31.893333 -0.806832
v -3.469281 31.616488 -0.806833
v -3.467768 31.603102 4.138157
v -3.191053 31.384319 4.013214
v -3.427122 31.248470 4.486813
v -3.164703 31.154432 4.236607
v -3.192442 31.396587 -0.806830
v -3.063807 31.826529 4.226513
v -3.065411 31.840712 -0.806832
v -3.247732 31.878815 4.263111
v -3.192788 31.399445 4.737019
v -2.840117 28.925909 4.749981
v -3.088616 28.898550 4.499477
v -2.840371 28.928127 4.248966
v -3.013049 31.383698 4.663738
v -2.664530 28.946367 4.676613
v 0.208883 34.502651 13.626932
v -1.785719 45.180935 2.549821
v -1.785690 51.389248 2.967011
v -1.785688 51.389248 2.549790
v -1.785721 45.180935 2.967042
v -3.752375 43.111504 1.124353
v -3.752329 52.167198 1.124315
v -2.421988 48.831261 -0.782290
v -2.422002 46.086521 -0.782278
v -2.579165 43.111488 -0.554140
v -2.422017 43.111488 -0.782263
v -2.579184 39.340424 -0.554125
v -2.422036 39.340424 -0.782248
v 2.579396 39.340401 -0.554098
v 2.579354 43.111519 11.649237
v 2.579335 39.340454 11.649252
v 2.579415 43.111465 -0.554114
v -2.579183 43.111504 2.967046
v -2.579245 39.340477 11.649225
v -2.579226 43.111542 11.649210
v -2.579180 43.111504 2.549825
v -0.208895 34.502636 13.626921
v 0.645883 39.340462 11.649240
v -0.645793 39.340469 11.649237
v 2.422250 39.340401 -0.782225
v -0.626492 39.340408 -2.352361
v 2.422256 39.340397 -1.845384
v 0.626722 39.340401 -2.352354
v -2.422030 39.340420 -1.845411
v 3.752607 43.111465 1.124391
v 4.160773 43.111473 2.967080
v 4.354441 43.111481 5.450703
v 4.150000 43.111496 7.764950
v 3.725731 43.111504 9.926645
v 3.752653 52.167160 1.124353
v 4.160824 53.282215 2.967034
v 2.579391 50.628250 11.649202
v 3.725776 52.082150 9.926607
v 4.150051 53.338524 7.764908
v 4.354495 53.865604 5.450653
v 4.299511 53.704418 4.177345
v 4.252272 53.707302 6.723976
v -0.216342 38.995388 13.626909
v 2.422269 43.111465 -0.782240
v 2.422274 43.111462 -1.845403
v 2.422289 46.086494 -1.845415
v 2.422284 46.086498 -0.782252
v 2.422302 48.831234 -1.695116
v 2.422297 48.831238 -0.782263
v -0.588615 38.946381 13.626909
v 0.588685 38.946365 11.974775
v 0.000040 39.023861 11.974771
v -0.588607 38.946373 11.974768
v -1.137142 38.719162 11.974768
v -1.137150 38.719170 13.626909
v -1.608187 38.357738 13.626902
v -1.608179 38.357731 11.974764
v -1.969616 37.886696 11.974764
v -1.969624 37.886696 13.626902
v -2.196830 37.338158 11.974768
v -2.196838 37.338165 13.626905
v -2.274328 36.749519 11.974771
v -2.274341 36.749527 13.626909
v -2.196844 36.160881 13.626909
v -2.196836 36.160873 11.974771
v -1.969623 35.612343 11.974775
v -1.969640 35.612343 13.626917
v -1.608195 35.141300 11.974783
v -1.608207 35.141308 13.626921
v -1.137166 34.779869 13.626921
v -1.137157 34.779861 11.974783
v -0.588629 34.552650 11.974787
v -0.588637 34.552658 13.626925
v 0.000017 34.475147 11.974791
v 0.588663 34.552643 11.974794
v 0.588655 34.552650 13.626932
v 1.137190 34.779861 13.626932
v 1.137203 34.779854 11.974794
v -3.725586 43.111542 9.926607
v -4.149833 43.111534 7.764908
v -4.354251 43.111526 5.450657
v -4.160559 43.111511 2.967038
v -2.579188 50.628273 11.649176
v -3.725542 52.082188 9.926569
v -4.149782 53.338562 7.764866
v -4.354197 53.865650 5.450611
v -4.160508 53.282253 2.966992
v -4.299203 53.704464 4.177299
v -4.251990 53.707348 6.723934
v -0.645774 43.111534 11.649218
v -0.644023 52.203945 11.649179
v -1.638184 51.857536 11.649176
v 0.644241 52.203938 11.649187
v 0.645902 43.111526 11.649225
v 1.638398 51.857521 11.649191
v 2.265963 51.275402 11.646963
v -2.265753 51.275425 11.646940
v -4.078642 43.111511 2.549817
v -4.078591 53.026169 2.549771
v -2.421984 48.831257 -1.695143
v -2.421997 46.086517 -1.845438
v -2.422012 43.111485 -1.845426
v 3.266413 42.132755 2.635808
v 3.527796 42.505680 0.025095
v 3.482147 42.505692 2.639573
v 3.312062 42.132744 0.021330
v 3.527799 43.054634 0.025091
v 3.482150 43.054642 2.639569
v 2.337673 42.132748 0.004316
v 2.292024 42.132759 2.618794
v 2.337678 43.054642 0.004312
v 2.292029 43.054653 2.618791
v 3.078831 41.280792 11.838717
v 2.946099 42.665661 9.701181
v 2.908829 42.665672 11.835745
v 3.116100 41.280781 9.704149
v 3.612298 41.341713 9.712812
v 3.575028 41.341724 11.847380
v 3.924195 38.497444 11.853487
v 3.526233 37.940281 9.711329
v 3.961463 38.497433 9.718924
v 3.488963 37.940292 11.845892
v 2.582633 41.219864 11.830053
v 2.412632 42.604744 11.827082
v 2.449901 42.604736 9.692518
v 2.619902 41.219852 9.695486
v 3.029985 37.879345 9.702662
v 2.992716 37.879356 11.837229
v 3.217906 33.129669 1.347761
v 3.530340 33.564617 1.239671
v 3.482647 33.219246 1.596624
v 3.248466 33.350964 1.116365
v 3.316914 33.846676 1.362974
v 3.252087 33.377220 1.845491
v 3.319013 33.861462 -0.873739
v 3.532397 33.579105 -0.874849
v 3.250480 33.365150 -0.875963
v 3.532625 33.581604 11.900965
v 3.250709 33.367649 11.902075
v 3.248479 33.350986 7.262875
v 3.530355 33.564640 7.139565
v 3.319241 33.863960 11.899843
v 3.316930 33.846691 7.016251
v 3.482665 33.219265 6.782616
v 3.252108 33.377235 6.533749
v 2.914185 30.868885 6.509190
v 3.144743 30.710917 6.758053
v 3.097054 30.365536 6.401104
v 2.815179 30.151880 6.524410
v 3.097031 30.365522 1.982549
v 2.815157 30.151867 1.859239
v 3.144724 30.710897 1.625597
v 2.879984 30.621315 1.376729
v 2.914165 30.868868 1.874456
v 2.883628 30.647585 6.277794
v 2.883605 30.647572 2.105855
v 2.880000 30.621336 7.006920
v 3.217922 33.129688 7.031475
v -4.505183 30.604101 2.570699
v -4.505174 32.404629 2.570691
v 2.522076 44.596195 0.497362
v 3.391955 39.327423 0.583101
v 2.697391 44.618874 0.570733
v 3.221383 39.268608 0.509817
v 3.422070 39.097996 0.806497
v 3.256283 39.002720 0.769903
v 3.257880 38.990181 11.810507
v 3.423624 39.085789 11.810503
v -2.944459 39.776882 5.811970
v -2.900554 42.307514 5.836525
v -3.153081 42.187756 6.085388
v -2.893351 42.656094 6.193478
v -3.148465 42.411102 6.316788
v -3.393245 42.666416 6.193478
v -3.400447 42.317837 5.836525
v -3.206801 39.183292 1.968290
v -2.944483 39.776863 1.734640
v -2.951689 39.428284 2.091596
v -2.951660 39.428299 5.455017
v -3.206773 39.183308 5.578327
v -3.196992 39.657120 6.060833
v -3.444358 39.787209 5.811966
v -3.191824 39.906960 5.563099
v -3.147919 42.437595 5.587658
v -3.138131 42.911407 6.070171
v -3.137844 42.928829 11.262686
v -3.392964 42.683533 11.263803
v -3.148193 42.427914 11.264917
v -2.893071 42.673210 11.263803
v -3.196440 39.683613 5.331707
v -3.196470 39.683601 2.214902
v -3.191852 39.906948 1.983503
v -2.900578 42.307499 1.705671
v -3.153104 42.187737 1.456808
v -2.893373 42.656075 1.348722
v -3.148485 42.411083 1.225412
v -2.893024 42.670704 0.154905
v -3.148144 42.425407 0.153787
v -3.147947 42.437580 1.954538
v -3.138154 42.911388 1.472013
v -3.137797 42.926323 0.156019
v -3.197008 39.657101 1.485776
v -3.444377 39.787189 1.734640
v -3.400472 42.317822 1.705671
v -3.393266 42.666397 1.348714
v -3.392917 42.681026 0.154909
v -3.451583 39.438610 2.091592
v -3.451554 39.438625 5.455017
v 3.702333 38.883781 0.681554
v 3.488696 38.590038 11.810507
v 3.486848 38.604496 0.556604
v 3.704034 38.870449 11.810507
v 3.303894 38.639633 11.810507
v 3.302088 38.653763 0.593198
v 3.424054 39.082905 0.082697
v 3.655878 39.237694 0.332899
v 2.945121 44.652512 0.320226
v 2.697104 44.621082 0.069711
v 3.244080 39.095703 0.155977
v 2.521873 44.597752 0.143083
v -3.508464 29.598446 9.614962
v -2.373484 29.598440 9.627325
v -2.373486 29.348440 9.877325
v -3.982066 29.348448 9.506868
v -3.731858 29.598448 9.383562
v -3.633412 29.348452 9.863821
v -2.373486 29.598440 10.127325
v -2.373484 29.848440 9.877329
v -3.633410 29.848452 9.863821
v -3.758366 29.598452 10.112684
v -4.232272 29.598452 9.630171
v -3.982017 29.348450 -0.451370
v -3.731810 29.598450 -0.328064
v -3.508413 29.598448 -0.559462
v -3.633358 29.348448 -0.808323
v -2.373433 29.348440 -0.821819
v -2.373430 29.598440 -1.071815
v -3.758310 29.598452 -1.057190
v -3.633356 29.848448 -0.808321
v -4.232221 29.598452 -0.574681
v -3.982014 29.848450 -0.451369
v -2.373433 29.598442 -0.571818
v -3.982064 29.848448 9.506865
v -2.373430 29.848440 -0.821818
v 3.306842 39.675240 1.527395
v 3.540650 39.814938 1.053792
v 3.276728 39.904663 1.303995
v 3.587105 39.461025 1.402448
v 2.902715 44.674976 1.041120
v 2.654984 44.641338 1.291631
v 2.654697 44.643547 0.790609
v 3.308826 39.660145 0.803590
v 3.371620 39.181740 1.277498
v 3.373472 39.167278 11.817743
v 3.588809 39.447685 11.817743
v 3.308400 39.663025 11.817743
v -2.664706 28.947933 4.322330
v -2.993191 31.210443 4.309891
v -3.023726 31.476871 4.049809
v -3.025149 31.489462 -0.806828
v 3.464159 39.896534 2.055985
v 3.113613 39.850521 2.055982
v 3.055604 40.292465 1.618757
v 3.115425 39.836388 11.800585
v 3.465971 39.882401 11.800589
v 3.418354 40.245495 2.232690
v 3.419958 40.232948 11.800589
v 3.069412 40.186935 11.800585
v 3.067807 40.199482 2.232690
v 3.383453 40.511383 1.972604
v 3.032907 40.465366 1.972604
v 2.491834 44.587467 1.960149
v 2.842380 44.633480 1.960149
v 2.842177 44.635044 1.605875
v 3.406150 40.338482 1.618761
v 2.491630 44.589031 1.605875
v 2.489937 29.181561 -0.826351
v 3.114161 34.408211 0.184679
v 3.131618 34.408207 -0.815169
v 2.472480 29.181566 0.173498
v 3.464874 29.059689 0.190824
v 4.124012 34.286331 -0.797842
v 4.106555 34.286335 0.202005
v 3.482331 29.059685 -0.809023
v -2.992668 47.249653 11.744276
v -2.311955 45.813473 12.683062
v -3.243969 45.899090 12.643827
v -3.685653 47.158390 11.878946
v -3.348067 48.263226 10.984438
v -4.131190 48.420116 10.972963
v -3.725555 49.333302 9.926584
v -4.488453 49.430767 9.988760
v -3.983341 50.137066 8.890501
v -4.768054 50.299107 8.887766
v -4.149795 50.735050 7.764877
v -4.972509 50.899120 7.763504
v -4.316249 51.082932 6.587448
v -5.102330 51.249023 6.587440
v -4.354210 51.190788 5.457935
v -5.140292 51.356880 5.457932
v -5.102319 51.249004 4.328415
v -4.316233 51.082909 4.328419
v -4.981523 50.900082 3.153081
v -4.198722 50.743523 3.177182
v -4.768019 50.299072 2.028100
v -4.020523 50.241825 2.224374
v -4.476153 49.441898 0.902715
v -3.752343 49.426311 1.124326
v -3.426790 48.495529 0.191099
v -4.131139 48.420059 -0.057074
v -2.992865 47.319759 -0.667338
v -3.698094 47.162819 -0.989783
v -3.217248 45.823051 -1.774057
v -2.436934 45.813408 -1.767137
v -2.856807 44.538361 -1.744436
v -3.641451 44.688931 -1.752493
v -0.217634 40.247143 14.997316
v 0.217703 40.247139 14.401663
v -0.217631 40.247139 14.401659
v 0.217700 40.247143 14.997320
v 0.217698 39.862026 14.997320
v -0.217633 39.862026 14.441664
v 0.217701 39.862026 14.441668
v -0.217636 39.862026 14.997320
v -2.537200 36.068138 6.390495
v -2.158259 37.667934 7.134197
v -2.537192 37.667931 6.390488
v -2.158267 36.068142 7.134205
v -1.568054 37.667934 7.724407
v -1.568062 36.068142 7.724415
v 2.158386 36.068108 3.998006
v 1.568188 37.667900 3.407788
v 2.158394 37.667900 3.997998
v 1.568180 36.068108 3.407796
v 0.824484 37.667900 3.028848
v 0.824476 36.068108 3.028855
v 0.000080 37.667904 2.898271
v 0.000072 36.068111 2.898278
v -0.824324 37.667908 3.028840
v -0.824332 36.068115 3.028848
v -1.568032 37.667915 3.407773
v -1.568040 36.068123 3.407781
v -2.158243 37.667923 3.997979
v -2.158251 36.068130 3.997987
v -2.537184 37.667923 4.741680
v -2.537192 36.068130 4.741688
v -2.667760 37.667927 5.566086
v -2.667768 36.068134 5.566093
v -0.824350 37.667931 8.103346
v -0.824358 36.068138 8.103354
v 0.000054 37.667927 8.233923
v 0.000046 36.068134 8.233931
v 0.824458 37.667923 8.103354
v 0.824450 36.068130 8.103361
v 1.568165 37.667919 7.724422
v 1.568157 36.068127 7.724430
v 2.158376 37.667912 7.134220
v 2.158368 36.068119 7.134228
v 2.537317 37.667908 6.390514
v 2.537309 36.068115 6.390522
v 2.667894 37.667904 5.566113
v 2.667886 36.068111 5.566120
v 2.537327 37.667900 4.741707
v 2.537319 36.068108 4.741714
v 3.640630 44.684223 12.667315
v 3.206731 43.378681 12.628965
v 2.759415 44.596062 12.656027
v 3.977066 43.274334 12.644625
v -0.822102 27.726768 -17.845678
v 0.822363 27.208860 -15.191435
v -0.822124 27.208870 -15.191446
v 0.822385 27.726755 -17.845667
v -0.822109 33.922310 -11.117844
v 0.822388 33.191925 -13.277628
v -0.822099 33.191936 -13.277637
v 0.822377 33.922298 -11.117834
v -0.822122 32.510681 -10.668095
v 0.822369 33.183975 -10.619822
v -0.822118 33.183987 -10.619831
v 0.822365 32.510670 -10.668085
v -0.822117 28.761353 -14.727108
v 0.822373 29.845507 -14.151394
v -0.822114 29.845516 -14.151403
v 0.822370 28.761343 -14.727098
v -5.973834 36.104752 5.153237
v 5.973967 36.406887 4.851186
v 5.973962 36.104691 5.153374
v -5.973829 36.406948 4.851049
v 5.973970 36.819675 4.740577
v -5.973826 36.819736 4.740439
v 5.973970 37.232475 4.851186
v -5.973825 37.232536 4.851049
v 5.973969 37.534660 5.153372
v -5.973827 37.534721 5.153239
v 5.973965 37.645267 5.566169
v -5.973831 37.645329 5.566035
v 5.973959 37.534664 5.978968
v -5.973836 37.534725 5.978831
v 5.973954 37.232471 6.281156
v -5.973842 37.232533 6.281019
v 5.973951 36.819675 6.391761
v -5.973845 36.819736 6.391627
v 5.973950 36.406883 6.281156
v -5.973845 36.406944 6.281019
v 5.973952 36.104694 5.978966
v -5.973844 36.104755 5.978833
v 5.973957 35.994083 5.566170
v -5.973839 35.994144 5.566032
v -0.642458 36.814285 6.135727
v 3.938330 36.479443 6.026991
v 3.938330 36.814262 6.135779
v -0.642459 36.479465 6.026939
v -0.642455 37.149105 6.026937
v 3.938333 37.149082 6.026989
v -0.642451 37.356037 5.742122
v 3.938338 37.356014 5.742174
v -0.642447 37.356033 5.390071
v 3.938342 37.356010 5.390123
v -0.642445 37.149105 5.105253
v 3.938344 37.149082 5.105305
v -0.642445 36.814285 4.996465
v 3.938344 36.814262 4.996517
v -0.642448 36.479465 5.105255
v 3.938340 36.479443 5.105307
v -0.642453 36.272530 5.390070
v 3.938336 36.272507 5.390122
v -0.642457 36.272533 5.742121
v 3.938332 36.272511 5.742173
v -3.946031 36.814304 6.135687
v 0.634757 36.479462 6.026950
v 0.634758 36.814281 6.135739
v -3.946031 36.479485 6.026898
v -3.946027 37.149124 6.026896
v 0.634761 37.149101 6.026948
v -3.946023 37.356056 5.742085
v 0.634765 37.356033 5.742137
v -3.946019 37.356052 5.390031
v 0.634769 37.356030 5.390083
v -3.946017 37.149124 5.105216
v 0.634771 37.149101 5.105268
v -3.946018 36.814304 4.996428
v 0.634771 36.814281 4.996480
v -3.946020 36.479485 5.105218
v 0.634768 36.479462 5.105270
v -3.946025 36.272549 5.390030
v 0.634763 36.272526 5.390082
v -3.946028 36.272552 5.742085
v 0.634759 36.272530 5.742136
v -1.984415 42.778950 2.585256
v -2.080526 48.317005 2.629804
v -1.984388 48.317013 2.585237
v -2.080553 42.778950 2.629827
v -2.117023 42.778957 2.729321
v -2.116995 48.317005 2.729299
v -2.072425 48.317013 2.825440
v -2.072459 42.778950 2.825459
v -1.972958 42.778957 2.861920
v -1.972930 48.317013 2.861894
v -1.876792 48.317009 2.817330
v -1.876819 42.778954 2.817353
v -1.840330 48.317001 2.717839
v -1.840358 42.778942 2.717858
v -1.884921 42.778954 2.621728
v -1.884893 48.317013 2.621705
v -2.226260 43.002388 3.926016
v -3.616304 43.872360 3.926008
v -2.723898 44.162346 3.926016
v -3.164448 43.002392 3.926012
v -2.226423 43.002411 7.529053
v -1.678548 41.842438 3.926028
v -1.678952 41.842449 7.529062
v -1.106945 40.796013 7.529071
v -1.106669 40.796013 3.926038
v -0.659069 39.965580 3.926047
v -0.659676 39.965588 7.529077
v -0.553171 39.432404 3.926051
v -0.553468 39.432400 7.529085
v -0.918913 39.248695 3.926046
v -0.919448 39.248688 7.529079
v -1.727176 39.432404 7.529067
v -1.726967 39.432411 3.926034
v -2.724069 44.162369 7.529049
v -3.164711 43.002411 7.529049
v -2.571086 42.132442 7.529057
v -1.865927 41.347626 7.529067
v -1.210733 40.724789 7.529076
v -0.843243 40.324905 7.529082
v -0.918999 40.187103 7.529078
v -1.437059 40.324898 7.529072
v -3.616422 43.872375 7.529045
v -2.570867 42.132423 3.926024
v -1.865397 41.347610 3.926033
v -1.210429 40.724781 3.926039
v -0.842632 40.324898 3.926041
v -0.918731 40.187111 3.926045
v -1.436646 40.324905 3.926043
v 2.219397 41.842419 3.924479
v 3.060360 43.002361 3.924474
v 1.429935 40.795998 3.924483
v 0.609050 39.965576 3.924484
v 0.271930 39.432396 3.924484
v 0.650535 39.248680 3.924495
v 1.417761 39.432396 3.924501
v 3.244085 44.162319 3.924470
v -2.478172 39.503895 11.649233
v 2.478266 39.503872 11.649256
v -3.151843 32.450462 -0.833468
v -3.402231 32.200844 -0.833468
v -3.402287 32.187382 6.368889
v -3.152674 31.938135 6.243935
v -3.402845 31.830435 6.717541
v -3.153035 31.706738 6.467335
v -3.152615 31.950466 -0.833462
v -2.975240 32.362690 6.457237
v -2.975176 32.376961 -0.833468
v -3.151896 32.435856 6.493835
v -3.152651 31.953352 6.967743
v -3.146334 28.833471 6.980709
v -3.396329 28.834974 6.730198
v -3.146326 28.835703 6.479687
v -2.975934 31.916967 6.894463
v -2.969560 28.833525 6.907341
v -2.969555 28.835102 6.553066
v -2.976200 31.742577 6.540619
v -2.975786 32.010742 6.280533
v -2.975730 32.023411 -0.833462
v -3.217717 34.494801 8.979952
v -3.569886 34.460827 -0.814680
v -3.567982 34.446701 8.979952
v -3.219613 34.508926 -0.814680
v -3.303566 33.820618 8.990049
v -2.665094 28.853754 9.002417
v -2.840182 28.829378 9.075788
v -3.483619 33.832348 9.063330
v -2.839969 28.827822 9.430063
v -3.507340 34.005116 9.417173
v -2.489704 28.875925 9.430063
v -3.157075 34.053215 9.417173
v -3.520101 34.098026 8.803247
v -3.521777 34.110565 -0.814680
v -3.335050 34.049862 8.766653
v -3.336688 34.062069 -0.814680
v -3.457902 38.852764 11.193155
v -2.422836 38.852749 9.193766
v -3.421706 38.852749 9.120283
v -2.458055 38.852757 11.210611
v -2.422841 37.968323 9.193769
v -3.421710 37.968323 9.120287
v -3.457887 41.826378 11.193140
v -3.712888 42.162708 12.188841
v -3.695435 42.162704 11.188993
v -3.475340 41.826382 12.192987
v -3.712883 43.039173 12.188837
v -3.695430 43.039169 11.188986
v -3.475360 37.968342 12.193007
v -2.475513 37.968334 12.210463
v -2.458034 43.039162 11.210592
v -2.475487 43.039165 12.210440
v -3.492844 31.271488 -1.307707
v -3.510293 33.725426 -0.307871
v -3.492831 33.725422 -1.307718
v -3.510305 31.271494 -0.307862
v -3.747838 34.061752 -0.312021
v -3.730377 34.061745 -1.311868
v -3.747834 34.938217 -0.312025
v -3.730373 34.938210 -1.311872
v -2.837734 28.968660 -1.296259
v -2.855187 28.968664 -0.296412
v -1.837886 28.968657 -1.278799
v -2.510457 31.271490 -0.290404
v -1.855340 28.968660 -0.278954
v -2.492996 31.271486 -1.290251
v -2.510438 34.938210 -0.290419
v -2.492977 34.938206 -1.290266
v -3.266510 41.826324 0.232317
v -3.486596 42.162651 -0.771681
v -3.249050 41.826321 -0.767531
v -3.504058 42.162655 0.228166
v -3.504053 43.039120 0.228162
v -3.486591 43.039116 -0.771685
v -3.249069 37.968281 -0.767515
v -3.266530 37.968285 0.232332
v -2.266682 37.968281 0.249788
v -2.249195 43.039108 -0.750082
v -2.266656 43.039112 0.249765
v -2.249221 37.968277 -0.750059
v 3.454732 33.244946 7.746647
v 3.360440 32.628174 7.624977
v 3.387583 32.805695 7.168392
v 3.400385 32.889462 7.972874
v 3.010625 32.949047 7.972874
v 2.970681 32.687756 7.624977
v 2.591166 30.143602 7.593117
v 2.968100 30.000235 1.596330
v 2.913776 29.644766 7.014862
v 2.913755 29.644749 1.370101
v 2.524016 29.704350 7.014858
v 2.980925 30.084017 7.593121
v 3.008067 30.261541 7.136528
v 2.818809 30.328102 7.041969
v 3.198324 32.872253 7.073826
v 3.271109 33.348366 7.699791
v 3.273712 33.365875 11.860075
v 3.457322 33.262363 11.860502
v 3.402909 32.906448 11.862547
v 3.013150 32.966034 11.862543
v 2.968124 30.000250 6.788631
v 2.784499 30.103666 6.741776
v 2.784476 30.103653 1.643182
v 2.818789 30.328085 1.342990
v 3.008048 30.261524 1.248430
v 3.360426 32.628151 0.754262
v 3.387564 32.805676 1.210851
v 2.980910 30.083998 0.791841
v 2.591151 30.143581 0.791839
v 2.523995 29.704332 1.370100
v 2.970666 32.687733 0.754259
v 3.010614 32.949020 0.406358
v 3.273771 33.365822 0.037439
v 3.454719 33.244923 0.632589
v 3.457381 33.262310 0.037862
v 3.273825 33.365810 -0.881540
v 3.457435 33.262302 -0.881964
v 3.402968 32.906395 0.039911
v 3.403022 32.906387 -0.884009
v 3.013263 32.965969 -0.884012
v 3.013209 32.965981 0.039907
v 3.400374 32.889435 0.406362
v 3.271095 33.348339 0.679445
v 3.198304 32.872234 1.305410
v 2.069099 41.105736 2.966329
v 3.417382 40.752178 2.952039
v 3.417383 41.105732 2.952035
v 2.069098 40.752182 2.966332
v 3.703598 41.105728 2.798356
v 3.396810 41.105732 2.494035
v 3.240680 41.105732 2.600087
v 2.069101 41.105736 2.612775
v 3.240693 40.752121 -0.321432
v 2.069114 40.752125 -0.334128
v 2.069116 40.752121 -0.687681
v 3.417400 40.752117 -0.673376
v 3.396821 40.752121 -0.215376
v 3.703613 40.752113 -0.519697
v 3.417401 41.105671 -0.673380
v 3.703615 41.105667 -0.519701
v 3.396823 41.105675 -0.215380
v 3.854620 41.105671 -0.227640
v 3.500776 41.105671 -0.053259
v 3.854606 41.105728 2.506303
v 3.500764 41.105728 2.331918
v 3.703596 40.752174 2.798360
v 3.396808 40.752178 2.494035
v 3.240678 40.752178 2.600087
v 2.069099 40.752182 2.612779
v 3.240695 41.105675 -0.321432
v 2.069117 41.105675 -0.687685
v 2.069116 41.105679 -0.334131
v 3.854605 40.752174 2.506303
v 3.854619 40.752117 -0.227640
v 3.500775 40.752117 -0.053255
v 3.500763 40.752174 2.331922
v -2.657231 41.275612 11.844835
v -3.277347 42.875408 12.867514
v -3.293330 41.275620 12.893869
v -2.657223 42.875401 11.844831
v -3.603897 42.875412 12.677458
v -3.099024 41.275616 11.844835
v -3.605654 41.275623 12.680346
v -3.099016 42.875404 11.844828
v -3.098952 42.875347 -0.959963
v -3.098960 41.275558 -0.959955
v -2.657158 42.875343 -1.157152
v -2.657166 41.275555 -1.157148
v -3.387325 42.875343 -1.778135
v -3.387333 41.275555 -1.778127
v -3.379361 42.875340 -2.275655
v -3.379369 41.275551 -2.275648
v -3.737518 41.275558 -1.728639
v -3.739904 42.875347 -1.432714
v -3.737510 42.875347 -1.728647
v -3.739911 41.275558 -1.432707
v -3.268162 28.134859 6.375443
v -3.268119 35.143173 4.775623
v -3.268154 28.134851 4.775654
v -3.268127 35.143181 6.375412
v -2.826324 35.143173 4.775623
v -2.826367 28.134855 6.375446
v -2.826359 28.134848 4.775658
v -2.826332 35.143181 6.375416
v -2.971645 35.669720 6.375412
v -2.035657 36.078129 4.775623
v -2.971637 35.669712 4.775623
v -2.035665 36.078136 6.375416
v -1.844375 35.642162 4.775627
v -2.780362 35.233757 6.375416
v -2.780354 35.233749 4.775623
v -1.844383 35.642170 6.375416
v -3.810057 26.512598 6.375446
v -3.810049 26.512590 4.775658
v -4.181924 26.731085 4.775656
v -4.181932 26.731092 6.375443
v -3.268080 37.667900 -0.452566
v -3.268102 36.068127 2.350080
v -3.268094 37.667915 2.350072
v -3.268088 36.068111 -0.452559
v -2.826307 36.068127 2.350083
v -2.826284 37.667900 -0.615236
v -2.826299 37.667915 2.350076
v -2.826292 36.068111 -0.615229
v -3.105618 37.667915 2.765225
v -1.062144 36.068123 4.785599
v -1.062136 37.667912 4.785595
v -3.105626 36.068127 2.765233
v -0.807049 36.068123 4.427612
v -2.780338 36.068127 2.440660
v -2.780330 37.667915 2.440652
v -0.807041 37.667912 4.427605
v -3.840599 37.667900 -1.581732
v -3.840607 36.068111 -1.581728
v -3.809959 37.667900 -2.074831
v -3.809967 36.068111 -2.074823
v -4.251761 36.068115 -2.074827
v -4.282394 37.667904 -1.419061
v -4.251753 37.667904 -2.074834
v -4.282402 36.068115 -1.419058
v -3.268142 37.667957 11.913038
v -3.268134 36.068153 8.772596
v -3.268150 36.068169 11.913046
v -3.268126 37.667942 8.772585
v -2.826339 36.068153 8.772596
v -2.826347 37.667957 12.069239
v -2.826355 36.068169 12.069242
v -2.826331 37.667942 8.772589
v -3.105646 37.667942 8.357435
v -1.062152 36.068130 6.346600
v -3.105654 36.068153 8.357443
v -1.062144 37.667919 6.346596
v -0.807061 36.068134 6.694847
v -2.780369 36.068153 8.682020
v -2.780361 37.667942 8.682013
v -0.807053 37.667923 6.694839
v 2.657339 41.275589 11.844862
v 3.277460 42.875378 12.867548
v 2.657347 42.875378 11.844854
v 3.293428 41.275589 12.893900
v 3.099132 41.275585 11.844866
v 3.604012 42.875374 12.677492
v 3.605753 41.275585 12.680384
v 3.099140 42.875374 11.844858
v 3.099204 42.875317 -0.959933
v 3.099196 41.275528 -0.959925
v 2.657404 41.275532 -1.157121
v 3.387577 41.275524 -1.778093
v 3.740151 41.275520 -1.432668
v 3.737761 41.275520 -1.728601
v 3.379617 41.275520 -2.275613
v 3.737769 42.875309 -1.728609
v 3.379625 42.875309 -2.275621
v 3.268192 28.134825 6.375477
v 3.268235 35.143143 4.775654
v 3.268227 35.143150 6.375446
v 3.268200 28.134817 4.775688
v 2.826440 35.143143 4.775654
v 2.826397 28.134829 6.375473
v 2.826432 35.143150 6.375443
v 2.826405 28.134821 4.775684
v 2.971751 35.669689 6.375443
v 2.035783 36.078106 4.775646
v 2.035775 36.078114 6.375435
v 2.971759 35.669682 4.775650
v 1.844497 35.642147 4.775646
v 2.780464 35.233727 6.375443
v 1.844489 35.642155 6.375435
v 2.780472 35.233719 4.775654
v 3.810071 26.512560 6.375484
v 3.810079 26.512552 4.775696
v 4.181956 26.731043 4.775698
v 4.181948 26.731050 6.375484
v 3.268274 37.667870 -0.452532
v 3.268252 36.068096 2.350114
v 3.268266 36.068081 -0.452528
v 3.268260 37.667885 2.350106
v 2.826457 36.068096 2.350110
v 2.826480 37.667870 -0.615206
v 2.826472 36.068081 -0.615202
v 2.826465 37.667885 2.350102
v 3.105780 37.667885 2.765256
v 1.062270 36.068115 4.785610
v 3.105772 36.068096 2.765264
v 1.062278 37.667904 4.785603
v 0.807179 36.068115 4.427620
v 2.780488 36.068096 2.440686
v 2.780496 37.667885 2.440679
v 0.807187 37.667904 4.427612
v 4.282598 37.667858 -1.419019
v 4.282590 36.068069 -1.419012
v 4.251956 36.068069 -2.074785
v 4.251964 37.667858 -2.074792
v 3.840797 36.068073 -1.581686
v 3.810162 36.068073 -2.074785
v 3.268212 37.667927 11.913073
v 3.268220 36.068123 8.772627
v 3.268228 37.667912 8.772619
v 3.268204 36.068138 11.913076
v 2.826425 36.068123 8.772627
v 2.826416 37.667927 12.069265
v 2.826433 37.667912 8.772615
v 2.826409 36.068138 12.069273
v 3.105752 37.667912 8.357470
v 1.062262 36.068123 6.346611
v 1.062270 37.667912 6.346603
v 3.105744 36.068123 8.357473
v 0.807167 36.068127 6.694855
v 2.780457 36.068123 8.682047
v 2.780464 37.667912 8.682039
v 0.807175 37.667915 6.694847
v 3.774268 37.667923 12.660685
v 3.774261 36.068134 12.660688
v 3.810093 37.667927 13.207029
v 3.810085 36.068138 13.207037
v 4.251879 36.068134 13.207041
v 4.216063 37.667919 12.504488
v 4.251887 37.667923 13.207033
v 4.216055 36.068130 12.504496
v 0.822374 30.856508 -13.438625
v -0.822113 30.856520 -13.438635
v -0.822114 32.468975 -11.768288
v 0.822373 32.468964 -11.768278
v 0.822395 32.218800 -15.159571
v -0.822092 32.218807 -15.159580
v 0.822399 30.795988 -16.962742
v -0.822088 30.795998 -16.962755
v -3.774213 36.068172 12.660650
v -4.216007 36.068176 12.504454
v -4.251837 36.068180 13.206999
v -3.810043 36.068176 13.206999
v 3.316441 34.012474 11.905832
v 3.854914 33.975281 11.527861
v 3.530477 33.998264 11.282785
v 3.973672 33.966507 11.917307
v 3.841390 33.975285 12.302366
v 3.508597 33.998268 12.535967
v 3.102405 34.026680 12.528875
v 2.777969 34.049664 12.283800
v 2.659211 34.058445 11.894354
v 2.791492 34.049660 11.509295
v 3.124286 34.026676 11.275694
v 1.417720 39.432392 7.527534
v 0.653563 39.248680 7.527524
v 0.273708 39.432404 7.527521
v 0.613323 39.965580 7.527521
v 1.431581 40.796009 7.527521
v 2.222050 41.842438 7.527516
v 2.599779 31.307817 11.505957
v 2.932573 31.284834 11.272360
v 3.338764 31.256426 11.279451
v 3.663200 31.233438 11.524523
v 3.781958 31.224665 11.913973
v 3.649677 31.233442 12.299032
v 3.316883 31.256430 12.532633
v 2.910692 31.284840 12.525541
v 2.586256 31.307823 12.280466
v 2.467498 31.316601 11.891020
v 3.124728 31.270632 11.902494
v -4.215999 37.667965 12.504446
v -4.251829 37.667969 13.206991
v -2.316478 45.937931 -1.863817
v -2.773701 44.700321 -2.160142
v -3.810035 37.667965 13.206995
v -3.774205 37.667961 12.660646
v 3.217540 45.823021 -1.774023
v 2.857083 44.538330 -1.744406
v 3.641729 44.688892 -1.752458
v 2.993157 47.319729 -0.667311
v 3.698388 47.162781 -0.989744
v 4.131438 48.420021 -0.057032
v 3.427086 48.495499 0.191133
v 4.476451 49.441853 0.902761
v 3.752639 49.426273 1.124364
v 4.020817 50.241787 2.224416
v 4.768315 50.299026 2.028150
v 4.199011 50.743477 3.177224
v 4.981813 50.900028 3.153131
v 4.316514 51.082863 4.328461
v 5.102601 51.248955 4.328465
v 4.354481 51.190742 5.457977
v 5.140564 51.356827 5.457981
v 5.102590 51.248970 6.587490
v 4.316507 51.082886 6.587494
v 4.972754 50.899067 7.763554
v 4.150038 50.735012 7.764919
v 4.768281 50.299061 8.887812
v 3.983567 50.137028 8.890543
v 4.488660 49.430721 9.988806
v 3.725763 49.333263 9.926622
v 4.131378 48.420078 10.973005
v 3.348253 48.263195 10.984472
v 3.685819 47.158352 11.878981
v 2.992836 47.249622 11.744307
v 3.244115 45.899059 12.643862
v 2.312099 45.813450 12.683084
v 0.000067 37.667915 5.566097
v 0.000059 36.068123 5.566105
v 5.973961 36.819675 5.566169
v -5.973835 36.819736 5.566035
v 3.938337 36.814259 5.566150
v -3.946024 36.814301 5.566057
v -2.146889 55.354107 2.722444
v -1.978659 48.317013 2.723565
v 3.840805 37.667862 -1.581693
v 3.810169 37.667862 -2.074792
v 1.608224 35.141293 13.626932
v 1.608235 35.141285 11.974794
v 1.969668 35.612320 13.626932
v 1.969677 35.612312 11.974794
v 2.196875 36.160858 13.626932
v 2.196886 36.160851 11.974794
v 2.274373 36.749504 13.626932
v 2.274381 36.749496 11.974794
v 2.196892 37.338142 11.974791
v 2.196884 37.338150 13.626928
v 1.969684 37.886673 11.974787
v 1.969665 37.886681 13.626925
v 1.608248 38.357708 11.974783
v 1.608236 38.357723 13.626921
v 1.137222 38.719154 11.974779
v 1.137210 38.719162 13.626921
v 0.588677 38.946365 13.626917
v 0.216401 38.995380 13.626909
v 0.000030 36.749504 11.546412
v 3.387585 42.875313 -1.778101
v 3.740160 42.875309 -1.432676
v 2.657412 42.875320 -1.157125
v -2.489916 28.877481 9.075792
v -3.133354 33.880451 9.063334
v -3.169836 34.146126 8.803247
v -3.171512 34.158661 -0.814680
v 4.973628 19.852125 7.891351
v 5.788021 21.197569 10.906979
v 6.239946 21.192692 10.684132
v 7.141733 19.969851 7.232654
v 6.398059 20.469589 8.689871
v 7.493318 20.622162 8.755278
v 7.150591 20.901962 9.574038
v 6.730400 21.093235 10.220669
v -0.816054 5.732416 -21.758209
v -0.816072 2.995410 -21.818832
v -1.154092 5.825031 -20.988258
v -1.154078 8.016573 -20.939713
v -1.273641 7.314830 -20.551662
v -1.273587 9.216681 -20.509674
v 0.000019 3.806778 -22.448231
v 0.000000 0.565881 -22.519039
v 0.000046 8.240152 -22.020737
v -0.816032 9.571829 -21.387985
v -1.154060 11.151442 -20.637424
v -1.273571 11.981377 -20.243080
v -1.154039 15.556758 -19.557365
v -1.273575 15.503444 -19.363991
v -0.816003 15.661906 -19.938728
v 0.000082 15.753553 -20.271141
v 1.154153 8.016561 -20.939697
v 0.816111 5.732403 -21.758198
v 0.816133 9.571819 -21.387974
v 0.816162 15.661896 -19.938721
v 1.154191 15.556741 -19.557350
v 1.154171 11.151423 -20.637409
v 1.273671 9.216660 -20.509651
v 1.273700 7.314812 -20.551647
v 1.154139 5.825015 -20.988243
v 0.816094 2.995398 -21.818821
v 1.273687 11.981357 -20.243061
v 1.273723 15.503427 -19.363979
v 1.355686 15.258957 -18.959373
v 1.333585 27.456715 -16.371243
v 1.355742 27.404255 -15.917970
v 1.333462 15.377172 -19.386211
v -1.355549 15.258973 -18.959393
v -1.333327 27.456738 -16.371258
v -1.333316 15.377189 -19.386230
v -1.355492 27.404280 -15.917979
v 1.208321 15.433721 -19.590389
v 0.854495 27.611780 -17.120953
v 1.208378 27.510155 -16.629585
v 0.854437 15.545078 -19.992458
v 0.000081 15.642019 -20.342461
v 0.000139 27.697462 -17.535198
v -0.854224 27.611790 -17.120964
v -0.854281 15.545089 -19.992470
v -1.208172 15.433742 -19.590405
v -1.208115 27.510166 -16.629604
v 10.784187 6.057302 20.852440
v 10.771235 3.536958 23.767937
v 9.794493 6.577640 22.461910
v 11.530654 3.137684 22.532948
v 11.521496 1.355532 24.594513
v 11.998888 1.104541 23.818169
v 12.115497 0.001105 24.822124
v 11.871195 3.242124 22.708584
v 12.447322 4.300839 23.060577
v 12.338716 1.208762 23.993439
v 11.972185 5.899723 21.911503
v 12.198960 8.181591 21.653236
v 11.758912 9.232203 20.702995
v 11.670315 12.604883 19.898151
v 11.304956 13.030567 19.195873
v 11.109379 6.157036 21.020161
v 11.154634 8.186395 20.391911
v 10.990982 10.743498 19.464592
v 10.642648 13.658085 18.308132
v 10.637421 17.034431 17.490982
v 10.893576 17.267733 17.913067
v 10.886504 17.486044 18.413662
v 11.726928 12.438890 20.562149
v 12.299129 7.651157 22.461838
v 12.567953 3.450660 23.985130
v 12.454877 0.105190 24.997158
v 10.129967 16.730129 16.999714
v 9.314690 14.074681 19.743141
v 8.801590 17.146603 18.434505
v 9.791282 16.626259 16.825039
v 10.304386 13.554341 18.133671
v 9.663022 11.160093 20.899601
v 10.652719 10.639756 19.290131
v 10.816369 8.082655 20.217449
v 9.826674 8.602991 21.826916
v 1.294939 12.087878 -19.783638
v 1.294954 15.391065 -18.956459
v 1.294923 9.389010 -20.043884
v 1.294910 7.286427 -20.090458
v 1.154134 5.533230 -20.604504
v 0.816089 2.700192 -21.435165
v -0.000005 0.267428 -22.135448
v -11.999243 1.104738 23.818207
v -11.521902 1.355752 24.594576
v -12.115868 0.001322 24.822182
v -11.531007 3.137872 22.532965
v -10.771668 3.537181 23.767982
v -9.794951 6.577860 22.461935
v -10.784539 6.057473 20.852425
v -9.315237 14.074860 19.743019
v -8.802163 17.146767 18.434341
v -9.140856 17.250633 18.609005
v -9.653513 14.178597 19.917469
v -9.663542 11.160288 20.899534
v -10.001818 11.264025 21.073978
v -10.165440 8.706939 22.001347
v -9.827167 8.603201 21.826900
v -10.120155 6.677591 22.629641
v -11.112216 3.641614 23.943604
v -11.861738 1.459971 24.769825
v -12.455257 0.105401 24.997202
v -11.972584 5.899889 21.911442
v -11.109744 6.157202 21.020130
v -11.871553 3.242306 22.708580
v -11.155025 8.186550 20.391838
v -11.759346 9.232349 20.702873
v -10.991401 10.743637 19.464464
v -12.447730 4.301012 23.060522
v -12.339082 1.208955 23.993458
v -12.199415 8.181746 21.653116
v -11.670815 12.605013 19.897953
v -11.305430 13.030694 19.195679
v -10.643100 13.658212 18.307959
v -12.568383 3.450847 23.985092
v -12.299609 7.651320 22.461721
v -11.727456 12.439029 20.561958
v -10.887075 17.486164 18.413391
v -10.894113 17.267841 17.912804
v -10.637931 17.034542 17.490734
v -10.130443 16.730240 16.999495
v 9.140270 17.250471 18.609188
v 9.652951 14.178423 19.917606
v 10.001287 11.263834 21.074062
v 10.164938 8.706733 22.001373
v 10.119683 6.677374 22.629627
v 11.111772 3.641394 23.943569
v 11.861323 1.459752 24.769779
v 10.999494 9.631473 21.937984
v 11.192925 12.855875 20.674500
v 10.545537 13.429836 20.430855
v 11.721566 8.432586 22.429577
v 11.212766 6.298995 23.146488
v 11.969928 4.551833 23.836922
v 10.416185 17.518721 18.689419
v 9.877999 17.433702 18.725971
v -10.816752 8.082814 20.217394
v -10.653130 10.639902 19.290020
v -10.304825 13.554474 18.133512
v -9.791749 16.626373 16.824837
v -11.970388 4.552030 23.836887
v -11.213245 6.299194 23.146456
v -11.000014 9.631654 21.937891
v -10.546093 13.430002 20.430702
v -9.878593 17.433849 18.725754
v -10.416779 17.518856 18.689169
v -11.193473 12.856030 20.674326
v -11.722073 8.432761 22.429482
v -1.126306 34.804089 13.506899
v -0.583013 34.579670 13.506903
v -0.636155 34.362350 13.570631
v -0.098089 26.118782 13.651442
v -0.000029 25.450119 12.637377
v -0.000023 26.398298 12.203947
v -0.000011 28.806746 12.203939
v -0.100364 28.806755 14.211641
v -0.000011 28.806746 12.203939
v -0.100364 28.806755 14.211641
v -0.100364 28.806755 14.211641
v -0.110089 34.510323 13.702719
v -0.110835 33.521618 14.748117
v -0.121868 34.290684 13.570635
v -0.110100 33.721058 15.015165
v -0.110100 33.470425 14.826498
v -0.110101 33.672810 15.095396
v -0.110101 33.535461 15.082960
v -0.110104 32.986073 15.033220
v -0.110102 33.009167 14.778139
v -0.100353 31.253738 14.619257
v -0.110112 31.222612 14.873571
v -0.110123 28.567856 14.463408
v -0.110133 26.053442 13.899038
v -0.110141 23.722383 13.190119
v -0.110131 23.722378 12.637384
v -0.157770 34.517311 13.506907
v -0.110088 34.510319 13.506907
v -2.989279 28.864834 13.542120
v -2.989272 28.864828 12.203924
v -0.119501 39.161137 13.506887
v -0.187799 38.977299 13.506887
v -0.582991 38.919357 13.506884
v -0.110066 38.988697 13.506887
v -0.112134 39.026478 13.659803
v -0.110067 38.988701 13.702700
v -0.113272 39.899555 14.879160
v -0.110871 39.844593 15.041208
v -0.110945 39.796886 14.960653
v -0.110070 39.777973 15.015139
v -0.110070 39.826221 15.095369
v -2.677444 41.125290 -3.262281
v -3.857834 41.126186 -1.424284
v -2.963373 41.107887 -0.869089
v -2.397907 42.890503 -3.150354
v -2.647960 43.271679 -0.869101
v -2.705307 42.878265 -0.869097
v -2.340765 43.466274 -3.130094
v -2.297136 44.570831 -2.681100
v -2.297145 44.570839 -0.869105
v -2.049725 27.487083 -2.817955
v -2.773336 30.393589 -2.931354
v -3.029997 29.009796 -1.301372
v -2.639427 27.753229 -1.301424
v -2.207664 26.686604 -1.301450
v -1.064479 25.942307 -2.552515
v -1.742509 25.809679 -1.301510
v -1.263863 25.141134 -1.301634
v -1.169723 25.049757 -1.301687
v -0.110055 25.049751 -1.301681
v -0.100594 26.104673 -2.803127
v -3.340281 30.221994 -1.302467
v -3.582113 31.776049 -1.302475
v -0.103139 28.605192 -3.364236
v -0.107776 33.984272 -4.020097
v -2.936045 34.490551 -3.318363
v -0.093148 36.749432 -4.094541
v -2.872221 36.747139 -3.411245
v -0.107748 39.514591 -4.020120
v -2.843607 39.819473 -3.340883
v -0.105455 42.251896 -3.772363
v -2.569329 41.974953 -3.211133
v -0.103057 44.893692 -3.364309
v -3.274343 45.848782 -1.750055
v -0.097677 49.710075 -2.099176
v -3.740151 47.162819 -0.989783
v -0.094545 51.800938 -1.264993
v -4.187860 48.421482 -0.069704
v -0.091016 53.630310 -0.316172
v -4.534867 49.451221 0.904096
v -0.087049 55.166363 0.729146
v -4.827805 50.308250 2.012643
v -0.082738 56.382950 1.850324
v -5.035409 50.899078 3.120084
v -0.078482 57.261021 3.024953
v -5.166095 51.269276 4.314770
v -0.075160 57.789917 4.231071
v -5.206048 51.382710 5.450623
v -0.073875 57.966309 5.450619
v -0.075172 57.789948 6.670166
v -5.166104 51.269283 6.586472
v -0.078507 57.261051 7.876289
v -5.036926 50.902210 7.784779
v -0.082774 56.382988 9.050924
v -4.827837 50.308281 8.888609
v -3.340348 30.222055 12.203917
v -1.006767 33.639141 14.726786
v -1.811738 33.977695 14.627073
v -2.175862 36.168114 13.506887
v -3.126410 35.838039 14.115671
v -3.193522 36.749138 14.115671
v -1.950821 35.626328 13.506891
v -2.902692 34.993130 14.169954
v -1.592844 35.161079 13.506895
v -2.296667 34.339355 14.309687
v -3.794414 33.370991 12.203901
v -3.582181 31.776110 12.203909
v -3.123202 37.594921 14.115667
v -3.946949 36.748211 12.203886
v -3.890346 38.444107 12.203878
v -3.890360 35.052319 12.203894
v -1.719381 42.762238 14.113100
v -3.164603 43.982018 12.203856
v -1.633876 44.596920 13.823709
v -3.333209 43.272491 12.203859
v -3.582134 41.720318 12.203863
v -1.844428 41.070465 14.356848
v -3.794383 40.125431 12.203871
v -1.930271 40.223225 14.486055
v -1.918825 39.787231 14.428488
v -2.090074 39.508114 14.413046
v -1.126287 38.694935 13.506884
v -2.311056 39.119827 14.381357
v -1.592829 38.337955 13.506880
v -2.792370 38.403858 14.282866
v -1.950810 37.872715 13.506884
v -2.175856 37.330929 13.506884
v -2.252614 36.749519 13.506887
v -0.087097 55.166405 10.172110
v -4.534907 49.451260 9.997168
v -0.091073 53.630360 11.217443
v -4.187907 48.421539 10.970980
v -0.094613 51.800995 12.166288
v -3.740211 47.162880 11.891077
v -0.097753 49.710148 13.000486
v -3.274415 45.848846 12.651369
v -0.100570 47.394295 13.704550
v -0.103145 44.893768 14.265661
v -0.105547 42.251976 14.673738
v -0.106713 40.420609 14.839296
v -3.681182 44.692299 12.637278
v -0.151988 34.516468 13.702715
v -0.583014 34.579674 13.702715
v -1.126307 34.804092 13.702711
v -1.592845 35.161083 13.702707
v -1.950822 35.626331 13.702703
v -2.175863 36.168118 13.702700
v -2.252615 36.749523 13.702696
v -2.175857 37.330933 13.702696
v -1.950811 37.872719 13.702692
v -1.592829 38.337959 13.702696
v -1.126288 38.694939 13.702696
v -0.582992 38.919361 13.702696
v -0.178194 38.978710 13.702700
v -3.106741 40.124344 -0.869085
v -4.481890 40.126392 -1.735941
v -3.180248 38.435589 -0.869082
v -4.600310 38.452496 -1.735937
v -3.681110 44.692238 -1.735956
v -2.297145 44.570839 -0.869101
v -3.274343 45.848782 -1.750051
v -2.647960 43.271679 -0.869097
v -4.018324 43.273190 -1.735952
v -3.775333 42.887764 -1.541178
v -4.286783 41.742504 -1.735948
v -3.838140 41.742500 -1.453783
v -2.705307 42.878265 -0.869097
v -0.146003 33.724312 15.013044
v -0.721719 33.774216 15.035265
v -0.145638 33.675877 15.093161
v -0.713412 33.822453 14.955458
v -1.245627 33.991268 14.875181
v -1.287837 33.953785 14.949869
v -2.945494 37.428085 14.330709
v -3.010543 36.749527 14.299891
v -2.945501 36.070972 14.330713
v -3.084080 36.749527 14.357832
v -3.017692 36.061859 14.389620
v -2.745414 35.409763 14.426466
v -2.813263 35.391270 14.488268
v -2.425206 34.767239 14.632097
v -2.365644 34.795422 14.565592
v -1.798157 34.252228 14.764540
v -1.843990 34.214581 14.836977
v -0.171196 39.821251 15.092051
v -0.171600 39.772705 15.011999
v -0.449134 39.798656 15.076952
v -0.433506 39.751358 14.997686
v -0.812721 39.727852 15.035872
v -0.799074 39.679825 14.956675
v -1.183485 39.609287 14.976210
v -1.147630 39.568092 14.900167
v -1.608359 39.368023 14.818220
v -1.986638 39.103683 14.701193
v -2.365625 38.703636 14.565577
v -2.745401 38.089306 14.426458
v -3.017685 37.437199 14.389616
v -2.813249 38.107796 14.488256
v -2.425187 38.731819 14.632082
v -2.045006 39.131413 14.768930
v -1.640847 39.413383 14.893400
v -0.380634 34.164848 -4.221061
v -1.116178 29.171829 -3.561924
v -1.775620 30.242401 -3.561931
v -0.173235 34.004379 -4.221059
v -0.163276 28.577591 -3.561916
v -0.110003 33.972191 -4.221059
v -0.110033 28.567776 -3.561916
v -0.380665 28.617661 -3.561918
v -0.109987 36.749432 -4.295293
v -0.110063 23.722317 -2.288581
v -0.188303 23.736736 -2.288581
v -0.605620 23.813652 -2.288583
v -1.200911 24.146608 -2.288589
v -1.775654 24.695208 -2.288595
v -2.320012 25.450058 -2.288600
v -2.824672 26.398241 -2.288606
v -3.281000 27.523542 -2.288614
v -0.162883 44.921349 -3.561986
v -0.109975 39.526676 -4.221082
v -0.159689 39.501369 -4.221082
v -0.166317 36.749432 -4.295293
v -0.789204 35.046410 -4.221066
v -0.605556 34.530006 -4.221063
v -2.314047 31.756416 -3.561941
v -3.681185 28.806702 -2.288620
v -4.018387 30.225756 -2.288629
v -2.694769 33.610699 -3.561952
v -4.286829 31.756433 -2.288637
v -4.481921 33.372540 -2.288644
v -2.891840 35.678883 -3.561960
v -4.600325 35.046432 -2.288652
v -4.640012 36.749466 -2.288660
v -0.919061 35.678871 -4.221070
v -0.986278 36.384285 -4.221074
v -0.986275 37.114586 -4.221074
v -2.891829 37.820023 -3.561971
v -0.919050 37.820007 -4.221078
v -2.694739 39.888206 -3.561979
v -0.789187 38.452469 -4.221082
v -2.313998 41.742485 -3.561983
v -0.605535 38.968868 -4.221082
v -0.380608 39.334019 -4.221082
v -1.775554 43.256496 -3.561986
v -1.116102 44.327061 -3.561990
v -2.319899 48.048859 -2.288698
v -1.775533 48.803703 -2.288698
v -2.694699 49.874283 -1.447355
v -4.600308 38.452496 -2.288667
v -4.481887 40.126389 -2.288675
v -4.286780 41.742500 -2.288679
v -4.018322 43.273178 -2.288686
v -3.681110 44.692230 -2.288690
v -3.280909 45.975384 -2.288694
v -2.824569 47.100681 -2.288698
v -3.280898 48.772923 -1.447351
v -3.681090 50.239445 -0.487978
v -3.023391 51.475140 -0.487978
v -4.018296 51.475151 0.573007
v -3.300350 52.824032 0.573007
v -3.810960 47.465839 -1.447347
v -4.275804 48.772934 -0.487974
v -4.667485 49.874302 0.573011
v -4.979304 50.751102 1.717458
v -4.286747 52.458893 1.717454
v -5.205925 51.388332 2.925778
v -4.481848 53.173840 2.925775
v -5.343471 51.775085 4.177303
v -4.600265 53.607769 4.177299
v -5.389586 51.904743 5.450619
v -4.639966 53.753242 5.450615
v -4.600277 53.607780 6.723930
v -3.778357 55.152012 6.723927
v -3.681110 54.678352 7.975460
v -2.817361 55.876072 7.975456
v -3.520840 53.897888 1.717451
v -3.681085 54.678329 2.925775
v -3.778345 55.152000 4.177296
v -3.810955 55.310802 5.450611
v -2.891788 56.381378 6.723927
v -1.905405 56.746517 7.975456
v -1.822467 55.876072 9.183790
v -0.919024 56.381378 9.183790
v -0.861477 55.152012 10.328245
v -0.162901 55.280758 10.328249
v -0.162913 53.723198 11.389246
v -0.789188 53.607780 11.389242
v -2.062391 50.751072 -1.447355
v -2.313959 52.458870 -0.487982
v -2.525934 53.897877 0.573003
v -2.694689 55.043472 1.717451
v -2.817336 55.876049 2.925771
v -2.891775 56.381367 4.177296
v -2.916736 56.550774 5.450611
v -1.955739 57.274822 6.723930
v -0.960845 57.274818 7.975464
v -0.162890 56.520729 9.183794
v -1.972609 57.451931 5.450611
v -1.955726 57.274811 4.177296
v -1.905380 56.746494 2.925775
v -1.822430 55.876038 1.717451
v -1.708297 54.678307 0.573007
v -1.564933 53.173809 -0.487978
v -1.394792 51.388290 -1.447355
v -1.200785 49.352299 -2.288698
v -0.380582 44.881226 -3.561986
v -0.986225 57.817081 6.723930
v -0.994730 57.998867 5.450615
v -0.986212 57.817070 4.177299
v -0.960820 57.274796 2.925775
v -0.918987 56.381344 1.717454
v -0.861429 55.151970 0.573007
v -0.789129 53.607727 -0.487978
v -0.703327 51.775036 -1.447351
v -0.605490 49.685253 -2.288698
v -0.162864 49.766827 -2.288694
v -0.162858 51.874641 -1.447351
v -0.162853 53.723145 -0.487974
v -0.162852 55.280716 0.573011
v -0.162852 56.520695 1.717458
v -0.162853 57.421856 2.925778
v -0.162857 57.968815 4.177303
v -0.162860 58.152176 5.450619
v -0.162869 57.968826 6.723930
v -0.162878 57.421879 7.975464
v -0.109937 57.978577 6.723930
v -0.109928 58.161934 5.450619
v -0.109925 57.978565 4.177303
v -0.109921 57.431614 2.925778
v -0.109920 56.530449 1.717458
v -0.109920 55.290470 0.573011
v -0.109921 53.732899 -0.487974
v -0.109927 51.884396 -1.447347
v -0.109933 49.776581 -2.288694
v -0.109951 44.931103 -3.561986
v -0.110056 42.276428 14.873522
v -0.110041 44.931183 14.463339
v -0.162973 44.921429 14.463339
v -0.162957 47.435841 13.898947
v -0.110025 47.445595 13.898947
v -0.162942 49.766895 13.190004
v -0.110011 49.776649 13.190004
v -0.162927 51.874702 12.348639
v -0.109996 51.884457 12.348642
v -0.109981 53.732952 11.389250
v -0.109969 55.290512 10.328253
v -0.109958 56.530483 9.183790
v -0.109946 57.431637 7.975464
v -0.703396 51.775097 12.348639
v -0.605567 49.685322 13.190001
v -0.497375 47.374210 13.898947
v -0.625846 44.696587 14.463339
v -0.162988 42.266670 14.873522
v -0.682183 42.256844 14.822603
v -0.163471 40.432083 15.039621
v -0.531956 40.360909 15.021849
v -0.170122 39.906166 15.084761
v -0.461497 39.882587 15.068727
v -0.948227 40.224426 14.979200
v -0.835025 39.809589 15.026545
v -1.362488 40.046566 14.915464
v -1.215513 39.687523 14.965342
v -2.098095 39.193249 14.743967
v -1.684401 39.484089 14.874197
v -0.110069 39.911114 15.087683
v -0.110067 40.438774 15.039907
v -1.871970 39.788601 14.791491
v -2.304935 39.434162 14.646700
v -2.494750 38.770416 14.601480
v -2.770761 38.923565 14.480062
v -2.878947 38.144749 14.448462
v -3.100044 38.269108 14.314539
v -3.311723 37.535309 14.202589
v -3.778478 38.148300 13.898970
v -3.811090 36.749531 13.898977
v -4.640090 36.749535 13.190039
v -3.778492 35.350765 13.898981
v -4.600402 35.046501 13.190046
v -3.681243 33.975933 13.898985
v -4.481998 33.372608 13.190054
v -3.521007 32.648556 13.898993
v -4.286906 31.756498 13.190062
v -3.427584 36.749527 14.141027
v -3.086914 37.460297 14.345579
v -3.156159 36.749527 14.312338
v -3.320234 35.977169 14.197424
v -3.078351 35.250008 14.328894
v -2.777028 34.589478 14.478205
v -2.879712 35.355862 14.448317
v -2.496073 34.731434 14.601099
v -1.876843 34.138073 14.818754
v -3.087711 36.042259 14.345137
v -2.062569 30.949869 14.463388
v -1.458467 29.646427 14.463396
v -0.986396 31.945511 14.873564
v -1.470739 32.937592 14.856592
v -2.526109 32.648552 14.463377
v -2.037393 33.764183 14.729712
v -3.300524 31.391350 13.899000
v -3.023569 30.225821 13.899008
v -2.694879 29.171913 13.899012
v -2.320079 28.247660 13.899019
v -1.905581 27.468880 13.899023
v -1.458478 26.848890 13.899031
v -4.018462 30.225824 13.190073
v -3.681262 28.806768 13.190077
v -3.281076 27.523609 13.190084
v -2.824747 26.398312 13.190096
v -2.320087 25.450132 13.190100
v -1.775731 24.695274 13.190104
v -0.986419 26.398304 13.899035
v -1.200989 24.146675 13.190111
v -0.497482 26.124832 13.899038
v -0.605697 23.813719 13.190115
v -0.145280 26.059919 13.899038
v -0.145288 23.728861 13.190119
v -1.316990 33.847729 14.935240
v -1.403371 33.376453 14.880854
v -0.769484 33.117352 14.977335
v -0.510603 31.391338 14.873568
v -0.754971 28.827045 14.463404
v -0.145269 28.574333 14.463408
v -0.145258 31.229090 14.873571
v -0.145643 32.989388 15.031420
v -0.145638 33.538578 15.080812
v -0.739921 33.647896 15.022593
v -2.694829 39.888287 14.463346
v -2.526069 40.850506 14.463343
v -2.314088 41.742565 14.463343
v -1.775645 43.256577 14.463339
v -1.116192 44.327141 14.463335
v -3.681215 39.523132 13.898966
v -3.520967 40.850510 13.898958
v -3.300471 42.107716 13.898954
v -3.023504 43.273243 13.898951
v -2.694803 44.327148 13.898947
v -2.319993 45.251396 13.898947
v -1.905488 46.030174 13.898943
v -1.458379 46.650162 13.898943
v -0.986315 47.100739 13.898943
v -3.280987 45.975452 13.190004
v -2.824647 47.100750 13.190001
v -3.681187 44.692299 13.190008
v -4.018400 43.273243 13.190012
v -4.286858 41.742569 13.190020
v -4.481965 40.126457 13.190023
v -4.600385 38.452564 13.190031
v -2.694726 55.043507 9.183790
v -1.708346 54.678349 10.328241
v -1.564993 53.173862 11.389242
v -1.394861 51.388351 12.348635
v -1.200863 49.352367 13.190001
v -1.775610 48.803772 13.190001
v -2.319976 48.048927 13.190001
v -5.343483 51.775097 6.723934
v -4.481874 53.173862 7.975460
v -3.520877 53.897923 9.183786
v -2.525983 53.897919 10.328241
v -2.314018 52.458923 11.389242
v -2.062459 50.751133 12.348635
v -2.694768 49.874344 12.348635
v -3.280967 48.772984 12.348639
v -3.811029 47.465900 12.348642
v -5.205951 51.388355 7.975468
v -4.286784 52.458927 9.183790
v -3.300399 52.824074 10.328245
v -3.023450 51.475193 11.389242
v -3.681149 50.239498 11.389246
v -4.275863 48.772987 11.389250
v -4.979342 50.751137 9.183794
v -4.018344 51.475193 10.328245
v -4.667533 49.874344 10.328249
v -3.890293 35.052261 -1.302492
v -3.794347 33.370937 -1.302484
v -3.180265 35.058079 -0.869066
v -4.620160 37.718330 -1.296751
v -3.321425 37.708561 -0.429896
v -4.620165 36.015301 -1.296743
v -4.640008 36.749466 -1.735929
v -4.600320 35.046436 -1.735922
v -4.640009 36.866817 -1.296747
v -4.286826 31.756445 -1.735904
v -4.018381 30.225763 -2.288627
v -4.032538 30.221996 -1.735897
v -4.286823 31.756441 -2.288635
v -4.481915 33.372543 -2.288642
v -4.481918 33.372547 -1.735912
v -4.600317 35.046432 -2.288652
v -4.640006 36.749462 -2.288660
v -4.600307 38.452492 -2.288667
v -3.681108 44.692234 -2.288690
v -3.280907 45.975384 -2.288694
v -3.253754 36.746834 -0.869074
v -3.358178 36.864185 -0.429892
v -3.321433 36.019806 -0.429888
v -2.320082 25.450130 12.637365
v -2.824740 26.398312 12.203932
v -3.281068 27.523605 12.203928
v -2.824743 26.398314 12.637358
v -3.281070 27.523607 12.637354
v -3.258924 27.691259 12.528994
v -3.258922 27.691257 12.203928
v -2.792403 28.194214 12.203928
v -0.000017 27.523588 12.203943
v -2.460805 27.523600 12.203932
v -4.979342 50.751137 9.183794
v -5.207847 51.388264 7.986622
v -4.667532 49.874344 10.328253
v -4.275860 48.772987 11.389254
v -3.811027 47.465897 12.348642
v -3.280985 45.975456 13.190004
v -3.810959 47.465839 -1.447347
v -3.740151 47.162819 -0.989779
v -4.187860 48.421482 -0.069701
v -4.534867 49.451221 0.904096
v -4.667485 49.874306 0.573011
v -4.827805 50.308250 2.012643
v -4.979304 50.751106 1.717458
v -5.035409 50.899078 3.120088
v -5.205926 51.388332 2.925782
v -5.166095 51.269276 4.314774
v -5.343471 51.775085 4.177307
v -5.206048 51.382710 5.450626
v -5.343483 51.775093 6.723934
v -0.110059 23.722319 -1.735849
v 2.989245 28.864803 13.542150
v -0.000011 28.806746 12.203936
v 0.100322 28.806755 14.211641
v 2.989252 28.864798 12.203951
v 0.190301 38.976944 13.506887
v 0.119571 39.161137 13.506887
v 0.583059 38.919350 13.506887
v 0.110134 38.988697 13.506887
v 0.111976 39.022373 13.664461
v 0.110133 38.988701 13.702700
v 0.110845 39.842594 15.047091
v 0.110130 39.776978 15.013487
v 0.110130 39.826221 15.095369
v 0.110913 39.793846 14.964914
v 0.113336 39.899555 14.879160
v 2.773482 30.393562 -2.931325
v 3.340409 30.221960 -1.302435
v 3.582257 31.776012 -1.302440
v 3.030113 29.009766 -1.301344
v 0.110131 25.049751 -1.301681
v 1.064577 25.942295 -2.552503
v 0.100696 26.104673 -2.803125
v 1.169799 25.049746 -1.301676
v 1.263941 25.141123 -1.301622
v 1.742593 25.809660 -1.301492
v 2.207757 26.686581 -1.301430
v 2.049841 27.487064 -2.817935
v 2.639531 27.753202 -1.301399
v 3.123250 37.594891 14.115698
v 3.947007 36.748173 12.203924
v 3.193562 36.749107 14.115702
v 3.890422 38.444069 12.203917
v 2.792424 38.403828 14.282892
v 2.311116 39.119804 14.381380
v 3.794475 40.125393 12.203909
v 2.090138 39.508091 14.413065
v 1.592890 38.337940 13.506895
v 1.950866 37.872692 13.506899
v 1.126351 38.694927 13.506891
v 1.918891 39.787209 14.428507
v 1.930341 40.223202 14.486071
v 1.844508 41.070450 14.356871
v 3.582242 41.720280 12.203901
v 1.719481 42.762222 14.113115
v 3.333333 43.272461 12.203894
v 3.164733 43.981987 12.203886
v 1.633996 44.596905 13.823725
v 3.274561 45.848816 12.651400
v 3.681316 44.692261 12.637312
v 0.106781 40.420609 14.839296
v 0.105635 42.251976 14.673742
v 0.103265 44.893768 14.265661
v 0.100720 47.394295 13.704550
v 0.097933 49.710152 13.000486
v 3.740377 47.162842 11.891111
v 0.094823 51.800995 12.166288
v 4.188095 48.421501 10.971022
v 0.091311 53.630360 11.217443
v 4.535115 49.451210 9.997213
v 0.087359 55.166405 10.172110
v 4.828065 50.308235 8.888659
v 0.083060 56.382988 9.050924
v -3.106741 40.124344 -0.869089
v -3.253754 36.746834 -0.869074
v -0.110619 39.929413 15.032820
v -0.104601 53.703758 11.340364
v -0.103453 55.255157 10.283766
v -0.105622 51.860725 12.296789
v -0.106526 49.757748 13.136137
v -0.107338 47.431015 13.843706
v -0.108082 44.920551 14.407175
v -0.108775 42.269482 14.816767
v -0.109114 40.433617 14.982954
v -0.100921 57.382778 2.954167
v -0.099944 57.924400 4.192741
v -0.099561 58.105690 5.450619
v -0.099955 57.924416 6.708496
v -0.100946 57.382809 7.947075
v -0.102198 56.488380 9.145868
v -0.103404 55.255112 0.617494
v -0.102161 56.488346 1.755384
v -0.105207 36.749432 -4.238297
v -0.109342 39.523243 -4.163991
v -0.107992 44.920471 -3.505823
v -0.106450 49.757675 -2.234827
v -0.105553 51.860664 -1.395494
v -0.104542 53.703705 -0.439085
v -0.110063 23.722317 -2.231386
v -0.108074 28.578407 -3.505752
v -0.109370 33.975620 -4.163968
v -0.110059 23.722319 -1.735849
v -0.110055 25.049751 -1.301681
v -0.181224 23.735434 -1.735849
v -0.605619 23.813658 -1.735851
v -1.046924 25.049757 -1.301685
v -1.200910 24.146618 -1.735855
v -1.169723 25.049757 -1.301687
v -1.775651 24.695217 -1.735861
v -2.320009 25.450068 -1.735866
v -2.824671 26.398251 -1.735874
v -3.280999 27.523544 -1.735882
v -2.639427 27.753225 -1.301422
v -3.681185 28.806707 -1.735889
v 3.126440 35.838009 14.115705
v 3.890402 35.052280 12.203932
v 2.902714 34.993099 14.169985
v 3.794438 33.370953 12.203939
v 2.296681 34.339333 14.309710
v 3.340342 30.222019 12.203947
v 1.006769 33.639133 14.726793
v 3.582189 31.776073 12.203939
v 1.811744 33.977680 14.627089
v 1.126332 34.804081 13.506910
v 1.592874 35.161064 13.506910
v 1.950855 35.626305 13.506910
v 2.175902 36.168091 13.506910
v 2.252660 36.749496 13.506907
v 2.175908 37.330906 13.506903
v 0.636176 34.362343 13.570639
v 0.121888 34.290684 13.570635
v 0.110100 33.470425 14.826498
v 0.109285 40.434177 14.989138
v 0.109002 42.270237 14.822931
v 0.108413 44.921707 14.413275
v 0.107778 47.432602 13.849707
v 0.107084 49.759800 13.141985
v 0.106305 51.863297 12.302420
v 0.105421 53.706932 11.345675
v 0.104422 55.258995 10.288595
v 0.103327 56.492950 9.149984
v 0.078813 57.261051 7.876289
v 0.102231 57.388107 7.950161
v 0.075496 57.789948 6.670174
v 0.101365 57.930302 6.710171
v 0.074213 57.966309 5.450619
v 0.110217 53.732956 11.389250
v 0.110231 55.290512 10.328253
v 0.110244 56.530483 9.183798
v 0.110254 57.431637 7.975464
v 0.110263 57.978577 6.723938
v 0.101027 58.111794 5.450619
v 0.101378 57.930286 4.191067
v 0.075508 57.789917 4.231071
v 0.102257 57.388084 2.951085
v 0.078838 57.261021 3.024953
v 0.103364 56.492920 1.751268
v 0.083096 56.382950 1.850324
v 0.104471 55.258949 0.612665
v 0.087407 55.166363 0.729146
v 0.109661 39.523617 -4.170190
v 0.110225 39.526676 -4.221082
v 0.110211 36.749432 -4.295289
v 0.108503 44.921627 -3.511919
v 0.110249 44.931103 -3.561986
v 0.107160 49.759731 -2.240674
v 0.110267 49.776581 -2.288694
v 0.106374 51.863239 -1.401125
v 0.110273 51.884396 -1.447347
v 0.105480 53.706879 -0.444395
v 0.110277 53.732899 -0.487974
v 0.110280 55.290470 0.573011
v 0.110282 56.530449 1.717458
v 0.110279 57.431614 2.925778
v 0.110275 57.978565 4.177303
v 0.110268 58.161934 5.450619
v 0.091368 53.630310 -0.316168
v 0.094889 51.800938 -1.264993
v 0.098009 49.710075 -2.099176
v 0.103353 44.893692 -3.364305
v 0.105729 42.251896 -3.772363
v 0.107996 39.514591 -4.020120
v 0.105949 36.749432 -4.244485
v 0.109633 33.975246 -4.170167
v 0.110197 33.972191 -4.221057
v 0.108420 28.577253 -3.511850
v 0.110167 28.567776 -3.561916
v 0.107757 26.066362 -2.948282
v 0.093370 36.749432 -4.094537
v 0.107970 33.984272 -4.020097
v 0.103271 28.605192 -3.364236
v 0.110152 26.053368 -2.997524
v 0.110137 23.722317 -2.288579
v 0.110135 23.722317 -2.237596
v 0.110127 23.722319 -1.735849
v 1.116318 29.171818 -3.561912
v 2.320102 25.450035 -2.288576
v 1.775736 24.695189 -2.288576
v 1.200989 24.146597 -2.288576
v 0.380799 28.617657 -3.561914
v 0.161059 28.577156 -3.561914
v 0.605694 23.813644 -2.288578
v 0.160682 23.731632 -2.288579
v 2.824772 26.398214 -2.288578
v 1.775770 30.242382 -3.561914
v 3.281111 27.523508 -2.288581
v 0.380830 34.164848 -4.221057
v 0.164115 33.999641 -4.221057
v 0.158555 44.922199 -3.561986
v 0.159502 39.501591 -4.221082
v 0.161760 36.749432 -4.295289
v 0.789410 35.046402 -4.221059
v 0.605756 34.529999 -4.221057
v 2.314213 31.756393 -3.561918
v 3.681309 28.806664 -2.288583
v 4.018525 30.225714 -2.288589
v 2.694954 33.610668 -3.561924
v 4.286983 31.756392 -2.288595
v 4.482091 33.372494 -2.288600
v 2.892046 35.678852 -3.561933
v 4.600512 35.046387 -2.288606
v 4.640215 36.749420 -2.288614
v 0.919273 35.678864 -4.221061
v 0.986498 36.384277 -4.221063
v 0.789427 38.452461 -4.221074
v 0.380856 39.334019 -4.221078
v 0.605779 38.968861 -4.221074
v 0.986501 37.114578 -4.221066
v 0.919284 37.820000 -4.221070
v 0.605822 49.685246 -2.288690
v 0.380880 44.881226 -3.561983
v 1.116394 44.327053 -3.561979
v 1.775836 43.256481 -3.561971
v 2.314264 41.742462 -3.561960
v 2.694987 39.888176 -3.561952
v 2.892056 37.819992 -3.561941
v 4.600528 38.452450 -2.288621
v 4.482125 40.126343 -2.288629
v 4.287034 41.742455 -2.288637
v 4.018590 43.273140 -2.288644
v 3.681392 44.692192 -2.288652
v 3.281205 45.975353 -2.288660
v 2.824877 47.100651 -2.288667
v 3.811262 47.465801 -1.447313
v 3.281214 48.772892 -1.447321
v 4.276109 48.772888 -0.487932
v 3.681410 50.239407 -0.487940
v 4.667791 49.874256 0.573057
v 4.018618 51.475113 0.573049
v 4.979608 50.751049 1.717508
v 2.320215 48.048836 -2.288675
v 1.775857 48.803688 -2.288682
v 2.695025 49.874252 -1.447328
v 3.023723 51.475109 -0.487951
v 2.062725 50.751049 -1.447336
v 1.201115 49.352283 -2.288686
v 2.817653 55.876041 7.975487
v 3.778655 55.151974 6.723965
v 2.892098 56.381348 6.723957
v 3.811267 55.310764 5.450649
v 4.640262 53.753197 5.450661
v 3.778667 55.151962 4.177334
v 4.600572 53.607723 4.177345
v 3.681416 54.678291 2.925809
v 4.482164 53.173794 2.925820
v 3.521174 53.897850 1.717485
v 4.287067 52.458847 1.717496
v 3.300686 52.824001 0.573038
v 2.314301 52.458847 -0.487959
v 1.395134 51.388275 -1.447340
v 2.917060 56.550743 5.450638
v 2.892111 56.381336 4.177326
v 2.817678 55.876019 2.925801
v 2.695035 55.043442 1.717477
v 2.526280 53.897854 0.573030
v 1.565283 53.173794 -0.487967
v 0.703673 51.775028 -1.447347
v 0.158573 49.767677 -2.288694
v 1.956070 57.274788 4.177315
v 1.905730 56.746479 2.925794
v 1.822784 55.876022 1.717470
v 1.708651 54.678291 0.573022
v 0.789483 53.607719 -0.487971
v 0.158579 51.875492 -1.447347
v 0.961176 57.274788 2.925786
v 0.919347 56.381336 1.717462
v 0.861787 55.151962 0.573015
v 0.158583 53.723995 -0.487974
v 0.158588 56.521549 1.717458
v 0.158586 55.281567 0.573011
v 1.956057 57.274799 6.723946
v 1.972941 57.451908 5.450630
v 0.986562 57.817062 4.177311
v 0.158585 57.422710 2.925778
v 0.986461 47.100731 13.898954
v 0.497523 47.374203 13.898951
v 0.625962 44.696579 14.463343
v 1.201037 49.352352 13.190012
v 0.605745 49.685314 13.190008
v 1.395065 51.388336 12.348650
v 0.703604 51.775089 12.348646
v 1.565223 53.173851 11.389257
v 0.789424 53.607773 11.389257
v 1.708602 54.678329 10.328257
v 0.861739 55.152000 10.328253
v 1.822747 55.876057 9.183805
v 0.919309 56.381371 9.183798
v 1.905705 56.746502 7.975479
v 0.961151 57.274811 7.975471
v 0.986549 57.817074 6.723938
v 0.995068 57.998859 5.450623
v 0.158550 56.521584 9.183794
v 0.158560 57.422733 7.975464
v 0.158569 57.969673 6.723938
v 0.158574 58.153030 5.450619
v 0.158581 57.969662 4.177303
v 0.110133 40.438774 15.039907
v 0.158449 42.267525 14.873526
v 0.110144 42.276428 14.873526
v 0.158465 44.922279 14.463339
v 0.110159 44.931183 14.463339
v 0.158479 47.436691 13.898947
v 0.110173 47.445595 13.898947
v 0.158495 49.767746 13.190004
v 0.110189 49.776649 13.190004
v 0.158510 51.875553 12.348642
v 0.110204 51.884457 12.348642
v 0.158523 53.724052 11.389250
v 0.158537 55.281609 10.328253
v 0.532022 40.360901 15.021856
v 0.158871 40.432663 15.039648
v 0.158619 39.908203 15.085264
v 0.625220 42.254311 14.829416
v 2.062656 50.751110 12.348654
v 2.694956 49.874313 12.348661
v 3.023664 51.475166 11.389273
v 1.775779 48.803757 13.190016
v 2.320138 48.048904 13.190023
v 1.458519 46.650146 13.898958
v 1.905622 46.030159 13.898962
v 1.116304 44.327133 14.463346
v 1.775745 43.256561 14.463354
v 0.948293 40.224419 14.979208
v 0.461706 39.883575 15.068636
v 0.158577 39.822281 15.092737
v 0.110131 39.912117 15.087591
v 0.835350 39.810547 15.026442
v 0.812781 39.727844 15.035879
v 0.449194 39.798649 15.076960
v 1.183545 39.609272 14.976221
v 2.526147 40.850483 14.463369
v 3.521049 40.850471 13.898993
v 3.300567 42.107685 13.898989
v 2.314174 41.742542 14.463366
v 3.023612 43.273212 13.898981
v 1.362552 40.046551 14.915480
v 1.215952 39.688438 14.965223
v 1.640905 39.413368 14.893415
v 1.684975 39.484913 14.873983
v 2.045062 39.131390 14.768953
v 2.098782 39.193954 14.743692
v 2.425241 38.731796 14.632105
v 2.495629 38.770851 14.601145
v 2.813298 38.107765 14.488283
v 2.879775 38.145157 14.448019
v 3.087779 37.460541 14.345091
v 1.872033 39.788586 14.791510
v 2.694897 39.888256 14.463373
v 3.681285 39.523094 13.899000
v 3.311769 37.535278 14.202620
v 3.100097 38.269077 14.314569
v 2.770819 38.923534 14.480093
v 2.304996 39.434139 14.646723
v 3.157051 36.749496 14.311831
v 3.427624 36.749496 14.141062
v 3.320265 35.977139 14.197458
v 3.811132 36.749493 13.899015
v 3.778534 38.148262 13.899008
v 3.088571 36.041996 14.344645
v 3.017722 36.061829 14.389650
v 2.813285 35.391239 14.488295
v 2.694921 44.327118 13.898973
v 3.681315 44.692261 13.190046
v 4.018514 43.273205 13.190050
v 4.286957 41.742523 13.190058
v 4.482048 40.126411 13.190069
v 4.600451 38.452518 13.190077
v 4.640138 36.749489 13.190084
v 3.778520 35.350727 13.899019
v 3.078373 35.249977 14.328924
v 2.880522 35.355412 14.447874
v 2.496927 34.730984 14.600756
v 2.777042 34.589447 14.478231
v 1.877239 34.137150 14.818556
v 2.037397 33.764160 14.729731
v 2.526105 32.648529 14.463404
v 1.435521 32.886211 14.864489
v 2.062547 30.949850 14.463408
v 0.986380 31.945499 14.873571
v 1.458431 29.646412 14.463411
v 2.320035 28.247637 13.899042
v 1.905529 27.468861 13.899042
v 1.458420 26.848875 13.899046
v 3.023545 30.225790 13.899038
v 2.694845 29.171886 13.899042
v 2.425220 34.767216 14.632120
v 1.843996 34.214565 14.836996
v 1.287839 33.953770 14.949881
v 1.317121 33.847408 14.935179
v 1.378976 33.361519 14.886683
v 0.797182 33.127186 14.973757
v 0.510581 31.391335 14.873571
v 0.754927 28.827038 14.463411
v 0.986357 26.398293 13.899042
v 1.775659 24.695255 13.190123
v 1.200911 24.146664 13.190123
v 0.497418 26.124828 13.899042
v 0.150884 28.575377 14.463409
v 0.150874 26.060963 13.899040
v 0.150895 31.230133 14.873573
v 0.151359 32.989922 15.031130
v 0.151360 33.539082 15.080469
v 0.741829 33.648056 15.022486
v 0.110077 28.567856 14.463411
v 0.110067 26.053442 13.899038
v 0.110088 31.222612 14.873571
v 0.110096 32.986073 15.033224
v 0.110099 33.535461 15.082964
v 0.110099 33.672810 15.095396
v 0.151359 33.676369 15.092802
v 0.723627 33.774372 15.035151
v 0.605617 23.813711 13.190119
v 0.150867 23.729904 13.190117
v 0.110059 23.722383 13.190119
v 0.110127 23.722319 -1.735849
v 0.185596 23.736229 -1.735847
v 0.110131 25.049751 -1.301679
v 0.605687 23.813650 -1.735845
v 1.047000 25.049746 -1.301676
v 1.200982 24.146606 -1.735845
v 1.169799 25.049746 -1.301676
v 1.775729 24.695198 -1.735843
v 2.320094 25.450045 -1.735845
v 2.824765 26.398224 -1.735845
v 3.281105 27.523510 -1.735849
v 2.639531 27.753199 -1.301397
v 3.681303 28.806669 -1.735853
v 3.180454 38.435558 -0.869051
v 4.620364 37.718285 -1.296705
v 4.600524 38.452450 -1.735891
v 3.321619 37.708530 -0.429865
v 3.253944 36.746803 -0.869044
v 3.358364 36.864155 -0.429861
v 3.321611 36.019775 -0.429857
v 3.180437 35.058048 -0.869036
v -0.000023 26.398298 12.203947
v 2.320024 25.450108 12.637388
v -0.000029 25.450119 12.637377
v 2.824696 26.398285 12.203962
v 3.281034 27.523571 12.203959
v 2.824693 26.398287 12.637388
v 3.281032 27.523573 12.637384
v 3.258888 27.691225 12.529028
v 3.258890 27.691223 12.203959
v 4.482082 33.372501 -1.735868
v 4.600502 35.046391 -1.735876
v 3.890469 35.052223 -1.302454
v 3.794507 33.370899 -1.302446
v 4.286974 31.756401 -1.735862
v 4.032670 30.221954 -1.735857
v 3.340409 30.221960 -1.302435
v 4.482007 33.372562 13.190100
v 4.286901 31.756462 13.190104
v 4.286903 31.756460 12.637369
v 4.482009 33.372559 12.637365
v 4.600429 35.046455 12.637358
v 4.600426 35.046459 13.190092
v 4.640134 36.749485 12.637350
v 4.640131 36.749489 13.190084
v 4.600452 38.452518 12.637342
v 4.600450 38.452522 13.190077
v 4.482049 40.126408 12.637335
v 4.482047 40.126411 13.190069
v 4.286959 41.742519 12.637327
v 4.286957 41.742523 13.190065
v 4.018516 43.273205 12.637320
v 4.018513 43.273209 13.190054
v 3.681313 44.692265 13.190042
v 3.281125 45.975426 13.190039
v 0.110055 23.722378 12.637384
v 0.605613 23.813711 13.190119
v 0.110052 23.722380 13.190119
v 0.605615 23.813709 12.637388
v 1.200907 24.146667 13.190119
v 1.200910 24.146666 12.637388
v 1.775658 24.695261 12.637388
v 1.775655 24.695263 13.190123
v 2.320023 25.450109 13.190123
v 2.824692 26.398285 13.190123
v 3.281032 27.523575 13.190115
v 3.681231 28.806728 12.637381
v 3.681231 28.806730 13.190115
v 4.032598 30.222017 12.637377
v 4.018446 30.225780 13.190111
v -8.103906 15.838834 17.330460
v -8.195958 17.051039 16.528614
v -7.813076 17.030268 16.644958
v -8.485860 15.864421 17.212044
v -8.898423 16.634863 18.832180
v -8.568027 16.721117 17.384010
v -8.918478 17.206274 18.667450
v -9.490720 16.868906 19.105984
v -9.386891 17.391365 18.883980
v -10.426467 17.557791 18.789459
v -10.530295 17.035334 19.011459
v -11.060914 17.482737 18.316090
v -11.164742 16.960278 18.538094
v -10.708600 16.815289 16.728081
v -10.695143 16.012430 16.527107
v -8.600575 17.370743 16.917652
v -10.455747 17.173609 15.841949
v -10.582578 17.478247 16.315392
v -11.634748 16.075375 16.235790
v -11.336638 17.221388 15.574279
v -9.150476 17.707048 21.237579
v -9.957352 17.698324 20.839668
v -10.762970 17.534908 20.078312
v -11.453136 17.220684 19.016041
v -12.016043 16.761030 17.671055
v -10.917275 18.148283 14.691724
v -11.718505 17.845026 17.051342
v -11.289170 18.772905 16.182529
v -10.371634 18.901590 13.577165
v -10.735379 19.528803 15.079462
v -9.709053 19.468424 12.249677
v -10.066604 20.099781 13.761002
v -8.940866 19.839060 10.731954
v -9.294306 20.476059 12.249758
v -8.080223 20.007183 9.049984
v -8.431693 20.651203 10.571576
v -4.973780 19.852230 7.891323
v -7.141844 19.969908 7.232533
v -5.553545 19.869911 9.817719
v -8.878312 18.782938 20.586933
v -8.524664 19.686655 19.625839
v -7.473837 17.961340 15.738039
v -8.095581 20.402727 18.370731
v -7.070899 18.722284 14.580108
v -7.598409 20.918901 16.843082
v -6.611153 19.300056 13.190971
v -7.041653 21.226358 15.069052
v -6.102467 19.684793 11.594402
v -6.434837 21.319820 13.078971
v -5.788346 21.197701 10.906900
v -6.398254 20.469679 8.689773
v -7.493516 20.622232 8.755133
v -7.150836 20.902050 9.573899
v -6.730686 21.093338 10.220553
v -6.240257 21.192816 10.684031
v -6.656665 20.463320 10.663954
v -7.641174 19.884094 10.079855
v -6.200471 19.805969 10.516067
v -7.688757 20.519531 10.350370
v -8.117234 19.794199 10.982201
v -8.164817 20.429636 11.252714
v -8.885403 19.423559 12.499921
v -8.932985 20.058994 12.770435
v -9.547947 18.856735 13.827427
v -9.595524 19.492168 14.097945
v -10.141089 18.738857 15.212526
v -10.093505 18.103420 14.942012
v -1.200982 24.146677 12.637377
v -0.605691 23.813717 12.637381
v -1.775724 24.695280 12.637373
v -8.431691 20.651205 10.571570
v -7.150836 20.902052 9.573897
v -7.493515 20.622234 8.755127
v -8.033655 20.976229 11.522616
v -6.730685 21.093340 10.220548
v -7.545631 21.198418 12.273739
v -6.240256 21.192818 10.684031
v -6.975977 21.313971 12.812103
v -5.788344 21.197704 10.906897
v -6.434834 21.319828 13.078967
v -7.661041 21.219660 14.763586
v -7.041651 21.226362 15.069048
v -8.283729 20.911495 16.505112
v -7.598408 20.918905 16.843079
v -8.833397 20.394745 18.006874
v -8.095581 20.402729 18.370731
v -9.300624 19.678263 19.243164
v -10.078791 19.520414 18.507763
v -10.476149 18.612278 19.438004
v -11.160411 18.300751 18.384827
v -11.453135 17.220684 19.016041
v -12.016043 16.761032 17.671047
v -8.524662 19.686657 19.625832
v -9.677425 18.774305 20.192844
v -10.762968 17.534908 20.078308
v -8.878308 18.782946 20.586933
v -9.957350 17.698324 20.839664
v -9.150474 17.707056 21.237579
v -11.718503 17.845030 17.051338
v -10.745440 19.216896 17.481686
v -9.577687 20.243767 17.303478
v -8.981417 20.769972 15.845767
v -8.300179 21.090004 14.159575
v -8.847722 20.840723 13.316813
v -9.294304 20.476061 12.249752
v -11.289170 18.772907 16.182526
v -10.215321 19.953466 16.322071
v -9.579113 20.497847 14.925810
v -10.735377 19.528803 15.079458
v -0.605693 23.813719 13.190115
v -0.110134 23.722380 13.190119
v -1.200985 24.146679 13.190107
v -1.775727 24.695282 13.190107
v -3.681257 28.806768 12.637346
v -4.032610 30.222059 12.637335
v -4.286899 31.756502 12.637331
v -4.286901 31.756506 13.190065
v -4.481991 33.372608 13.190054
v -4.481989 33.372604 12.637320
v -4.600391 35.046501 12.637312
v -4.600394 35.046505 13.190046
v -4.640080 36.749531 12.637304
v -4.640083 36.749535 13.190039
v -4.600382 38.452564 12.637300
v -4.600384 38.452568 13.190035
v -4.481961 40.126453 12.637293
v -4.481964 40.126457 13.190027
v -4.286855 41.742565 12.637285
v -4.286858 41.742569 13.190020
v -4.018396 43.273243 12.637281
v -4.018399 43.273247 13.190016
v -3.681185 44.692303 13.190008
v 4.594151 38.452492 13.190111
v 4.475747 40.126385 13.190110
v 4.280658 41.742496 13.190106
v 4.012216 43.273182 13.190104
v 3.675015 44.692234 13.190095
v 3.274829 45.975391 13.190089
v 2.313720 25.450069 13.190083
v 2.818390 26.398251 13.190091
v 3.274731 27.523548 13.190102
v 3.674930 28.806715 13.190104
v 4.012143 30.225765 13.190110
v 4.280602 31.756435 13.190113
v 4.475709 33.372540 13.190114
v 4.594129 35.046432 13.190113
v 4.633835 36.749458 13.190113
v 2.313896 25.450081 -2.288599
v 2.688684 23.624664 -1.447241
v 3.017360 22.023813 -0.487854
v 3.294302 20.674927 0.573144
v 3.514773 19.601082 1.717597
v 3.674998 18.820644 2.925924
v 3.772237 18.346977 4.177451
v 3.804826 18.188181 5.450768
v 3.772208 18.346977 6.724077
v 3.674941 18.820646 7.975607
v 3.514687 19.601084 9.183929
v 3.294192 20.674931 10.328373
v 3.017222 22.023821 11.389361
v 2.688525 23.624672 12.348744
v 5.199990 51.388294 2.925923
v 4.973382 50.751076 1.717598
v 4.661573 49.874279 0.573143
v 4.269897 48.772911 -0.487853
v 3.805056 47.465824 -1.447242
v 3.275004 45.975388 -2.288597
v 3.804898 47.465832 12.348744
v 4.269759 48.772915 11.389367
v 4.661462 49.874283 10.328373
v 4.973297 50.751076 9.183932
v 5.199931 51.388294 7.975606
v 5.337488 51.775040 6.724083
v 5.383613 51.904690 5.450762
v 5.337518 51.775036 4.177454
v 4.280777 31.756426 -2.288581
v 4.012320 30.225754 -2.288581
v 3.675106 28.806700 -2.288587
v 3.274906 27.523540 -2.288590
v 2.818567 26.398262 -2.288594
v 3.675191 44.692249 -2.288588
v 4.012392 43.273190 -2.288587
v 4.280832 41.742489 -2.288588
v 4.475924 40.126369 -2.288585
v 4.594327 38.452480 -2.288580
v 4.634009 36.749451 -2.288582
v 4.594306 35.046417 -2.288581
v 4.475885 33.372524 -2.288581
v -3.794347 33.370937 -1.302484
v -3.340281 30.221994 -1.302467
v -0.110056 23.722319 -2.288579
v -0.190850 23.737211 -2.288579
v -0.605616 23.813658 -2.288581
v -1.200907 24.146616 -2.288591
v -1.775649 24.695215 -2.288591
v -2.320007 25.450064 -2.288599
v -2.824668 26.398249 -2.288604
v -3.280997 27.523546 -2.288612
v 0.583037 34.579662 13.506907
v 7.602163 36.154842 5.450825
v 7.501084 36.246284 4.181424
v 7.566078 36.246277 5.450822
v 7.501056 36.246288 6.720222
v 7.536939 36.154850 6.724139
v 7.307140 36.246284 7.967817
v 7.342413 36.154842 7.975664
v 7.013871 36.246113 9.071060
v 7.045412 36.155994 9.095501
v 6.986687 36.293278 9.189606
v 7.008217 36.224968 9.254330
v 6.982645 36.397812 9.323844
v 6.969458 36.415550 9.239695
v 6.982949 36.749451 9.321091
v 6.973290 36.749451 9.238799
v 6.969459 37.083336 9.239693
v 6.982644 37.101074 9.323842
v 6.986695 37.205608 9.189603
v 7.008228 37.273918 9.254332
v 7.045418 37.342884 9.095503
v 7.013878 37.252766 9.071062
v 7.342421 37.344036 7.975665
v 7.307147 37.252594 7.967817
v 7.536946 37.344044 6.724140
v 7.501063 37.252605 6.720222
v 7.602170 37.344036 5.450823
v 7.566083 37.252602 5.450822
v 7.501092 37.252602 4.181424
v 7.536975 37.344040 4.177511
v 7.307205 37.252594 2.933823
v 7.342478 37.344032 2.925981
v 7.013958 37.252766 1.830569
v 7.045501 37.342884 1.806129
v 6.986778 37.205608 1.712027
v 7.008312 37.273918 1.647304
v 6.982733 37.101074 1.577788
v 6.969543 37.083336 1.661936
v 6.983034 36.749443 1.580541
v 6.973372 36.749443 1.662831
v 6.969542 36.415550 1.661937
v 6.982733 36.397812 1.577785
v 6.986767 36.293278 1.712027
v 7.008298 36.224968 1.647304
v 7.045495 36.155994 1.806128
v 7.013953 36.246113 1.830569
v 7.342471 36.154839 2.925980
v 7.307198 36.246284 2.933823
v 7.536967 36.154846 4.177509
v 6.092363 26.848825 1.717644
v 6.795858 28.826977 2.925978
v 6.369895 26.398251 2.925974
v 6.975549 28.617670 4.177504
v 6.538332 26.124773 4.177504
v 7.035779 28.547499 5.450823
v 7.356277 31.202250 5.450824
v 6.975520 28.617670 6.724137
v 7.293277 31.249708 6.724133
v 6.795800 28.826977 7.975663
v 7.105380 31.391272 7.975663
v 7.293305 31.249710 4.177508
v 7.550802 33.951912 5.450825
v 7.486136 33.975849 6.724134
v 7.293277 34.047234 7.975663
v 6.594790 26.033092 5.450818
v 6.538303 26.124773 6.724132
v 6.369838 26.398254 7.975657
v 6.092278 26.848845 9.183984
v 6.499700 29.171854 9.183982
v 6.795801 31.624510 9.183979
v 6.975520 34.164864 9.183979
v 5.580595 24.695219 1.717642
v 5.834838 24.146626 2.925970
v 5.989138 23.813663 4.177498
v 6.040855 23.702040 5.450815
v 5.989109 23.813663 6.724127
v 5.834781 24.146626 7.975649
v 5.580510 24.695230 9.183975
v 5.230649 25.450079 10.328419
v 5.710371 27.468828 10.328430
v 6.092278 29.646368 10.328431
v 6.369840 31.945440 10.328428
v 6.538303 34.326717 10.328432
v 5.337361 21.723890 4.177495
v 5.383456 21.594234 5.450811
v 5.337333 21.723890 6.724121
v 5.199780 22.110643 7.975645
v 4.973151 22.747866 9.183969
v 4.661325 23.624662 10.328417
v 4.269637 24.726017 11.389400
v 4.791186 26.398254 11.389402
v 5.230653 28.247595 11.389412
v 5.580513 30.242411 11.389415
v 5.834783 32.348560 11.389416
v 4.280678 21.040073 1.717631
v 4.973236 22.747860 1.717638
v 5.199837 22.110640 2.925964
v 4.475761 20.325129 2.925956
v 4.594155 19.891211 4.177487
v 4.633838 19.745737 5.450796
v 4.594127 19.891211 6.724113
v 4.475703 20.325132 7.975637
v 4.280594 21.040079 9.183957
v 4.012136 22.023817 10.328407
v 3.674922 23.259508 11.389394
v 3.274727 24.726021 12.348767
v 3.804787 26.033106 12.348780
v 4.012246 22.023809 0.573173
v 3.675060 23.259504 -0.487823
v 5.337331 34.771301 12.348789
v 5.199783 32.826996 12.348791
v 4.973155 30.949808 12.348786
v 4.661330 29.171858 12.348784
v 4.269638 27.523554 12.348780
v 5.989107 34.530022 11.389419
v 6.040854 36.749451 11.389417
v 5.383452 36.749454 12.348790
v 5.337359 38.727608 12.348789
v 5.989137 38.968887 11.389413
v 5.199828 40.671921 12.348784
v 5.834833 41.150349 11.389413
v 4.973219 42.549118 12.348782
v 5.580584 43.256504 11.389409
v 6.580667 36.143768 10.328427
v 6.594789 36.749451 10.328431
v 6.580675 37.355133 10.328429
v 6.538335 39.172184 10.328427
v 6.369894 41.553467 10.328424
v 6.092358 43.852554 10.328422
v 5.230743 45.251328 11.389406
v 5.710471 46.030106 10.328414
v 6.499783 44.327072 9.183973
v 6.092385 46.650089 9.183964
v 7.014349 37.669125 9.183982
v 6.975554 39.334034 9.183979
v 6.795860 41.874393 9.183977
v 4.661411 44.327080 12.348780
v 4.269736 45.975384 12.348771
v 4.791296 47.100681 11.389392
v 5.230770 48.048866 10.328404
v 5.580638 48.803707 9.183962
v 6.369950 47.100670 7.975650
v 6.795889 44.671925 7.975652
v 7.105441 42.107628 7.975655
v 7.293313 39.451656 7.975661
v 7.332407 37.773800 7.975667
v 7.524254 37.888794 6.724138
v 5.580720 43.256508 -0.487809
v 6.370007 41.553486 0.573197
v 5.834969 41.150341 -0.487808
v 6.092468 43.852570 0.573189
v 6.795947 41.874401 1.717648
v 6.499867 44.327087 1.717644
v 7.105499 42.107624 2.925971
v 6.795947 44.671925 2.925968
v 7.293370 42.249191 4.177505
v 6.975637 44.881233 4.177498
v 7.356342 42.296650 5.450820
v 7.035869 44.951405 5.450814
v 6.975609 44.881237 6.724127
v 6.538417 47.374153 6.724123
v 5.834913 49.352303 7.975637
v 5.230879 45.251328 -0.487819
v 5.710582 46.030098 0.573180
v 6.092470 46.650085 1.717635
v 6.370008 47.100666 2.925967
v 6.538445 47.374146 4.177493
v 6.594906 47.465824 5.450809
v 4.973377 42.549122 -1.447200
v 5.199985 40.671909 -1.447198
v 4.661568 44.327095 -1.447199
v 4.269895 45.975388 -1.447210
v 4.791434 47.100670 -0.487822
v 5.230881 48.048862 0.573173
v 5.580722 48.803707 1.717629
v 5.834972 49.352303 2.925961
v 5.989275 49.685261 4.177484
v 6.040993 49.796879 5.450797
v 5.989244 49.685265 6.724113
v 5.383609 36.749447 -1.447193
v 5.337516 38.727600 -1.447194
v 7.293342 42.249191 6.724126
v 7.550842 39.546974 5.450823
v 7.486204 39.523045 4.177507
v 7.293371 39.451649 2.925977
v 6.975638 39.334019 1.717647
v 6.538445 39.172180 0.573193
v 5.989273 38.968880 -0.487808
v 6.040989 36.749443 -0.487805
v 7.486176 39.523048 6.724137
v 7.589339 37.894768 5.450825
v 7.524282 37.888790 4.177508
v 7.332465 37.773800 2.925979
v 7.014433 37.669121 1.717652
v 6.580786 37.355129 0.573194
v 6.594899 36.749447 0.573195
v 6.580778 36.143764 0.573193
v 5.989243 34.530014 -0.487806
v 5.834917 32.348557 -0.487806
v 6.538414 34.326714 0.573197
v 7.014420 35.829758 1.717652
v 5.580649 30.242411 -0.487804
v 6.369950 31.945436 0.573194
v 6.975605 34.164856 1.717649
v 7.332452 35.725082 2.925978
v 5.230789 28.247593 -0.487809
v 6.092389 29.646358 0.573193
v 6.795886 31.624506 1.717650
v 7.293334 34.047230 2.925979
v 7.524267 35.610096 4.177512
v 7.486165 33.975849 4.177509
v 7.105438 31.391273 2.925979
v 6.499784 29.171841 1.717648
v 5.710482 27.468813 0.573190
v 4.791322 26.398254 -0.487813
v 5.230762 25.450068 0.573185
v 4.269773 24.726017 -0.487817
v 4.661436 23.624655 0.573179
v 7.014336 35.829765 9.183986
v 7.332395 35.725082 7.975666
v 7.524239 35.610100 6.724141
v 7.589324 35.604111 5.450823
v 6.923716 36.284363 1.840945
v 6.900849 36.325222 1.742296
v 6.892465 36.423874 1.701430
v 6.900058 36.749443 1.701431
v 6.443059 36.749447 1.701425
v 6.443058 36.423878 1.701427
v 6.443057 36.325226 1.742290
v 6.443055 36.284367 1.840938
v 7.218518 36.284363 2.952606
v 7.410943 36.284367 4.190804
v 7.475458 36.284367 5.450821
v 7.410915 36.284370 6.710841
v 7.218460 36.284363 7.949033
v 6.442973 36.284367 9.060677
v 6.923634 36.284363 9.060683
v 6.443014 36.284370 5.450811
v 6.443028 36.284370 4.177495
v 6.900766 36.325222 9.159333
v 6.442972 36.325226 9.159327
v 6.892382 36.423874 9.200197
v 6.442973 36.423878 9.200191
v 6.442975 36.749447 9.200191
v 6.899977 36.749451 9.200194
v 0.157115 34.517212 13.506907
v 0.110112 34.510319 13.506907
v 6.900773 37.173656 9.159332
v 6.892385 37.075012 9.200195
v 6.442976 37.075016 9.200189
v 6.442977 37.173660 9.159326
v 6.442977 37.214520 9.060678
v 6.923641 37.214516 9.060684
v 7.218467 37.214516 7.949033
v 7.410922 37.214523 6.710841
v 7.475464 37.214520 5.450822
v 7.410950 37.214520 4.190804
v 7.218524 37.214516 2.952606
v 6.443059 37.214520 1.840937
v 6.923721 37.214516 1.840944
v 6.443033 37.214523 4.177496
v 6.443018 37.214523 5.450811
v 6.900856 37.173656 1.742296
v 6.443061 37.173660 1.742289
v 6.892468 37.075012 1.701432
v 6.443060 37.075016 1.701426
v 5.251884 45.389740 0.627286
v 5.708755 43.322968 1.001212
v 6.451061 43.296516 4.203768
v 2.677701 41.125259 -3.262254
v 2.963605 41.107857 -0.869063
v 3.858073 41.126148 -1.424246
v 5.251597 45.390427 10.288141
v 5.708477 43.323650 9.914225
v 6.451441 43.293789 6.712533
v 4.334207 21.247183 5.450777
v 4.742049 25.736723 9.707926
v 4.925610 26.808353 9.665208
v 5.913017 30.823574 9.900344
v 4.741989 25.736116 1.179727
v 4.925540 26.807705 1.222449
v 5.912942 30.822884 0.987331
v -5.259093 45.389782 0.627167
v -5.715994 43.323017 1.001084
v -5.259027 45.390469 10.288021
v -5.715919 43.323700 9.914101
v 3.106965 40.124313 -0.869059
v 4.482122 40.126347 -1.735899
v 4.287031 41.742458 -1.735906
v 3.838385 41.742462 -1.453745
v 3.775591 42.887726 -1.541139
v 4.018588 43.273151 -1.735914
v 2.648214 43.271656 -0.869074
v 3.681387 44.692200 -1.735922
v 2.297413 44.570816 -0.869082
v 3.274633 45.848751 -1.750021
v 2.705557 42.878235 -0.869070
v 2.398181 42.890480 -3.150331
v -5.124405 26.367996 9.866543
v -4.933211 26.808403 9.665101
v -5.920583 30.823631 9.900214
v -5.124143 26.367367 1.020891
v -4.932948 26.807755 1.222338
v -5.920305 30.822941 0.987198
v -4.288512 31.756474 13.190012
v -4.020071 30.225803 13.190017
v -3.682870 28.806749 13.190020
v -3.282685 27.523582 13.190029
v -2.826355 26.398277 13.190028
v -2.321695 25.450092 13.190031
v -3.282598 45.975418 13.190017
v -3.682798 44.692261 13.190018
v -4.020010 43.273216 13.190015
v -4.288469 41.742531 13.190009
v -4.483575 40.126419 13.190007
v -4.601995 38.452541 13.190006
v -4.641695 36.749508 13.190008
v -4.602006 35.046482 13.190008
v -4.483604 33.372581 13.190011
v 2.936237 34.490520 -3.318334
v 3.794507 33.370899 -1.302446
v -2.696499 23.624695 12.348683
v -3.025192 22.023846 11.389295
v -3.302148 20.674961 10.328299
v -3.522628 19.601118 9.183851
v -3.682863 18.820684 7.975523
v -3.780107 18.347015 6.723994
v -3.812698 18.188219 5.450682
v -3.780078 18.347015 4.177369
v -3.682805 18.820683 2.925841
v -3.522545 19.601118 1.717518
v -3.302038 20.674957 0.573069
v -3.025058 22.023840 -0.487920
v -2.696343 23.624687 -1.447302
v -2.321520 25.450100 -2.288654
v -6.990722 36.749523 9.320930
v -6.977232 36.415623 9.239536
v -6.990423 36.397884 9.323688
v -6.994462 36.293350 9.189449
v -7.015995 36.225040 9.254173
v -7.053185 36.156067 9.095345
v -7.021645 36.246185 9.070904
v -7.350161 36.154915 7.975498
v -7.314888 36.246357 7.967652
v -7.544658 36.154922 6.723968
v -7.508775 36.246361 6.720051
v -7.609855 36.154922 5.450653
v -7.573770 36.246357 5.450650
v -7.508747 36.246357 4.181257
v -7.544630 36.154919 4.177339
v -7.314831 36.246357 2.933662
v -7.350103 36.154915 2.925819
v -7.021562 36.246185 1.830413
v -7.053102 36.156067 1.805971
v -6.994373 36.293350 1.711868
v -7.015903 36.225040 1.647147
v -6.990335 36.397884 1.577629
v -6.977145 36.415623 1.661781
v -6.990630 36.749516 1.580384
v -6.980971 36.749516 1.662675
v -6.977140 37.083408 1.661780
v -6.990326 37.101147 1.577632
v -6.994374 37.205681 1.711871
v -7.015908 37.273991 1.647144
v -7.053096 37.342957 1.805972
v -7.021557 37.252838 1.830413
v -7.350100 37.344109 2.925815
v -7.314828 37.252666 2.933658
v -7.544626 37.344112 4.177340
v -7.508744 37.252674 4.181258
v -7.609851 37.344116 5.450655
v -7.573766 37.252682 5.450650
v -7.508772 37.252678 6.720052
v -7.544654 37.344116 6.723969
v -7.314886 37.252666 7.967653
v -7.350157 37.344109 7.975500
v -7.021643 37.252838 9.070906
v -7.053181 37.342957 9.095343
v -6.994460 37.205681 9.189446
v -7.015996 37.273991 9.254171
v -6.990413 37.101147 9.323686
v -6.977227 37.083408 9.239538
v -6.981060 36.749523 9.238640
v -7.340140 37.773872 7.975501
v -7.301029 39.451729 7.975496
v -7.531956 37.888866 6.723968
v -6.983298 39.334106 9.183824
v -6.803578 41.874458 9.183828
v -7.022109 37.669197 9.183825
v -6.602584 36.749516 10.328282
v -6.588465 37.355198 10.328280
v -6.546108 39.172249 10.328279
v -6.377642 41.553524 10.328282
v -6.100083 43.852615 10.328282
v -7.340148 35.725155 7.975501
v -7.022115 35.829838 9.183825
v -6.588469 36.143833 10.328282
v -6.048674 36.749516 11.389279
v -5.996936 38.968945 11.389279
v -5.842610 41.150398 11.389281
v -5.588339 43.256554 11.389285
v -5.238480 45.251369 11.389286
v -5.718175 46.030155 10.328284
v -6.507476 44.327129 9.183828
v -6.803622 31.624575 9.183826
v -6.983316 34.164936 9.183824
v -7.301046 34.047306 7.975499
v -6.546124 34.326782 10.328279
v -5.996951 34.530079 11.389281
v -5.238559 28.247644 11.389292
v -5.588398 30.242464 11.389287
v -6.100147 29.646425 10.328292
v -6.377684 31.945501 10.328286
v -5.842647 32.348618 11.389284
v -4.277574 27.523598 12.348685
v -4.669249 29.171900 12.348680
v -4.981057 30.949854 12.348678
v -5.207665 32.827045 12.348671
v -5.345195 34.771358 12.348667
v -5.391294 36.749512 12.348668
v -5.345182 38.727665 12.348667
v -5.207632 40.671963 12.348668
v -4.981005 42.549160 12.348669
v -4.669179 44.327122 12.348675
v -4.277487 45.975418 12.348675
v -3.812736 26.033140 12.348694
v -3.282689 24.726055 12.348691
v -3.682878 23.259542 11.389313
v -5.718260 27.468885 10.328297
v -6.507545 29.171913 9.183833
v -4.799112 26.398302 11.389294
v -6.546013 34.326778 0.573050
v -6.983232 34.164928 1.717494
v -7.022031 35.829830 1.717492
v -7.340091 35.725155 2.925813
v -7.300988 34.047302 2.925814
v -7.531935 35.610168 4.177341
v -7.493850 33.975922 4.177342
v -7.597021 35.604191 5.450647
v -7.558517 33.951984 5.450656
v -7.493879 33.975922 6.723968
v -7.301046 31.249777 6.723970
v -7.113177 31.391340 7.975500
v -6.803623 28.827042 7.975512
v -6.100147 26.848906 9.183850
v -5.238559 25.450130 10.328300
v -4.277578 24.726059 11.389299
v -4.669253 23.624704 10.328308
v -5.588401 24.695284 9.183853
v -6.377686 26.398315 7.975516
v -6.983316 28.617735 6.723981
v -7.364018 31.202318 5.450658
v -7.301017 31.249779 4.177344
v -7.113119 31.391342 2.925817
v -6.803537 31.624571 1.717500
v -6.377573 31.945498 0.573050
v -5.842508 32.348614 -0.487934
v -4.981061 22.747911 9.183858
v -5.842649 24.146679 7.975518
v -6.546124 26.124834 6.723985
v -7.043547 28.547567 5.450665
v -6.983287 28.617735 4.177352
v -6.803565 28.827042 2.925822
v -6.507461 29.171902 1.717502
v -6.100036 29.646416 0.573058
v -5.588263 30.242464 -0.487929
v -5.238423 28.247643 -0.487925
v -5.718150 27.468870 0.573061
v -6.100062 26.848886 1.717509
v -6.377628 26.398312 2.925831
v -6.546095 26.124834 4.177358
v -6.602583 26.033154 5.450669
v -5.996953 23.813721 6.723993
v -5.207669 22.110691 7.975528
v -5.345198 21.723938 6.723999
v -6.048673 23.702097 5.450679
v -5.996924 23.813721 4.177364
v -5.842591 24.146679 2.925837
v -5.588317 24.695272 1.717517
v -5.238451 25.450117 0.573068
v -4.798976 26.398300 -0.487920
v -5.391294 21.594286 5.450684
v -5.345170 21.723942 4.177373
v -5.207611 22.110689 2.925846
v -4.980977 22.747908 1.717523
v -4.669142 23.624697 0.573076
v -4.277442 24.726055 -0.487912
v -4.020080 22.023853 10.328312
v -4.288521 21.040115 9.183864
v -4.483610 20.325172 7.975537
v -4.602010 19.891258 6.724012
v -4.641694 19.745781 5.450697
v -4.601982 19.891258 4.177382
v -4.483552 20.325171 2.925855
v -4.288437 21.040113 1.717530
v -4.019969 22.023849 0.573083
v -3.682744 23.259539 -0.487904
v -3.282531 24.726051 -1.447286
v -2.826181 26.398285 -2.288659
v -3.812579 26.033136 -1.447294
v -3.282509 27.523575 -2.288663
v -4.277418 27.523588 -1.447300
v -3.682697 28.806730 -2.288669
v -4.669091 29.171890 -1.447306
v -4.019896 30.225794 -2.288675
v -4.980900 30.949850 -1.447305
v -4.288336 31.756468 -2.288678
v -5.207508 32.827034 -1.447308
v -4.483428 33.372566 -2.288681
v -5.996815 34.530071 -0.487938
v -5.345040 34.771347 -1.447313
v -4.601831 35.046467 -2.288684
v -5.391137 36.749504 -1.447317
v -4.641518 36.749500 -2.288686
v -4.601819 38.452534 -2.288683
v -5.345025 38.727657 -1.447313
v -4.483400 40.126404 -2.288683
v -5.207475 40.671951 -1.447316
v -4.288292 41.742523 -2.288683
v -4.980847 42.549164 -1.447311
v -4.019834 43.273224 -2.288676
v -4.669022 44.327137 -1.447302
v -3.682622 44.692276 -2.288671
v -4.277331 45.975422 -1.447305
v -3.282421 45.975414 -2.288668
v -6.099971 46.650143 1.717498
v -5.238343 48.048904 0.573059
v -5.718065 46.030148 0.573052
v -4.798880 47.100712 -0.487931
v -5.238344 45.251369 -0.487933
v -5.588205 43.256557 -0.487936
v -5.842474 41.150391 -0.487938
v -5.996800 38.968937 -0.487940
v -6.048538 36.749508 -0.487941
v -6.588358 36.143829 0.573046
v -6.602474 36.749512 0.573048
v -6.588355 37.355194 0.573047
v -6.545997 39.172245 0.573046
v -6.377533 41.553543 0.573057
v -6.099972 43.852627 0.573052
v -6.507392 44.327145 1.717498
v -6.803495 44.671989 2.925813
v -6.377532 47.100723 2.925817
v -6.983214 44.881298 4.177342
v -6.545997 47.374203 4.177347
v -7.043473 44.951469 5.450656
v -6.602486 47.465881 5.450657
v -7.022024 37.669193 1.717492
v -6.983213 39.334091 1.717487
v -6.803495 41.874466 1.717498
v -7.113072 42.107689 2.925813
v -7.300972 42.249256 4.177341
v -7.363973 42.296715 5.450651
v -6.983243 44.881302 6.723971
v -7.301000 42.249256 6.723967
v -6.803553 44.671989 7.975497
v -7.113130 42.107693 7.975496
v -6.546026 47.374210 6.723976
v -6.377590 47.100727 7.975501
v -6.100055 46.650146 9.183830
v -7.340082 37.773872 2.925813
v -7.300971 39.451721 2.925813
v -7.493834 39.523117 4.177341
v -7.558501 39.547047 5.450651
v -7.493863 39.523121 6.723970
v -7.531928 37.888863 4.177338
v -7.597013 37.894852 5.450653
v -7.531964 35.610172 6.723971
v -7.226151 36.284435 2.952442
v -6.450691 36.284435 4.177354
v -6.450665 36.284431 1.840792
v -7.418605 36.284439 4.190634
v -6.450706 36.284435 5.450661
v -7.483150 36.284439 5.450650
v -7.226208 36.284435 7.948873
v -6.450747 36.284431 9.060532
v -6.931408 36.284435 9.060529
v -6.900069 36.423946 1.701279
v -6.907659 36.749516 1.701277
v -6.450660 36.749512 1.701283
v -6.450662 36.423943 1.701282
v -6.450663 36.325291 1.742145
v -6.908455 36.325294 1.742142
v -6.931326 36.284435 1.840789
v -7.418633 36.284443 6.710671
v -6.908541 36.325294 9.159179
v -6.450747 36.325291 9.159182
v -6.900156 36.423946 9.200043
v -6.450747 36.423943 9.200046
v -6.450745 36.749512 9.200047
v -6.907747 36.749523 9.200040
v -0.000011 28.806746 12.203936
v 0.100322 28.806755 14.211641
v 0.100322 28.806755 14.211641
v 0.098027 26.118782 13.651442
v 0.110111 34.510323 13.702719
v 0.110100 33.722054 15.013514
v 0.110098 33.009167 14.778139
v 0.100333 31.253738 14.619261
v -0.918990 31.285601 -17.091566
v -1.905379 30.132032 -17.604073
v -1.822432 31.222797 -16.590174
v -0.960820 30.197687 -18.128279
v 0.000178 31.306646 -17.259647
v 0.000178 30.219694 -18.304008
v 0.961175 30.197676 -18.128265
v 0.919344 31.285589 -17.091551
v 1.905726 30.132002 -17.604046
v 1.822778 31.222771 -16.590153
v 0.861780 32.268364 -15.729477
v 1.708642 32.209484 -15.259481
v 0.789473 33.129196 -14.065350
v 0.000169 33.147285 -14.209696
v 0.000174 32.288109 -15.887047
v -0.861433 32.268372 -15.729490
v 1.956066 28.955845 -18.283808
v 0.986561 29.023252 -18.821873
v 2.892102 28.844790 -17.397276
v 2.817670 30.023808 -16.740337
v 2.695024 31.119291 -15.764038
v 2.526268 32.112484 -14.485098
v 1.565271 33.075268 -13.634796
v 0.703657 33.853363 -12.127644
v 0.000160 33.869484 -12.256290
v -0.789139 33.129208 -14.065359
v -1.708302 32.209507 -15.259501
v 1.395117 33.805286 -11.743893
v 2.314285 32.986401 -12.925390
v 0.605802 34.428448 -9.949495
v 0.000148 34.442322 -10.060257
v 3.023704 32.864124 -11.949278
v 3.300669 31.979004 -13.419575
v 2.062704 33.726078 -11.111601
v 1.201093 34.387062 -9.619123
v 2.695001 33.617096 -10.241606
v 1.775833 34.318874 -9.074772
v 2.320187 34.225052 -8.325777
v -0.703341 33.853374 -12.127649
v -1.564942 33.075287 -13.634808
v -2.525941 32.112514 -14.485126
v -2.694692 31.119328 -15.764071
v -2.817337 30.023848 -16.740362
v -2.891777 28.844835 -17.397305
v -1.955725 28.955875 -18.283831
v -0.986212 29.023260 -18.821886
v 0.000176 29.045851 -19.002260
v -0.605509 34.428455 -9.949505
v -1.394806 33.805309 -11.743902
v -2.313971 32.986431 -12.925417
v -1.200804 34.387089 -9.619129
v -2.062405 33.726112 -11.111624
v -1.775553 34.318905 -9.074791
v -2.694716 33.617138 -10.241638
v -2.319921 34.225082 -8.325798
v -3.023403 32.864166 -11.949310
v -3.300360 31.979053 -13.419607
v -3.520845 30.976950 -14.627373
v -3.681091 29.874990 -15.551935
v -3.778349 28.692039 -16.177481
v -3.810959 27.448330 -16.493307
v -2.916738 27.602446 -17.723658
v -1.972609 27.714447 -18.617838
v -0.994730 27.782413 -19.160534
v 0.000170 27.805201 -19.342464
v 0.995067 27.782410 -19.160521
v 1.972938 27.714420 -18.617811
v 2.917050 27.602404 -17.723629
v 3.811252 27.448282 -16.493267
v 3.778653 28.691984 -16.177439
v 3.681400 29.874939 -15.551901
v 3.521158 30.976900 -14.627338
v -1.958962 27.724546 -18.409073
v 1.239947 27.312958 -15.658346
v -1.255758 27.312975 -15.658356
v 1.945885 27.724518 -18.409050
v 3.623246 27.312943 -14.907122
v 3.623258 27.494051 -16.448143
v 1.250698 27.312958 -14.907131
v -1.263831 27.312975 -14.907141
v -3.636366 27.494104 -16.448181
v -3.636379 27.312990 -14.907152
v -1.250375 28.512207 -15.351341
v 1.239953 28.512194 -15.351330
v 0.882449 33.507004 -8.698183
v -0.895583 34.143063 -9.231697
v 0.882457 34.143047 -9.231688
v -0.895591 33.507011 -8.698195
v 0.758794 34.133190 -6.786295
v 1.208737 34.363197 -9.649038
v 0.601091 34.388191 -9.947765
v 1.771532 34.294426 -9.097240
v 2.208572 34.225655 -8.480873
v 2.208559 34.133183 -6.786289
v -0.006555 34.413193 -10.081572
v 3.591213 28.512178 -14.600107
v 3.591225 28.693256 -16.140860
v 3.495650 29.705351 -13.982872
v 3.495662 29.886333 -15.522829
v 3.338205 30.819611 -13.065977
v 3.338218 31.000439 -14.604599
v 3.121594 31.835907 -11.865114
v 3.121606 32.016506 -13.401857
v 2.849546 32.736835 -10.400829
v 2.849559 32.917156 -11.935165
v 2.526735 33.506992 -8.698177
v 2.526747 33.633244 -10.229588
v -1.004010 33.372913 -10.934353
v -1.004018 32.736862 -10.400846
v -1.095374 32.471981 -12.398640
v -1.095382 31.835932 -11.865135
v -1.168110 31.455694 -13.599503
v -1.168118 30.819643 -13.065998
v -1.220974 30.341431 -14.516396
v -1.220982 29.705381 -13.982893
v -1.253069 28.512215 -14.600130
v -3.604334 28.512232 -14.600140
v -3.508765 29.705402 -13.982904
v -3.351321 30.819662 -13.066008
v -3.134714 31.835947 -11.865145
v -2.862674 32.736877 -10.400858
v -2.539877 33.507027 -8.698202
v -2.221720 34.133221 -6.786311
v -0.771954 34.133198 -6.786302
v 1.239948 28.512197 -14.600119
v 1.207866 29.705366 -13.982883
v 1.155004 30.819628 -13.065990
v 1.082264 31.835922 -11.865128
v 0.990891 32.736851 -10.400839
v 1.207874 30.341413 -14.516384
v 1.155012 31.455675 -13.599493
v 1.082272 32.471970 -12.398630
v 0.990900 33.372898 -11.016806
v 8.897857 16.634670 18.832302
v 8.567524 16.720932 17.384117
v 8.917903 17.206085 18.667572
v 8.485389 15.864244 17.212135
v 9.490134 16.868721 19.106125
v 9.386307 17.391186 18.884129
v 10.425884 17.557632 18.789654
v 10.529716 17.035168 19.011646
v 11.164190 16.960129 18.538311
v 11.060364 17.482594 18.316315
v 10.708139 16.815161 16.728287
v 10.694712 16.012306 16.527298
v 8.195491 17.050861 16.528717
v 8.600077 17.370571 16.917767
v 10.455318 17.173489 15.842148
v 10.582117 17.478125 16.315594
v 11.634336 16.075272 16.236019
v 11.452555 17.220541 19.016273
v 10.762329 17.534735 20.078518
v 9.956666 17.698126 20.839848
v 9.149768 17.706831 21.237717
v 8.103428 15.838647 17.330536
v 12.015547 16.760910 17.671307
v 10.916877 18.148193 14.691954
v 11.718007 17.844917 17.051609
v 11.336224 17.221292 15.574512
v 11.288687 18.772799 16.182781
v 10.371268 18.901503 13.577391
v 10.734927 19.528708 15.079708
v 9.708730 19.468344 12.249887
v 10.066196 20.099688 13.761234
v 8.940602 19.838995 10.732141
v 9.293957 20.475971 12.249969
v 8.080029 20.007124 9.050140
v 8.431413 20.651131 10.571754
v 7.688486 20.519445 10.350515
v 6.952530 20.363508 11.621061
v 6.656374 20.463207 10.664057
v 8.164510 20.429546 11.252878
v 7.458741 19.978582 13.218369
v 8.932617 20.058893 12.770622
v 7.912768 19.400389 14.609222
v 9.595113 19.492064 14.098150
v 8.306839 18.638817 15.769819
v 10.140647 18.738739 15.212736
v 5.553305 19.869791 9.817772
v 6.434410 21.319670 13.079077
v 6.102152 19.684660 11.594471
v 7.041137 21.226187 15.069176
v 6.610772 19.299910 13.191046
v 7.597820 20.918720 16.843216
v 7.070471 18.722118 14.580191
v 8.094934 20.402533 18.370869
v 7.473378 17.961168 15.738127
v 8.523978 19.686451 19.625984
v 7.812598 17.030085 16.645046
v 8.877605 18.782724 20.587078
v 2.297422 44.570808 -2.681077
v 2.297413 44.570816 -0.869082
v 3.274633 45.848751 -1.750021
v 7.640933 19.884014 10.079990
v 6.200206 19.805853 10.516146
v 6.993661 19.320593 13.074711
v 7.453361 18.742752 14.463846
v 7.856267 17.981737 15.621771
v 10.093096 18.103310 14.942213
v 9.547562 18.856627 13.827621
v 8.885065 19.423454 12.500099
v 8.116955 19.794113 10.982355
v 6.485041 19.705364 11.478127
v 0.110619 39.928429 15.038683
v 4.640206 36.749420 -1.735883
v 4.620352 36.015259 -1.296697
v 4.640205 36.866776 -1.296701
v 3.681390 44.692196 -2.288652
v 3.281203 45.975353 -2.288660
v 4.600527 38.452446 -2.288621
v 4.640209 36.749416 -2.288614
v 4.600504 35.046387 -2.288606
v 4.482085 33.372498 -2.288599
v 4.286977 31.756399 -2.288593
v 4.018519 30.225721 -2.288587
v 3.281108 27.523512 -2.288579
v 2.824768 26.398222 -2.288576
v 2.320097 25.450041 -2.288574
v 1.775731 24.695196 -2.288574
v 1.200985 24.146605 -2.288578
v 0.605690 23.813650 -2.288576
v 0.165281 23.732481 -2.288578
v 0.110130 23.722319 -2.288578
v 11.288685 18.772799 16.182781
v 10.734925 19.528708 15.079708
v 10.214794 19.953344 16.322304
v 9.578635 20.497730 14.926027
v 8.980886 20.769829 15.845961
v 8.299717 21.089872 14.159752
v 8.847307 20.840612 13.317013
v 10.066196 20.099689 13.761229
v 9.293957 20.475973 12.249964
v 11.718005 17.844919 17.051601
v 10.744881 19.216766 17.481926
v 9.577102 20.243618 17.303677
v 8.283163 20.911325 16.505276
v 7.660542 21.219507 14.763742
v 6.975564 21.313835 12.812231
v 7.545252 21.198299 12.273890
v 8.033320 20.976130 11.522789
v 8.431413 20.651131 10.571753
v 7.493316 20.622164 8.755272
v 7.150589 20.901964 9.574034
v 6.239945 21.192696 10.684130
v 5.788021 21.197573 10.906979
v 6.434408 21.319674 13.079073
v 7.041136 21.226192 15.069174
v 7.597819 20.918722 16.843216
v 8.832770 20.394575 18.007050
v 10.078171 19.520260 18.507969
v 11.159833 18.300606 18.385067
v 12.015545 16.760914 17.671303
v 11.452553 17.220541 19.016270
v 10.475513 18.612110 19.438213
v 9.299961 19.678082 19.243343
v 8.094934 20.402536 18.370869
v 10.762329 17.534739 20.078514
v 9.676742 18.774101 20.193027
v 8.523976 19.686455 19.625980
v 9.956666 17.698130 20.839844
v 8.877604 18.782728 20.587074
v 9.149766 17.706835 21.237717
v -6.908538 37.173729 9.159178
v -6.900153 37.075085 9.200041
v -6.450744 37.075081 9.200044
v -6.450742 37.173725 9.159181
v -6.450742 37.214584 9.060533
v -6.931405 37.214588 9.060530
v -7.226205 37.214588 7.948870
v -7.418631 37.214596 6.710672
v -7.483147 37.214592 5.450651
v -7.418602 37.214592 4.190635
v -6.450701 37.214588 5.450661
v -6.450686 37.214588 4.177354
v -7.226148 37.214588 2.952442
v -6.450660 37.214584 1.840792
v -6.931321 37.214588 1.840789
v -6.908452 37.173729 1.742141
v -6.450658 37.173725 1.742144
v -6.900066 37.075085 1.701278
v -6.450659 37.075081 1.701285
v 1.950865 37.872696 13.702715
v 1.592889 38.337944 13.702711
v 1.126350 38.694931 13.702707
v 0.583058 38.919353 13.702703
v 0.185577 38.977638 13.702700
v 0.156503 34.517124 13.702719
v 0.583036 34.579666 13.702723
v 1.126331 34.804085 13.702723
v 1.592873 35.161068 13.702723
v 1.950854 35.626308 13.702723
v 2.175901 36.168095 13.702723
v 2.252659 36.749500 13.702719
v 2.175907 37.330910 13.702715
v 2.792375 28.194187 12.203955
v 0.798853 39.678829 14.955053
v 1.180061 39.553581 14.898653
v 1.607748 39.367073 14.816690
v 0.160163 39.772667 15.011095
v 0.433668 39.750298 14.996023
v 1.985491 39.103088 14.699812
v 2.364453 38.703033 14.564230
v 2.744053 38.088890 14.425211
v 3.017729 37.437168 14.389643
v 2.944051 37.427868 14.329523
v 3.009066 36.749496 14.298727
v 3.084117 36.749496 14.357862
v 2.944044 36.071129 14.329527
v 2.744040 35.410110 14.425222
v 2.364433 34.795979 14.564249
v 1.797221 34.252987 14.763067
v 1.244761 33.992023 14.873655
v 0.715034 33.823597 14.953711
v 0.151662 33.725819 15.011045
v 3.106965 40.124313 -0.869059
v 2.843851 39.819443 -3.340852
v 3.253944 36.746803 -0.869044
v 2.872436 36.747108 -3.411218
v 5.700219 48.884163 5.450768
v 5.037170 50.902157 7.784832
v 5.166364 51.269230 6.586525
v 5.206320 51.382656 5.450676
v 5.166378 51.269222 4.314823
v 5.035700 50.899025 3.120137
v 4.828101 50.308205 2.012692
v 4.535167 49.451176 0.904138
v -2.169800 27.421143 -17.090569
v -3.003415 27.283363 -15.927044
v -1.387346 27.498901 -17.846258
v -0.662907 27.535610 -18.264538
v 0.000162 27.545040 -18.393719
v 0.663228 27.535606 -18.264534
v 1.387659 27.498877 -17.846239
v 2.170100 27.421106 -17.090542
v 3.003695 27.283319 -15.927011
v -0.000017 27.523588 12.203943
v 2.460771 27.523577 12.203955
v 2.984796 28.438829 -15.632195
v 2.926476 29.454939 -15.055847
v 2.824872 30.411972 -14.192051
v 2.675992 31.294411 -13.051325
v 2.477603 32.084587 -11.650032
v 2.578776 33.403976 -10.183830
v 2.214168 34.004097 -8.276402
v -3.812477 47.465858 -1.447326
v -4.277326 48.772945 -0.487948
v -4.669016 49.874321 0.573039
v -5.588203 48.803757 1.717502
v -4.980843 50.751118 1.717487
v -5.842473 49.352352 2.925826
v -5.207472 51.388336 2.925807
v -5.996802 49.685310 4.177352
v -5.345026 51.775085 4.177330
v -6.048550 49.796936 5.450666
v -5.391149 51.904739 5.450644
v -5.345053 51.775089 6.723963
v -5.996829 49.685314 6.723981
v -5.207529 51.388336 7.975492
v -5.842530 49.352352 7.975510
v -4.980927 50.751118 9.183818
v -4.799014 47.100723 11.389289
v -5.238453 48.048908 10.328292
v -5.588288 48.803757 9.183836
v -4.669127 49.874325 10.328268
v -4.277461 48.772949 11.389271
v -3.812633 47.465866 12.348659
v 2.314242 52.458900 11.389265
v 2.526231 53.897896 10.328264
v 2.694998 55.043476 9.183813
v 5.206223 51.388279 2.925832
v 5.343760 51.775032 4.177357
v 5.389864 51.904690 5.450672
v 4.600559 53.607735 6.723976
v 3.681390 54.678314 7.975494
v 3.521137 53.897884 9.183825
v 3.300637 52.824043 10.328276
v 5.343747 51.775047 6.723988
v 4.482139 53.173817 7.975506
v 4.287030 52.458881 9.183832
v 4.018569 51.475151 10.328283
v 3.681351 50.239464 11.389284
v 3.281145 48.772953 12.348669
v 2.824799 47.100719 13.190031
v 2.320120 45.251373 13.898970
v 3.281127 45.975422 13.190039
v 3.811193 47.465862 12.348677
v 4.276050 48.772942 11.389292
v 4.667742 49.874298 10.328295
v 4.979570 50.751083 9.183844
v 5.206198 51.388302 7.975517
v 2.569593 41.974930 -3.211111
v 5.337491 34.771290 -1.447194
v 5.199940 32.826984 -1.447193
v 4.973313 30.949804 -1.447196
v 4.661487 29.171848 -1.447197
v 4.269797 27.523546 -1.447202
v 3.804945 26.033102 -1.447213
v 3.274884 24.726021 -1.447212
v 3.811261 47.465801 -1.447309
v 3.740445 47.162781 -0.989744
v 4.188158 48.421444 -0.069662
v 4.535167 49.451176 0.904142
v 4.667791 49.874260 0.573057
v 4.828101 50.308205 2.012692
v 4.979608 50.751053 1.717508
v 5.035700 50.899025 3.120137
v 5.206223 51.388279 2.925832
v 5.166378 51.269222 4.314823
v 5.343760 51.775032 4.177361
v 5.206320 51.382656 5.450676
v 5.343747 51.775040 6.723988
v 5.208094 51.388210 7.986675
v 4.979571 50.751083 9.183844
v 4.667741 49.874298 10.328299
v 4.276047 48.772942 11.389292
v 3.811191 47.465858 12.348680
v 4.600434 35.046455 13.190092
v 3.681257 33.975895 13.899023
v 3.521008 32.648518 13.899031
v 3.300512 31.391315 13.899035
v 4.482014 33.372562 13.190100
v 4.286905 31.756458 13.190104
v -2.984504 28.438871 -15.632225
v -2.926179 29.454973 -15.055878
v -2.824572 30.412010 -14.192085
v -2.675694 31.294453 -13.051353
v -2.477317 32.084625 -11.650061
v -2.578494 33.404018 -10.183861
v -2.213904 34.004124 -8.276424
v 4.188158 48.421444 -0.069662
v 3.740445 47.162781 -0.989744
v 2.341045 43.466251 -3.130071
v 2.705557 42.878235 -0.869074
v 2.648214 43.271656 -0.869074
v -1.294814 15.391084 -18.956478
v -1.294829 12.087896 -19.783657
v -1.294844 9.389030 -20.043903
v -1.294858 7.286445 -20.090477
v -1.154096 5.533246 -20.604519
v -0.816076 2.700203 -21.435177
v -6.952862 20.363626 11.620951
v -7.459136 19.978714 13.218246
v -7.913210 19.400536 14.609091
v -8.307315 18.638977 15.769689
v -6.485348 19.705492 11.478050
v -6.994035 19.320732 13.074614
v -7.453781 18.742914 14.463742
v -7.856719 17.981903 15.621664
v -5.707505 48.884212 5.450638
v -4.341770 21.247225 5.450680
v -1.682508 34.093330 -9.022247
v -1.135750 34.153309 -9.561062
v -0.571972 34.189095 -9.887814
v 0.000146 34.200981 -9.997303
v 0.572263 34.189091 -9.887806
v 1.136034 34.153290 -9.561052
v 1.682784 34.093304 -9.022230
v -2.221707 34.225689 -8.480896
v -2.539865 33.633278 -10.229614
v -2.862662 32.917198 -11.935194
v -3.134702 32.016552 -13.401890
v -3.351308 31.000484 -14.604630
v -3.508753 29.886383 -15.522861
v -3.604321 28.693308 -16.140894
v -1.784657 34.294456 -9.097258
v -1.221854 34.363220 -9.649048
v -0.614205 34.388199 -9.947773
v -1.608187 43.449001 13.247831
v -1.137150 43.449001 13.247839
v -0.588615 43.449001 13.247839
v -0.216342 43.449001 13.247839
v 0.139196 43.448986 13.135092
v -0.139132 43.449001 13.135092
v 1.608236 43.448986 13.247850
v 1.137210 43.448986 13.247850
v 0.588677 43.448986 13.247847
v 0.216401 43.448986 13.247839
v 0.208883 30.255735 13.626932
v -0.208895 30.255741 13.626921
v -1.608207 30.255741 13.626921
v -1.137166 30.255741 13.626921
v -0.588637 30.255741 13.626925
v 0.588655 30.255735 13.626932
v 1.137190 30.255735 13.626932
v 1.608224 30.255735 13.626932
v -2.917464 39.063946 13.084827
v 2.917468 39.063946 13.084827
v -0.080206 39.059753 12.948178
v 0.075356 39.059753 12.948178
v -0.091166 39.059753 13.084827
v 0.080719 39.059753 13.084827
v -2.917464 41.669170 13.084827
v -2.917464 41.234966 13.084827
v -2.917464 40.800762 13.084827
v -2.917464 40.366558 13.084827
v -2.917464 39.932354 13.084827
v -2.917464 39.498150 13.084827
v 2.917468 39.498150 13.084827
v 2.917468 39.932358 13.084827
v 2.917468 40.366562 13.084827
v 2.917468 40.800766 13.084827
v 2.917468 41.234970 13.084827
v 2.917468 41.669174 13.084827
v -0.080206 39.493958 12.948178
v -0.080206 39.928162 12.948178
v -0.080206 40.362370 12.948178
v -0.080206 40.796574 12.948178
v -0.080206 41.230778 12.948178
v -0.080206 41.664982 12.948178
v 0.075356 39.493958 12.948178
v 0.075356 39.928162 12.948178
v 0.075356 40.362370 12.948178
v 0.075356 40.796574 12.948178
v 0.075356 41.230778 12.948178
v 0.075356 41.664982 12.948178
v -0.091166 39.493958 13.084827
v -0.091166 39.928162 13.084827
v -0.091166 40.362370 13.084827
v -0.091166 40.796574 13.084827
v -0.091166 41.230778 13.084827
v -0.091166 41.664982 13.084827
v 0.080719 39.493958 13.084827
v 0.080719 39.928162 13.084827
v 0.080719 40.362370 13.084827
v 0.080719 40.796574 13.084827
v 0.080719 41.230778 13.084827
v 0.080719 41.664982 13.084827
v -2.917464 34.441616 13.084827
v 2.917468 34.441616 13.084827
v -0.080206 34.437420 12.948178
v 0.075356 34.437420 12.948178
v -0.091166 34.437420 13.084827
v 0.080719 34.437420 13.084827
v -2.917464 33.945381 13.084827
v -2.917464 33.449150 13.084827
v -2.917464 32.952915 13.084827
v -2.917464 32.456680 13.084827
v -2.917464 31.960445 13.084827
v 2.917468 31.960445 13.084827
v 2.917468 32.456680 13.084827
v 2.917468 32.952915 13.084827
v 2.917468 33.449146 13.084827
v 2.917468 33.945377 13.084827
v -0.080206 31.956253 12.948178
v -0.080206 32.452484 12.948178
v -0.080206 32.948719 12.948178
v -0.080206 33.444954 12.948178
v -0.080206 33.941189 12.948178
v 0.075356 31.956253 12.948178
v 0.075356 32.452484 12.948178
v 0.075356 32.948719 12.948178
v 0.075356 33.444954 12.948178
v 0.075356 33.941189 12.948178
v -0.091166 31.956253 13.084827
v -0.091166 32.452484 13.084827
v -0.091166 32.948719 13.084827
v -0.091166 33.444954 13.084827
v -0.091166 33.941189 13.084827
v 0.080719 31.956253 13.084827
v 0.080719 32.452484 13.084827
v 0.080719 32.948719 13.084827
v 0.080719 33.444954 13.084827
v 0.080719 33.941189 13.084827
v 1.732136 35.749462 12.548702
v 1.414301 35.335224 9.509548
v 1.732151 35.749451 9.509548
v 1.414285 35.335236 12.548702
v 1.000068 35.017380 9.509548
v 1.000053 35.017391 12.548702
v 0.517691 34.817570 9.509548
v 0.517676 34.817581 12.548710
v 0.000033 34.749424 9.509544
v 0.000017 34.749435 12.548706
v -0.517640 34.817589 12.548695
v -0.517621 34.817577 9.509541
v -1.000000 35.017387 9.509537
v -1.000015 35.017395 12.548698
v 0.000037 38.749577 12.548679
v -0.517606 38.681419 9.509525
v -0.517625 38.681431 12.548679
v 0.000053 38.749565 9.509525
v 0.517706 38.681412 9.509529
v 0.517691 38.681423 12.548691
v 1.000070 38.481613 12.548687
v 1.000085 38.481602 9.509533
v 1.414315 38.163750 9.509537
v 1.414300 38.163761 12.548691
v 1.732161 37.749523 9.509541
v 1.732146 37.749535 12.548695
v 1.931964 37.267139 9.509541
v 1.931949 37.267151 12.548695
v 2.000112 36.749481 9.509544
v 2.000093 36.749493 12.548706
v 1.931944 36.231838 12.548702
v 1.931959 36.231827 9.509548
v -1.414245 35.335251 12.548691
v -1.414230 35.335239 9.509537
v -1.732075 35.749466 9.509533
v -1.732090 35.749477 12.548687
v -1.931879 36.231850 9.509529
v -1.931894 36.231861 12.548683
v -2.000029 36.749504 9.509525
v -2.000044 36.749516 12.548679
v -1.931874 37.267162 9.509525
v -1.931889 37.267174 12.548687
v -1.732080 37.749550 12.548676
v -1.732065 37.749538 9.509521
v -1.414215 38.163765 9.509521
v -1.414230 38.163776 12.548676
v -0.999983 38.481609 9.509525
v -0.999998 38.481621 12.548679
v -1.633010 37.692352 12.681286
v -1.333336 38.082890 12.681282
v -0.942798 38.382553 12.681274
v -0.488013 38.570934 12.681278
v 0.000036 38.635181 12.681282
v 0.488081 38.570923 12.681290
v 0.942868 38.382545 12.681286
v 0.942852 35.116467 12.681309
v 0.488067 34.928085 12.681305
v 0.000017 34.863838 12.681305
v -0.488027 34.928097 12.681301
v -0.942814 35.116474 12.681297
v -1.333350 35.416145 12.681293
v -1.633019 35.806683 12.681290
v -1.821395 36.261471 12.681282
v -1.885647 36.749516 12.681286
v -1.821390 37.237564 12.681286
v 1.333403 38.082874 12.681290
v 1.633072 37.692337 12.681301
v 1.821448 37.237549 12.681301
v 1.885697 36.749500 12.681305
v 1.821443 36.261456 12.681305
v 1.633063 35.806667 12.681309
v 1.333390 35.416130 12.681309
v 0.000032 36.749500 11.693779
v 1.821442 36.261440 12.690235
v 1.407031 35.937157 12.690224
v 1.633062 35.806656 12.690235
v 1.333389 35.416119 12.690235
v 1.148835 35.600674 12.690231
v 0.942850 35.116455 12.690231
v 1.624694 36.749489 12.690224
v 1.569333 36.328995 12.690231
v 0.000031 36.749493 11.671749
v 0.812350 35.342487 12.690231
v 0.488065 34.928074 12.690231
v 0.420511 35.180183 12.690224
v 0.000016 34.863827 12.690231
v 0.000017 35.124828 12.690220
v -0.420477 35.180187 12.690228
v -0.812314 35.342495 12.690224
v -1.148796 35.600689 12.690220
v -1.406984 35.937172 12.690212
v -1.569290 36.329010 12.690201
v -1.624643 36.749504 12.690205
v -1.569286 37.170002 12.690205
v 1.569337 37.169987 12.690220
v 1.407035 37.561825 12.690224
v 1.148847 37.898308 12.690208
v -1.406975 37.561840 12.690212
v -1.148780 37.898323 12.690205
v -0.812299 38.156509 12.690197
v -0.420460 38.318813 12.690205
v 0.000034 38.374168 12.690201
v -0.488029 34.928085 12.690228
v -0.942816 35.116463 12.690224
v -1.333352 35.416134 12.690220
v -1.633021 35.806671 12.690220
v -1.821396 36.261463 12.690201
v -1.885649 36.749508 12.690212
v -1.821391 37.237556 12.690212
v -1.633011 37.692341 12.690208
v -1.333338 38.082878 12.690212
v -0.942799 38.382542 12.690197
v -0.488014 38.570923 12.690197
v 0.000036 38.635170 12.690201
v 0.420524 38.318806 12.690220
v 0.812365 38.156502 12.690205
v 0.942867 38.382534 12.690205
v 1.333403 38.082863 12.690208
v 1.633072 37.692326 12.690228
v 1.821448 37.237534 12.690231
v 1.885696 36.749485 12.690231
v 0.488080 38.570911 12.690216
v 0.000032 36.749485 11.693773
v 0.000032 36.749485 11.693773
v 0.000032 36.749485 11.693773
v 0.000032 36.749485 11.693773
v 0.000032 36.749485 11.693773
v 0.000032 36.749485 11.693773
v 0.000032 36.749485 11.693773
v 0.000032 36.749485 11.693773
v 0.000032 36.749485 11.693773
v 0.000032 36.749485 11.693773
v 0.000032 36.749485 11.693773
v 0.000032 36.749485 11.693773
v 0.000032 36.749485 11.693773
v 0.000032 36.749485 11.693773
v 0.000032 36.749485 11.693773
v 0.000032 36.749485 11.693773
v 0.000032 36.749485 11.693773
v 0.000032 36.749485 11.693773
v 0.000032 36.749485 11.693773
v 0.000032 36.749485 11.693773
v 0.000032 36.749485 11.693773
v 0.000032 36.749485 11.693773
v 0.000032 36.749485 11.693773
v 0.000032 36.749485 11.693773
v 0.000032 36.749485 11.693773
v 0.000032 36.749485 11.693773
v 0.000032 36.749485 11.693773
v 0.000032 36.749485 11.693773
v 0.000032 36.749485 11.693773
v 0.000032 36.749485 11.693773
v 0.000032 36.749485 11.693773
v 0.000032 36.749485 11.693773
v 0.000032 36.749485 11.693773
v -2.916783 39.063915 12.905743
v 2.918149 39.063915 12.905743
v -0.079524 39.059723 12.769094
v 0.076038 39.059723 12.769094
v -0.090485 39.059723 12.905743
v 0.081401 39.059723 12.905743
v -2.916783 41.669140 12.905743
v -2.916783 41.234936 12.905743
v -2.916783 40.800732 12.905743
v -2.916783 40.366528 12.905743
v -2.916783 39.932323 12.905743
v -2.916783 39.498119 12.905743
v 2.918149 39.498119 12.905743
v 2.918149 39.932327 12.905743
v 2.918149 40.366531 12.905743
v 2.918149 40.800735 12.905743
v 2.918149 41.234940 12.905743
v 2.918149 41.669144 12.905743
v -0.079524 39.493927 12.769094
v -0.079524 39.928131 12.769094
v -0.079524 40.362339 12.769094
v -0.079524 40.796543 12.769094
v -0.079524 41.230747 12.769094
v -0.079524 41.664951 12.769094
v 0.076038 39.493927 12.769094
v 0.076038 39.928131 12.769094
v 0.076038 40.362339 12.769094
v 0.076038 40.796543 12.769094
v 0.076038 41.230747 12.769094
v 0.076038 41.664951 12.769094
v -0.090485 39.493927 12.905743
v -0.090485 39.928131 12.905743
v -0.090485 40.362339 12.905743
v -0.090485 40.796543 12.905743
v -0.090485 41.230747 12.905743
v -0.090485 41.664951 12.905743
v 0.081401 39.493927 12.905743
v 0.081401 39.928131 12.905743
v 0.081401 40.362339 12.905743
v 0.081401 40.796543 12.905743
v 0.081401 41.230747 12.905743
v 0.081401 41.664951 12.905743
v -2.916789 34.441586 12.905743
v 2.918143 34.441586 12.905743
v -0.079531 34.437389 12.769094
v 0.076031 34.437389 12.769094
v -0.090491 34.437389 12.905743
v 0.081394 34.437389 12.905743
v -2.916789 33.945351 12.905743
v -2.916789 33.449120 12.905743
v -2.916789 32.952885 12.905743
v -2.916789 32.456650 12.905743
v -2.916789 31.960417 12.905743
v 2.918143 31.960417 12.905743
v 2.918143 32.456650 12.905743
v 2.918143 32.952885 12.905743
v 2.918143 33.449116 12.905743
v 2.918143 33.945347 12.905743
v -0.079531 31.956224 12.769094
v -0.079531 32.452454 12.769094
v -0.079531 32.948689 12.769094
v -0.079531 33.444923 12.769094
v -0.079531 33.941158 12.769094
v 0.076031 31.956224 12.769094
v 0.076031 32.452454 12.769094
v 0.076031 32.948689 12.769094
v 0.076031 33.444923 12.769094
v 0.076031 33.941158 12.769094
v -0.090491 31.956224 12.905743
v -0.090491 32.452454 12.905743
v -0.090491 32.948689 12.905743
v -0.090491 33.444923 12.905743
v -0.090491 33.941158 12.905743
v 0.081394 31.956224 12.905743
v 0.081394 32.452454 12.905743
v 0.081394 32.948689 12.905743
v 0.081394 33.444923 12.905743
v 0.081394 33.941158 12.905743
vn -0.5202 0.2818 0.8062
vn -0.5202 0.2817 0.8062
vn 0.9997 -0.0049 -0.0229
vn -0.0150 -0.0037 -0.9999
vn -0.9996 -0.0078 -0.0282
vn -0.9996 -0.0077 -0.0282
vn -0.8581 -0.0000 0.5135
vn 0.8581 -0.0000 0.5135
vn 0.9997 0.0027 0.0237
vn -0.9997 0.0028 0.0237
vn -0.9997 0.0027 0.0237
vn -0.9510 -0.0000 0.3091
vn -0.9510 -0.0000 0.3090
vn 0.9511 -0.0000 0.3090
vn -0.0000 0.7535 0.6574
vn -0.0000 0.7536 0.6574
vn -0.0000 -0.0998 -0.9950
vn -0.0000 1.0000 -0.0000
vn 0.2298 0.8397 -0.4920
vn -0.6558 0.3988 -0.6410
vn 0.2572 0.7939 -0.5510
vn -0.6706 0.4205 -0.6111
vn -0.9137 -0.3966 -0.0885
vn -0.7000 0.4577 -0.5482
vn 0.1437 0.9210 -0.3621
vn 0.1089 0.9667 -0.2318
vn -0.8711 -0.4560 -0.1826
vn -0.9004 -0.4184 -0.1192
vn -0.2579 -0.7925 0.5526
vn 0.8711 0.4560 0.1826
vn 0.9002 0.4188 0.1195
vn 0.9135 0.3971 0.0890
vn 0.6556 -0.3983 0.6415
vn 0.6705 -0.4201 0.6115
vn -0.2300 -0.8393 0.4926
vn -0.1712 -0.9147 0.3660
vn -0.8399 -0.4819 -0.2496
vn -0.7312 0.4836 -0.4811
vn 0.0438 0.9948 -0.0918
vn -0.7637 0.4977 -0.4112
vn -0.0224 0.9985 0.0505
vn 0.8399 0.4819 0.2496
vn 0.7312 -0.4836 0.4811
vn 0.7000 -0.4577 0.5482
vn 0.7416 0.4873 0.4610
vn -0.0880 0.9776 0.1915
vn 0.7743 0.4978 0.3906
vn 0.8074 0.4960 0.3195
vn 0.7637 -0.4977 0.4112
vn -0.1089 -0.9667 0.2318
vn -0.0438 -0.9948 0.0918
vn -0.8074 -0.4960 -0.3195
vn 0.0224 -0.9985 -0.0505
vn -0.7744 -0.4978 -0.3906
vn -0.7416 -0.4873 -0.4610
vn -0.7967 0.4995 -0.3402
vn 0.7967 -0.4995 0.3402
vn 0.8295 -0.4891 0.2698
vn 0.0880 -0.9775 -0.1915
vn 0.1514 -0.9326 -0.3277
vn -0.7099 -0.4648 -0.5291
vn 0.2111 -0.8646 -0.4560
vn -0.6801 -0.4309 -0.5931
vn 0.8612 -0.4666 0.2017
vn 0.7099 0.4649 0.5291
vn -0.8295 0.4891 -0.2697
vn -0.8612 0.4666 -0.2017
vn -0.8910 0.4327 -0.1376
vn -0.9046 0.4126 -0.1068
vn -0.6653 -0.4109 -0.6234
vn 0.2391 -0.8225 -0.5160
vn 0.8910 -0.4327 0.1377
vn 0.6801 0.4310 0.5931
vn -0.1514 0.9326 0.3277
vn -0.2111 0.8646 0.4560
vn 0.6653 0.4109 0.6234
vn 0.9046 -0.4126 0.1068
vn -0.2616 0.8179 0.5124
vn 0.9184 -0.0010 0.3956
vn 0.9882 0.0329 0.1496
vn 0.9882 0.0328 0.1496
vn 0.9922 0.0645 -0.1063
vn 0.2975 -0.7072 -0.6413
vn -0.9019 0.0010 -0.4319
vn -0.9068 0.0350 -0.4202
vn -0.9068 0.0349 -0.4202
vn 0.2199 -0.5279 -0.8203
vn 0.2198 -0.5278 -0.8204
vn 0.2198 -0.5278 -0.8205
vn 0.2198 -0.5277 -0.8205
vn -0.9391 0.0749 -0.3354
vn -0.9703 0.1005 -0.2202
vn -0.9391 0.0749 -0.3355
vn -0.9598 0.1050 -0.2603
vn -0.9597 0.1046 -0.2609
vn -0.9791 0.0962 -0.1791
vn -0.0000 -1.0000 -0.0000
vn 0.9533 -0.0659 0.2947
vn 0.9533 -0.0659 0.2946
vn 0.4217 -0.0001 -0.9067
vn -0.3101 -0.2136 0.9264
vn -0.3100 -0.2135 0.9264
vn 0.9182 -0.3881 0.0792
vn 0.2391 -0.8225 -0.5161
vn 0.6652 0.4109 0.6234
vn -0.2656 0.7753 0.5730
vn -0.2391 0.8225 0.5160
vn 0.6529 0.3864 0.6515
vn 0.6289 0.3323 0.7029
vn 0.9422 -0.3339 0.0279
vn 0.6088 0.2699 0.7460
vn 0.9623 -0.2717 -0.0152
vn 0.9780 -0.2027 -0.0489
vn 0.3539 -0.5422 -0.7621
vn 0.3854 -0.4041 -0.8295
vn -0.6088 -0.2700 -0.7460
vn -0.5931 -0.2010 -0.7797
vn -0.9623 0.2717 0.0152
vn -0.9780 0.2027 0.0489
vn -0.3854 0.4041 0.8295
vn -0.4074 0.2561 0.8766
vn -0.9890 0.1287 0.0724
vn -0.4195 0.1017 0.9021
vn 0.4074 -0.2561 -0.8766
vn 0.9950 -0.0516 -0.0851
vn 0.9890 -0.1288 -0.0724
vn 0.5761 0.0499 0.8159
vn 0.5821 0.1270 0.8032
vn 0.5931 0.2010 0.7797
vn -0.3539 0.5422 0.7621
vn -0.3136 0.6670 0.6758
vn 0.5752 -0.0284 0.8175
vn -0.4211 -0.0552 0.9053
vn 0.5796 -0.1061 0.8080
vn -0.4125 -0.2107 0.8863
vn 0.5825 -0.1444 0.7999
vn -0.4014 -0.3075 0.8628
vn 0.9873 0.1427 -0.0697
vn -0.9950 0.0516 0.0851
vn -0.9959 -0.0267 0.0868
vn -0.9915 -0.1044 0.0772
vn -0.9873 -0.1427 0.0697
vn -0.5825 0.1444 -0.7999
vn -0.5796 0.1061 -0.8080
vn 0.4043 0.2868 -0.8685
vn 0.4124 0.2107 -0.8863
vn 0.9915 0.1044 -0.0772
vn 0.9959 0.0267 -0.0868
vn -0.5752 0.0284 -0.8175
vn 0.4211 0.0552 -0.9053
vn 0.4195 -0.1017 -0.9021
vn -0.5821 -0.1270 -0.8031
vn -0.5761 -0.0499 -0.8159
vn -0.0000 -0.0000 1.0000
vn -0.6289 -0.3323 -0.7029
vn -0.9182 0.3881 -0.0792
vn -0.9422 0.3340 -0.0279
vn -0.6529 -0.3864 -0.6515
vn 0.3136 -0.6670 -0.6758
vn 0.2657 -0.7753 -0.5729
vn -0.6652 -0.4109 -0.6234
vn 0.1397 -0.7874 -0.6004
vn 0.1662 -0.7185 -0.6754
vn 0.1663 -0.7185 -0.6754
vn 0.1394 -0.7879 -0.5998
vn 0.0974 -0.9001 -0.4246
vn -0.0248 -0.9993 -0.0263
vn -0.1294 -0.9524 0.2759
vn 0.7314 0.6769 -0.0831
vn 0.9925 0.1209 -0.0148
vn 0.9925 0.1210 -0.0148
vn 0.8663 -0.4933 0.0782
vn 0.8664 -0.4933 0.0782
vn 0.4226 -0.8996 0.1105
vn -0.1908 -0.9743 0.1196
vn -0.7314 -0.6769 0.0831
vn -0.9925 -0.1210 0.0148
vn -0.8664 0.4933 -0.0781
vn -0.4226 0.8996 -0.1105
vn -0.4226 0.8995 -0.1105
vn 0.1908 0.9743 -0.1196
vn -0.0000 -0.8910 -0.4540
vn 0.8664 -0.4041 -0.2935
vn 0.8664 -0.4450 -0.2267
vn -0.0000 -0.8090 -0.5878
vn 0.8664 -0.3532 -0.3531
vn -0.0000 -0.7071 -0.7071
vn 0.8664 -0.2935 -0.4040
vn -0.0000 -0.5878 -0.8090
vn 0.8664 -0.2267 -0.4450
vn -0.0000 -0.4540 -0.8910
vn -0.8664 0.4450 0.2267
vn -0.8664 -0.4450 -0.2267
vn -0.8664 -0.4750 -0.1543
vn -0.8664 -0.4040 -0.2936
vn -0.8664 -0.3531 -0.3531
vn -0.8664 -0.2935 -0.4040
vn -0.8664 -0.2267 -0.4450
vn -0.0000 -0.3090 -0.9511
vn 0.8664 -0.1543 -0.4750
vn -0.0000 -0.1564 -0.9877
vn 0.8664 -0.0781 -0.4933
vn 0.8664 0.0781 0.4933
vn -0.8664 -0.1543 -0.4750
vn -0.8664 0.4750 0.1543
vn 0.8663 -0.0000 0.4995
vn 0.8664 -0.0000 -0.4994
vn -0.0000 -0.0000 -1.0000
vn -0.8664 -0.0781 -0.4933
vn -0.8664 0.0781 0.4933
vn -0.8664 0.1543 0.4750
vn -0.8664 0.2267 0.4450
vn -0.8664 0.2936 0.4040
vn -0.8664 0.3531 0.3531
vn -0.8664 0.4040 0.2935
vn -0.0000 0.9511 0.3090
vn -0.0000 0.8910 0.4540
vn -0.0000 0.8090 0.5878
vn -0.0000 0.7071 0.7071
vn -0.0000 0.5878 0.8090
vn -0.0000 0.4540 0.8910
vn -0.0000 0.3090 0.9511
vn -0.0000 0.1564 0.9877
vn -0.8663 -0.0000 0.4994
vn -0.8664 -0.0000 -0.4994
vn -0.8657 0.0393 -0.4990
vn -0.0000 0.0785 -0.9969
vn -0.8657 -0.0393 0.4990
vn -0.0000 -0.0785 0.9969
vn 0.8657 0.0393 -0.4990
vn 0.8657 -0.0393 0.4990
vn 0.8663 0.1543 0.4750
vn 0.8664 0.2267 0.4450
vn 0.8663 0.2936 0.4041
vn 0.8664 0.3531 0.3531
vn 0.8664 0.4040 0.2936
vn -0.0000 -0.9724 0.2335
vn -0.0000 -0.9877 0.1564
vn 0.8664 -0.4933 0.0781
vn 0.8664 -0.4994 -0.0000
vn 0.8664 0.4994 -0.0000
vn 0.8664 -0.4933 -0.0781
vn 0.8664 0.4933 0.0781
vn 0.8664 0.4750 0.1543
vn 0.8664 0.4450 0.2267
vn -0.0000 -0.9511 -0.3090
vn 0.8664 -0.4750 -0.1543
vn 0.8657 -0.4868 0.1169
vn 0.8664 0.4932 -0.0781
vn -0.0000 0.9877 0.1564
vn 0.8657 0.4868 -0.1169
vn -0.0000 0.9724 -0.2335
vn -0.0000 0.9877 -0.1564
vn -0.8664 -0.4933 -0.0781
vn -0.8664 0.4932 0.0781
vn -0.8663 0.4994 -0.0000
vn -0.8664 0.4932 -0.0781
vn -0.8664 -0.4933 0.0781
vn -0.8657 -0.4867 0.1169
vn -0.8657 0.4868 -0.1169
vn -0.0000 -0.9877 -0.1564
vn -0.8664 -0.4994 -0.0000
vn 0.8295 0.4891 -0.2697
vn 0.0880 0.9775 0.1915
vn 0.0224 0.9985 0.0505
vn 0.8612 0.4666 -0.2017
vn 0.1514 0.9325 0.3278
vn 0.8910 0.4327 -0.1376
vn 0.2111 0.8646 0.4560
vn 0.9046 0.4126 -0.1067
vn 0.2615 0.8179 0.5124
vn 0.7416 -0.4873 -0.4610
vn 0.7967 0.4995 -0.3401
vn 0.7100 -0.4648 -0.5290
vn 0.6801 -0.4309 -0.5931
vn 0.6653 -0.4109 -0.6234
vn -0.2391 -0.8225 -0.5161
vn -0.2111 -0.8646 -0.4560
vn -0.8910 -0.4327 0.1376
vn -0.8612 -0.4666 0.2016
vn -0.6801 0.4309 0.5931
vn -0.7099 0.4649 0.5290
vn -0.7416 0.4874 0.4610
vn -0.7744 0.4978 0.3905
vn -0.9046 -0.4126 0.1067
vn -0.6653 0.4108 0.6234
vn -0.1514 -0.9325 -0.3278
vn -0.8295 -0.4891 0.2697
vn -0.7967 -0.4995 0.3401
vn -0.7637 -0.4977 0.4112
vn -0.8074 0.4960 0.3195
vn 0.0438 -0.9948 0.0918
vn -0.0224 -0.9985 -0.0505
vn -0.0880 -0.9775 -0.1915
vn 0.1089 -0.9667 0.2318
vn -0.0438 0.9948 -0.0918
vn -0.8399 0.4819 0.2496
vn -0.7312 -0.4836 0.4811
vn 0.1712 -0.9147 0.3660
vn 0.8399 -0.4819 -0.2496
vn 0.8074 -0.4959 -0.3195
vn 0.7744 -0.4978 -0.3905
vn 0.7637 0.4977 -0.4112
vn 0.7312 0.4836 -0.4811
vn -0.9135 0.3971 0.0890
vn -0.2573 0.7936 -0.5513
vn -0.2298 0.8397 -0.4920
vn -0.9002 0.4188 0.1194
vn -0.6556 -0.3983 0.6415
vn -0.6705 -0.4203 0.6114
vn 0.2579 -0.7926 0.5525
vn 0.2300 -0.8393 0.4926
vn 0.9004 -0.4185 -0.1192
vn 0.8711 -0.4560 -0.1825
vn 0.7000 0.4577 -0.5481
vn -0.1089 0.9667 -0.2318
vn 0.6707 0.4205 -0.6111
vn -0.1437 0.9210 -0.3621
vn 0.9137 -0.3966 -0.0884
vn 0.6559 0.3989 -0.6409
vn -0.8711 0.4559 0.1826
vn -0.7000 -0.4577 0.5481
vn -0.0425 0.9947 0.0937
vn 0.0009 1.0000 0.0004
vn 0.0009 1.0000 0.0003
vn -0.0426 0.9947 0.0939
vn -0.1252 0.9543 0.2715
vn -0.1252 0.9543 0.2714
vn -0.1754 0.9119 0.3712
vn -0.1754 0.9118 0.3712
vn 0.6640 -0.4113 0.6244
vn 0.9044 0.4125 0.1088
vn 0.9180 0.3880 0.0813
vn 0.9421 0.3340 0.0300
vn 0.3150 0.6675 -0.6747
vn 0.3553 0.5428 -0.7610
vn 0.2668 0.7758 -0.5718
vn 0.2401 0.8229 -0.5149
vn 0.6275 -0.3328 0.7039
vn 0.6516 -0.3869 0.6525
vn 0.9623 0.2717 -0.0131
vn 0.3870 0.4048 -0.8285
vn 0.9781 0.2027 -0.0468
vn 0.4092 0.2566 -0.8756
vn 0.9892 0.1288 -0.0704
vn 0.4213 0.1023 -0.9011
vn 0.9952 0.0517 -0.0831
vn 0.4230 -0.0545 -0.9045
vn 0.9960 -0.0266 -0.0848
vn 0.4142 -0.2101 -0.8856
vn 0.9917 -0.1043 -0.0753
vn 0.4031 -0.3068 -0.8622
vn 0.9875 -0.1426 -0.0678
vn 0.5810 0.1438 0.8011
vn 0.5779 0.1055 0.8092
vn 0.5736 0.0278 0.8187
vn 0.5744 -0.0505 0.8170
vn 0.5805 -0.1276 0.8042
vn 0.5915 -0.2015 0.7807
vn 0.6073 -0.2705 0.7470
vn -0.4142 0.2100 0.8856
vn -0.4230 0.0546 0.9045
vn -0.4213 -0.1023 0.9012
vn -0.4092 -0.2567 0.8756
vn -0.3870 -0.4047 0.8285
vn -0.3554 -0.5428 0.7609
vn -0.3150 -0.6675 0.6747
vn -0.2668 -0.7757 0.5719
vn -0.9421 -0.3340 -0.0300
vn -0.9180 -0.3880 -0.0813
vn -0.6516 0.3868 -0.6525
vn -0.9960 0.0266 0.0848
vn -0.9917 0.1043 0.0753
vn -0.9952 -0.0517 0.0831
vn -0.9892 -0.1288 0.0704
vn -0.9781 -0.2027 0.0469
vn -0.9623 -0.2717 0.0131
vn -0.6275 0.3328 -0.7039
vn -0.6073 0.2705 -0.7470
vn -0.5915 0.2014 -0.7807
vn -0.5804 0.1276 -0.8042
vn -0.5744 0.0504 -0.8170
vn -0.5736 -0.0278 -0.8187
vn -0.5779 -0.1055 -0.8092
vn -0.5809 -0.1438 -0.8012
vn -0.9875 0.1426 0.0678
vn -0.4060 0.2861 0.8679
vn -0.6640 0.4113 -0.6244
vn -0.9044 -0.4125 -0.1088
vn -0.2401 -0.8229 0.5150
vn -0.9184 -0.0010 0.3956
vn -0.9185 -0.0010 0.3955
vn -0.9922 0.0645 -0.1063
vn -0.9882 0.0328 0.1496
vn -0.9922 0.0645 -0.1064
vn -0.2975 -0.7072 -0.6414
vn 0.9020 0.0010 -0.4318
vn 0.9019 0.0010 -0.4319
vn 0.9068 0.0350 -0.4202
vn 0.9703 0.1005 -0.2202
vn 0.9791 0.0962 -0.1791
vn 0.9596 0.1044 -0.2612
vn 0.9597 0.1046 -0.2608
vn 0.9391 0.0749 -0.3354
vn 0.3651 -0.5064 -0.7812
vn 0.2094 -0.3981 -0.8931
vn 0.1577 -0.5881 -0.7933
vn 0.3083 -0.6861 -0.6589
vn 0.5074 -0.5876 -0.6303
vn 0.5506 -0.3983 -0.7337
vn -0.4217 -0.0001 -0.9067
vn 0.1753 0.9118 0.3712
vn 0.1754 0.9118 0.3712
vn 0.1753 0.9119 0.3712
vn 0.1252 0.9543 0.2714
vn 0.0425 0.9947 0.0939
vn 0.0424 0.9947 0.0937
vn -0.0009 1.0000 0.0004
vn 0.3100 -0.2136 0.9264
vn 0.3100 -0.2135 0.9264
vn 0.3100 -0.2135 0.9265
vn -0.9508 -0.0008 -0.3098
vn -0.9513 -0.0010 0.3083
vn -0.5875 -0.0008 0.8092
vn -0.5875 -0.0009 0.8092
vn -0.0007 -0.0004 1.0000
vn 0.5876 0.0003 0.8091
vn 0.5876 0.0002 0.8091
vn 0.9507 0.0008 0.3101
vn 0.9505 0.0008 0.3106
vn 0.9515 0.0013 -0.3077
vn 0.9515 0.0010 -0.3078
vn 0.5884 0.0009 -0.8086
vn 0.0007 0.0004 -1.0000
vn -0.5876 -0.0002 -0.8091
vn -0.5879 -0.0003 -0.8090
vn 0.9508 -0.0008 -0.3099
vn 0.9514 -0.0010 0.3081
vn 0.5886 -0.0008 0.8084
vn 0.0010 -0.0004 1.0000
vn -0.5870 0.0003 0.8096
vn -0.9508 0.0008 0.3099
vn -0.9508 0.0008 0.3100
vn -0.9514 0.0010 -0.3081
vn -0.5886 0.0008 -0.8084
vn -0.0010 0.0004 -1.0000
vn 0.5870 -0.0003 -0.8096
vn -1.0000 -0.0000 -0.0000
vn -0.9336 -0.3575 0.0250
vn -0.0000 -0.0698 -0.9976
vn -0.0000 0.0698 0.9976
vn -0.7445 0.0466 0.6660
vn -0.4328 -0.8993 0.0629
vn -0.5593 -0.0578 -0.8269
vn -0.0000 0.9976 -0.0698
vn 1.0000 -0.0000 -0.0000
vn 0.9336 -0.3575 0.0250
vn 0.7445 0.0466 0.6660
vn 0.4327 -0.8993 0.0629
vn 0.5593 -0.0578 -0.8269
vn -0.9877 -0.1564 -0.0000
vn -0.8090 -0.5878 -0.0000
vn -0.3090 -0.9511 -0.0000
vn 0.3090 -0.9511 -0.0000
vn 0.8090 -0.5878 -0.0000
vn 0.9877 -0.1564 -0.0000
vn -0.4017 -0.3075 0.8626
vn -0.3635 -0.5070 0.7815
vn -0.2076 -0.3987 0.8933
vn -0.1561 -0.5885 0.7933
vn -0.3062 -0.6865 0.6594
vn -0.5061 -0.5881 0.6309
vn -0.5491 -0.3989 0.7344
vn 0.7116 -0.5298 -0.4616
vn 0.7116 -0.5297 -0.4616
vn -0.7116 -0.5297 -0.4616
vn -0.0000 -0.9979 0.0644
vn 0.7994 -0.5854 0.1353
vn -0.7994 -0.5854 0.1353
vn -0.1466 0.9837 -0.1041
vn 0.9839 -0.1558 -0.0872
vn 0.1466 0.9837 -0.1041
vn 0.0763 0.2778 -0.9576
vn 0.2924 0.1589 -0.9430
vn -0.0000 -0.1219 -0.9925
vn 0.3968 -0.0634 -0.9157
vn 0.3496 -0.3041 -0.8862
vn 0.1689 -0.4713 -0.8656
vn -0.0763 -0.5012 -0.8620
vn -0.2924 -0.3823 -0.8766
vn -0.3968 -0.1601 -0.9039
vn -0.3496 0.0807 -0.9334
vn -0.1689 0.2479 -0.9539
vn -0.9533 -0.0659 0.2946
vn -0.9533 -0.0660 0.2946
vn -0.9534 -0.0660 0.2945
vn -0.9533 -0.0659 0.2947
vn 0.0249 -0.9993 -0.0263
vn 0.1294 -0.9524 0.2759
vn 0.0249 -0.9993 -0.0264
vn -0.0974 -0.9001 -0.4246
vn -0.1394 -0.7879 -0.5998
vn -0.1396 -0.7875 -0.6003
vn -0.1942 -0.6284 -0.7533
vn -0.1947 -0.6283 -0.7532
vn -0.2199 -0.5282 -0.8202
vn -0.2197 -0.5277 -0.8205
vn -0.0010 1.0000 0.0004
vn -0.0009 -1.0000 -0.0004
vn -0.0009 -1.0000 -0.0003
vn 0.8367 -0.2437 0.4904
vn 0.8684 -0.2455 0.4307
vn 0.8846 -0.2415 0.3989
vn 0.7968 -0.2453 0.5522
vn 0.9434 -0.2180 0.2498
vn 0.9765 -0.1771 0.1229
vn 0.9082 -0.2339 0.3472
vn 0.8821 -0.2956 0.3667
vn 0.9081 -0.2342 -0.3472
vn 0.8821 -0.2956 -0.3668
vn 0.8684 -0.2457 -0.4306
vn 0.8848 -0.2414 -0.3985
vn 0.9434 -0.2180 -0.2498
vn 0.9764 -0.1773 -0.1230
vn 0.9764 -0.1774 -0.1230
vn 0.9857 -0.1613 -0.0491
vn 0.9895 -0.1448 -0.0000
vn 0.9857 -0.1610 0.0491
vn 0.9765 -0.1772 0.1229
vn 0.8362 -0.2447 -0.4907
vn 0.7961 -0.2461 -0.5528
vn -0.3979 -0.7994 0.4502
vn 0.7142 0.3779 -0.5892
vn 0.8121 0.3475 -0.4687
vn 0.8459 0.3465 -0.4054
vn 0.6470 0.3562 -0.6742
vn 0.9098 0.3314 -0.2498
vn 0.9476 0.2948 -0.1229
vn 0.9098 0.3313 -0.2498
vn 0.8648 0.3377 -0.3715
vn 0.9299 0.2356 -0.2823
vn 0.8649 0.3377 -0.3715
vn 0.9056 0.2602 0.3350
vn 0.8301 0.3803 0.4077
vn 0.8053 0.3488 0.4794
vn 0.8887 0.3112 0.3368
vn 0.8434 0.3467 0.4104
vn 0.9098 0.3314 0.2498
vn 0.9098 0.3313 0.2498
vn 0.9476 0.2950 0.1230
vn 0.9475 0.2950 0.1230
vn 0.9587 0.2802 0.0492
vn 0.9526 0.3044 -0.0008
vn 0.9623 0.2719 0.0080
vn 0.9526 0.3044 -0.0007
vn 0.9588 0.2799 -0.0490
vn 0.9758 0.2187 0.0001
vn 0.9757 0.2192 -0.0000
vn 0.7142 0.3779 0.5892
vn 0.6470 0.3562 0.6742
vn 0.7777 0.6286 -0.0000
vn 0.6782 -0.7349 -0.0000
vn -0.2365 -0.0000 -0.9716
vn -0.2367 -0.0000 -0.9716
vn -0.2358 -0.0000 -0.9718
vn 0.0039 0.0397 0.9992
vn 0.0039 0.0397 -0.9992
vn -0.8029 0.5961 -0.0000
vn -0.8029 -0.5961 -0.0000
vn 0.9895 0.1446 -0.0003
vn 0.9757 0.2192 0.0002
vn 0.9895 0.1445 -0.0000
vn -0.9892 -0.1465 -0.0000
vn -0.9892 -0.1463 -0.0000
vn -0.9892 -0.1464 -0.0000
vn -0.9892 0.1465 -0.0000
vn 0.3979 -0.7994 0.4502
vn 0.9895 0.1445 -0.0003
vn 0.5421 -0.7711 0.3341
vn 0.6081 -0.6693 0.4270
vn 0.6804 -0.5654 0.4662
vn 0.6803 -0.5654 0.4663
vn 0.7502 -0.4717 0.4634
vn 0.8065 -0.3962 0.4389
vn 0.8064 -0.3963 0.4389
vn 0.8290 -0.3641 0.4245
vn 0.8290 -0.3641 -0.4245
vn 0.8064 -0.3963 -0.4389
vn 0.7501 -0.4717 -0.4635
vn 0.7501 -0.4717 -0.4634
vn 0.6803 -0.5654 -0.4663
vn 0.6080 -0.6693 -0.4270
vn 0.6081 -0.6693 -0.4269
vn 0.5420 -0.7711 -0.3340
vn 0.5421 -0.7711 -0.3340
vn 0.4944 -0.8492 -0.1856
vn 0.4945 -0.8491 -0.1857
vn 0.4769 -0.8790 -0.0000
vn 0.4945 -0.8491 0.1857
vn 0.4944 -0.8492 0.1857
vn -0.0000 0.4157 -0.9095
vn -0.0000 0.1891 -0.9820
vn -0.0000 0.4158 -0.9095
vn -0.9839 0.1558 0.0872
vn 0.9193 -0.3065 0.2469
vn 0.8821 -0.2956 0.3668
vn 0.8299 -0.2794 0.4829
vn 0.7661 -0.2536 0.5906
vn 0.7065 -0.1927 0.6810
vn 0.6586 -0.1966 0.7263
vn 0.6587 -0.1966 0.7263
vn 0.6587 -0.1965 0.7263
vn 0.6972 -0.1426 0.7026
vn 0.7129 -0.0982 0.6943
vn 0.7130 -0.0983 0.6943
vn 0.7296 -0.0650 0.6807
vn 0.7299 -0.0652 0.6805
vn 0.7398 -0.0326 0.6720
vn 0.7398 -0.0325 0.6720
vn 0.7399 0.0326 0.6720
vn 0.7398 0.0326 0.6720
vn 0.7298 0.0651 0.6805
vn 0.7300 0.0653 0.6804
vn 0.7126 0.0980 0.6947
vn 0.7126 0.0979 0.6947
vn 0.6972 0.1426 0.7026
vn 0.6533 0.1643 0.7391
vn 0.6972 0.1425 0.7026
vn 0.6532 0.1643 0.7391
vn 0.6108 0.2010 0.7658
vn 0.6108 0.2011 0.7658
vn 0.5629 0.2617 0.7840
vn 0.5202 0.2818 0.8063
vn 0.5202 0.2817 0.8063
vn 0.5201 0.2818 0.8063
vn 0.5842 0.2890 0.7584
vn 0.7823 0.4393 0.4415
vn 0.8309 0.4671 0.3023
vn 0.8310 0.4670 0.3023
vn 0.8613 0.4843 0.1536
vn 0.8613 0.4844 0.1535
vn 0.8715 0.4904 -0.0000
vn 0.8716 0.4903 -0.0000
vn 0.8613 0.4844 -0.1535
vn 0.8613 0.4843 -0.1535
vn 0.8309 0.4671 -0.3023
vn 0.8310 0.4670 -0.3023
vn 0.7823 0.4394 -0.4415
vn 0.7141 0.3779 -0.5892
vn 0.5875 0.2867 -0.7568
vn 0.5339 0.2823 -0.7970
vn 0.5652 0.2648 -0.7813
vn 0.7298 0.0651 -0.6805
vn 0.7299 0.0652 -0.6805
vn 0.7398 0.0326 -0.6720
vn 0.7126 0.0979 -0.6947
vn 0.6971 0.1425 -0.7026
vn 0.6533 0.1643 -0.7391
vn 0.6532 0.1643 -0.7391
vn 0.6108 0.2011 -0.7658
vn 0.6549 -0.1961 -0.7298
vn 0.6549 -0.1961 -0.7299
vn 0.6971 -0.1425 -0.7026
vn 0.7130 -0.0983 -0.6942
vn 0.6971 -0.1426 -0.7026
vn 0.7129 -0.0982 -0.6943
vn 0.7296 -0.0650 -0.6807
vn 0.7299 -0.0652 -0.6805
vn 0.7398 -0.0326 -0.6720
vn 0.7399 -0.0327 -0.6719
vn 0.7398 -0.0325 -0.6720
vn 0.7399 0.0326 -0.6719
vn 0.7064 -0.1927 -0.6810
vn 0.7661 -0.2536 -0.5906
vn 0.8299 -0.2795 -0.4829
vn 0.9189 -0.3070 -0.2477
vn 0.9189 -0.3071 -0.2477
vn 0.9429 -0.3072 -0.1291
vn 0.9429 -0.3072 -0.1290
vn 0.9532 -0.3023 0.0002
vn 0.9432 -0.3064 0.1284
vn 0.0001 1.0000 -0.0000
vn -0.9906 -0.0000 0.1368
vn -0.8572 -0.0000 0.5149
vn -0.5000 -0.0000 0.8660
vn -0.1305 -0.0000 0.9914
vn -0.0000 -0.6981 0.7160
vn -0.0000 -0.9204 0.3910
vn -0.0000 -0.3745 0.9272
vn -0.0000 0.3745 0.9272
vn -0.0000 0.6981 0.7160
vn -0.0000 0.9204 0.3910
vn -0.0000 0.9204 -0.3910
vn -0.0000 0.6981 -0.7160
vn -0.0000 0.3745 -0.9272
vn -0.0000 -0.3745 -0.9272
vn -0.0000 -0.6981 -0.7160
vn -0.0000 -0.9204 -0.3910
vn -0.1020 0.0897 0.9907
vn -0.9239 0.3827 -0.0000
vn -0.9808 0.1952 -0.0000
vn -0.9808 0.1953 -0.0000
vn -0.1951 0.9808 -0.0000
vn -0.3827 0.9239 -0.0000
vn -0.7071 0.7071 -0.0000
vn -0.0003 1.0000 -0.0000
vn 0.0005 1.0000 -0.0000
vn 0.0001 -1.0000 -0.0000
vn 0.4361 -0.8999 -0.0000
vn -0.9927 -0.1197 0.0140
vn -0.8684 -0.2456 0.4307
vn -0.7914 -0.2201 0.5703
vn -0.8290 -0.2300 0.5098
vn -0.8846 -0.2414 0.3989
vn -0.8821 -0.2956 0.3668
vn -0.9082 -0.2339 0.3472
vn -0.9082 -0.2338 0.3472
vn -0.9434 -0.2180 0.2498
vn -0.9765 -0.1772 0.1229
vn -0.9857 -0.1610 0.0490
vn -0.9879 -0.1547 0.0120
vn -0.9857 -0.1613 -0.0492
vn -0.9764 -0.1773 -0.1230
vn -0.9434 -0.2180 -0.2498
vn -0.8849 -0.2413 -0.3985
vn -0.9081 -0.2342 -0.3473
vn -0.8684 -0.2458 -0.4307
vn -0.8821 -0.2956 -0.3668
vn -0.8282 -0.2322 -0.5101
vn -0.7890 -0.2221 -0.5728
vn 0.1020 0.0897 0.9907
vn -0.9623 0.2719 0.0080
vn -0.9767 0.2146 -0.0001
vn -0.9767 0.2145 -0.0001
vn -0.9526 0.3044 -0.0008
vn -0.8648 0.3377 -0.3716
vn -0.8121 0.3475 -0.4688
vn -0.9299 0.2356 -0.2825
vn -0.8648 0.3378 -0.3716
vn -0.8459 0.3465 -0.4055
vn -0.9098 0.3313 -0.2499
vn -0.9510 0.2953 -0.0910
vn -0.9511 0.2953 -0.0910
vn -0.9530 0.3001 -0.0420
vn -0.9530 0.3001 0.0421
vn -0.9530 0.3000 0.0421
vn -0.9511 0.2953 0.0909
vn -0.9510 0.2954 0.0910
vn -0.9098 0.3313 0.2498
vn -0.6470 0.3562 -0.6742
vn -0.7181 0.3702 -0.5893
vn -0.8434 0.3467 0.4104
vn -0.8886 0.3111 0.3369
vn -0.8053 0.3488 0.4795
vn -0.9053 0.2608 0.3354
vn -0.8301 0.3803 0.4078
vn -0.7181 0.3702 0.5893
vn -0.6470 0.3562 0.6742
vn 0.1466 -0.9837 0.1041
vn 0.9839 0.1558 0.0872
vn -0.7777 0.6286 -0.0000
vn -0.7777 0.6287 -0.0000
vn -0.6782 -0.7349 -0.0000
vn 0.2369 -0.0000 -0.9715
vn 0.2370 -0.0000 -0.9715
vn -0.0000 0.6991 0.7150
vn -0.0039 0.0397 0.9992
vn -0.0039 0.0397 -0.9992
vn 0.8029 0.5961 -0.0000
vn 0.8029 -0.5961 -0.0000
vn -0.7403 -0.6723 -0.0000
vn -0.6052 0.7961 -0.0000
vn -0.6051 0.7961 -0.0000
vn -0.9967 0.0813 0.0004
vn -0.9967 0.0813 -0.0000
vn -0.9967 0.0813 -0.0004
vn -0.1466 -0.9837 0.1041
vn -0.0000 -0.8713 0.4908
vn -0.0000 -0.8712 0.4908
vn -0.1020 -0.0897 -0.9907
vn -0.9895 0.1446 -0.0003
vn -0.3665 0.8737 -0.3198
vn -0.4349 0.7930 -0.4266
vn -0.4349 0.7931 -0.4265
vn -0.5155 0.7041 -0.4884
vn -0.5155 0.7041 -0.4883
vn -0.6002 0.6172 -0.5087
vn -0.6002 0.6173 -0.5086
vn -0.6732 0.5450 -0.4998
vn -0.6732 0.5450 -0.4999
vn -0.7035 0.5145 -0.4903
vn -0.7034 0.5145 0.4904
vn -0.6731 0.5449 0.4999
vn -0.6731 0.5450 0.4999
vn -0.6002 0.6173 0.5087
vn -0.5156 0.7040 0.4884
vn -0.5155 0.7041 0.4884
vn -0.4347 0.7932 0.4265
vn -0.4349 0.7930 0.4266
vn -0.3666 0.8737 0.3198
vn -0.3665 0.8737 0.3198
vn -0.3198 0.9317 0.1724
vn -0.3199 0.9316 0.1724
vn -0.3033 0.9529 -0.0000
vn -0.3200 0.9316 -0.1724
vn -0.6855 0.0956 -0.7218
vn -0.6874 0.1309 -0.7144
vn -0.6853 0.0956 -0.7219
vn -0.6873 0.1309 -0.7144
vn -0.7134 0.1839 -0.6762
vn -0.7270 0.2439 -0.6419
vn -0.7432 0.3354 -0.5789
vn -0.6976 -0.2140 -0.6838
vn -0.6900 -0.1337 -0.7114
vn -0.6853 -0.0956 -0.7220
vn -0.6853 -0.0956 -0.7219
vn -0.6751 -0.0611 -0.7352
vn -0.6751 -0.0609 -0.7353
vn -0.6667 -0.0000 -0.7454
vn -0.6668 -0.0000 -0.7452
vn -0.6668 -0.0000 -0.7453
vn -0.6751 0.0610 -0.7352
vn -0.6751 0.0609 -0.7352
vn -0.6750 0.0612 -0.7353
vn -0.8302 -0.3576 -0.4276
vn -0.8083 -0.3865 -0.4442
vn -0.8082 -0.3865 -0.4443
vn -0.7526 -0.4588 -0.4723
vn -0.7527 -0.4588 -0.4722
vn -0.6827 -0.5533 -0.4772
vn -0.6101 -0.6594 -0.4393
vn -0.6100 -0.6595 -0.4393
vn -0.5435 -0.7649 -0.3458
vn -0.5433 -0.7650 -0.3457
vn -0.4952 -0.8470 -0.1931
vn -0.4951 -0.8471 -0.1931
vn -0.4771 -0.8789 -0.0000
vn -0.4771 -0.8788 -0.0000
vn -0.4950 -0.8472 0.1931
vn -0.4949 -0.8472 0.1931
vn -0.5433 -0.7650 0.3457
vn -0.5433 -0.7651 0.3457
vn -0.6100 -0.6594 0.4394
vn -0.6099 -0.6595 0.4393
vn -0.6827 -0.5533 0.4773
vn -0.6826 -0.5534 0.4773
vn -0.7526 -0.4588 0.4723
vn -0.8083 -0.3865 0.4442
vn -0.8302 -0.3576 0.4276
vn -0.6751 -0.0609 0.7352
vn -0.6750 -0.0609 0.7353
vn -0.6751 -0.0610 0.7352
vn -0.6749 -0.0611 0.7353
vn -0.6853 -0.0956 0.7219
vn -0.6853 -0.0954 0.7220
vn -0.6986 -0.1357 0.7026
vn -0.6986 -0.1356 0.7026
vn -0.7004 -0.2090 0.6825
vn -0.7004 -0.2089 0.6825
vn -0.7260 0.3240 0.6065
vn -0.7261 0.3240 0.6065
vn -0.7269 0.2438 0.6420
vn -0.7269 0.2439 0.6419
vn -0.7134 0.1839 0.6762
vn -0.6985 0.1357 0.7026
vn -0.6985 0.1356 0.7027
vn -0.6852 0.0957 0.7220
vn -0.6851 0.0955 0.7221
vn -0.6749 0.0611 0.7353
vn -0.6750 0.0609 0.7353
vn -0.6666 -0.0000 0.7454
vn -0.6668 -0.0000 0.7452
vn -0.6669 -0.0000 0.7452
vn -0.8612 0.4845 0.1535
vn -0.8309 0.4672 0.3023
vn -0.8309 0.4671 0.3023
vn -0.7823 0.4394 0.4416
vn -0.7187 0.4027 0.5668
vn -0.5842 0.2890 0.7584
vn -0.5629 0.2617 0.7840
vn -0.7398 -0.0325 0.6720
vn -0.7399 0.0326 0.6720
vn -0.7398 0.0326 0.6720
vn -0.7299 0.0652 0.6805
vn -0.7297 0.0651 0.6807
vn -0.7126 0.0979 0.6947
vn -0.6532 0.1643 0.7391
vn -0.6108 0.2011 0.7658
vn -0.7661 -0.2536 0.5906
vn -0.6587 -0.1965 0.7263
vn -0.6586 -0.1965 0.7263
vn -0.6985 -0.1357 0.7026
vn -0.7131 -0.0984 0.6942
vn -0.6985 -0.1356 0.7026
vn -0.7129 -0.0982 0.6943
vn -0.7299 -0.0652 0.6805
vn -0.7298 -0.0651 0.6805
vn -0.7398 -0.0326 0.6720
vn -0.5339 0.2823 -0.7970
vn -0.5648 0.2647 -0.7816
vn -0.5875 0.2867 -0.7568
vn -0.7187 0.4026 -0.5669
vn -0.7823 0.4394 -0.4416
vn -0.8309 0.4671 -0.3024
vn -0.8309 0.4672 -0.3023
vn -0.8613 0.4843 -0.1537
vn -0.8612 0.4845 -0.1535
vn -0.8712 0.4910 -0.0000
vn -0.8715 0.4904 -0.0000
vn 0.1305 -0.0000 0.9914
vn 0.5000 -0.0000 0.8660
vn 0.8572 -0.0000 0.5150
vn 0.9914 -0.0000 0.1305
vn -0.9839 -0.1558 -0.0872
vn -0.6236 -0.1736 -0.7622
vn 0.1020 -0.0897 -0.9907
vn -0.0000 0.9239 0.3827
vn -0.0000 0.3827 0.9239
vn -0.0000 -0.3827 0.9239
vn -0.0000 -0.7071 0.7071
vn -0.0000 -0.9239 0.3827
vn -0.0000 -0.9239 -0.3827
vn -0.0000 -0.3827 -0.9239
vn -0.0000 0.3827 -0.9239
vn -0.0000 0.7071 -0.7071
vn -0.0000 0.9239 -0.3827
vn 0.9808 0.1952 -0.0000
vn 0.9239 0.3828 -0.0000
vn 0.9239 0.3827 -0.0000
vn -0.1974 -0.9803 -0.0000
vn -0.3838 -0.9234 -0.0000
vn -0.7071 -0.7071 -0.0000
vn -0.9234 -0.3838 -0.0000
vn -0.9803 -0.1974 -0.0000
vn -0.9803 0.1974 -0.0000
vn -0.9234 0.3838 -0.0000
vn -0.3838 0.9234 -0.0000
vn -0.1974 0.9803 -0.0000
vn 0.9808 -0.1951 -0.0000
vn 0.9239 -0.3827 -0.0000
vn 0.7071 -0.7071 -0.0000
vn 0.3827 -0.9239 -0.0000
vn 0.1952 -0.9808 -0.0000
vn -0.5878 -0.8090 -0.0000
vn 0.5878 -0.8090 -0.0000
vn -0.8090 0.5878 -0.0000
vn 0.8090 0.5878 -0.0000
vn 0.3090 0.9511 -0.0000
vn -0.3090 0.9511 -0.0000
vn 0.7466 -0.0000 0.6653
vn 0.9208 -0.0000 -0.3899
vn -0.8089 -0.0000 -0.5880
vn -0.8092 -0.0000 -0.5876
vn -0.1333 -0.0000 0.9911
vn 0.8092 -0.0000 -0.5876
vn 0.8089 -0.0000 -0.5880
vn 0.1333 -0.0000 0.9911
vn -0.0005 1.0000 -0.0000
vn 0.0003 1.0000 -0.0000
vn -0.0001 -1.0000 -0.0000
vn 0.0003 -1.0000 -0.0000
vn -0.4361 -0.8999 -0.0000
vn -0.0008 0.0007 1.0000
vn -0.9495 -0.3085 0.0581
vn -0.8076 -0.5868 0.0581
vn -0.9983 -0.0000 0.0581
vn -0.9494 0.3085 0.0581
vn -0.8077 0.5868 0.0581
vn -0.5868 0.8076 0.0581
vn -0.3085 0.9494 0.0582
vn -0.0000 0.9983 0.0582
vn 0.3085 0.9494 0.0582
vn 0.5868 0.8076 0.0582
vn 0.8076 0.5868 0.0582
vn 0.9495 0.3085 0.0582
vn 0.9983 -0.0000 0.0582
vn 0.9495 -0.3085 0.0567
vn 0.8076 -0.5868 0.0582
vn 0.9494 -0.3085 0.0582
vn 0.5868 -0.8076 0.0582
vn 0.3085 -0.9494 0.0582
vn -0.0000 -0.9983 0.0582
vn -0.3085 -0.9494 0.0582
vn -0.5868 -0.8076 0.0581
vn -0.7466 -0.0000 0.6653
vn -0.9208 -0.0000 -0.3900
vn 0.9199 -0.0863 -0.3826
vn 0.9198 -0.0863 0.3827
vn 0.8946 -0.3557 -0.2706
vn -0.7399 -0.0326 -0.6720
vn -0.7398 -0.0326 -0.6720
vn -0.7398 -0.0325 -0.6720
vn -0.7298 -0.0652 -0.6805
vn -0.7130 -0.0983 -0.6943
vn -0.7127 -0.0981 -0.6945
vn -0.6549 -0.1961 -0.7299
vn -0.6550 -0.1960 -0.7298
vn -0.6976 -0.2139 -0.6838
vn -0.7661 -0.2536 -0.5906
vn -0.8299 -0.2794 -0.4829
vn -0.9189 -0.3070 -0.2477
vn -0.9189 -0.3071 -0.2477
vn -0.9501 -0.2894 -0.1168
vn -0.9482 -0.3176 0.0004
vn -0.9497 -0.2907 0.1162
vn -0.9193 -0.3065 0.2468
vn -0.9193 -0.3065 0.2469
vn -0.8821 -0.2956 0.3667
vn -0.8299 -0.2794 0.4829
vn -0.5652 0.2648 -0.7813
vn -0.6108 0.2011 -0.7658
vn -0.6532 0.1643 -0.7392
vn -0.6533 0.1643 -0.7391
vn -0.7125 0.0978 -0.6948
vn -0.7126 0.0979 -0.6947
vn -0.7297 0.0651 -0.6806
vn -0.7398 0.0326 -0.6720
vn -0.7398 0.0325 -0.6720
vn 0.0004 0.0002 1.0000
vn 0.3081 -0.9483 0.0759
vn 0.5861 -0.8067 0.0759
vn -0.0000 -0.9971 0.0759
vn -0.3081 -0.9483 0.0759
vn -0.5861 -0.8067 0.0759
vn -0.8067 -0.5861 0.0759
vn -0.9483 -0.3081 0.0759
vn -0.9971 -0.0000 0.0759
vn -0.9483 0.3081 0.0759
vn -0.8067 0.5861 0.0759
vn -0.5861 0.8067 0.0759
vn -0.3081 0.9483 0.0759
vn -0.0000 0.9971 0.0759
vn 0.3081 0.9483 0.0759
vn 0.5861 0.8067 0.0759
vn 0.8067 0.5861 0.0759
vn 0.9483 0.3081 0.0759
vn 0.9971 -0.0000 0.0759
vn 0.9483 -0.3081 0.0759
vn 0.8067 -0.5861 0.0759
vn 0.6102 0.7784 0.1477
vn 0.6284 0.7778 0.0046
vn 0.6284 0.7779 0.0046
vn 0.5793 0.7627 0.2877
vn 0.3650 0.8777 -0.3104
vn 0.4323 0.8004 -0.4153
vn 0.4322 0.8004 -0.4154
vn 0.5119 0.7143 -0.4771
vn 0.5959 0.6297 -0.4984
vn 0.6698 0.5552 -0.4931
vn 0.7011 0.5215 -0.4863
vn 0.7011 0.5215 0.4863
vn 0.6698 0.5552 0.4931
vn 0.5959 0.6296 0.4985
vn 0.5959 0.6297 0.4984
vn 0.5120 0.7144 0.4770
vn 0.5120 0.7143 0.4770
vn 0.4323 0.8004 0.4153
vn 0.3651 0.8777 0.3104
vn 0.3194 0.9328 0.1671
vn 0.3194 0.9328 0.1669
vn 0.3032 0.9529 -0.0000
vn 0.3193 0.9328 -0.1669
vn 0.3193 0.9328 -0.1670
vn 0.6845 0.1001 -0.7221
vn 0.6845 0.1002 -0.7221
vn 0.7108 0.1932 -0.6763
vn 0.7225 0.2563 -0.6421
vn 0.7226 0.2562 -0.6421
vn 0.7212 0.3348 -0.6064
vn 0.7064 -0.1927 -0.6811
vn 0.7065 -0.1926 -0.6810
vn 0.7065 -0.1927 -0.6810
vn 0.6846 -0.1003 -0.7220
vn 0.6845 -0.1003 -0.7220
vn 0.6748 -0.0641 -0.7352
vn 0.6748 -0.0640 -0.7352
vn 0.6666 -0.0000 -0.7454
vn 0.6667 -0.0000 -0.7454
vn 0.6664 -0.0000 -0.7456
vn 0.6748 0.0640 -0.7352
vn 0.6687 -0.0311 0.7429
vn 0.6687 -0.0312 0.7429
vn 0.6846 -0.1004 0.7220
vn 0.6846 -0.1003 0.7220
vn 0.6972 -0.1425 0.7026
vn 0.7065 -0.1926 0.6810
vn 0.7066 -0.1927 0.6809
vn 0.7141 0.3779 0.5892
vn 0.7213 0.3348 0.6064
vn 0.7213 0.3349 0.6063
vn 0.7226 0.2562 0.6420
vn 0.7226 0.2563 0.6420
vn 0.7109 0.1933 0.6762
vn 0.6846 0.1003 0.7220
vn 0.6846 0.1004 0.7220
vn 0.6748 0.0640 0.7352
vn 0.6688 0.0297 0.7429
vn -0.5878 0.8090 -0.0000
vn 0.5878 0.8090 -0.0000
vn 0.7071 0.7071 -0.0000
vn 0.9234 -0.3838 -0.0000
vn 0.9803 -0.1974 -0.0000
vn 0.3838 -0.9234 -0.0000
vn 0.3837 -0.9234 -0.0000
vn 0.1974 -0.9803 -0.0000
vn 0.3838 0.9234 -0.0000
vn 0.1974 0.9803 -0.0000
vn 0.9234 0.3838 -0.0000
vn 0.9803 0.1974 -0.0000
vn -0.3827 -0.9239 -0.0000
vn -0.1952 -0.9808 -0.0000
vn -0.3828 -0.9238 -0.0000
vn -0.9239 -0.3827 -0.0000
vn -0.9808 -0.1951 -0.0000
vn 0.0001 -0.0004 1.0000
vn -0.8067 -0.5861 0.0763
vn -0.5861 -0.8067 0.0763
vn -0.9483 -0.3081 0.0763
vn -0.9971 -0.0000 0.0763
vn -0.9483 0.3081 0.0763
vn -0.8066 0.5861 0.0763
vn -0.5861 0.8066 0.0763
vn -0.3081 0.9483 0.0763
vn -0.0000 0.9971 0.0763
vn 0.3081 0.9483 0.0763
vn 0.5861 0.8067 0.0763
vn 0.8066 0.5861 0.0763
vn 0.9483 0.3081 0.0763
vn 0.9971 -0.0000 0.0763
vn 0.9483 -0.3081 0.0763
vn 0.8067 -0.5861 0.0763
vn 0.5860 -0.8067 0.0763
vn 0.3081 -0.9483 0.0763
vn -0.0000 -0.9971 0.0763
vn -0.3081 -0.9483 0.0763
vn 0.0934 0.9956 -0.0000
vn -0.6102 0.7784 0.1477
vn -0.5793 0.7627 0.2877
vn -0.6284 0.7778 0.0046
vn -0.6284 0.7779 0.0046
vn -0.0000 0.6174 -0.7867
vn -0.0000 0.2776 -0.9607
vn -0.0000 0.6260 0.7798
vn 0.0052 0.2536 0.9673
vn 0.0004 -0.0006 1.0000
vn -0.8076 0.5868 0.0581
vn -0.3085 0.9495 0.0582
vn 0.3085 0.9495 0.0582
vn 0.5868 0.8077 0.0582
vn 0.8077 0.5868 0.0582
vn -0.9971 -0.0757 -0.0000
vn -0.9971 -0.0758 -0.0000
vn 0.3090 0.9510 -0.0000
vn 0.3827 0.9239 -0.0000
vn 0.1951 0.9808 -0.0000
vn -0.7889 -0.4026 0.4643
vn 0.8888 -0.4582 -0.0000
vn 0.8887 -0.4584 -0.0001
vn 0.7667 -0.0000 -0.6421
vn 0.9997 -0.0048 -0.0229
vn -0.7383 -0.0000 -0.6745
vn 0.5893 0.4073 -0.6977
vn 0.5893 0.4072 -0.6977
vn 0.5894 0.4073 -0.6977
vn 0.5894 0.4072 -0.6977
vn -0.5575 0.4450 -0.7008
vn -0.8489 0.5286 -0.0000
vn 0.0167 -0.2877 -0.9576
vn 0.9896 -0.1440 -0.0066
vn -0.9896 -0.1440 -0.0066
vn -0.9996 -0.0074 -0.0283
vn -0.0000 0.7070 0.7072
vn -0.0000 0.7069 0.7073
vn -0.0000 0.2150 0.9766
vn -0.9981 0.0202 0.0579
vn 0.0525 -0.0000 0.9986
vn 0.0524 -0.0000 0.9986
vn 0.3090 -0.0000 0.9511
vn 0.9510 -0.0000 0.3090
vn 0.9511 -0.0000 -0.3090
vn 0.3045 -0.0000 -0.9525
vn -0.2404 -0.0000 0.9707
vn -0.9684 -0.0000 0.2493
vn -0.9748 -0.0000 -0.2231
vn -0.2536 -0.0000 -0.9673
vn -0.0151 -0.0037 -0.9999
vn 0.9246 -0.3807 -0.0104
vn 0.7857 -0.6184 -0.0161
vn 0.5666 -0.4428 0.6949
vn 0.7020 -0.0710 -0.7086
vn 0.9948 -0.1013 -0.0062
vn 0.6441 -0.2673 -0.7167
vn 0.5476 -0.4361 -0.7141
vn 0.7857 -0.6184 -0.0160
vn 0.9246 -0.3808 -0.0105
vn 0.6643 -0.2474 0.7054
vn 0.7124 -0.0723 0.6980
vn 0.0139 -0.0023 0.9999
vn -0.6443 0.2477 0.7235
vn -0.7022 0.0692 0.7086
vn -0.9329 0.3599 0.0117
vn -0.9952 0.0981 0.0062
vn -0.7127 0.0702 -0.6979
vn -0.5431 0.4424 0.7137
vn -0.7772 0.6290 0.0164
vn 0.5666 -0.4429 0.6948
vn -0.6621 0.2519 -0.7058
vn -0.5620 0.4498 -0.6941
vn -0.5620 0.4498 -0.6942
vn -0.7771 0.6291 0.0163
vn -0.0130 0.0034 -0.9999
vn -0.9329 0.3600 0.0117
vn -0.6443 0.2477 0.7236
vn 0.7358 -0.0000 0.6772
vn -0.7358 -0.0000 -0.6772
vn -1.0000 -0.0040 0.0051
vn -0.7108 -0.0025 0.7034
vn 1.0000 0.0007 -0.0053
vn 0.7107 0.0007 -0.7035
vn 1.0000 0.0007 -0.0056
vn -0.0131 0.0035 -0.9999
vn -1.0000 -0.0038 0.0047
vn 0.1297 0.9394 0.3173
vn 0.0373 0.3126 0.9492
vn -0.7095 0.2877 0.6433
vn -0.6429 0.7375 0.2066
vn -0.6907 0.0879 0.7178
vn -0.7033 0.0844 -0.7059
vn -0.7474 -0.0827 -0.6592
vn -0.8120 -0.5575 -0.1727
vn 0.7028 -0.0863 -0.7061
vn 0.6858 -0.0536 -0.7258
vn 0.7095 -0.2453 -0.6606
vn 0.6586 -0.7330 -0.1700
vn -0.7887 -0.6147 -0.0000
vn 0.1109 0.9937 0.0126
vn 0.6243 -0.7811 -0.0100
vn 0.3458 0.9383 -0.0002
vn -0.2777 0.9607 0.0001
vn -0.2770 0.9609 -0.0000
vn 0.3511 0.9364 -0.0005
vn 0.9801 -0.1984 -0.0007
vn 0.9790 -0.2040 -0.0009
vn 0.5366 -0.8438 -0.0004
vn 0.5370 -0.8436 -0.0004
vn 0.5845 -0.8114 -0.0005
vn 0.5848 -0.8112 -0.0004
vn 0.6739 -0.7388 -0.0004
vn 0.6745 -0.7382 -0.0001
vn 0.8489 0.5286 -0.0000
vn -0.0000 -0.0999 -0.9950
vn -0.0000 -0.1000 -0.9950
vn -0.1812 0.9834 -0.0000
vn -0.9793 -0.2022 0.0132
vn 0.1867 -0.9181 -0.3496
vn 0.0432 -0.3144 -0.9483
vn 0.2067 -0.9784 -0.0029
vn 0.5870 0.7909 0.1728
vn 0.5605 0.8282 -0.0000
vn -0.1745 0.9469 0.2699
vn -0.0561 0.2536 0.9657
vn -0.9711 -0.2386 -0.0000
vn 0.6758 0.3146 0.6666
vn 0.6732 0.1887 0.7149
vn -0.7881 0.5685 0.2359
vn -0.8090 -0.0000 -0.5878
vn 0.7881 0.5685 0.2360
vn 0.7881 0.5687 0.2356
vn 0.7881 0.5687 0.2355
vn -0.0000 -1.0000 -0.0003
vn -0.0000 0.3934 0.9194
vn 0.0001 -0.5401 -0.8416
vn 0.9891 -0.0012 -0.1471
vn 0.9763 -0.0000 -0.2163
vn 0.9891 -0.0011 -0.1471
vn 0.8325 -0.0000 0.5540
vn 0.9281 -0.0000 0.3723
vn 0.9281 -0.0000 0.3722
vn 0.9919 -0.0115 0.1265
vn 0.9919 -0.0116 0.1265
vn 0.9983 0.0183 -0.0552
vn 0.9961 -0.0005 0.0879
vn 0.9628 -0.0086 0.2700
vn 0.7680 -0.6341 -0.0901
vn 0.9975 -0.0459 0.0544
vn 0.9457 -0.2923 0.1421
vn 0.0873 -0.9962 -0.0053
vn -0.2067 -0.9784 -0.0000
vn -0.4319 -0.9017 0.0177
vn 0.2067 -0.9784 0.0001
vn 0.5065 -0.8622 -0.0000
vn 0.5094 -0.8411 -0.1818
vn 0.5512 -0.5916 0.5884
vn 0.7069 -0.7074 -0.0000
vn 0.8551 -0.5185 -0.0000
vn 0.9711 -0.2386 -0.0000
vn 0.9618 0.2729 0.0211
vn 0.8489 0.5285 -0.0000
vn 0.7063 0.7079 -0.0000
vn 0.6774 0.6793 0.2822
vn 0.3375 0.5858 0.7368
vn 0.4989 0.8667 -0.0000
vn 0.2177 0.9760 0.0006
vn 0.1775 0.6570 0.7327
vn 0.0698 0.9976 0.0012
vn 0.0884 0.5104 0.8554
vn -0.0887 0.9960 -0.0037
vn -0.2177 0.9760 0.0001
vn -0.1774 0.6570 0.7327
vn -0.3385 0.5851 0.7369
vn -0.4989 0.8666 -0.0000
vn -0.0884 0.5105 0.8553
vn -0.9267 0.3758 -0.0000
vn -0.8325 -0.0000 0.5540
vn -0.9281 -0.0000 0.3723
vn -0.9281 -0.0000 0.3722
vn -0.9919 -0.0115 0.1265
vn -0.9996 -0.0078 -0.0283
vn -0.9983 0.0184 -0.0552
vn -0.9996 -0.0077 -0.0283
vn -0.9961 -0.0005 0.0879
vn -0.0001 -0.0000 1.0000
vn 0.9955 0.0952 -0.0000
vn -0.1451 0.9894 -0.0000
vn 0.7887 -0.6147 -0.0000
vn -0.9955 -0.0953 -0.0000
vn -0.9955 -0.0952 -0.0000
vn 0.1451 -0.9894 -0.0000
vn -0.0443 -0.3207 -0.9461
vn -0.1297 -0.9394 -0.3173
vn 0.1263 0.9551 0.2679
vn 0.0560 0.2536 0.9657
vn 0.1451 0.9894 -0.0000
vn -0.1451 -0.9894 -0.0000
vn 0.9895 -0.1441 -0.0066
vn -0.1123 -0.9395 0.3237
vn 0.1324 0.9593 -0.2493
vn 0.9895 -0.1440 -0.0066
vn 0.0347 0.2512 -0.9673
vn 0.0576 0.3125 -0.9482
vn -0.1325 -0.9593 0.2492
vn -0.1324 -0.9593 -0.2492
vn -0.0468 -0.2539 -0.9661
vn 0.0373 0.3126 0.9491
vn 0.1297 0.9394 -0.3173
vn -0.0546 -0.2538 0.9657
vn -0.0428 -0.3050 0.9514
vn -0.6856 -0.0875 0.7227
vn -0.0373 0.3126 0.9492
vn -0.7581 0.1088 0.6429
vn -0.1231 0.9381 0.3238
vn -0.8158 0.5389 0.2101
vn -0.7944 0.6075 -0.0000
vn -0.0067 -0.3237 0.9461
vn -0.0196 -0.9481 0.3173
vn -0.9997 0.0028 0.0238
vn -0.0200 -0.9682 -0.2493
vn -0.0200 -0.9682 0.2492
vn -0.0052 -0.2536 0.9673
vn 0.0067 0.3237 -0.9461
vn 0.0347 0.2513 -0.9673
vn 0.0200 0.9682 -0.2493
vn 0.0196 0.9481 -0.3173
vn 0.0196 0.9481 0.3173
vn -0.0067 -0.3237 -0.9461
vn -0.0196 -0.9481 -0.3173
vn 0.0200 0.9682 0.2493
vn -0.0052 -0.2536 -0.9673
vn -0.9997 0.0021 0.0241
vn 0.1451 -0.9894 -0.0013
vn 0.1259 -0.9591 -0.2537
vn 0.9915 0.1303 -0.0000
vn -0.5940 -0.8045 -0.0000
vn -0.6415 -0.7474 -0.1728
vn 0.0324 -0.2471 -0.9684
vn 0.9914 0.1309 -0.0000
vn 0.9914 0.1309 -0.0002
vn -0.0150 -0.0038 -0.9999
vn -0.7046 -0.2640 -0.6586
vn -0.7017 -0.0913 -0.7066
vn 0.3045 0.0006 -0.9525
vn -0.9684 -0.0000 0.2492
vn -0.2537 -0.0000 -0.9673
vn 0.9914 0.1310 -0.0000
vn 0.9914 0.1309 -0.0001
vn 0.0325 -0.2471 -0.9684
vn 0.1259 -0.9591 -0.2536
vn 0.9914 0.1306 -0.0000
vn -0.1451 0.9894 0.0005
vn 0.6794 0.1384 -0.7206
vn 0.7489 -0.0732 -0.6586
vn 0.8466 -0.4891 -0.2101
vn 0.8282 -0.5605 -0.0000
vn 0.8126 -0.5566 -0.1728
vn -0.7047 -0.2642 -0.6585
vn -0.5941 -0.8044 -0.0000
vn 0.7887 -0.6148 -0.0000
vn 0.6491 0.7312 0.2101
vn 0.5942 0.8043 -0.0000
vn -0.7943 0.6075 -0.0000
vn 0.7095 0.2877 0.6433
vn -0.7581 0.1089 0.6429
vn 0.6907 0.0879 0.7178
vn 0.7014 0.0928 -0.7067
vn -0.9955 0.0952 -0.0000
vn 0.9955 -0.0952 -0.0000
vn -0.0701 -0.5791 -0.8123
vn -0.0471 -0.5476 -0.8354
vn -0.0700 -0.5790 -0.8123
vn -0.1170 -0.6659 -0.7368
vn -0.1485 -0.7589 -0.6340
vn -0.1486 -0.7590 -0.6339
vn -0.1673 -0.8415 -0.5136
vn -0.1674 -0.8415 -0.5136
vn -0.1867 -0.9181 -0.3496
vn -0.2008 -0.9644 -0.1718
vn -0.2008 -0.9644 -0.1719
vn -0.2030 -0.9637 0.1734
vn -0.2029 -0.9637 0.1735
vn -0.1928 -0.9176 0.3477
vn -0.1928 -0.9175 0.3478
vn -0.1923 -0.8467 0.4962
vn -0.1923 -0.8466 0.4962
vn -0.1949 -0.7636 0.6156
vn -0.1965 -0.6725 0.7135
vn -0.1618 -0.6032 0.7810
vn -0.0428 -0.3049 0.9514
vn -0.9511 -0.0000 0.3090
vn -0.8090 -0.0000 0.5878
vn -0.5934 -0.0000 0.8049
vn 0.8090 -0.0000 -0.5878
vn 0.5878 -0.0000 -0.8090
vn -0.2874 0.0226 -0.9576
vn -0.2873 0.0226 -0.9576
vn -0.5878 -0.0000 -0.8090
vn -0.9511 -0.0000 -0.3090
vn -0.3090 -0.0000 0.9511
vn 0.5934 -0.0000 0.8049
vn 0.8090 -0.0000 0.5878
vn 0.0166 0.0238 -0.9996
vn 0.0164 0.0239 -0.9996
vn 0.0166 0.0239 -0.9996
vn 0.0165 0.0239 -0.9996
vn -0.0000 -0.9815 -0.1915
vn -0.0000 0.9540 -0.2999
vn -0.0000 -0.4690 0.8832
vn -0.0000 -0.8660 -0.5000
vn -0.0000 -0.5000 -0.8660
vn -0.0000 0.5000 -0.8660
vn -0.0000 0.8660 -0.5000
vn -0.0000 0.8660 0.5000
vn -0.0000 0.5000 0.8660
vn -0.0000 -0.5000 0.8660
vn -0.0000 -0.8660 0.5000
vn -0.0000 -0.3090 0.9511
vn -0.0000 0.8090 -0.5878
vn -0.0000 0.3090 -0.9511
vn -0.0000 -0.8090 0.5878
vn -0.7357 -0.0000 -0.6773
vn -0.9991 -0.0000 0.0413
vn -0.9991 -0.0000 0.0414
vn -0.6772 -0.0000 0.7358
vn 0.0138 -0.0023 0.9999
vn 0.7357 -0.0000 0.6773
vn 0.9991 -0.0000 -0.0414
vn 0.6773 -0.0000 -0.7357
vn 0.6773 -0.0000 -0.7358
vn 0.9118 0.4106 0.0001
vn 0.8913 0.4535 0.0001
vn 0.8594 0.5113 -0.0023
vn 0.8913 0.4534 0.0001
vn 0.8789 0.4769 0.0001
vn 0.8789 0.4770 0.0001
vn 0.9410 0.3384 0.0001
vn 0.9410 0.3385 0.0001
vn 0.8984 -0.4391 0.0001
vn 0.8985 -0.4390 0.0001
vn 0.1207 -0.9927 -0.0000
vn 0.1205 -0.9927 -0.0000
vn -0.2218 -0.9751 -0.0000
vn -0.2217 -0.9751 -0.0000
vn 0.9190 0.3943 -0.0000
vn 0.9694 0.2456 0.0022
vn 0.0001 -0.0000 1.0000
vn 0.0001 0.0001 -1.0000
vn -0.8583 -0.5132 -0.0001
vn -0.7867 -0.6174 -0.0000
vn -0.7641 -0.6451 -0.0001
vn -0.7866 -0.6174 -0.0001
vn -0.7170 -0.6971 -0.0001
vn -0.7169 -0.6971 -0.0001
vn -0.7130 -0.7011 -0.0001
vn -0.7130 -0.7012 -0.0001
vn -0.9929 -0.1192 -0.0001
vn -0.9928 -0.1200 -0.0002
vn -0.3932 0.9195 -0.0001
vn -0.7607 0.6491 -0.0001
vn 0.2570 0.9664 -0.0000
vn 0.1028 0.9947 -0.0000
vn 0.2571 0.9664 -0.0000
vn -0.8875 -0.4608 -0.0000
vn -0.9487 -0.3163 -0.0000
vn -0.8874 -0.4609 -0.0001
vn -0.9877 0.1564 -0.0000
vn -0.9241 0.3822 -0.0000
vn -0.9243 0.3817 0.0002
vn -0.8713 0.4907 -0.0000
vn -0.8714 0.4907 -0.0000
vn -0.8714 0.4906 -0.0000
vn 0.9431 0.3325 -0.0000
vn -0.7540 -0.6569 -0.0000
vn 0.1867 -0.9181 -0.3497
vn 0.0431 -0.3144 -0.9483
vn 0.2067 -0.9784 -0.0020
vn 0.6758 0.3147 0.6666
vn 0.6826 0.1359 0.7181
vn 0.8281 -0.5605 -0.0000
vn 0.6587 0.7329 0.1701
vn -0.8159 0.5517 0.1728
vn 0.5942 0.8043 0.0001
vn -0.7026 -0.3050 -0.6429
vn -0.6856 -0.0876 0.7227
vn -0.7493 0.0688 0.6586
vn -0.6429 -0.7376 -0.2066
vn -0.5941 -0.8044 -0.0008
vn 0.1287 -0.9373 -0.3238
vn 0.1450 -0.9894 -0.0000
vn 0.8366 -0.0000 -0.5478
vn 0.0734 -0.0000 -0.9973
vn -0.8166 -0.5770 -0.0143
vn -0.9617 -0.2737 -0.0168
vn 0.8084 0.5715 -0.1408
vn 0.7233 -0.3546 0.5925
vn 0.7866 0.0831 -0.6118
vn 0.6084 -0.7746 0.1727
vn -0.8120 -0.5575 0.1728
vn -0.7962 -0.1222 0.5925
vn -0.8067 -0.0809 0.5853
vn 0.8120 0.5575 0.1727
vn 0.6007 -0.7870 0.1408
vn 0.6007 -0.7870 -0.1409
vn -0.8084 -0.5716 0.1407
vn 0.7258 -0.3143 0.6119
vn 0.7962 0.1223 -0.5925
vn 0.0586 0.3830 -0.9219
vn 0.1481 0.9684 -0.2009
vn 0.1813 0.9834 -0.0000
vn 0.7944 0.6074 -0.0000
vn 0.5941 -0.8044 -0.0000
vn -0.7887 -0.6148 -0.0000
vn 0.8120 0.5575 -0.1727
vn 0.1745 0.9469 -0.2699
vn 0.1746 0.9469 0.2699
vn 0.0586 0.3830 0.9219
vn 0.7962 0.1223 0.5925
vn 0.7233 -0.3546 -0.5925
vn 0.7866 0.0831 0.6119
vn 0.7258 -0.3143 -0.6119
vn -0.7866 -0.0831 -0.6118
vn -0.8084 -0.5715 -0.1409
vn -0.7962 -0.1223 -0.5925
vn -0.8120 -0.5575 -0.1726
vn 0.8084 0.5715 0.1408
vn 0.7944 0.6074 0.0005
vn 0.5679 -0.8229 -0.0171
vn 0.6084 -0.7746 -0.1727
vn 0.1480 0.9684 0.2009
vn 0.1728 -0.7333 0.6576
vn 0.1728 0.7333 0.6576
vn 0.0001 -0.7071 0.7071
vn 0.4676 0.7545 0.4604
vn -0.4756 0.7480 -0.4629
vn -0.2101 0.7387 -0.6404
vn 0.0002 0.7071 -0.7071
vn -0.2101 -0.7387 0.6404
vn 0.0002 -0.7071 0.7071
vn 0.1728 -0.7333 -0.6576
vn -0.4756 -0.7480 0.4629
vn 0.4682 -0.7546 -0.4598
vn 0.1729 0.7333 -0.6576
vn 0.4677 0.7545 -0.4604
vn -0.4972 0.7439 0.4465
vn 0.6586 0.7330 -0.1700
vn -0.6429 0.7376 0.2066
vn 0.6587 0.7330 0.1701
vn -0.6429 0.7375 -0.2066
vn 0.4677 -0.7545 0.4604
vn -0.4756 -0.7480 -0.4629
vn -0.2101 -0.7387 -0.6404
vn -0.2101 0.7387 0.6404
vn 0.0001 0.7071 -0.7072
vn 0.6586 -0.7330 0.1700
vn 0.6586 -0.7330 -0.1701
vn -0.6429 -0.7375 0.2066
vn -0.6429 -0.7375 -0.2066
vn -0.8618 -0.0000 -0.5072
vn -0.5338 -0.0000 0.8456
vn -0.5337 -0.0000 0.8457
vn 0.6479 -0.0000 -0.7618
vn 0.9110 -0.0000 -0.4123
vn -0.9001 -0.0000 0.4356
vn -0.5932 -0.0000 0.8051
vn -0.8366 -0.0000 -0.5478
vn -0.3999 0.9165 -0.0000
vn 0.3999 -0.9165 -0.0000
vn 0.8917 -0.4526 -0.0000
vn 0.9059 0.4234 -0.0000
vn -0.5066 -0.8622 -0.0000
vn -0.7096 -0.0000 0.7046
vn 0.6878 -0.0000 -0.7259
vn -0.9282 -0.0000 0.3722
vn 0.8917 -0.0000 -0.4526
vn 0.6879 -0.0000 -0.7258
vn 0.9310 -0.0000 -0.3651
vn 0.9312 -0.0000 -0.3644
vn 0.9981 0.0201 0.0579
vn -0.6878 -0.0000 -0.7259
vn 0.7031 -0.0000 0.7111
vn -0.9309 -0.0000 -0.3654
vn -0.9309 -0.0000 -0.3653
vn -0.9310 -0.0000 -0.3649
vn -0.9312 -0.0000 -0.3645
vn 0.9001 -0.0000 0.4356
vn 0.8618 -0.0000 -0.5072
vn 0.5337 -0.0000 0.8457
vn 0.3999 0.9165 -0.0000
vn -0.3999 -0.9165 -0.0000
vn 0.8714 0.4906 -0.0000
vn -0.8917 -0.4526 -0.0000
vn -0.8551 -0.5185 -0.0000
vn -0.9059 0.4234 -0.0000
vn 0.5066 -0.8622 -0.0000
vn -0.8917 -0.0000 -0.4526
vn 0.9312 -0.0000 -0.3645
vn -0.9002 -0.0000 0.4356
vn -0.9981 0.0201 0.0579
vn 0.8618 -0.0003 -0.5072
vn 0.5294 -0.0000 -0.8484
vn -0.0000 -0.5762 0.8173
vn -0.0000 -0.9993 0.0379
vn -0.0000 -0.7195 0.6945
vn -0.0000 0.8883 -0.4593
vn -0.0000 0.7850 -0.6194
vn -0.0000 0.5592 0.8290
vn -0.0000 -0.2866 0.9581
vn -0.0000 -0.2865 0.9581
vn -0.0000 0.2765 -0.9610
vn 0.0697 0.9976 0.0012
vn -0.0150 -0.0040 -0.9999
vn -0.7781 0.0581 -0.6255
vn -0.7780 0.0581 -0.6255
vn -0.2874 0.0226 -0.9575
vn 0.8172 -0.0564 -0.5736
vn 0.9989 -0.0470 -0.0000
vn 0.9989 -0.0469 -0.0000
vn 0.8067 -0.0809 0.5854
vn -0.8172 0.0564 0.5736
vn -0.9985 0.0546 -0.0000
vn -0.0697 -0.9976 -0.0012
vn -0.0698 -0.9976 -0.0012
vn -0.5294 -0.0000 -0.8484
vn 0.7889 -0.4026 0.4643
vn 0.5337 -0.0000 0.8456
vn 0.0428 -0.3050 0.9514
vn 0.1618 -0.6032 0.7810
vn 0.1966 -0.6725 0.7135
vn 0.1949 -0.7636 0.6156
vn 0.1919 -0.8470 0.4957
vn 0.1924 -0.8466 0.4962
vn 0.1928 -0.9176 0.3477
vn 0.2029 -0.9637 0.1735
vn 0.2029 -0.9637 0.1734
vn 0.2067 -0.9784 -0.0000
vn 0.2008 -0.9644 -0.1719
vn 0.2008 -0.9644 -0.1718
vn 0.1673 -0.8415 -0.5137
vn 0.1673 -0.8415 -0.5136
vn 0.1485 -0.7589 -0.6340
vn 0.1486 -0.7590 -0.6339
vn 0.1170 -0.6659 -0.7368
vn 0.0700 -0.5790 -0.8123
vn 0.0701 -0.5790 -0.8123
vn 0.0168 -0.2877 -0.9576
vn -0.0000 1.0000 -0.0001
vn -0.0001 1.0000 -0.0000
vn -0.9310 -0.0000 -0.3651
vn -0.1070 -0.9943 0.0002
vn 0.2330 -0.9725 -0.0002
vn 0.2338 -0.9723 -0.0000
vn -0.1083 -0.9941 -0.0000
vn -0.9620 -0.2731 0.0006
vn -0.9618 -0.2738 0.0009
vn -0.7823 0.6229 0.0007
vn -0.7829 0.6222 0.0007
vn -0.7566 0.6538 0.0006
vn -0.7564 0.6542 0.0004
vn -0.8043 0.5942 0.0005
vn -0.8041 0.5945 0.0004
vn -0.6773 0.6794 0.2822
vn -0.7061 0.7081 -0.0000
vn -0.8489 0.5285 -0.0000
vn -0.9657 0.2597 -0.0000
vn -0.9658 0.2594 -0.0000
vn -0.7063 -0.7079 -0.0000
vn -0.5503 -0.5921 0.5887
vn -0.5065 -0.8622 -0.0000
vn -0.5055 -0.8346 -0.2190
vn -0.2655 -0.9464 -0.1841
vn -0.6606 -0.5141 -0.5470
vn -0.9628 -0.0085 0.2700
vn 0.5936 -0.0000 0.8048
vn 0.5932 -0.0000 0.8051
vn -0.9110 -0.0000 -0.4124
vn -0.9110 -0.0000 -0.4123
vn -0.6478 -0.0000 -0.7618
vn 0.7015 0.0929 -0.7066
vn 0.7537 -0.1308 -0.6441
vn 0.8190 -0.5340 -0.2101
vn 0.7888 -0.6147 -0.0000
vn -0.1436 0.9210 -0.3621
vn -0.1818 0.9135 -0.3639
vn -0.1069 0.9245 -0.3660
vn -0.1069 0.9244 -0.3662
vn -0.7569 0.0401 -0.6523
vn -0.7915 0.0135 -0.6111
vn -0.9389 0.0076 -0.3442
vn -0.9227 0.0243 -0.3847
vn -0.9588 0.0063 -0.2840
vn -0.5739 0.0496 -0.8174
vn -0.6214 0.0174 -0.7833
vn -0.0000 0.1653 -0.9862
vn -0.6659 0.1258 -0.7353
vn -0.8765 0.1156 -0.4673
vn -0.9079 0.0751 -0.4124
vn -0.8306 0.1320 -0.5410
vn -0.8306 0.1320 -0.5409
vn -0.7450 0.1563 -0.6485
vn -0.3728 0.2124 -0.9033
vn -0.6659 0.1259 -0.7353
vn -0.3727 0.2124 -0.9033
vn 0.9227 0.0243 -0.3846
vn 0.7568 0.0401 -0.6524
vn 0.6659 0.1259 -0.7353
vn 0.5739 0.0496 -0.8174
vn 0.3728 0.2124 -0.9033
vn 0.7450 0.1563 -0.6485
vn 0.7449 0.1563 -0.6486
vn 0.8765 0.1156 -0.4673
vn 0.9389 0.0076 -0.3441
vn 0.9588 0.0063 -0.2840
vn 0.7915 0.0135 -0.6111
vn 0.6215 0.0175 -0.7832
vn 0.9079 0.0751 -0.4124
vn 0.8306 0.1320 -0.5410
vn 0.8306 0.1320 -0.5409
vn 0.9987 0.0121 -0.0486
vn 0.9988 0.0119 -0.0475
vn 0.9988 0.0119 -0.0474
vn 0.9988 0.0120 -0.0479
vn -0.9988 0.0120 -0.0482
vn -0.9988 0.0120 -0.0479
vn -0.9988 0.0120 -0.0480
vn 0.7921 0.1433 -0.5933
vn 0.6071 0.1838 -0.7731
vn 0.4178 0.2082 -0.8844
vn -0.0000 0.2291 -0.9734
vn 0.6071 0.1839 -0.7731
vn -0.6070 0.1839 -0.7731
vn -0.4178 0.2082 -0.8844
vn -0.6071 0.1838 -0.7731
vn -0.7921 0.1433 -0.5933
vn -0.6070 0.1838 -0.7731
vn -0.7921 0.1433 -0.5934
vn -0.0000 -0.2429 0.9700
vn -0.8260 -0.4246 -0.3707
vn 0.7146 -0.2248 -0.6624
vn 0.9174 -0.1111 -0.3822
vn 0.8899 -0.1601 -0.4272
vn 0.7424 -0.1996 -0.6395
vn 0.9489 -0.0315 -0.3140
vn 0.7826 -0.1564 -0.6026
vn 0.9581 0.0198 -0.2857
vn 0.8071 -0.1123 -0.5796
vn 0.6630 -0.2368 -0.7102
vn 0.6631 -0.2367 -0.7102
vn 0.7294 -0.1681 -0.6631
vn 0.7294 -0.1682 -0.6631
vn 0.8070 -0.1123 -0.5798
vn 0.9581 0.0196 -0.2858
vn 0.9884 0.1439 -0.0488
vn 0.9884 0.1440 -0.0483
vn 0.9884 0.1439 -0.0485
vn 0.9947 0.0598 -0.0840
vn 0.9857 -0.0377 -0.1643
vn 0.9702 -0.1000 -0.2206
vn -0.8531 -0.2981 -0.4282
vn -0.8531 -0.2983 -0.4281
vn -0.8531 -0.2982 -0.4282
vn -0.8589 -0.2486 -0.4478
vn -0.8628 -0.1801 -0.4724
vn -0.8630 -0.1386 -0.4859
vn 0.9988 0.0120 -0.0480
vn 0.9987 0.0122 -0.0487
vn 0.9983 -0.0323 -0.0479
vn 0.9983 -0.0321 -0.0479
vn 0.9948 -0.0812 -0.0620
vn 0.9948 -0.0810 -0.0619
vn 0.9741 -0.1791 -0.1381
vn 0.9447 -0.2590 -0.2013
vn 0.9447 -0.2592 -0.2009
vn 0.5050 -0.2655 -0.8213
vn 0.5119 -0.3493 -0.7848
vn 0.5119 -0.3492 -0.7849
vn 0.5143 -0.4625 -0.7222
vn 0.5099 -0.5488 -0.6624
vn 0.8261 -0.4245 -0.3706
vn 0.5014 0.2342 0.8329
vn 0.5010 0.2344 0.8331
vn 0.5013 0.2338 0.8331
vn 0.5013 0.2341 0.8330
vn 0.4938 0.1794 0.8509
vn 0.4938 0.1797 0.8508
vn 0.4710 0.0556 0.8804
vn 0.4467 -0.0458 0.8935
vn -0.7423 -0.1996 -0.6396
vn -0.6828 -0.2198 -0.6967
vn -0.7146 -0.2248 -0.6624
vn -0.7825 -0.1564 -0.6026
vn -0.7134 -0.1902 -0.6745
vn -0.9174 -0.1112 -0.3822
vn -0.8899 -0.1601 -0.4272
vn -0.9489 -0.0317 -0.3141
vn -0.9581 0.0196 -0.2858
vn -0.8071 -0.1123 -0.5797
vn -0.7342 -0.1587 -0.6601
vn -0.9857 -0.0378 -0.1643
vn -0.9702 -0.1001 -0.2206
vn -0.9947 0.0597 -0.0841
vn -0.9913 0.1193 -0.0549
vn -0.9581 0.0196 -0.2859
vn -0.7342 -0.1587 -0.6602
vn -0.5014 0.2342 0.8329
vn -0.5010 0.2343 0.8331
vn -0.5014 0.2338 0.8331
vn -0.5014 0.2343 0.8329
vn -0.4938 0.1794 0.8508
vn -0.4939 0.1796 0.8508
vn -0.4711 0.0556 0.8803
vn -0.4468 -0.0458 0.8935
vn -0.1584 0.3383 0.9276
vn 0.2376 0.3985 0.8859
vn -0.1258 0.3621 0.9236
vn 0.1959 0.3642 0.9105
vn -0.2203 0.3065 0.9260
vn 0.1026 0.3172 0.9428
vn 0.4336 0.3547 0.8283
vn 0.3366 0.3036 0.8914
vn 0.4722 0.3922 0.7894
vn 0.2376 0.3984 0.8859
vn -0.1259 0.3621 0.9236
vn -0.2378 0.3403 0.9098
vn -0.2377 0.3403 0.9098
vn -0.3023 0.2982 0.9054
vn -0.2596 0.2875 0.9219
vn 0.0387 0.2874 0.9570
vn 0.2655 0.2705 0.9254
vn 0.8629 -0.1800 -0.4723
vn 0.8630 -0.1386 -0.4858
vn 0.8589 -0.2486 -0.4477
vn 0.8531 -0.2981 -0.4281
vn -0.0388 0.2874 0.9570
vn -0.3366 0.3036 0.8913
vn -0.2656 0.2705 0.9254
vn -0.1027 0.3172 0.9428
vn 0.2596 0.2875 0.9219
vn 0.2203 0.3066 0.9260
vn 0.3274 0.2849 0.9009
vn 0.3276 0.2843 0.9010
vn 0.1584 0.3383 0.9276
vn 0.2377 0.3404 0.9098
vn 0.1154 0.3729 0.9207
vn 0.2378 0.3403 0.9098
vn 0.1158 0.3727 0.9207
vn 0.2377 0.3403 0.9098
vn -0.2376 0.3985 0.8859
vn -0.2378 0.3985 0.8858
vn -0.1959 0.3642 0.9105
vn -0.4337 0.3547 0.8283
vn -0.4722 0.3922 0.7894
vn -0.4723 0.3922 0.7894
vn -0.5143 -0.4626 -0.7222
vn -0.5099 -0.5488 -0.6624
vn -0.5143 -0.4625 -0.7222
vn -0.5119 -0.3493 -0.7849
vn -0.5119 -0.3494 -0.7848
vn -0.5050 -0.2656 -0.8213
vn -0.5050 -0.2655 -0.8213
vn -0.0928 -0.2510 -0.9635
vn 0.9981 0.0201 0.0580
vn 0.0498 -0.0000 -0.9988
vn 0.0499 -0.0000 -0.9988
vn 0.5459 0.8081 0.2211
vn 0.7339 0.5832 0.3483
vn 0.7596 0.2955 0.5793
vn 0.6856 -0.0876 0.7227
vn 0.9997 0.0027 0.0238
vn 0.6814 -0.1360 0.7192
vn 0.9982 -0.0211 0.0559
vn 0.6687 -0.1939 0.7178
vn 0.6686 -0.1939 0.7179
vn -0.0469 -0.2539 -0.9661
vn 0.9989 0.0469 -0.0000
vn 0.7540 -0.6569 -0.0000
vn 0.7729 -0.6105 0.1730
vn 0.7384 -0.5774 0.3484
vn 0.7657 -0.2908 0.5737
vn 0.9846 -0.1190 0.1278
vn 0.9845 -0.1464 0.0969
vn 0.9826 -0.1735 0.0658
vn 0.9826 -0.1736 0.0658
vn 0.8617 0.3748 0.3420
vn 0.9083 0.2522 0.3339
vn 0.9083 0.2522 0.3338
vn 0.9004 0.3066 0.3088
vn 0.8327 0.4340 0.3438
vn 0.5585 0.6537 0.5106
vn 0.7467 0.5116 0.4251
vn 0.6681 0.5736 0.4739
vn 0.3222 0.7589 0.5659
vn -0.0061 0.8162 0.5778
vn 0.9083 0.2521 0.3339
vn 0.9210 0.1892 0.3405
vn 0.9210 0.1891 0.3405
vn 0.9297 0.1447 0.3388
vn 0.1767 0.2418 0.9541
vn 0.2084 0.1692 0.9633
vn 0.2084 0.1693 0.9633
vn 0.2449 0.0817 0.9661
vn 0.2406 0.0017 0.9706
vn 0.2404 0.0020 0.9707
vn 0.2447 -0.0678 0.9672
vn 0.2323 -0.1077 0.9667
vn 0.2063 -0.1329 0.9694
vn 0.2895 -0.2046 0.9350
vn 0.2064 -0.1328 0.9694
vn 0.3688 -0.2737 0.8883
vn 0.4222 -0.2975 0.8563
vn 0.4222 -0.2974 0.8563
vn 0.5047 -0.3505 0.7890
vn 0.8861 -0.1880 0.4236
vn 0.5683 -0.4127 0.7118
vn 0.9068 -0.2112 0.3649
vn 0.6339 -0.4742 0.6110
vn 0.9271 -0.2295 0.2962
vn 0.6942 -0.5291 0.4880
vn 0.9451 -0.2400 0.2219
vn 0.9592 -0.2426 0.1453
vn 0.9681 -0.2404 0.0703
vn 0.9681 -0.2405 -0.0699
vn 0.7773 -0.6044 -0.1750
vn 0.9591 -0.2427 -0.1454
vn 0.7437 -0.5743 -0.3422
vn 0.9450 -0.2399 -0.2224
vn 0.6938 -0.5289 -0.4888
vn 0.9015 -0.1624 -0.4011
vn 0.9015 -0.1623 -0.4011
vn 0.3262 -0.3385 -0.8826
vn 0.2141 0.1124 -0.9703
vn 0.3263 -0.3386 -0.8826
vn 0.0614 -0.4132 -0.9086
vn -0.1028 -0.8309 -0.5469
vn -0.2237 -0.7716 -0.5955
vn 0.2408 -0.3006 -0.9228
vn -0.3399 -0.6966 -0.6319
vn -0.1029 -0.8308 -0.5469
vn -0.5172 -0.1445 -0.8436
vn -0.4259 -0.3065 -0.8513
vn 0.3014 -0.0684 -0.9510
vn -0.3078 -0.5362 -0.7860
vn 0.3168 -0.2311 -0.9199
vn -0.2431 -0.6427 -0.7265
vn 0.7800 0.1862 -0.5974
vn 0.6657 0.2339 -0.7086
vn 0.5906 0.2747 -0.7588
vn 0.3045 0.0005 -0.9525
vn 0.9247 -0.0462 -0.3780
vn 0.8774 0.1543 -0.4543
vn 0.5172 -0.1445 -0.8436
vn 0.4910 -0.1821 -0.8519
vn 0.7537 -0.1309 -0.6440
vn 0.7580 -0.1879 -0.6246
vn 0.5032 -0.0236 -0.8639
vn 0.3605 0.2764 -0.8909
vn 0.1943 0.0545 -0.9794
vn -0.3499 0.4677 -0.8117
vn -0.4558 0.4188 -0.7854
vn 0.2596 0.1039 -0.9601
vn -0.4884 0.3558 -0.7968
vn -0.5194 0.1812 -0.8351
vn -0.5293 -0.0000 -0.8484
vn 0.8391 -0.2156 -0.4995
vn 0.9271 -0.2295 -0.2962
vn 0.6339 -0.4742 -0.6110
vn 0.9068 -0.2112 -0.3649
vn 0.5683 -0.4127 -0.7118
vn 0.8861 -0.1880 -0.4236
vn 0.5047 -0.3505 -0.7889
vn 0.8662 -0.1635 -0.4721
vn 0.4316 -0.2720 -0.8601
vn 0.8522 -0.1427 -0.5034
vn 0.3472 -0.1920 -0.9179
vn 0.2738 -0.1368 -0.9520
vn 0.2262 -0.0901 -0.9699
vn 0.1839 0.5007 -0.8459
vn -0.1205 0.7162 -0.6874
vn -0.2915 0.4777 -0.8287
vn 0.3962 -0.2334 -0.8880
vn 0.2310 0.9132 0.3357
vn 0.2654 0.9641 -0.0000
vn 0.4544 0.8320 0.3182
vn 0.4990 0.8666 -0.0000
vn 0.6420 0.6765 0.3608
vn 0.7062 0.7081 -0.0000
vn 0.7842 0.4739 0.4005
vn 0.8711 0.2432 0.4267
vn 0.8711 -0.2432 0.4267
vn 0.7842 -0.4739 0.4006
vn 0.7062 -0.7081 -0.0000
vn 0.6457 -0.6704 0.3655
vn 0.4347 -0.8151 0.3829
vn 0.2654 -0.9641 -0.0000
vn 0.2304 -0.9114 0.3408
vn 0.1109 -0.9396 0.3238
vn -0.5319 0.0689 0.8440
vn -0.5071 0.0305 0.8614
vn -0.5070 0.0305 0.8614
vn -0.5167 0.1610 0.8409
vn -0.5352 0.1101 0.8375
vn -0.5352 0.1100 0.8375
vn -0.5320 0.0690 0.8440
vn 0.0836 0.8520 0.5168
vn -0.0132 0.4522 0.8918
vn -0.0132 0.4521 0.8918
vn 0.1573 0.8538 0.4963
vn 0.2291 0.8080 0.5429
vn -0.0132 0.4521 0.8919
vn 0.6099 -0.1871 0.7701
vn 0.6220 -0.0000 0.7830
vn 0.6098 0.1871 0.7701
vn 0.0491 0.1052 0.9932
vn 0.5949 0.3684 0.7144
vn 0.0503 0.2097 0.9765
vn 0.4816 0.5657 0.6693
vn 0.3500 0.7204 0.5988
vn 0.0091 0.4164 0.9092
vn -0.0146 0.3906 0.9204
vn 0.0066 -0.4441 0.8960
vn 0.0537 -0.8544 0.5169
vn 0.0066 -0.4441 0.8959
vn 0.1447 -0.8355 0.5301
vn -0.0022 -0.4074 0.9132
vn 0.2200 -0.8059 0.5497
vn 0.2970 -0.7604 0.5775
vn 0.3880 -0.6824 0.6195
vn 0.4890 -0.5506 0.6765
vn 0.5671 -0.3788 0.7313
vn 0.0490 -0.1051 0.9933
vn 0.0498 -0.2098 0.9765
vn -0.0141 -0.3760 0.9265
vn -0.0022 -0.4074 0.9133
vn -0.1014 -0.0809 -0.9916
vn -0.2162 -0.1881 -0.9581
vn -0.3353 -0.1560 -0.9291
vn -0.0462 -0.0714 -0.9964
vn -0.0537 -0.1871 -0.9809
vn 0.6845 -0.1369 -0.7160
vn -0.1108 -0.2152 -0.9703
vn 0.6840 -0.1855 -0.7055
vn -0.0927 -0.2510 -0.9635
vn -0.1813 -0.2409 -0.9535
vn -0.2646 -0.2276 -0.9371
vn -0.3168 -0.2311 -0.9199
vn -0.4026 -0.1869 -0.8961
vn -0.4551 -0.1620 -0.8756
vn -0.0530 0.1871 -0.9809
vn 0.6864 0.0536 -0.7252
vn -0.0455 0.0715 -0.9964
vn -0.2217 -0.0364 -0.9744
vn -0.1550 -0.0696 -0.9855
vn -0.4214 -0.1154 -0.8995
vn -0.5235 -0.1083 -0.8451
vn -0.4765 -0.0704 -0.8764
vn -0.5782 -0.0552 -0.8140
vn -0.5782 -0.0551 -0.8140
vn -0.5189 -0.0457 -0.8536
vn -0.2217 -0.0365 -0.9744
vn -0.1992 0.0126 -0.9799
vn -0.5032 0.0236 -0.8639
vn -0.2195 0.0622 -0.9736
vn -0.4765 0.0704 -0.8764
vn -0.4214 0.1154 -0.8995
vn -0.1548 0.0696 -0.9855
vn -0.1012 0.0809 -0.9916
vn -0.3353 0.1560 -0.9291
vn -0.2161 0.1881 -0.9581
vn -0.3908 0.2413 -0.8883
vn -0.3196 0.2752 -0.9067
vn -0.5111 0.3161 -0.7993
vn -0.0901 -0.0000 -0.9959
vn -0.5782 0.0551 -0.8140
vn -0.5782 0.0552 -0.8140
vn -0.5282 0.1071 -0.8423
vn -0.5007 0.1369 -0.8547
vn -0.4874 0.1807 -0.8543
vn -0.4759 0.2211 -0.8513
vn -0.5905 0.2747 -0.7588
vn -0.6512 0.3160 -0.6900
vn -0.5949 0.3684 -0.7144
vn -0.7516 0.3510 -0.5585
vn -0.6739 0.4184 -0.6090
vn -0.6249 0.2534 -0.7384
vn -0.7095 0.2877 -0.6433
vn -0.7833 0.3177 -0.5343
vn -0.8440 0.3423 -0.4130
vn -0.8159 0.3808 -0.4350
vn -0.8892 0.3606 -0.2815
vn -0.8647 0.4040 -0.2984
vn -0.9172 0.3720 -0.1426
vn -0.8954 0.4185 -0.1519
vn -0.9060 0.4233 -0.0000
vn -0.8955 0.4184 0.1518
vn -0.8363 0.5204 0.1728
vn -0.7997 0.4974 0.3362
vn -0.6970 0.6060 0.3833
vn -0.7439 0.4619 -0.4830
vn -0.7997 0.4974 -0.3362
vn -0.8363 0.5204 -0.1728
vn -0.7389 0.6435 0.1998
vn -0.5358 0.7229 0.4363
vn -0.4774 0.6419 0.6000
vn -0.2604 0.7144 0.6494
vn -0.2209 0.6035 0.7661
vn -0.1140 0.6182 0.7777
vn -0.0941 0.5104 0.8548
vn -0.1839 0.5006 0.8459
vn -0.4113 0.3546 -0.8397
vn -0.4875 0.4212 -0.7648
vn -0.5640 0.4883 -0.6660
vn -0.6357 0.5520 -0.5397
vn -0.6968 0.6063 -0.3833
vn -0.7389 0.6435 -0.1998
vn -0.7540 0.6568 -0.0000
vn -0.5774 0.7853 0.2234
vn -0.2986 0.8231 0.4831
vn -0.1356 0.7361 0.6631
vn -0.5726 0.8198 -0.0000
vn -0.5775 0.7853 -0.2233
vn -0.5359 0.7228 -0.4364
vn -0.4774 0.6419 -0.6000
vn -0.4134 0.5541 -0.7225
vn -0.2901 0.3868 -0.8753
vn -0.2136 0.2842 -0.9347
vn -0.1108 0.2153 -0.9703
vn -0.3280 0.9078 0.2613
vn -0.3394 0.9406 -0.0000
vn -0.3280 0.9078 -0.2613
vn -0.2986 0.8231 -0.4830
vn -0.2604 0.7145 -0.6494
vn -0.2209 0.6035 -0.7661
vn -0.1839 0.5006 -0.8459
vn -0.1505 0.4085 -0.9003
vn -0.1138 0.3084 -0.9444
vn -0.0576 0.3125 -0.9482
vn -0.0765 0.4149 -0.9066
vn -0.0940 0.5104 -0.8548
vn -0.1139 0.6182 -0.7777
vn -0.1357 0.7361 -0.6631
vn -0.1574 0.8537 -0.4963
vn -0.1745 0.9469 -0.2699
vn -0.1813 0.9834 -0.0000
vn -0.1574 0.8537 0.4963
vn 0.5783 0.7822 0.2317
vn 0.5941 0.8044 -0.0000
vn 0.5783 0.7822 -0.2317
vn 0.5900 0.6983 -0.4053
vn 0.6063 0.5912 -0.5319
vn 0.6228 0.4871 -0.6123
vn 0.6380 0.3950 -0.6611
vn 0.6758 0.3146 -0.6666
vn 0.6793 0.1384 -0.7206
vn 0.6826 0.1360 0.7181
vn -0.0502 0.2100 0.9764
vn -0.0373 0.3126 0.9491
vn 0.6629 0.2480 0.7064
vn -0.0765 0.4150 0.9066
vn 0.6379 0.3950 0.6611
vn 0.6227 0.4871 0.6123
vn 0.6063 0.5911 0.5319
vn 0.5900 0.6983 0.4053
vn -0.1504 0.4084 0.9003
vn -0.1203 0.3262 0.9376
vn -0.1017 0.2496 0.9630
vn -0.0819 0.1817 0.9799
vn -0.0491 0.1052 0.9932
vn -0.1380 0.1238 0.9827
vn -0.1194 0.0902 0.9887
vn -0.1890 0.0868 0.9781
vn -0.1527 0.0708 0.9857
vn -0.2449 0.0817 0.9661
vn -0.3681 0.0532 0.9282
vn -0.3160 0.0702 0.9462
vn -0.3159 0.0702 0.9462
vn -0.3681 0.0532 0.9283
vn -0.4110 0.0434 0.9106
vn -0.4482 0.0441 0.8928
vn -0.5070 0.0306 0.8614
vn -0.5071 0.0305 0.8613
vn -0.5669 0.0524 0.8221
vn -0.5941 -0.0000 0.8044
vn -0.6499 -0.0000 0.7600
vn -0.5769 -0.0550 0.8150
vn -0.6356 -0.0607 0.7696
vn -0.5770 -0.0550 0.8149
vn -0.6357 -0.0606 0.7696
vn -0.5352 -0.1100 0.8376
vn -0.6173 -0.0911 0.7815
vn -0.5039 -0.0295 0.8633
vn -0.4647 -0.0507 0.8840
vn -0.4083 -0.0479 0.9116
vn -0.3181 -0.0603 0.9461
vn -0.5337 -0.0000 0.8456
vn -0.3629 -0.1282 0.9230
vn -0.2645 -0.1626 0.9506
vn -0.1663 -0.0950 0.9815
vn -0.2466 -0.0674 0.9668
vn -0.4319 -0.0880 0.8976
vn -0.4877 -0.1332 0.8628
vn -0.4567 -0.1627 0.8746
vn -0.3917 -0.1818 0.9020
vn -0.3392 -0.2093 0.9172
vn -0.2571 -0.2211 0.9407
vn -0.5906 -0.1215 0.7978
vn -0.5547 -0.1516 0.8181
vn -0.5062 -0.1810 0.8432
vn -0.4511 -0.2095 0.8676
vn -0.3816 -0.2355 0.8938
vn -0.2999 -0.2581 0.9184
vn -0.1826 -0.2428 0.9527
vn -0.2073 -0.2758 0.9386
vn -0.1007 -0.2508 0.9628
vn -0.1060 -0.2871 0.9520
vn -0.2104 -0.0576 0.9759
vn -0.1399 -0.0667 0.9879
vn -0.0884 -0.0873 0.9922
vn -0.1401 -0.1867 0.9724
vn -0.0498 -0.2098 0.9765
vn -0.0489 -0.1051 0.9933
vn -0.0891 -0.0880 0.9921
vn -0.1663 -0.0951 0.9815
vn -0.4482 0.0442 0.8928
vn -0.4072 0.0875 0.9091
vn -0.3575 0.1107 0.9273
vn -0.2948 0.1397 0.9453
vn -0.2090 0.1696 0.9631
vn -0.1343 0.1874 0.9731
vn -0.5668 0.0524 0.8222
vn -0.5351 0.1101 0.8376
vn -0.4961 0.1380 0.8572
vn -0.4521 0.1639 0.8768
vn -0.4030 0.1871 0.8958
vn -0.3292 0.2031 0.9222
vn -0.2601 0.2282 0.9382
vn -0.1768 0.2418 0.9541
vn -0.5327 0.1993 0.8225
vn -0.4991 0.2319 0.8350
vn -0.5546 0.1517 0.8181
vn -0.5906 0.1215 0.7978
vn -0.6173 0.0910 0.7814
vn -0.6356 0.0608 0.7696
vn -0.6356 0.0607 0.7696
vn -0.6359 0.5515 0.5399
vn -0.4134 0.5541 0.7225
vn -0.3500 0.4678 0.8116
vn -0.2900 0.3867 0.8754
vn -0.2342 0.3119 0.9208
vn -0.3369 0.2901 0.8957
vn -0.4254 0.2627 0.8661
vn -0.9172 0.3720 0.1426
vn -0.8648 0.4039 0.2984
vn -0.7438 0.4620 0.4830
vn -0.5638 0.4881 0.6662
vn -0.4875 0.4212 0.7648
vn -0.4112 0.3546 0.8397
vn -0.5112 0.3161 0.7992
vn -0.5904 0.2747 0.7589
vn -0.6249 0.2534 0.7384
vn -0.8892 0.3606 0.2815
vn -0.8161 0.3806 0.4349
vn -0.6738 0.4180 0.6093
vn -0.5949 0.3684 0.7143
vn -0.6512 0.3160 0.6900
vn -0.7095 0.2877 0.6432
vn -0.8440 0.3423 0.4130
vn -0.7516 0.3510 0.5585
vn -0.7833 0.3177 0.5343
vn 0.9081 0.0518 0.4154
vn 0.9083 0.0877 0.4091
vn 0.9081 0.0518 0.4155
vn -0.1218 -0.9695 0.2125
vn -0.4642 0.4933 0.7356
vn -0.4642 0.4934 0.7356
vn -0.9986 -0.0535 -0.0000
vn -0.9986 -0.0536 -0.0000
vn -0.9985 0.0547 -0.0000
vn -0.9841 0.1777 -0.0000
vn -0.9841 0.1778 -0.0000
vn -0.9657 0.2595 -0.0000
vn -0.9658 0.2595 -0.0000
vn -0.9485 0.3140 0.0421
vn 0.9694 -0.0422 0.2418
vn 0.9745 0.0424 0.2204
vn -0.0000 -0.4157 -0.9095
vn -0.9267 -0.3758 -0.0000
vn -0.9914 0.1310 -0.0000
vn 0.3951 0.6705 -0.6279
vn -0.9464 -0.3230 -0.0065
vn -0.9464 -0.3231 -0.0064
vn -0.9464 -0.3230 -0.0064
vn -0.9464 -0.3231 -0.0065
vn -0.9515 -0.3027 0.0548
vn -0.9515 -0.3026 0.0548
vn -0.9515 -0.3027 0.0542
vn -0.9515 -0.3028 0.0542
vn -0.9528 -0.3009 -0.0413
vn -0.7888 -0.6147 -0.0000
vn -0.7772 -0.6042 0.1757
vn -0.7397 -0.5761 0.3477
vn -0.7660 -0.2905 0.5735
vn -0.9210 0.1892 0.3405
vn -0.9210 0.1891 0.3405
vn -0.9297 0.1447 0.3388
vn -0.9083 0.2522 0.3339
vn -0.5585 0.6537 0.5106
vn -0.3222 0.7589 0.5659
vn -0.6682 0.5736 0.4739
vn -0.6681 0.5736 0.4739
vn -0.7467 0.5117 0.4251
vn -0.8327 0.4340 0.3438
vn -0.8617 0.3747 0.3420
vn -0.9004 0.3066 0.3088
vn -0.9247 -0.0461 -0.3780
vn -0.8662 -0.1635 -0.4722
vn -0.2596 0.1039 -0.9601
vn -0.2141 0.1124 -0.9703
vn -0.7580 -0.1879 -0.6246
vn 0.4558 0.4188 -0.7854
vn 0.4884 0.3558 -0.7968
vn 0.3499 0.4677 -0.8117
vn -0.3605 0.2764 -0.8909
vn -0.5172 -0.1444 -0.8436
vn -0.7537 -0.1309 -0.6440
vn -0.7537 -0.1308 -0.6441
vn -0.4910 -0.1821 -0.8519
vn -0.4316 -0.2720 -0.8601
vn -0.3796 -0.2368 -0.8943
vn 0.2915 0.4778 -0.8287
vn 0.1205 0.7162 -0.6874
vn -0.1839 0.5007 -0.8459
vn -0.2262 -0.0901 -0.9699
vn -0.2738 -0.1368 -0.9520
vn -0.3472 -0.1920 -0.9179
vn -0.8571 -0.1308 -0.4983
vn -0.8662 -0.1635 -0.4721
vn -0.5047 -0.3505 -0.7889
vn -0.8861 -0.1880 -0.4236
vn -0.5683 -0.4127 -0.7118
vn -0.9068 -0.2112 -0.3649
vn -0.6339 -0.4742 -0.6110
vn -0.9271 -0.2295 -0.2962
vn -0.6938 -0.5289 -0.4888
vn -0.9450 -0.2399 -0.2225
vn 0.9888 -0.0828 0.1243
vn 0.9888 -0.0830 0.1243
vn 0.9955 0.0487 0.0814
vn 0.9907 0.1008 0.0909
vn 0.9955 0.0484 0.0814
vn 0.9981 0.0197 0.0577
vn 0.9997 0.0027 0.0234
vn 0.9997 0.0027 0.0236
vn 0.9877 0.1352 -0.0788
vn 0.9851 0.1656 -0.0472
vn 0.9841 0.1778 -0.0000
vn 0.9851 0.1653 0.0470
vn 0.9877 0.1352 0.0787
vn 0.9908 0.1009 0.0907
vn 0.9955 0.0484 -0.0814
vn 0.9907 0.1004 -0.0914
vn 0.9983 0.0184 -0.0551
vn 0.9983 0.0183 -0.0551
vn 0.9955 0.0480 -0.0813
vn -0.1025 -0.3639 0.9258
vn -0.2811 -0.3973 0.8736
vn -0.4066 -0.3534 0.8425
vn -0.4570 -0.2834 0.8431
vn -0.4573 -0.2847 0.8425
vn -0.4874 -0.2276 0.8430
vn -0.5058 -0.1806 0.8435
vn -0.5061 -0.1809 0.8433
vn -0.5061 -0.1810 0.8432
vn -0.9254 0.0438 -0.3763
vn -0.9255 0.0439 -0.3763
vn -0.8772 0.2044 -0.4345
vn -0.3014 -0.0684 -0.9510
vn -0.7800 0.1862 -0.5974
vn -0.8125 0.2118 -0.5432
vn -0.9015 -0.1623 -0.4012
vn -0.6479 -0.0000 -0.7618
vn -0.3262 -0.3385 -0.8826
vn -0.6657 0.2339 -0.7086
vn -0.2408 -0.3006 -0.9229
vn 0.2431 -0.6427 -0.7265
vn 0.3078 -0.5362 -0.7860
vn 0.4260 -0.3065 -0.8513
vn 0.4957 0.1863 -0.8483
vn 0.2237 -0.7716 -0.5955
vn 0.3399 -0.6966 -0.6319
vn 0.1029 -0.8308 -0.5470
vn -0.0613 -0.4132 -0.9086
vn -0.0614 -0.4132 -0.9086
vn -0.9997 0.0026 0.0234
vn -0.9997 0.0027 0.0236
vn -0.9981 0.0198 0.0577
vn -0.9955 0.0484 0.0814
vn -0.9955 0.0480 0.0813
vn -0.9907 0.1008 0.0908
vn -0.9907 0.1008 0.0909
vn -0.9591 -0.2427 -0.1454
vn -0.9877 0.1351 0.0783
vn -0.9681 -0.2405 -0.0699
vn -0.9851 0.1654 0.0470
vn -0.6379 0.3950 0.6611
vn -0.6228 0.4871 0.6123
vn -0.6063 0.5912 0.5319
vn -0.5900 0.6983 0.4053
vn -0.9841 0.1776 -0.0000
vn -0.9852 0.1652 -0.0469
vn -0.9681 -0.2404 0.0703
vn -0.9877 0.1351 -0.0785
vn -0.9592 -0.2426 0.1453
vn -0.9907 0.1008 -0.0909
vn -0.9451 -0.2399 0.2220
vn -0.9955 0.0484 -0.0814
vn -0.9271 -0.2295 0.2962
vn -0.6862 0.0536 -0.7254
vn -0.6792 0.1384 -0.7208
vn -0.9983 0.0184 -0.0550
vn -0.9983 0.0184 -0.0551
vn -0.9955 0.0483 -0.0814
vn -0.6379 0.3950 -0.6611
vn -0.6228 0.4871 -0.6123
vn -0.6063 0.5912 -0.5319
vn -0.5900 0.6983 -0.4053
vn -0.5775 0.7853 -0.2234
vn -0.9068 -0.2112 0.3649
vn -0.8861 -0.1880 0.4236
vn -0.6861 -0.0536 -0.7255
vn -0.5788 -0.1445 -0.8026
vn -0.8571 -0.1290 -0.4988
vn 0.2161 -0.1881 -0.9581
vn 0.2646 -0.2276 -0.9371
vn 0.1813 -0.2409 -0.9535
vn 0.1108 -0.2153 -0.9703
vn 0.2162 -0.1881 -0.9581
vn 0.1057 -0.2559 -0.9609
vn 0.3962 -0.2333 -0.8880
vn 0.4026 -0.1869 -0.8961
vn 0.3353 -0.1560 -0.9291
vn 0.4551 -0.1620 -0.8756
vn 0.1011 -0.0809 -0.9916
vn 0.0457 -0.0714 -0.9964
vn 0.0532 0.1871 -0.9809
vn 0.0454 0.0714 -0.9964
vn 0.2215 -0.0364 -0.9745
vn 0.1549 -0.0696 -0.9855
vn 0.4214 -0.1154 -0.8995
vn 0.5235 -0.1083 -0.8451
vn 0.4765 -0.0704 -0.8764
vn 0.5782 -0.0552 -0.8140
vn 0.5782 -0.0551 -0.8140
vn 0.1010 0.0809 -0.9916
vn 0.1548 0.0696 -0.9855
vn 0.1990 0.0125 -0.9799
vn 0.1138 0.3085 -0.9444
vn 0.1108 0.2153 -0.9702
vn 0.2161 0.1881 -0.9581
vn 0.3564 0.1553 -0.9213
vn 0.4107 0.1089 -0.9052
vn 0.4765 0.0704 -0.8764
vn 0.5032 0.0236 -0.8639
vn 0.0733 -0.0000 -0.9973
vn 0.5618 0.0829 -0.8231
vn 0.5618 0.0828 -0.8231
vn 0.5283 0.1072 -0.8423
vn 0.4839 0.1447 -0.8631
vn 0.4958 0.1863 -0.8483
vn 0.4760 0.2211 -0.8512
vn 0.6249 0.2534 -0.7384
vn 0.5911 0.2747 -0.7584
vn 0.7095 0.2877 -0.6433
vn 0.6758 0.3147 -0.6665
vn 0.7833 0.3176 -0.5343
vn 0.7516 0.3510 -0.5585
vn 0.8440 0.3422 -0.4130
vn 0.3909 0.2413 -0.8883
vn 0.3196 0.2752 -0.9067
vn 0.5111 0.3161 -0.7993
vn 0.5952 0.3685 -0.7141
vn 0.4114 0.3546 -0.8397
vn 0.2136 0.2842 -0.9347
vn 0.6970 0.6061 0.3833
vn 0.8362 0.5205 0.1728
vn 0.7389 0.6435 0.1998
vn 0.9060 0.4232 -0.0000
vn 0.8361 0.5206 -0.1728
vn 0.8955 0.4183 -0.1518
vn 0.7998 0.4973 -0.3362
vn 0.8648 0.4038 -0.2984
vn 0.7437 0.4621 -0.4830
vn 0.8161 0.3806 -0.4349
vn 0.6738 0.4176 -0.6096
vn 0.4875 0.4212 -0.7648
vn 0.2899 0.3867 -0.8755
vn 0.7540 0.6568 -0.0000
vn 0.7389 0.6435 -0.1998
vn 0.6971 0.6060 -0.3833
vn 0.6358 0.5518 -0.5398
vn 0.5637 0.4880 -0.6665
vn 0.1504 0.4085 -0.9003
vn 0.5358 0.7229 -0.4363
vn 0.4775 0.6420 -0.5999
vn 0.4134 0.5540 -0.7226
vn 0.1839 0.5006 -0.8459
vn 0.0765 0.4149 -0.9066
vn 0.2986 0.8231 -0.4830
vn 0.2604 0.7144 -0.6495
vn 0.2210 0.6035 -0.7661
vn 0.0941 0.5104 -0.8548
vn 0.1357 0.7361 -0.6631
vn 0.1139 0.6182 -0.7777
vn 0.3281 0.9078 -0.2613
vn 0.1574 0.8537 -0.4963
vn 0.1768 0.2418 0.9541
vn 0.1016 0.2497 0.9630
vn 0.1342 0.1874 0.9731
vn 0.2343 0.3120 0.9207
vn 0.1204 0.3263 0.9376
vn 0.2900 0.3868 0.8754
vn 0.1504 0.4085 0.9003
vn 0.3499 0.4677 0.8117
vn 0.1839 0.5007 0.8459
vn 0.4133 0.5540 0.7227
vn 0.2209 0.6035 0.7661
vn 0.4775 0.6420 0.5999
vn 0.2604 0.7144 0.6495
vn 0.5358 0.7228 0.4363
vn 0.2986 0.8231 0.4830
vn 0.3281 0.9078 0.2613
vn 0.3393 0.9407 -0.0000
vn 0.1357 0.7361 0.6631
vn -0.6907 0.0879 0.7177
vn -0.6908 0.0879 0.7177
vn 0.0502 0.2100 0.9764
vn -0.6826 0.1360 0.7180
vn -0.6732 0.1888 0.7149
vn -0.6629 0.2480 0.7064
vn 0.0765 0.4150 0.9066
vn 0.0941 0.5104 0.8548
vn 0.1139 0.6182 0.7777
vn 0.1176 0.0907 0.9889
vn 0.1356 0.1238 0.9830
vn 0.0806 0.1820 0.9800
vn 0.4111 0.3546 0.8398
vn 0.5111 0.3161 0.7993
vn 0.5948 0.3684 0.7145
vn 0.3369 0.2901 0.8958
vn 0.4253 0.2627 0.8661
vn 0.2600 0.2282 0.9382
vn 0.3292 0.2031 0.9222
vn 0.2085 0.1692 0.9633
vn 0.2938 0.1397 0.9456
vn 0.1879 0.0873 0.9783
vn 0.1527 0.0708 0.9857
vn 0.4073 0.0877 0.9091
vn 0.5668 0.0524 0.8222
vn 0.5351 0.1101 0.8376
vn 0.3575 0.1107 0.9273
vn 0.4961 0.1381 0.8572
vn 0.1880 0.0872 0.9783
vn 0.3160 0.0702 0.9462
vn 0.3681 0.0532 0.9283
vn 0.4110 0.0434 0.9106
vn 0.5070 0.0305 0.8614
vn 0.3159 0.0701 0.9462
vn 0.4482 0.0441 0.8928
vn 0.3682 0.0533 0.9282
vn 0.5932 -0.0000 0.8050
vn 0.5669 0.0524 0.8222
vn -0.0502 0.2101 0.9764
vn 0.4521 0.1639 0.8768
vn 0.5547 0.1516 0.8181
vn 0.5906 0.1215 0.7978
vn 0.6172 0.0911 0.7815
vn 0.6356 0.0607 0.7696
vn 0.6499 -0.0000 0.7600
vn 0.5769 -0.0551 0.8150
vn 0.5039 -0.0294 0.8633
vn 0.4647 -0.0507 0.8840
vn 0.4083 -0.0479 0.9116
vn 0.3182 -0.0602 0.9461
vn 0.3181 -0.0601 0.9461
vn 0.4319 -0.0880 0.8976
vn 0.3627 -0.1284 0.9230
vn 0.1639 -0.0951 0.9819
vn 0.2643 -0.1629 0.9506
vn 0.3917 -0.1818 0.9020
vn 0.3389 -0.2092 0.9172
vn 0.2571 -0.2211 0.9407
vn 0.4876 -0.1332 0.8628
vn 0.4570 -0.1627 0.8745
vn -0.0146 0.3906 0.9205
vn 0.2081 -0.0568 0.9764
vn 0.1362 -0.0654 0.9885
vn 0.0889 -0.0876 0.9922
vn 0.1402 -0.1867 0.9724
vn 0.1824 -0.2427 0.9528
vn 0.3000 -0.2581 0.9184
vn 0.2073 -0.2758 0.9386
vn 0.1007 -0.2508 0.9628
vn 0.0546 -0.2538 0.9657
vn 0.0489 -0.1050 0.9933
vn 0.0489 -0.1051 0.9933
vn 0.0888 -0.0875 0.9922
vn -0.6814 -0.1359 0.7192
vn -0.6687 -0.1938 0.7178
vn -0.7629 0.2902 0.5778
vn 0.1059 -0.2871 0.9520
vn -0.6686 -0.1939 0.7179
vn 0.0427 -0.3050 0.9514
vn 0.1024 -0.3639 0.9258
vn 0.2811 -0.3973 0.8736
vn 0.2810 -0.3973 0.8736
vn 0.4066 -0.3540 0.8422
vn 0.4066 -0.3535 0.8425
vn 0.4571 -0.2837 0.8430
vn 0.4573 -0.2847 0.8425
vn 0.4874 -0.2276 0.8430
vn 0.4874 -0.2274 0.8430
vn 0.5061 -0.1810 0.8433
vn 0.5061 -0.1811 0.8433
vn 0.5061 -0.1809 0.8433
vn 0.5062 -0.1811 0.8432
vn 0.4642 0.4933 0.7356
vn 0.4642 0.4934 0.7356
vn -0.9694 -0.0422 0.2418
vn -0.9745 0.0424 0.2204
vn 0.9267 -0.3758 -0.0000
vn 0.5256 -0.0756 0.8474
vn 0.5257 -0.0755 0.8473
vn 0.5351 -0.1100 0.8376
vn 0.5352 -0.1100 0.8376
vn 0.5352 -0.1101 0.8376
vn 0.9841 0.1777 -0.0000
vn 0.9618 0.2729 -0.0211
vn 0.9485 0.3140 -0.0421
vn 0.3392 -0.9407 -0.0000
vn 0.5940 -0.8045 -0.0000
vn 0.9464 -0.3230 -0.0064
vn 0.9793 -0.2022 0.0132
vn -0.4924 -0.3941 0.7761
vn -0.4925 -0.3941 0.7760
vn 0.2198 -0.5279 -0.8204
vn 0.2199 -0.5279 -0.8204
vn -0.9718 -0.0684 -0.2258
vn -0.9347 -0.1121 -0.3373
vn -0.4875 -0.2576 -0.8343
vn 0.0204 -0.3944 -0.9187
vn 0.5753 -0.4141 -0.7054
vn 0.9648 -0.0365 0.2605
vn 0.9648 -0.0364 0.2605
vn -0.8830 -0.1539 -0.4434
vn -0.8830 -0.1539 -0.4435
vn 0.9648 -0.0364 0.2606
vn 0.9648 -0.0365 0.2606
vn 0.2199 -0.5278 -0.8204
vn 0.2198 -0.5280 -0.8203
vn 0.2197 -0.5280 -0.8204
vn -0.9430 0.1387 -0.3024
vn -0.9266 0.2032 -0.3163
vn -0.9021 0.2746 -0.3330
vn -0.9021 0.2745 -0.3330
vn -0.8667 0.3529 -0.3525
vn -0.8667 0.3530 -0.3525
vn -0.8171 0.4384 -0.3743
vn -0.8172 0.4383 -0.3743
vn -0.0248 -0.9993 -0.0264
vn 0.1436 0.9210 -0.3621
vn 0.1818 0.9135 -0.3639
vn 0.1069 0.9244 -0.3660
vn -0.7540 0.6569 -0.0000
vn -0.2861 -0.3944 0.8733
vn -0.2859 -0.3946 0.8732
vn -0.2863 -0.3941 0.8734
vn -0.2862 -0.3942 0.8733
vn 0.8825 -0.1267 0.4530
vn 0.9023 -0.1099 0.4169
vn 0.9023 -0.1099 0.4170
vn 0.9021 -0.1101 0.4172
vn 0.9022 -0.1100 0.4170
vn 0.9023 -0.1100 0.4170
vn 0.9345 -0.0813 0.3466
vn 0.9345 -0.0812 0.3465
vn -0.3765 0.9134 -0.1546
vn -0.2749 0.9480 -0.1606
vn -0.3236 0.9286 -0.1819
vn -0.3249 0.9367 -0.1306
vn -0.1686 0.9787 -0.1170
vn -0.2104 0.9742 -0.0811
vn -0.0482 0.9961 -0.0734
vn -0.0777 0.9965 -0.0315
vn 0.0147 0.9986 -0.0518
vn -0.1411 0.9881 0.0606
vn -0.0425 0.9947 0.0939
vn -0.2149 0.9616 0.1708
vn -0.0880 0.9776 0.1914
vn -0.2997 0.9051 0.3016
vn -0.3917 0.8026 0.4499
vn -0.6031 0.7343 0.3116
vn -0.6945 0.5768 0.4302
vn -0.8211 0.5005 0.2745
vn -0.8518 0.4165 0.3177
vn -0.8914 0.3831 0.2421
vn -0.2615 0.8179 0.5124
vn -0.4796 0.6393 0.6010
vn -0.7298 0.4823 0.4846
vn -0.3406 0.6532 0.6763
vn -0.5157 0.5360 0.6684
vn -0.3749 0.5473 0.7482
vn -0.8634 0.4616 0.2036
vn -0.7393 0.6481 0.1831
vn -0.4989 0.8445 0.1946
vn -0.3949 0.9144 0.0887
vn -0.2981 0.9545 -0.0029
vn -0.4268 0.9020 -0.0654
vn -0.4827 0.8705 -0.0955
vn -0.7881 0.6030 0.1238
vn -0.6398 0.7629 0.0928
vn -0.5334 0.8458 0.0093
vn -0.5902 0.8068 -0.0287
vn -0.6942 0.7183 0.0450
vn -0.3392 -0.9407 -0.0000
vn -0.3393 -0.9407 -0.0000
vn -0.5940 -0.8044 -0.0000
vn -0.8917 -0.4525 -0.0000
vn -0.9485 0.3140 -0.0421
vn -0.6853 -0.0955 0.7220
vn -0.7269 0.2439 0.6420
vn -0.6852 0.0956 0.7220
vn -0.6751 0.0610 0.7352
vn -0.7983 -0.2490 -0.5484
vn -0.8083 -0.3864 -0.4443
vn -0.4950 -0.8471 -0.1931
vn -0.5433 -0.7650 0.3458
vn -0.6100 -0.6595 0.4393
vn -0.8083 -0.3865 0.4443
vn -0.5282 0.1072 -0.8423
vn -0.5283 0.1072 -0.8423
vn -0.5282 0.1073 -0.8423
vn -0.5282 0.1071 -0.8424
vn -0.5236 -0.1084 -0.8451
vn -0.5295 -0.0000 -0.8483
vn -0.5290 -0.0000 -0.8486
vn -0.5266 0.0502 -0.8486
vn -0.5267 0.0502 -0.8486
vn -0.6002 0.6173 -0.5087
vn -0.3200 0.9316 0.1724
vn -0.3199 0.9316 -0.1724
vn -0.7270 0.2439 -0.6418
vn -0.7212 0.3349 -0.6064
vn -0.6667 -0.0000 -0.7453
vn -0.6751 0.0611 -0.7352
vn -0.5039 -0.0295 0.8632
vn -0.5257 -0.0755 0.8473
vn -0.5256 -0.0755 0.8473
vn -0.5352 -0.1100 0.8375
vn -0.2068 -0.9784 -0.0000
vn 0.9302 0.3671 -0.0000
vn 0.7193 0.6935 -0.0405
vn 0.7148 0.6994 -0.0000
vn 0.7196 0.6932 0.0404
vn 0.9252 0.3672 0.0954
vn 0.6986 0.7003 0.1466
vn 0.9093 0.3698 0.1907
vn 0.7196 0.6932 0.0405
vn 0.9187 0.3635 0.1543
vn 0.7929 0.5175 -0.3217
vn 0.9643 0.2646 -0.0000
vn 0.9899 0.0947 -0.1056
vn 0.8102 0.1669 -0.5619
vn 0.9906 -0.0000 -0.1367
vn 0.8170 -0.0000 -0.5767
vn 0.8102 -0.1669 -0.5619
vn 0.9899 -0.0947 -0.1056
vn 0.7929 -0.5175 -0.3216
vn 0.9643 -0.2646 -0.0000
vn 0.9188 -0.3633 0.1542
vn 0.7196 -0.6932 0.0405
vn 0.9092 -0.3703 0.1906
vn 0.6987 -0.7003 0.1466
vn 0.9252 -0.3672 0.0954
vn 0.7196 -0.6932 0.0404
vn 0.9415 -0.3371 -0.0000
vn 0.7146 -0.6995 -0.0000
vn 0.7196 -0.6932 -0.0405
vn 0.9253 -0.3672 -0.0954
vn 0.6987 -0.7003 -0.1466
vn 0.9092 -0.3702 -0.1906
vn 0.9188 -0.3634 -0.1542
vn 0.7929 -0.5175 0.3217
vn 0.9644 -0.2646 -0.0000
vn 0.9899 -0.0947 0.1057
vn 0.8102 -0.1669 0.5619
vn 0.8169 -0.0000 0.5768
vn 0.8102 0.1669 0.5619
vn 0.9899 0.0947 0.1056
vn 0.7929 0.5175 0.3217
vn 0.9643 0.2647 -0.0000
vn 0.9188 0.3634 -0.1542
vn 0.7196 0.6932 -0.0405
vn 0.9093 0.3700 -0.1907
vn 0.6987 0.7003 -0.1466
vn 0.9252 0.3672 -0.0954
vn 0.9194 -0.1901 -0.3445
vn 0.9652 -0.1426 -0.2191
vn 0.9529 -0.1966 -0.2308
vn 0.9833 -0.1451 -0.1097
vn 0.9729 -0.2004 -0.1157
vn 0.9893 -0.1461 -0.0000
vn 0.9954 -0.0957 -0.0000
vn 0.9833 -0.1450 0.1097
vn 0.9898 -0.0952 0.1056
vn 0.9652 -0.1427 0.2191
vn 0.9730 -0.0935 0.2112
vn 0.9898 -0.0952 -0.1056
vn 0.9989 -0.0466 -0.0000
vn 0.9936 -0.0469 0.1032
vn 0.9773 -0.0453 0.2071
vn 0.9794 -0.2017 -0.0000
vn 0.9728 -0.2007 0.1158
vn 0.9530 -0.1963 0.2308
vn 0.9195 -0.1897 0.3444
vn 0.9345 -0.1380 0.3280
vn 0.9442 -0.0894 0.3171
vn 0.9495 -0.0445 0.3107
vn 0.8973 -0.2457 -0.3666
vn 0.9342 -0.2570 -0.2474
vn 0.9569 -0.2623 -0.1243
vn 0.9643 -0.2647 -0.0000
vn 0.9569 -0.2623 0.1243
vn 0.9343 -0.2568 0.2473
vn 0.8973 -0.2458 0.3667
vn 0.8453 -0.2315 0.4815
vn 0.8719 -0.1803 0.4553
vn 0.8905 -0.1312 0.4356
vn 0.9024 -0.0866 0.4221
vn 0.9092 -0.0429 0.4141
vn 0.9327 -0.3340 -0.1361
vn 0.9415 -0.3369 -0.0000
vn 0.9328 -0.3339 0.1361
vn 0.9067 -0.3247 0.2693
vn 0.8643 -0.3093 0.3967
vn 0.8066 -0.2885 0.5159
vn 0.7355 -0.2628 0.6245
vn 0.7789 -0.2136 0.5897
vn 0.8102 -0.1663 0.5620
vn 0.8321 -0.1232 0.5408
vn 0.8465 -0.0811 0.5261
vn 0.8161 -0.3806 -0.4349
vn 0.8641 -0.3096 -0.3969
vn 0.9065 -0.3250 -0.2694
vn 0.8649 -0.4037 -0.2983
vn 0.8954 -0.4186 -0.1519
vn 0.9060 -0.4233 -0.0000
vn 0.8955 -0.4183 0.1518
vn 0.8648 -0.4039 0.2984
vn 0.8159 -0.3809 0.4351
vn 0.7516 -0.3510 0.5585
vn 0.6758 -0.3147 0.6665
vn 0.5908 -0.2747 0.7586
vn 0.6528 -0.2326 0.7210
vn 0.7185 -0.3824 0.5810
vn 0.7857 -0.4182 0.4558
vn 0.8380 -0.4460 0.3144
vn 0.8713 -0.4637 0.1606
vn 0.8827 -0.4698 -0.0000
vn 0.8713 -0.4637 -0.1606
vn 0.8380 -0.4460 -0.3144
vn 0.7857 -0.4182 -0.4558
vn 0.7185 -0.3824 -0.5810
vn 0.7516 -0.3510 -0.5585
vn 0.6404 -0.3408 -0.6883
vn 0.6762 -0.3148 -0.6661
vn 0.7844 -0.0368 0.6192
vn 0.7433 -0.0349 0.6680
vn 0.7332 -0.0700 0.6764
vn 0.7750 -0.0741 0.6276
vn 0.7156 -0.1057 0.6904
vn 0.7580 -0.1119 0.6426
vn 0.6897 -0.1420 0.7100
vn 0.7336 -0.1510 0.6626
vn 0.6539 -0.1789 0.7351
vn 0.6992 -0.1912 0.6889
vn 0.6064 -0.2163 0.7652
vn 0.5450 -0.2534 0.7992
vn 0.5100 -0.2715 0.8162
vn 0.5550 -0.2954 0.7776
vn 0.6404 -0.3409 0.6883
vn 0.8543 -0.0400 0.5182
vn 0.8574 -0.0000 0.5146
vn 0.7872 -0.0000 0.6167
vn 0.7841 0.0368 0.6196
vn 0.8548 0.0403 0.5174
vn 0.7744 0.0739 0.6283
vn 0.8465 0.0811 0.5261
vn 0.7584 0.1121 0.6421
vn 0.8321 0.1232 0.5408
vn 0.9227 -0.0234 0.3847
vn 0.9105 -0.0000 0.4136
vn 0.9227 0.0234 0.3847
vn 0.9090 0.0426 0.4145
vn 0.9024 0.0866 0.4221
vn 0.8904 0.1321 0.4356
vn 0.8101 0.1672 0.5619
vn 0.8722 0.1793 0.4550
vn 0.9345 0.1383 0.3280
vn 0.9194 0.1898 0.3444
vn 0.9495 0.0446 0.3105
vn 0.9496 0.0448 0.3103
vn 0.9441 0.0897 0.3171
vn 0.7336 0.1510 0.6626
vn 0.6992 0.1912 0.6889
vn 0.7789 0.2136 0.5897
vn 0.8452 0.2317 0.4816
vn 0.8973 0.2457 0.3667
vn 0.9529 0.1965 0.2309
vn 0.9652 0.1426 0.2191
vn 0.9730 0.0926 0.2113
vn 0.9773 0.0461 0.2066
vn 0.9773 0.0459 0.2067
vn 0.9684 0.0249 0.2482
vn 0.9936 0.0467 0.1033
vn 0.9989 0.0470 -0.0000
vn 0.8452 0.2316 0.4816
vn 0.7789 0.2133 0.5897
vn 0.6988 0.1912 0.6893
vn 0.6330 0.1974 0.7486
vn 0.6897 0.1419 0.7100
vn 0.7156 0.1057 0.6904
vn 0.7332 0.0700 0.6764
vn 0.7433 0.0348 0.6680
vn 0.7466 -0.0000 0.6652
vn 0.8321 0.1232 -0.5408
vn 0.9024 0.0866 -0.4220
vn 0.8465 0.0811 -0.5261
vn 0.8904 0.1321 -0.4356
vn 0.9442 0.0897 -0.3170
vn 0.9344 0.1388 -0.3280
vn 0.9730 0.0925 -0.2113
vn 0.9651 0.1435 -0.2192
vn 0.9898 0.0952 -0.1056
vn 0.9833 0.1453 -0.1097
vn 0.9954 0.0957 -0.0000
vn 0.9893 0.1461 -0.0000
vn 0.9833 0.1451 0.1097
vn 0.9728 0.2005 0.1158
vn 0.9345 0.2561 0.2471
vn 0.8832 0.2755 0.3795
vn 0.8102 0.1672 -0.5619
vn 0.8722 0.1794 -0.4550
vn 0.9195 0.1896 -0.3443
vn 0.9529 0.1967 -0.2309
vn 0.9729 0.2003 -0.1157
vn 0.9795 0.2016 -0.0000
vn 0.7579 0.1119 -0.6427
vn 0.7745 0.0739 -0.6282
vn 0.7337 0.1510 -0.6625
vn 0.6992 0.1912 -0.6889
vn 0.7790 0.2131 -0.5897
vn 0.8451 0.2319 -0.4817
vn 0.8972 0.2460 -0.3668
vn 0.9346 0.2560 -0.2470
vn 0.9567 0.2631 -0.1245
vn 0.9642 0.2651 -0.0000
vn 0.9569 0.2626 0.1244
vn 0.8833 0.2755 -0.3794
vn 0.9345 0.2563 -0.2472
vn 0.9569 0.2626 -0.1244
vn 0.9644 0.2646 -0.0000
vn 0.9345 0.2563 0.2472
vn 0.7434 0.0347 -0.6680
vn 0.7874 -0.0000 -0.6164
vn 0.7467 -0.0000 -0.6652
vn 0.7846 0.0369 -0.6189
vn 0.7333 0.0699 -0.6763
vn 0.7157 0.1057 -0.6904
vn 0.6898 0.1419 -0.7100
vn 0.6540 0.1789 -0.7351
vn 0.6988 0.1913 -0.6893
vn 0.7790 0.2133 -0.5897
vn 0.8452 0.2317 -0.4816
vn 0.9898 0.0952 0.1056
vn 0.9989 0.0464 -0.0000
vn 0.9936 0.0469 -0.1032
vn 0.9773 0.0461 -0.2066
vn 0.9496 0.0448 -0.3103
vn 0.9092 0.0429 -0.4141
vn 0.8548 0.0403 -0.5174
vn 0.8575 -0.0000 -0.5145
vn 0.9936 0.0469 0.1032
vn 0.9936 0.0467 -0.1033
vn 0.9773 0.0459 -0.2067
vn 0.9495 0.0446 -0.3105
vn 0.9228 0.0234 -0.3847
vn 0.9103 -0.0000 -0.4139
vn 0.9228 -0.0235 -0.3847
vn 0.8548 -0.0403 -0.5174
vn 0.9684 0.0249 -0.2481
vn 0.9936 0.0467 -0.1032
vn 0.9495 -0.0446 -0.3105
vn 0.8465 -0.0811 -0.5261
vn 0.9092 -0.0429 -0.4141
vn 0.9685 -0.0251 -0.2477
vn 0.8319 -0.1223 -0.5413
vn 0.9024 -0.0866 -0.4220
vn 0.9495 -0.0445 -0.3106
vn 0.9773 -0.0459 -0.2067
vn 0.9936 -0.0467 -0.1032
vn 0.8102 -0.1672 -0.5619
vn 0.8904 -0.1321 -0.4356
vn 0.9442 -0.0894 -0.3171
vn 0.9773 -0.0459 -0.2068
vn 0.9936 -0.0467 -0.1033
vn 0.9936 -0.0469 -0.1032
vn 0.9730 -0.0935 -0.2112
vn 0.9344 -0.1388 -0.3280
vn 0.8722 -0.1796 -0.4551
vn 0.7789 -0.2136 -0.5897
vn 0.8449 -0.2322 -0.4818
vn 0.7352 -0.2619 -0.6252
vn 0.8064 -0.2888 -0.5161
vn 0.9495 -0.0446 0.3105
vn 0.9773 -0.0459 0.2067
vn 0.9936 -0.0467 0.1033
vn 0.9228 0.0234 0.3847
vn 0.9227 -0.0235 0.3847
vn 0.9685 -0.0251 0.2476
vn 0.2045 0.9686 0.1415
vn 0.2363 0.7128 0.6603
vn 0.2369 0.1991 0.9509
vn 0.2370 -0.0000 0.9715
vn -0.0000 0.1951 0.9808
vn -0.0000 0.9808 0.1951
vn 0.2578 0.9647 -0.0542
vn 0.1976 0.9803 -0.0000
vn 0.2578 0.9647 0.0542
vn 0.2579 0.9647 0.0542
vn -0.0000 0.9808 -0.1951
vn 0.2045 0.9686 -0.1413
vn 0.2362 0.7128 -0.6603
vn 0.2370 0.1990 -0.9509
vn -0.0000 0.1951 -0.9808
vn 0.2363 -0.7128 -0.6603
vn 0.2368 -0.1992 -0.9509
vn -0.0000 -0.1951 -0.9808
vn -0.0000 -0.9808 -0.1951
vn 0.2044 -0.9686 -0.1414
vn 0.2614 -0.9648 0.0270
vn 0.2615 -0.9648 0.0270
vn 0.1965 -0.9803 -0.0203
vn 0.1965 -0.9803 -0.0202
vn 0.2578 -0.9647 -0.0542
vn -0.0000 -0.9808 0.1951
vn 0.2045 -0.9686 0.1413
vn 0.2363 -0.7128 0.6603
vn 0.2368 -0.1992 0.9509
vn -0.0000 -0.1951 0.9808
vn -0.9076 -0.1910 0.3740
vn -0.8683 -0.1511 0.4724
vn -0.9576 -0.0326 0.2862
vn -0.9576 -0.0325 0.2862
vn -0.9610 -0.1256 0.2464
vn -0.7698 -0.1772 0.6132
vn -0.7468 -0.1569 0.6463
vn -0.7446 -0.2028 0.6359
vn -0.8002 -0.1118 0.5892
vn -0.8983 -0.1401 0.4164
vn -0.8984 -0.1401 0.4163
vn -0.9603 -0.1628 0.2267
vn -0.7694 -0.1846 -0.6115
vn -0.8686 -0.1514 -0.4718
vn -0.7485 -0.1621 -0.6430
vn -0.7695 -0.1846 -0.6114
vn -0.7984 -0.1111 -0.5918
vn -0.8977 -0.1398 -0.4179
vn -0.9609 -0.1262 -0.2463
vn -0.9602 -0.1627 -0.2268
vn -0.8684 -0.2457 -0.4306
vn -0.9080 -0.1929 -0.3720
vn -0.9578 -0.0356 -0.2851
vn -0.9578 -0.0356 -0.2852
vn -0.9530 0.3001 -0.0421
vn -0.9526 0.3043 -0.0008
vn -0.9200 0.3733 -0.1195
vn -0.9166 0.3649 -0.1631
vn -0.9582 0.2364 0.1610
vn -0.9175 0.3653 0.1573
vn -0.9395 0.2982 0.1684
vn -0.9511 0.2953 0.0910
vn -0.9582 0.2364 -0.1611
vn -0.9377 0.2971 -0.1803
vn -0.9200 0.3731 0.1197
vn -0.9530 0.3000 0.0420
vn -0.7819 0.1783 -0.5973
vn -0.7819 0.1782 -0.5973
vn -0.8511 0.2133 -0.4797
vn -0.7433 0.3353 -0.5789
vn -0.7713 0.3004 -0.5612
vn -0.8745 0.2051 -0.4395
vn -0.8184 0.2132 -0.5336
vn -0.8908 0.2086 -0.4038
vn -0.7916 0.2239 -0.5685
vn -0.9415 0.1357 -0.3086
vn -0.9415 0.1356 -0.3086
vn -0.9401 0.1874 -0.2849
vn -0.7916 0.2239 -0.5686
vn -0.7912 0.2265 0.5680
vn -0.7819 0.1843 0.5955
vn -0.8518 0.2125 0.4789
vn -0.7820 0.1844 0.5954
vn -0.7490 0.3196 0.5804
vn -0.7754 0.2844 0.5638
vn -0.8739 0.2050 0.4408
vn -0.8171 0.2128 0.5358
vn -0.8170 0.2127 0.5359
vn -0.8903 0.2085 0.4049
vn -0.9414 0.1387 0.3075
vn -0.9346 0.1842 0.3043
vn -0.9457 0.1976 0.2579
vn 0.7698 -0.1772 0.6132
vn 0.8683 -0.1511 0.4724
vn 0.7468 -0.1568 0.6463
vn 0.7447 -0.2026 0.6359
vn 0.8003 -0.1118 0.5891
vn 0.8984 -0.1400 0.4163
vn 0.9610 -0.1258 0.2464
vn 0.9603 -0.1626 0.2268
vn 0.8684 -0.2456 0.4308
vn 0.9075 -0.1909 0.3741
vn 0.9576 -0.0328 0.2862
vn 0.9080 -0.1928 -0.3721
vn 0.8684 -0.2457 -0.4307
vn 0.8686 -0.1513 -0.4718
vn 0.9578 -0.0355 -0.2852
vn 0.9609 -0.1262 -0.2463
vn 0.7695 -0.1844 -0.6115
vn 0.7486 -0.1620 -0.6430
vn 0.7695 -0.1846 -0.6114
vn 0.7984 -0.1111 -0.5918
vn 0.8977 -0.1397 -0.4179
vn 0.9603 -0.1626 -0.2268
vn 0.5319 0.0689 0.8440
vn 0.5320 0.0690 0.8440
vn 0.5352 0.1101 0.8375
vn 0.5352 0.1100 0.8376
vn 0.5167 0.1611 0.8409
vn 0.5168 0.1611 0.8408
vn 0.5167 0.1610 0.8409
vn 0.7871 0.2800 -0.5496
vn 0.7302 0.2178 -0.6476
vn 0.7490 0.2629 -0.6082
vn 0.8571 0.2023 -0.4737
vn 0.7225 0.2562 -0.6421
vn 0.7684 0.2142 -0.6031
vn 0.8216 0.1315 -0.5546
vn 0.8882 0.1052 -0.4472
vn 0.8201 0.2171 -0.5295
vn 0.8886 0.2114 -0.4071
vn 0.8211 0.2957 -0.4882
vn 0.8772 0.2878 -0.3843
vn 0.9422 0.2296 -0.2440
vn 0.9554 0.2049 -0.2125
vn 0.9679 0.0314 -0.2494
vn 0.9422 0.2295 -0.2440
vn 0.8573 0.2006 0.4741
vn 0.7212 0.3348 0.6064
vn 0.7690 0.1953 0.6087
vn 0.8202 0.1310 0.5569
vn 0.8875 0.1052 0.4487
vn 0.8187 0.2168 0.5317
vn 0.8881 0.2113 0.4082
vn 0.8187 0.2168 0.5318
vn 0.7862 0.2822 0.5497
vn 0.7490 0.2654 0.6071
vn 0.8766 0.2895 0.3843
vn 0.9420 0.2314 0.2430
vn 0.9551 0.2067 0.2123
vn 0.9612 0.0198 0.2752
vn 0.9425 0.2033 0.2651
vn 0.8196 0.2975 0.4897
vn 0.6847 0.1005 0.7218
vn 0.6970 0.1424 0.7028
vn 0.7109 0.1933 0.6763
vn 0.7228 0.2555 0.6421
vn 0.7065 -0.1927 0.6809
vn 0.6973 -0.1427 0.7025
vn 0.6844 -0.1003 0.7222
vn 0.6685 -0.0311 0.7430
vn -0.9081 0.0518 0.4154
vn -0.9083 0.0876 0.4090
vn -0.9082 0.0875 0.4092
vn 0.8290 -0.3640 0.4245
vn 0.7501 -0.4717 0.4635
vn 0.6080 -0.6693 0.4270
vn 0.5420 -0.7711 0.3341
vn 0.6804 -0.5654 -0.4663
vn 0.7502 -0.4718 -0.4634
vn -0.9906 -0.0000 -0.1367
vn -0.8102 0.1669 -0.5619
vn -0.9899 0.0947 -0.1056
vn -0.7929 0.5175 -0.3217
vn -0.9643 0.2646 -0.0000
vn -0.9187 0.3635 0.1543
vn -0.7196 0.6932 0.0404
vn -0.9092 0.3703 0.1906
vn -0.6986 0.7003 0.1466
vn -0.9253 0.3672 0.0954
vn -0.7196 0.6932 0.0405
vn -0.9302 0.3671 -0.0000
vn -0.7147 0.6995 -0.0000
vn -0.7196 0.6932 -0.0405
vn -0.9252 0.3672 -0.0954
vn -0.6987 0.7003 -0.1466
vn -0.9092 0.3701 -0.1907
vn -0.9188 0.3634 -0.1542
vn -0.7929 0.5175 0.3217
vn -0.9644 0.2646 -0.0000
vn -0.9899 0.0947 0.1055
vn -0.8102 0.1669 0.5619
vn -0.9906 -0.0000 0.1367
vn -0.8170 -0.0000 0.5767
vn -0.8102 -0.1669 0.5619
vn -0.9899 -0.0947 0.1056
vn -0.7929 -0.5175 0.3216
vn -0.9643 -0.2646 -0.0000
vn -0.9187 -0.3635 -0.1543
vn -0.7196 -0.6932 -0.0405
vn -0.9092 -0.3701 -0.1907
vn -0.6987 -0.7003 -0.1466
vn -0.9253 -0.3672 -0.0954
vn -0.7196 -0.6932 -0.0404
vn -0.9415 -0.3370 -0.0000
vn -0.7147 -0.6995 -0.0000
vn -0.7196 -0.6932 0.0405
vn -0.9253 -0.3671 0.0954
vn -0.6987 -0.7003 0.1466
vn -0.9093 -0.3700 0.1907
vn -0.9188 -0.3634 0.1542
vn -0.7929 -0.5175 -0.3217
vn -0.9899 -0.0947 -0.1056
vn -0.8102 -0.1669 -0.5619
vn -0.8169 -0.0000 -0.5768
vn -0.9773 0.0459 0.2067
vn -0.9685 0.0251 0.2476
vn -0.9936 0.0467 0.1033
vn -0.9773 0.0454 0.2070
vn -0.9989 0.0470 -0.0000
vn -0.9495 0.0443 0.3108
vn -0.9442 0.0899 0.3170
vn -0.9495 0.0446 0.3105
vn -0.9101 -0.0000 0.4143
vn -0.9228 0.0234 0.3847
vn -0.9228 -0.0234 0.3847
vn -0.9092 0.0429 0.4141
vn -0.9024 0.0866 0.4220
vn -0.8904 0.1321 0.4356
vn -0.9936 -0.0467 0.1032
vn -0.9773 -0.0459 0.2067
vn -0.9684 -0.0249 0.2481
vn -0.9495 -0.0446 0.3105
vn -0.8575 -0.0000 0.5145
vn -0.8548 0.0403 0.5174
vn -0.8463 0.0806 0.5266
vn -0.8321 0.1232 0.5408
vn -0.8102 0.1672 0.5619
vn -0.8721 0.1796 0.4551
vn -0.9345 0.1385 0.3280
vn -0.9441 -0.0907 0.3168
vn -0.9496 -0.0448 0.3103
vn -0.9773 -0.0453 0.2071
vn -0.9092 -0.0429 0.4141
vn -0.8548 -0.0403 0.5174
vn -0.8102 -0.1672 0.5619
vn -0.8321 -0.1232 0.5408
vn -0.8905 -0.1312 0.4356
vn -0.9024 -0.0863 0.4222
vn -0.8462 -0.0806 0.5267
vn -0.6986 -0.1913 0.6895
vn -0.7336 -0.1510 0.6625
vn -0.7579 -0.1119 0.6427
vn -0.7750 -0.0741 0.6276
vn -0.7846 -0.0369 0.6189
vn -0.7877 -0.0000 0.6160
vn -0.7840 0.0367 0.6197
vn -0.7747 0.0740 0.6280
vn -0.7580 0.1119 0.6426
vn -0.7336 0.1510 0.6625
vn -0.6985 0.1913 0.6896
vn -0.7466 -0.0000 0.6652
vn -0.7433 0.0348 0.6680
vn -0.7433 -0.0348 0.6680
vn -0.7332 -0.0700 0.6764
vn -0.7157 -0.1057 0.6904
vn -0.6898 -0.1419 0.7100
vn -0.6539 -0.1789 0.7351
vn -0.6064 -0.2162 0.7652
vn -0.6521 -0.2327 0.7215
vn -0.5450 -0.2534 0.7992
vn -0.5908 -0.2747 0.7586
vn -0.5100 -0.2715 0.8162
vn -0.5551 -0.2954 0.7776
vn -0.6755 -0.3146 0.6669
vn -0.8722 -0.1793 0.4550
vn -0.9344 -0.1388 0.3280
vn -0.7789 -0.2136 0.5897
vn -0.9092 -0.0429 -0.4141
vn -0.9496 -0.0448 -0.3103
vn -0.9495 -0.0446 -0.3105
vn -0.9773 -0.0459 -0.2068
vn -0.9773 -0.0453 -0.2071
vn -0.9936 -0.0467 -0.1033
vn -0.9936 -0.0469 -0.1032
vn -0.9989 -0.0469 -0.0000
vn -0.9989 -0.0465 -0.0000
vn -0.9936 -0.0469 0.1032
vn -0.9898 -0.0952 0.1056
vn -0.9730 -0.0935 0.2112
vn -0.9652 -0.1426 0.2191
vn -0.9195 -0.1896 0.3443
vn -0.8449 -0.2322 0.4818
vn -0.7355 -0.2628 0.6245
vn -0.8068 -0.2883 0.5158
vn -0.8973 -0.2457 0.3666
vn -0.9529 -0.1965 0.2308
vn -0.9833 -0.1452 0.1097
vn -0.9954 -0.0957 -0.0000
vn -0.9898 -0.0952 -0.1056
vn -0.9730 -0.0935 -0.2112
vn -0.9441 -0.0898 -0.3171
vn -0.9024 -0.0866 -0.4221
vn -0.8465 -0.0811 -0.5261
vn -0.8642 -0.3094 0.3967
vn -0.9343 -0.2568 0.2473
vn -0.9728 -0.2005 0.1158
vn -0.9893 -0.1462 -0.0000
vn -0.9833 -0.1450 -0.1097
vn -0.9652 -0.1425 -0.2191
vn -0.9345 -0.1384 -0.3280
vn -0.8904 -0.1321 -0.4356
vn -0.8321 -0.1232 -0.5408
vn -0.8101 -0.1672 -0.5619
vn -0.8719 -0.1803 -0.4553
vn -0.9193 -0.1904 -0.3446
vn -0.9530 -0.1964 -0.2308
vn -0.9728 -0.2005 -0.1158
vn -0.9795 -0.2016 -0.0000
vn -0.9570 -0.2622 0.1243
vn -0.9068 -0.3245 0.2692
vn -0.9328 -0.3337 0.1360
vn -0.9643 -0.2647 -0.0000
vn -0.9570 -0.2622 -0.1243
vn -0.9344 -0.2565 -0.2472
vn -0.8970 -0.2464 -0.3670
vn -0.8453 -0.2316 -0.4815
vn -0.7789 -0.2136 -0.5897
vn -0.9415 -0.3371 -0.0000
vn -0.9327 -0.3339 -0.1361
vn -0.9067 -0.3247 -0.2693
vn -0.8644 -0.3092 -0.3966
vn -0.8064 -0.2888 -0.5161
vn -0.7355 -0.2628 -0.6245
vn -0.7523 -0.3499 0.5582
vn -0.8159 -0.3808 0.4351
vn -0.8648 -0.4038 0.2984
vn -0.8956 -0.4183 0.1518
vn -0.9060 -0.4232 -0.0000
vn -0.8953 -0.4187 -0.1519
vn -0.8648 -0.4038 -0.2984
vn -0.8158 -0.3809 -0.4351
vn -0.6404 -0.3408 0.6883
vn -0.7185 -0.3824 0.5810
vn -0.7857 -0.4182 0.4558
vn -0.8380 -0.4460 0.3144
vn -0.8713 -0.4637 0.1606
vn -0.8828 -0.4698 -0.0000
vn -0.8713 -0.4637 -0.1607
vn -0.8380 -0.4460 -0.3144
vn -0.7857 -0.4182 -0.4558
vn -0.7185 -0.3824 -0.5810
vn -0.7520 -0.3504 -0.5584
vn -0.6404 -0.3408 -0.6883
vn -0.6758 -0.3147 -0.6665
vn -0.5551 -0.2954 -0.7776
vn -0.5906 -0.2747 -0.7587
vn -0.5100 -0.2715 -0.8162
vn -0.5451 -0.2534 -0.7992
vn -0.6521 -0.2327 -0.7215
vn -0.6064 -0.2163 -0.7652
vn -0.6985 -0.1913 -0.6896
vn -0.6539 -0.1789 -0.7351
vn -0.7336 -0.1510 -0.6625
vn -0.6897 -0.1420 -0.7100
vn -0.7582 -0.1120 -0.6424
vn -0.7157 -0.1057 -0.6904
vn -0.7745 -0.0739 -0.6283
vn -0.7332 -0.0701 -0.6764
vn -0.8544 -0.0400 -0.5180
vn -0.7846 -0.0369 -0.6189
vn -0.7433 -0.0351 -0.6680
vn -0.7874 -0.0000 -0.6164
vn -0.7466 -0.0000 -0.6652
vn -0.7434 0.0347 -0.6680
vn -0.7840 0.0367 -0.6197
vn -0.7333 0.0699 -0.6763
vn -0.7750 0.0741 -0.6276
vn -0.7157 0.1056 -0.6904
vn -0.7584 0.1121 -0.6421
vn -0.6897 0.1420 -0.7100
vn -0.7336 0.1510 -0.6625
vn -0.6539 0.1789 -0.7351
vn -0.6985 0.1913 -0.6896
vn -0.9192 0.1904 -0.3446
vn -0.8449 0.2322 -0.4819
vn -0.8721 0.1798 -0.4552
vn -0.7789 0.2136 -0.5897
vn -0.8102 0.1668 -0.5619
vn -0.8320 0.1229 -0.5410
vn -0.8465 0.0811 -0.5261
vn -0.8548 0.0403 -0.5174
vn -0.8573 -0.0000 -0.5149
vn -0.9227 -0.0234 -0.3847
vn -0.9104 -0.0000 -0.4138
vn -0.9228 0.0234 -0.3847
vn -0.9092 0.0429 -0.4141
vn -0.9024 0.0866 -0.4221
vn -0.8904 0.1317 -0.4356
vn -0.9344 0.1388 -0.3281
vn -0.9651 0.1435 -0.2192
vn -0.9530 0.1965 -0.2308
vn -0.9833 0.1451 -0.1097
vn -0.9729 0.2003 -0.1158
vn -0.9794 0.2019 -0.0000
vn -0.9495 0.0446 -0.3105
vn -0.9496 0.0448 -0.3103
vn -0.9441 0.0897 -0.3171
vn -0.9730 0.0928 -0.2113
vn -0.9899 0.0945 -0.1056
vn -0.9954 0.0957 -0.0000
vn -0.9833 0.1453 0.1097
vn -0.9899 0.0941 0.1056
vn -0.9652 0.1426 0.2191
vn -0.9730 0.0928 0.2113
vn -0.9728 0.2004 0.1157
vn -0.9530 0.1964 0.2308
vn -0.9194 0.1898 0.3444
vn -0.9773 0.0459 -0.2067
vn -0.9773 0.0453 -0.2071
vn -0.9936 0.0469 -0.1032
vn -0.9989 0.0462 -0.0000
vn -0.9936 0.0469 0.1032
vn -0.9936 0.0467 -0.1033
vn -0.9684 0.0249 -0.2482
vn -0.9686 -0.0251 -0.2475
vn -0.9773 -0.0459 -0.2067
vn -0.9989 -0.0470 -0.0000
vn -0.9936 -0.0467 0.1033
vn 0.1218 -0.9695 0.2125
vn -0.2578 0.9647 -0.0542
vn -0.1976 0.9803 -0.0000
vn -0.1975 0.9803 -0.0000
vn -0.2579 0.9647 0.0542
vn -0.2044 0.9686 -0.1414
vn -0.2369 0.1991 0.9509
vn -0.2369 -0.0000 0.9715
vn -0.2362 0.7128 0.6603
vn -0.2044 0.9686 0.1415
vn -0.2362 0.7128 -0.6603
vn -0.2369 0.1991 -0.9509
vn -0.2370 -0.0000 -0.9715
vn -0.0500 -0.0000 -0.9987
vn -0.0499 -0.0000 -0.9988
vn -0.5453 0.8084 0.2214
vn -0.4972 0.7440 0.4465
vn -0.9982 -0.0210 0.0559
vn -0.9982 -0.0211 0.0559
vn -0.2604 0.7332 -0.6282
vn -0.5358 0.5228 -0.6631
vn -0.4775 0.6750 -0.5626
vn -0.2986 0.5816 -0.7567
vn -0.0000 0.7564 -0.6541
vn -0.0000 0.6062 -0.7953
vn 0.2986 0.5815 -0.7567
vn 0.2604 0.7332 -0.6281
vn 0.5358 0.5227 -0.6631
vn 0.4775 0.6750 -0.5625
vn 0.2209 0.8353 -0.5035
vn 0.4133 0.7860 -0.4598
vn 0.1839 0.9016 -0.3916
vn -0.0000 0.9156 -0.4020
vn -0.0000 0.8541 -0.5201
vn -0.2209 0.8352 -0.5036
vn 0.5784 0.3271 -0.7473
vn 0.3280 0.3721 -0.8683
vn 0.7390 0.2782 -0.6136
vn 0.6970 0.4556 -0.5537
vn 0.6358 0.6042 -0.4803
vn 0.5639 0.7217 -0.4016
vn 0.3499 0.8635 -0.3632
vn 0.1505 0.9441 -0.2934
vn -0.1839 0.9016 -0.3916
vn -0.4134 0.7858 -0.4600
vn 0.2901 0.9166 -0.2750
vn 0.4876 0.8111 -0.3229
vn 0.1344 0.9596 -0.2473
vn -0.0000 0.9724 -0.2334
vn 0.5473 0.7813 -0.2999
vn 0.6264 0.6865 -0.3693
vn 0.4113 0.8773 -0.2475
vn 0.2607 0.9369 -0.2327
vn 0.4658 0.8541 -0.2315
vn 0.3728 0.9037 -0.2105
vn 0.4241 0.8838 -0.1975
vn -0.1505 0.9440 -0.2936
vn -0.3499 0.8635 -0.3632
vn -0.5636 0.7220 -0.4013
vn -0.6358 0.6042 -0.4803
vn -0.6970 0.4556 -0.5537
vn -0.7389 0.2783 -0.6136
vn -0.5783 0.3271 -0.7474
vn -0.3281 0.3721 -0.8683
vn -0.0000 0.3914 -0.9202
vn -0.1344 0.9596 -0.2473
vn -0.2899 0.9167 -0.2749
vn -0.4876 0.8112 -0.3229
vn -0.2607 0.9369 -0.2327
vn -0.4111 0.8773 -0.2475
vn -0.3728 0.9037 -0.2105
vn -0.4658 0.8541 -0.2315
vn -0.4241 0.8838 -0.1975
vn -0.5473 0.7813 -0.2999
vn -0.6264 0.6865 -0.3693
vn -0.6986 0.5668 -0.4367
vn -0.7578 0.4216 -0.4980
vn -0.7972 0.2543 -0.5476
vn -0.8075 0.1650 -0.5663
vn -0.7501 0.1821 -0.6357
vn -0.5900 0.2173 -0.7777
vn -0.3362 0.2501 -0.9080
vn 0.3362 0.2501 -0.9080
vn 0.5899 0.2173 -0.7777
vn 0.7502 0.1821 -0.6357
vn 0.8076 0.1650 -0.5663
vn 0.7972 0.2543 -0.5475
vn 0.7578 0.4216 -0.4979
vn 0.6986 0.5668 -0.4367
vn -0.3951 0.6705 -0.6279
vn -0.0000 -0.9932 -0.1167
vn -0.0000 -0.9877 -0.1565
vn 0.4834 -0.8754 -0.0069
vn -0.4897 -0.8719 -0.0053
vn -0.0000 -0.2382 0.9712
vn -0.0000 -0.6426 -0.7662
vn 0.0240 0.9960 0.0857
vn -0.0240 0.9960 0.0857
vn 0.0239 0.9960 0.0857
vn -0.0240 0.9961 0.0855
vn 0.9952 0.0467 -0.0861
vn 0.9932 0.0831 -0.0815
vn 0.9851 0.1566 -0.0717
vn 0.9851 0.1566 -0.0718
vn 0.9707 0.2324 -0.0609
vn 0.9489 0.3117 -0.0487
vn 0.9176 0.3959 -0.0349
vn 0.9176 0.3960 -0.0349
vn 0.8457 0.5335 -0.0109
vn 0.9988 -0.0320 -0.0382
vn 0.9987 -0.0326 -0.0389
vn 0.9988 -0.0316 -0.0377
vn 0.9988 -0.0321 -0.0383
vn -0.0000 0.6426 0.7662
vn -0.0000 -0.3512 0.9363
vn -0.0000 -0.8098 0.5866
vn -0.0000 -0.8098 0.5867
vn -0.0000 -0.8832 0.4690
vn -0.0000 -0.8831 0.4691
vn -0.0000 -0.9321 0.3623
vn -0.0000 -0.9321 0.3622
vn -0.0000 -0.9503 0.3113
vn -0.0000 -0.3511 0.9363
vn -0.0000 -0.8832 0.4689
vn -0.9984 -0.0366 -0.0436
vn -0.9984 -0.0367 -0.0435
vn -0.9984 -0.0365 -0.0436
vn 0.9718 -0.0684 -0.2257
vn 0.9347 -0.1120 -0.3372
vn 0.4875 -0.2576 -0.8343
vn -0.0203 -0.3944 -0.9187
vn -0.5752 -0.4141 -0.7054
vn -0.9648 -0.0365 0.2605
vn 0.8830 -0.1539 -0.4434
vn 0.1713 -0.9147 0.3660
vn 0.9430 0.1388 -0.3023
vn 0.9266 0.2032 -0.3163
vn 0.9267 0.2032 -0.3163
vn 0.9021 0.2745 -0.3330
vn 0.9021 0.2746 -0.3330
vn 0.8667 0.3530 -0.3524
vn 0.8667 0.3531 -0.3524
vn 0.8171 0.4385 -0.3742
vn 0.8172 0.4384 -0.3742
vn -0.2198 -0.5278 -0.8204
vn -0.2198 -0.5278 -0.8205
vn 0.0207 -0.9937 -0.1099
vn 0.0021 -0.9855 -0.1699
vn 0.0021 -0.9854 -0.1700
vn -0.0387 -0.9536 -0.2986
vn -0.0387 -0.9536 -0.2985
vn -0.1396 -0.7875 -0.6002
vn -0.1782 -0.6826 -0.7088
vn -0.1783 -0.6827 -0.7087
vn 0.0248 -0.9993 -0.0264
vn -0.7944 0.6074 -0.0000
vn 0.2865 -0.3937 0.8734
vn 0.2859 -0.3946 0.8732
vn 0.2862 -0.3942 0.8733
vn 0.2864 -0.3939 0.8734
vn -0.0381 -0.9536 -0.2987
vn -0.0382 -0.9535 -0.2990
vn -0.1396 -0.7876 -0.6002
vn -0.1402 -0.7872 -0.6005
vn -0.1949 -0.6279 -0.7535
vn -0.1946 -0.6276 -0.7538
vn -0.2198 -0.5277 -0.8205
vn -0.1944 -0.6283 -0.7533
vn -0.2197 -0.5279 -0.8204
vn -0.1945 -0.6277 -0.7537
vn -0.0388 -0.9536 -0.2986
vn 0.0207 -0.9937 -0.1100
vn 0.0205 -0.9937 -0.1100
vn 0.0205 -0.9937 -0.1099
vn 0.0017 -0.9855 -0.1698
vn 0.0017 -0.9855 -0.1696
vn -0.9345 -0.0813 0.3465
vn -0.9023 -0.1100 0.4169
vn -0.9021 -0.1101 0.4173
vn -0.9025 -0.1098 0.4165
vn -0.8825 -0.1268 0.4529
vn 0.9485 0.3140 0.0421
vn 0.9955 0.0953 -0.0000
vn 0.9464 -0.3231 -0.0064
vn 0.7881 0.6030 0.1238
vn 0.6942 0.7184 0.0451
vn 0.6398 0.7629 0.0930
vn 0.5337 0.8456 0.0097
vn 0.3950 0.9144 0.0889
vn 0.2982 0.9545 -0.0028
vn 0.4271 0.9019 -0.0653
vn 0.5901 0.8068 -0.0287
vn 0.4828 0.8705 -0.0954
vn 0.8634 0.4616 0.2037
vn 0.7392 0.6481 0.1833
vn 0.4990 0.8445 0.1948
vn 0.2149 0.9616 0.1709
vn 0.1411 0.9881 0.0607
vn 0.0777 0.9965 -0.0315
vn 0.2102 0.9743 -0.0812
vn 0.3250 0.9367 -0.1305
vn 0.3765 0.9134 -0.1545
vn 0.3235 0.9286 -0.1819
vn 0.2749 0.9480 -0.1606
vn 0.1686 0.9787 -0.1170
vn 0.0482 0.9961 -0.0734
vn -0.0147 0.9986 -0.0517
vn 0.0879 0.9776 0.1915
vn 0.2997 0.9051 0.3016
vn 0.6031 0.7343 0.3117
vn 0.8210 0.5005 0.2745
vn 0.8914 0.3831 0.2422
vn 0.8517 0.4166 0.3179
vn 0.6945 0.5768 0.4302
vn 0.3917 0.8025 0.4501
vn 0.1754 0.9119 0.3712
vn 0.7297 0.4823 0.4847
vn 0.4795 0.6393 0.6012
vn 0.2615 0.8180 0.5124
vn 0.5157 0.5360 0.6684
vn 0.3405 0.6532 0.6763
vn 0.3749 0.5473 0.7483
vn -0.2363 -0.7128 -0.6603
vn -0.2370 -0.1990 -0.9509
vn -0.2045 -0.9686 -0.1414
vn -0.2615 -0.9648 0.0269
vn -0.2614 -0.9648 0.0269
vn -0.1965 -0.9803 -0.0203
vn -0.1965 -0.9803 -0.0202
vn -0.2578 -0.9647 -0.0542
vn -0.2045 -0.9686 0.1414
vn -0.2363 -0.7128 0.6603
vn -0.2369 -0.1991 0.9509
vn 0.4925 -0.3941 0.7760
vn -0.7842 -0.4739 0.4006
vn -0.7062 -0.7081 -0.0000
vn -0.6457 -0.6704 0.3655
vn -0.3989 -0.8174 0.4156
vn -0.2655 -0.9641 -0.0000
vn -0.2377 -0.9293 0.2828
vn -0.1122 -0.9394 0.3238
vn -0.1450 0.9894 -0.0000
vn -0.1260 0.9552 0.2680
vn -0.2311 0.9131 0.3358
vn -0.2654 0.9641 -0.0000
vn -0.4544 0.8320 0.3182
vn -0.4990 0.8666 -0.0000
vn -0.6420 0.6764 0.3608
vn -0.7842 0.4739 0.4005
vn -0.8711 0.2432 0.4267
vn -0.8711 -0.2432 0.4266
vn 0.7540 0.6569 -0.0000
vn -0.1661 -0.8239 0.5419
vn -0.2270 -0.7937 0.5644
vn -0.2831 -0.7622 0.5822
vn -0.0556 -0.8542 0.5170
vn -0.0557 -0.8542 0.5170
vn -0.3880 -0.6825 0.6194
vn -0.4890 -0.5506 0.6766
vn -0.5671 -0.3788 0.7314
vn -0.0490 -0.1051 0.9933
vn -0.6098 -0.1871 0.7702
vn -0.6221 -0.0000 0.7830
vn -0.0525 -0.0000 0.9986
vn -0.6098 0.1871 0.7702
vn -0.5949 0.3684 0.7144
vn -0.4816 0.5657 0.6694
vn -0.3500 0.7204 0.5988
vn -0.2293 0.8079 0.5429
vn -0.1573 0.8538 0.4963
vn -0.0834 0.8520 0.5169
vn -0.9888 -0.0828 0.1243
vn -0.9845 -0.1464 0.0969
vn -0.9888 -0.0829 0.1243
vn -0.9919 -0.0116 0.1265
vn -0.9867 -0.1388 0.0849
vn -0.9742 -0.2259 -0.0001
vn -0.9570 -0.2203 0.1888
vn -0.9389 -0.2906 0.1845
vn -0.9923 -0.1209 -0.0280
vn -0.9571 -0.2189 -0.1898
vn -0.9388 -0.2905 -0.1849
vn -0.9867 -0.1388 -0.0850
vn -0.7437 -0.5742 -0.3423
vn -0.7773 -0.6043 -0.1750
vn -0.7773 -0.6044 -0.1750
vn -0.7772 -0.6042 0.1758
vn -0.7398 -0.5761 0.3476
vn -0.6942 -0.5291 0.4880
vn -0.6339 -0.4742 0.6110
vn 0.7983 -0.2490 -0.5484
vn -0.0815 -0.9788 -0.1881
vn -0.0815 -0.9787 -0.1882
vn -0.0502 -0.9682 -0.2453
vn -0.0502 -0.9682 -0.2452
vn -0.0000 -0.9656 -0.2599
vn -0.0000 -0.9656 -0.2600
vn 0.0502 -0.9682 -0.2452
vn 0.0762 -0.9738 -0.2144
vn 0.0762 -0.9738 -0.2142
vn 0.0762 -0.9738 -0.2143
vn 0.0812 -0.9806 -0.1784
vn 0.0811 -0.9807 -0.1782
vn 0.6098 -0.2650 0.7469
vn 0.5926 -0.1867 0.7836
vn 0.5924 -0.1869 0.7836
vn 0.6097 -0.2650 0.7470
vn 0.6510 -0.3878 0.6525
vn 0.6510 -0.3878 0.6526
vn 0.7084 -0.4496 0.5441
vn 0.7682 -0.4611 0.4441
vn 0.7682 -0.4611 0.4442
vn 0.8156 -0.4446 0.3703
vn 0.8572 -0.4063 0.3164
vn 0.8572 -0.4062 0.3164
vn 0.8791 -0.3786 0.2896
vn 0.5236 -0.1084 -0.8451
vn 0.5235 -0.1082 -0.8451
vn 0.5173 -0.1446 -0.8435
vn 0.5282 0.1073 -0.8423
vn 0.5283 0.1071 -0.8423
vn 0.5282 0.1071 -0.8423
vn 0.5267 0.0502 -0.8486
vn 0.5266 0.0502 -0.8486
vn 0.5290 -0.0000 -0.8486
vn 0.5031 -0.0236 -0.8639
vn 0.5268 -0.0502 -0.8485
vn -0.6988 0.1912 -0.6893
vn -0.7789 0.2133 -0.5897
vn -0.8452 0.2317 -0.4816
vn -0.8973 0.2458 -0.3667
vn -0.8832 0.2755 -0.3795
vn -0.9345 0.2561 -0.2471
vn -0.9345 0.2563 -0.2472
vn -0.9569 0.2624 -0.1244
vn -0.9569 0.2625 -0.1244
vn -0.9642 0.2652 -0.0000
vn -0.9569 0.2625 0.1244
vn -0.9569 0.2625 0.1243
vn -0.9345 0.2563 0.2472
vn -0.9345 0.2563 0.2471
vn -0.8832 0.2755 0.3794
vn -0.7789 0.2136 0.5897
vn -0.8454 0.2313 0.4814
vn -0.8971 0.2463 0.3669
vn -0.8452 0.2316 0.4816
vn -0.7789 0.2133 0.5897
vn -0.6988 0.1912 0.6893
vn -0.6539 0.1789 0.7351
vn -0.6898 0.1419 0.7100
vn -0.7157 0.1057 0.6904
vn -0.7332 0.0700 0.6764
vn 0.4874 0.4212 0.7649
vn 0.5637 0.4880 0.6664
vn 0.6359 0.5514 0.5399
vn 0.8892 0.3606 -0.2815
vn 0.9172 0.3719 -0.1428
vn 0.9267 0.3758 -0.0000
vn 0.8955 0.4184 0.1518
vn 0.7998 0.4973 0.3362
vn 0.7436 0.4623 0.4831
vn 0.6738 0.4180 0.6093
vn 0.9172 0.3720 0.1426
vn 0.8648 0.4039 0.2984
vn 0.8158 0.3810 0.4352
vn 0.7524 0.3498 0.5582
vn 0.6755 0.3146 0.6669
vn 0.5911 0.2747 0.7584
vn 0.4989 0.2319 0.8350
vn 0.4032 0.1871 0.8958
vn 0.5327 0.1993 0.8225
vn 0.6250 0.2534 0.7384
vn 0.7833 0.3177 0.5343
vn 0.8440 0.3422 0.4130
vn 0.8892 0.3606 0.2815
vn -0.8067 -0.0809 0.5854
vn 0.7846 -0.0369 -0.6189
vn 0.7745 -0.0739 -0.6282
vn 0.7584 -0.1121 -0.6421
vn 0.7337 -0.1510 -0.6625
vn 0.6992 -0.1912 -0.6889
vn 0.6519 -0.2327 -0.7217
vn 0.5908 -0.2747 -0.7586
vn 0.5551 -0.2954 -0.7776
vn 0.5101 -0.2715 -0.8162
vn 0.5451 -0.2534 -0.7992
vn 0.6065 -0.2163 -0.7651
vn 0.6540 -0.1789 -0.7351
vn 0.6898 -0.1419 -0.7100
vn 0.7157 -0.1057 -0.6904
vn 0.7332 -0.0700 -0.6764
vn 0.7434 -0.0346 -0.6679
vn 0.9528 -0.3009 -0.0413
vn 0.9463 -0.3232 -0.0064
vn 0.9464 -0.3230 -0.0065
vn 0.9464 -0.3231 -0.0065
vn 0.9515 -0.3027 0.0547
vn 0.9515 -0.3027 0.0548
vn 0.9515 -0.3028 0.0539
vn 0.9515 -0.3028 0.0545
vn -0.1712 -0.9147 0.3661
vn -0.1713 -0.9147 0.3660
vn -0.1713 -0.9147 0.3661
vn 0.6356 -0.0607 0.7696
vn 0.5767 -0.0551 0.8151
vn 0.5355 -0.1099 0.8373
vn 0.5906 -0.1215 0.7978
vn 0.5547 -0.1516 0.8181
vn 0.5062 -0.1810 0.8432
vn 0.4510 -0.2095 0.8676
vn 0.3816 -0.2355 0.8938
vn 0.6173 -0.0911 0.7815
vn -0.5929 -0.1864 0.7834
vn -0.5927 -0.1866 0.7835
vn -0.6098 -0.2650 0.7469
vn -0.6097 -0.2650 0.7470
vn -0.6510 -0.3878 0.6525
vn -0.7084 -0.4496 0.5440
vn -0.7084 -0.4496 0.5441
vn -0.7682 -0.4611 0.4441
vn -0.8156 -0.4446 0.3703
vn -0.8573 -0.4062 0.3164
vn -0.8572 -0.4062 0.3164
vn -0.8791 -0.3786 0.2896
vn -0.5683 -0.4127 0.7118
vn -0.5047 -0.3505 0.7889
vn -0.4222 -0.2974 0.8563
vn -0.4222 -0.2975 0.8563
vn -0.2895 -0.2046 0.9350
vn -0.3688 -0.2737 0.8883
vn -0.2064 -0.1328 0.9694
vn -0.9533 0.0798 -0.2914
vn -0.1767 0.2418 0.9541
vn -0.2401 0.0023 0.9707
vn -0.2404 0.0019 0.9707
vn -0.2467 -0.0674 0.9668
vn -0.2323 -0.1077 0.9667
vn -0.9846 -0.1190 0.1278
vn -0.9826 -0.1735 0.0658
vn -0.9826 -0.1736 0.0658
vn -0.0000 -0.1530 0.9882
vn -0.0000 -0.1531 0.9882
vn -0.0000 -0.0591 0.9983
vn -0.0000 -0.2790 0.9603
vn -0.0000 -0.2793 0.9602
vn -0.0000 -0.2789 0.9603
vn -0.7488 0.5305 -0.3975
vn -0.9741 -0.1790 -0.1381
vn -0.9447 -0.2591 -0.2010
vn -0.9447 -0.2593 -0.2008
vn -0.9741 -0.1791 -0.1381
vn -0.9948 -0.0810 -0.0619
vn -0.9948 -0.0812 -0.0620
vn -0.9983 -0.0323 -0.0479
vn -0.9983 -0.0321 -0.0479
vn -0.9988 0.0120 -0.0481
vn -0.9988 0.0118 -0.0481
vn -0.9988 0.0121 -0.0484
vn -0.0020 -0.9855 -0.1699
vn -0.0207 -0.9937 -0.1099
vn -0.0020 -0.9854 -0.1700
vn 0.0388 -0.9536 -0.2986
vn 0.0388 -0.9536 -0.2985
vn 0.1396 -0.7875 -0.6002
vn 0.1396 -0.7875 -0.6003
vn 0.1782 -0.6826 -0.7087
vn 0.1783 -0.6827 -0.7086
vn 0.7479 -0.3671 -0.5531
vn 0.7430 -0.3303 -0.5822
vn 0.7429 -0.3303 -0.5822
vn 0.7478 -0.3671 -0.5532
vn 0.7647 -0.4264 -0.4831
vn 0.7648 -0.4264 -0.4829
vn 0.7862 -0.4660 -0.4058
vn 0.7862 -0.4662 -0.4056
vn 0.8074 -0.4960 -0.3195
vn -0.8074 -0.4960 -0.3196
vn -0.7862 -0.4663 -0.4055
vn -0.7862 -0.4660 -0.4058
vn -0.7646 -0.4264 -0.4833
vn -0.7648 -0.4265 -0.4829
vn -0.7478 -0.3672 -0.5532
vn -0.7429 -0.3303 -0.5822
vn 0.7488 0.5305 -0.3974
vn 0.1400 -0.7879 -0.5997
vn 0.1402 -0.7872 -0.6005
vn 0.1663 -0.7185 -0.6753
vn 0.1662 -0.7185 -0.6753
vn 0.1662 -0.7184 -0.6755
vn 0.1659 -0.7190 -0.6749
vn 0.0975 -0.9001 -0.4246
vn -0.0021 -0.9855 -0.1699
vn -0.0206 -0.9937 -0.1100
vn -0.0205 -0.9937 -0.1100
vn -0.0213 -0.9937 -0.1100
vn -0.0017 -0.9855 -0.1698
vn -0.0017 -0.9855 -0.1696
vn 0.0387 -0.9536 -0.2986
vn 0.9571 -0.2188 -0.1897
vn 0.9741 -0.2260 -0.0001
vn 0.9571 -0.2189 -0.1897
vn 0.9389 -0.2906 -0.1848
vn 0.9388 -0.2905 -0.1848
vn 0.9867 -0.1389 -0.0849
vn 0.9923 -0.1210 -0.0279
vn 0.9570 -0.2202 0.1888
vn 0.9389 -0.2907 0.1844
vn 0.9389 -0.2907 0.1845
vn 0.9867 -0.1389 0.0849
vn 0.9923 -0.1211 0.0279
vn 0.9582 0.2364 0.1610
vn 0.9526 0.3043 -0.0008
vn 0.9175 0.3653 0.1573
vn 0.9395 0.2982 0.1684
vn 0.9200 0.3732 0.1197
vn 0.9582 0.2364 -0.1610
vn 0.9167 0.3649 -0.1631
vn 0.9377 0.2972 -0.1802
vn 0.9200 0.3733 -0.1195
vn 0.9526 0.3043 -0.0007
vn 0.4322 0.8004 -0.4155
vn 0.5119 0.7142 -0.4773
vn 0.5960 0.6294 0.4986
vn 0.4324 0.8004 0.4152
vn 0.3649 0.8777 0.3106
vn 0.3193 0.9328 0.1669
vn 0.3194 0.9328 -0.1669
vn 0.6837 0.0999 -0.7229
vn 0.6972 0.1426 -0.7026
vn 0.7105 0.1926 -0.6768
vn 0.7227 0.2555 -0.6422
vn 0.6972 -0.1426 -0.7026
vn 0.6840 -0.1001 -0.7225
vn 0.6749 0.0640 -0.7352
vn 0.7022 0.4407 0.5593
vn 0.6634 0.4112 0.6252
vn 0.6635 0.4112 0.6251
vn 0.5408 0.3450 0.7672
vn 0.5408 0.3450 0.7671
vn 0.3168 0.2859 0.9044
vn 0.3168 0.2858 0.9044
vn -0.0000 0.2623 0.9650
vn -0.0000 0.2624 0.9650
vn -0.3168 0.2858 0.9044
vn -0.5408 0.3450 0.7671
vn -0.5408 0.3451 0.7671
vn -0.6635 0.4112 0.6251
vn -0.6634 0.4112 0.6252
vn -0.7022 0.4407 0.5593
vn 0.9533 0.0798 -0.2913
vn -0.0000 -0.4152 0.9097
vn -0.0000 -0.8099 0.5866
vn -0.0000 -0.9111 0.4121
vn 0.9597 0.1046 -0.2609
vn -0.8457 0.5336 -0.0109
vn -0.8457 0.5335 -0.0109
vn -0.8664 0.4994 -0.0000
vn -0.9176 0.3960 -0.0349
vn -0.9489 0.3118 -0.0487
vn -0.9707 0.2324 -0.0609
vn -0.9851 0.1566 -0.0718
vn -0.9932 0.0831 -0.0815
vn -0.9952 0.0467 -0.0861
vn 0.1713 -0.9147 0.3661
vn -0.0239 0.9960 0.0857
vn 0.2415 0.2818 0.9286
vn 0.0152 0.8082 0.5888
vn 0.0888 0.4482 0.8895
vn 0.0016 0.8174 0.5761
vn 0.9632 -0.0066 0.2688
vn -0.0152 0.8120 0.5834
vn -0.2397 0.2820 0.9290
vn -0.0591 0.8804 0.4705
vn -0.9632 -0.0065 0.2689
vn 0.0073 0.8175 0.5759
vn -0.0027 -0.0202 0.9998
vn -0.0053 -0.0017 1.0000
vn -0.0000 0.0012 1.0000
vn -0.0012 -0.0000 1.0000
vn 0.0010 -0.0000 1.0000
vn -0.0000 0.0013 1.0000
vn 0.0053 -0.0017 1.0000
vn 0.0027 -0.0201 0.9998
vn 0.9992 -0.0000 -0.0392
vn -0.9968 -0.0000 -0.0800
vn 0.7064 -0.7078 -0.0000
vn -0.2655 0.9641 -0.0000
vn 0.2655 0.9641 -0.0000
vn 0.4991 0.8665 -0.0000
vn 0.7065 0.7077 -0.0000
vn -0.7061 -0.7081 -0.0000
vn -0.7062 -0.7080 -0.0000
vn -0.9657 0.2596 -0.0000
vn -0.7064 0.7078 -0.0000
vn -0.4989 0.8667 -0.0000
vn -0.6379 0.3951 0.6611
vn -0.7314 0.1960 0.6532
vn -0.5354 0.5354 0.6532
vn -0.3786 0.6557 0.6532
vn -0.0000 0.7535 0.6575
vn 0.3786 0.6557 0.6532
vn 0.3786 -0.6557 0.6532
vn -0.0000 -0.7571 0.6532
vn -0.2101 -0.7387 0.6405
vn -0.3786 -0.6557 0.6533
vn -0.5354 -0.5354 0.6532
vn -0.6557 -0.3786 0.6532
vn -0.7314 -0.1960 0.6532
vn -0.7572 -0.0000 0.6532
vn 0.5354 0.5354 0.6532
vn 0.7314 0.1960 0.6532
vn 0.7572 -0.0000 0.6532
vn 0.7314 -0.1960 0.6532
vn 0.6557 -0.3786 0.6532
vn 0.5354 -0.5354 0.6532
vn -0.2320 -0.4018 0.8859
vn -0.1201 -0.4481 0.8859
vn 0.1201 -0.4481 0.8859
vn 0.2320 -0.4018 0.8859
vn 0.3280 -0.3280 0.8859
vn 0.4481 -0.1201 0.8859
vn 0.4639 -0.0000 0.8859
vn 0.4481 0.1201 0.8859
vn 0.4018 0.2320 0.8859
vn 0.3280 0.3281 0.8859
vn 0.2320 0.4018 0.8859
vn 0.1201 0.4481 0.8859
vn -0.1201 0.4481 0.8859
vn -0.2320 0.4018 0.8859
vn -0.3280 0.3281 0.8859
vn -0.4018 0.2320 0.8859
vn -0.4481 0.1201 0.8859
vn -0.4639 -0.0000 0.8859
vn -0.4481 -0.1201 0.8859
vn -0.3281 -0.3280 0.8859
vn -0.2390 0.1380 0.9612
vn -0.1951 0.1952 0.9612
vn -0.2760 -0.0000 0.9611
vn -0.2666 0.0714 0.9612
vn -0.1380 0.2390 0.9612
vn -0.0714 0.2666 0.9612
vn -0.0000 0.2760 0.9612
vn 0.0714 0.2666 0.9612
vn 0.1380 0.2390 0.9612
vn 0.1952 0.1952 0.9611
vn 0.2390 0.1380 0.9612
vn 0.2666 0.0715 0.9612
vn 0.2760 -0.0000 0.9611
vn 0.2666 -0.0714 0.9612
vn -0.2666 -0.0714 0.9612
vn -0.2390 -0.1380 0.9612
vn -0.1952 -0.1952 0.9612
vn 0.2390 -0.1380 0.9612
vn 0.1952 -0.1952 0.9611
vn 0.1380 -0.2390 0.9612
vn 0.0714 -0.2666 0.9612
vn -0.0000 -0.2760 0.9612
vn -0.0714 -0.2666 0.9612
vn -0.1380 -0.2390 0.9612
vn -0.0000 -0.0000 -0.0000
vn -0.9992 -0.0000 0.0392
vn 0.9968 -0.0000 0.0800
vn 0.0015 -1.0000 0.0002
vn 0.0041 1.0000 -0.0001
vn 0.0041 1.0000 -0.0002
vn 1.0000 -0.0000 0.0038
vn -0.0020 1.0000 -0.0002
vn 0.0015 1.0000 -0.0002
vn -1.0000 -0.0000 -0.0038
vn -0.0000 -1.0000 0.0002
vn -0.0015 -1.0000 0.0002
vn -0.0015 1.0000 -0.0002
vn -0.0041 -1.0000 0.0002
vn -0.0000 1.0000 -0.0002
vn -0.0023 1.0000 -0.0002
vn 0.0023 -1.0000 0.0002
vn 0.0020 -1.0000 0.0002
vt 0.725386 -1.432179
vt 0.720795 -1.426062
vt 0.731491 -1.423447
vt 0.279907 -1.691007
vt 0.269642 -1.627974
vt 0.269641 -1.691007
vt 0.279909 -1.627974
vt 0.177830 -1.627973
vt 0.269642 -1.617707
vt 0.177830 -1.617705
vt 0.167563 -1.691006
vt 0.167562 -1.627973
vt 0.177830 -1.691006
vt 0.177829 -1.701273
vt 0.183393 -1.698795
vt 0.183392 -1.701273
vt 0.269641 -1.701273
vt 0.264078 -1.698795
vt 0.264078 -1.701273
vt 0.296079 -1.691009
vt 0.288356 -1.642846
vt 0.288355 -1.691008
vt 0.296079 -1.642844
vt 0.151392 -1.642843
vt 0.159116 -1.691006
vt 0.159115 -1.642845
vt 0.151392 -1.691008
vt 0.159116 -1.698169
vt 0.151393 -1.698169
vt 0.288355 -1.698169
vt 0.296078 -1.698170
vt 0.177829 -1.717445
vt 0.183393 -1.777336
vt 0.183394 -1.717444
vt 0.177830 -1.777336
vt 0.269641 -1.777336
vt 0.264078 -1.717444
vt 0.264078 -1.777337
vt 0.269641 -1.717444
vt 0.177829 -1.891970
vt 0.269641 -1.844538
vt 0.177829 -1.844538
vt 0.269641 -1.891970
vt 1.139512 0.583133
vt 1.116790 0.589314
vt 1.116711 0.583133
vt 1.139512 0.589314
vt 1.116942 0.595496
vt 1.157726 0.589314
vt 1.157726 0.583133
vt 1.175939 0.583133
vt 1.157726 0.595496
vt 1.139512 0.595496
vt 1.117014 0.601678
vt 1.175939 0.620223
vt 1.157726 0.620223
vt 1.157726 0.614042
vt 1.139512 0.620223
vt 1.139512 0.614042
vt 1.116790 0.614042
vt 1.116942 0.607860
vt 1.139512 0.607860
vt 1.139512 0.601678
vt 1.157726 0.601678
vt 1.175939 0.595496
vt 1.175939 0.589314
vt 1.194153 0.583133
vt 1.194153 0.589314
vt 1.212367 0.583133
vt 1.116711 0.620223
vt 1.194153 0.620223
vt 1.175939 0.614042
vt 1.175939 0.607860
vt 1.157726 0.607860
vt 1.212367 0.620223
vt 1.230581 0.614042
vt 1.230581 0.620223
vt 1.212367 0.614042
vt 1.194153 0.614042
vt 1.194153 0.607860
vt 1.175939 0.601678
vt 1.194153 0.601678
vt 1.194153 0.595496
vt 1.212367 0.601678
vt 1.212367 0.595496
vt 1.230581 0.595496
vt 1.212367 0.589314
vt 1.212367 0.607860
vt 1.230581 0.607860
vt 1.230581 0.601678
vt 1.248794 0.601678
vt 1.248794 0.595496
vt 1.267008 0.601678
vt 1.267008 0.595496
vt 1.248794 0.607860
vt 1.248794 0.614042
vt 1.230581 0.589314
vt 1.248794 0.589314
vt 1.267008 0.589314
vt 1.285222 0.589314
vt 1.285222 0.595496
vt 1.285222 0.601678
vt 1.267008 0.607860
vt 1.267008 0.614042
vt 1.248794 0.620223
vt 1.267008 0.620223
vt 1.285222 0.614042
vt 1.285222 0.607860
vt 1.285222 0.620223
vt 1.267008 0.583133
vt 1.285222 0.583133
vt 1.248794 0.583133
vt 1.230581 0.583133
vt 1.113211 -1.867812
vt 1.094915 -1.848477
vt 1.084789 -1.870896
vt 1.107411 -1.854121
vt 1.102633 -1.878955
vt 1.076810 -1.903365
vt 1.101166 -1.902580
vt 0.114796 -1.729905
vt 0.114796 -1.717445
vt 0.119556 -1.777337
vt 1.139263 -1.958444
vt 1.123479 -1.943581
vt 1.125064 -1.958933
vt 1.139012 -1.943044
vt 1.009198 -1.871566
vt 1.027114 -1.852014
vt 1.014764 -1.857973
vt 1.037573 -1.873689
vt 1.019939 -1.882198
vt 1.043300 -1.899674
vt 1.022548 -1.903177
vt 0.327915 -1.777335
vt 0.332673 -1.729903
vt 0.332673 -1.717443
vt 1.154871 -1.854648
vt 1.125948 -1.827477
vt 1.121473 -1.851297
vt 1.158156 -1.830627
vt 1.154129 -1.871979
vt 1.120046 -1.868366
vt 1.019728 -1.922491
vt 1.013251 -1.940115
vt 1.044717 -1.937887
vt 1.022650 -1.972789
vt 1.044200 -1.968096
vt 1.002398 -1.956394
vt 0.177829 -1.786263
vt 0.269641 -1.786264
vt 1.104314 -1.922436
vt 1.076631 -1.941203
vt 1.111207 -1.939990
vt 1.122817 -1.956118
vt 1.102953 -1.972931
vt 1.077469 -1.967746
vt 1.125536 -1.972637
vt 1.139734 -1.972148
vt 1.128229 -1.806118
vt 1.157737 -1.805215
vt 1.135755 0.565531
vt 1.117086 0.565531
vt 1.117086 0.558770
vt 1.117086 0.572293
vt 1.135755 0.579054
vt 1.117086 0.579054
vt 1.135755 0.572293
vt 1.154423 0.572293
vt 1.154423 0.565531
vt 1.173092 0.572293
vt 1.173092 0.565531
vt 1.191760 0.565531
vt 1.173092 0.558770
vt 1.191760 0.558770
vt 1.173092 0.552009
vt 1.191760 0.552009
vt 1.173092 0.545248
vt 1.191760 0.545248
vt 1.191760 0.538486
vt 1.210429 0.538486
vt 1.210429 0.545248
vt 1.229097 0.538486
vt 1.210429 0.558770
vt 1.229097 0.565531
vt 1.210429 0.565531
vt 1.229097 0.572293
vt 1.210429 0.572293
vt 1.191760 0.572293
vt 1.173092 0.579054
vt 1.154423 0.579054
vt 1.191760 0.579054
vt 1.210429 0.579054
vt 1.229097 0.579054
vt 1.247766 0.572293
vt 1.247766 0.579054
vt 1.266434 0.572293
vt 1.266434 0.579054
vt 1.285103 0.572293
vt 1.285103 0.579054
vt 1.285103 0.565531
vt 1.229097 0.545248
vt 1.247766 0.538486
vt 1.247766 0.545248
vt 1.266434 0.538486
vt 1.266434 0.545248
vt 1.285103 0.538486
vt 1.285103 0.545248
vt 1.285103 0.552009
vt 1.266434 0.552009
vt 1.285103 0.558770
vt 1.266434 0.558770
vt 1.266434 0.565531
vt 1.247766 0.565531
vt 1.247766 0.552009
vt 1.247766 0.558770
vt 1.229097 0.558770
vt 1.210429 0.552009
vt 1.229097 0.552009
vt 1.154423 0.552009
vt 1.135755 0.545248
vt 1.154423 0.545248
vt 1.135755 0.552009
vt 1.154423 0.558770
vt 1.135755 0.558770
vt 1.173092 0.538486
vt 1.117086 0.552009
vt 1.117086 0.545248
vt 1.135755 0.538486
vt 1.154423 0.538486
vt 1.117086 0.538486
vt 1.119400 -1.885851
vt 1.153135 -1.889427
vt 1.120225 -1.905142
vt 1.151810 -1.908491
vt 1.139297 -1.927224
vt 1.122371 -1.927813
vt 0.998642 -1.602338
vt 0.992515 -1.626903
vt 0.998642 -1.626903
vt 0.992515 -1.602338
vt 0.986389 -1.626903
vt 0.986389 -1.602338
vt 0.980262 -1.626903
vt 0.980262 -1.602338
vt 0.974136 -1.602338
vt 0.974136 -1.626903
vt 0.968009 -1.626903
vt 0.968009 -1.602338
vt 0.961882 -1.626903
vt 0.961882 -1.602338
vt 0.955756 -1.602338
vt 0.955756 -1.626903
vt 0.949629 -1.626903
vt 0.949629 -1.602338
vt 0.943503 -1.626903
vt 0.943503 -1.602338
vt 0.937376 -1.626903
vt 0.937376 -1.602338
vt 0.310418 -1.484065
vt 0.286021 -1.490452
vt 0.310418 -1.490452
vt 0.286021 -1.484065
vt 0.261624 -1.490452
vt 0.261624 -1.484065
vt 0.237226 -1.490452
vt 0.237226 -1.484065
vt 0.212829 -1.490452
vt 0.212829 -1.484065
vt 0.310418 -1.471290
vt 0.310418 -1.477677
vt 0.334816 -1.477677
vt 0.286021 -1.477677
vt 0.261624 -1.477677
vt 0.237226 -1.477677
vt 0.212829 -1.477677
vt 0.188432 -1.484065
vt 0.188432 -1.490452
vt 0.164034 -1.484065
vt 0.164034 -1.490452
vt 0.164034 -1.496840
vt 0.188432 -1.477677
vt 0.334816 -1.471290
vt 0.139637 -1.496840
vt 0.139637 -1.490452
vt 0.139637 -1.484065
vt 0.164034 -1.477677
vt 0.164034 -1.471290
vt 0.188432 -1.471290
vt 0.212829 -1.471290
vt 0.237226 -1.471290
vt 0.261624 -1.471290
vt 0.286021 -1.471290
vt 0.334816 -1.464902
vt 0.310418 -1.464902
vt 0.286021 -1.464902
vt 0.261624 -1.464902
vt 0.237226 -1.464902
vt 0.212829 -1.464902
vt 0.188432 -1.464902
vt 0.164034 -1.464902
vt 0.139637 -1.471290
vt 0.139637 -1.477677
vt 0.139637 -1.464902
vt 0.115240 -1.477677
vt 0.115240 -1.484065
vt 0.115240 -1.471290
vt 0.115240 -1.464902
vt 0.115240 -1.490452
vt 0.115240 -1.496840
vt 0.139637 -1.503227
vt 0.164034 -1.503227
vt 0.188432 -1.496840
vt 0.212829 -1.496840
vt 0.237226 -1.496840
vt 0.261624 -1.496840
vt 0.286021 -1.496840
vt 0.115240 -1.503227
vt 0.432405 -1.484065
vt 0.408008 -1.484065
vt 0.408008 -1.490452
vt 0.383610 -1.490452
vt 0.383610 -1.496840
vt 0.359213 -1.490452
vt 0.359213 -1.496840
vt 0.334816 -1.496840
vt 0.334816 -1.503227
vt 0.310418 -1.503227
vt 0.310418 -1.496840
vt 0.286021 -1.503227
vt 0.261624 -1.503227
vt 0.237226 -1.503227
vt 0.212829 -1.503227
vt 0.188432 -1.503227
vt 0.334816 -1.484065
vt 0.334816 -1.490452
vt 0.432405 -1.490452
vt 0.408008 -1.496840
vt 0.383610 -1.503227
vt 0.359213 -1.503227
vt 0.432405 -1.496840
vt 0.432405 -1.503227
vt 0.408008 -1.503227
vt 0.359213 -1.477677
vt 0.359213 -1.471290
vt 0.359213 -1.464902
vt 0.383610 -1.464902
vt 0.383610 -1.471290
vt 0.408008 -1.471290
vt 0.408008 -1.477677
vt 0.432405 -1.477677
vt 0.408008 -1.464902
vt 0.432405 -1.464902
vt 0.432405 -1.471290
vt 0.383610 -1.484065
vt 0.359213 -1.484065
vt 0.383610 -1.477677
vt 1.046996 -1.871881
vt 1.065781 -1.847019
vt 1.050195 -1.845350
vt 1.063836 -1.873684
vt 0.094915 -1.848477
vt 0.113211 -1.867812
vt 0.084789 -1.870896
vt 0.107411 -1.854121
vt 0.076810 -1.903365
vt 0.102633 -1.878955
vt 0.101166 -1.902580
vt 0.123479 -1.943581
vt 0.139263 -1.958444
vt 0.125064 -1.958933
vt 0.139012 -1.943044
vt 0.027114 -1.852014
vt 0.009198 -1.871566
vt 0.014764 -1.857973
vt 0.037573 -1.873689
vt 0.019939 -1.882198
vt 0.043300 -1.899674
vt 0.022548 -1.903177
vt 0.125948 -1.827477
vt 0.154871 -1.854648
vt 0.121473 -1.851297
vt 0.158156 -1.830627
vt 0.044717 -1.937887
vt 0.002398 -1.956394
vt 0.013251 -1.940115
vt 0.022650 -1.972789
vt 0.044200 -1.968096
vt 0.019728 -1.922491
vt 1.022520 0.604680
vt 1.014055 0.608886
vt 1.022568 0.613581
vt 1.013735 0.619075
vt 1.004700 0.613916
vt 1.004614 0.605040
vt 1.014032 0.599423
vt 0.125536 -1.972637
vt 0.139734 -1.972148
vt 0.076631 -1.941203
vt 0.077468 -1.967746
vt 0.063836 -1.873684
vt 0.046996 -1.871881
vt 0.065781 -1.847019
vt 0.050195 -1.845350
vt 0.128229 -1.806118
vt 0.157737 -1.805215
vt 0.998595 -1.628573
vt 0.992477 -1.652962
vt 0.998595 -1.652962
vt 0.992477 -1.628573
vt 0.986361 -1.652962
vt 0.986361 -1.628573
vt 0.980243 -1.652962
vt 0.980243 -1.628573
vt 0.974126 -1.652962
vt 0.974126 -1.628573
vt 0.968009 -1.652962
vt 0.968009 -1.628573
vt 0.961892 -1.652962
vt 0.961892 -1.628573
vt 0.955775 -1.652962
vt 0.955775 -1.628573
vt 0.949658 -1.652962
vt 0.949658 -1.628573
vt 0.943541 -1.652962
vt 0.943541 -1.628573
vt 0.937423 -1.652962
vt 0.937423 -1.628573
vt 0.998642 -1.576176
vt 0.992515 -1.600740
vt 0.998642 -1.600740
vt 0.992515 -1.576176
vt 0.986389 -1.600740
vt 0.986389 -1.576176
vt 0.980262 -1.600740
vt 0.980262 -1.576176
vt 0.974136 -1.600740
vt 0.974136 -1.576176
vt 0.968009 -1.600740
vt 0.968009 -1.576176
vt 0.961882 -1.600740
vt 0.961882 -1.576176
vt 0.955756 -1.600740
vt 0.955756 -1.576176
vt 0.949629 -1.600740
vt 0.949629 -1.576176
vt 0.943503 -1.600740
vt 0.943503 -1.576176
vt 0.937376 -1.600740
vt 0.937376 -1.576176
vt 0.987126 -1.528419
vt 0.982043 -1.538121
vt 0.987140 -1.538113
vt 0.982029 -1.528426
vt 0.982078 -1.562840
vt 0.987175 -1.562833
vt 0.969852 -1.531611
vt 0.978408 -1.528305
vt 0.999313 -1.531570
vt 0.990747 -1.528288
vt 0.810427 -1.813178
vt 0.807630 -1.820248
vt 0.810763 -1.820235
vt 0.807601 -1.813190
vt 0.810674 -1.959877
vt 0.807540 -1.959891
vt 0.817016 -1.819997
vt 0.816944 -1.963854
vt 0.807558 -1.964195
vt 0.813693 -1.964170
vt 0.801304 -1.964041
vt 0.801349 -1.813403
vt 0.966015 -1.563290
vt 0.971125 -1.572977
vt 0.971112 -1.563282
vt 0.966028 -1.572984
vt 0.965977 -1.538570
vt 0.971075 -1.538563
vt 0.983303 -1.569790
vt 0.974748 -1.573097
vt 0.953845 -1.569835
vt 0.962411 -1.573116
vt 0.937966 -1.563577
vt 0.932886 -1.573281
vt 0.937984 -1.573272
vt 0.932869 -1.563586
vt 0.937926 -1.538857
vt 0.932828 -1.538866
vt 0.920699 -1.570132
vt 0.929265 -1.573412
vt 0.950155 -1.570086
vt 0.941599 -1.573392
vt 0.953943 -1.538162
vt 0.948829 -1.528476
vt 0.948844 -1.538171
vt 0.953926 -1.528468
vt 0.953985 -1.562882
vt 0.948889 -1.562891
vt 0.966112 -1.531615
vt 0.957546 -1.528336
vt 0.936649 -1.531668
vt 0.945204 -1.528358
vt 0.832047 -1.812484
vt 0.834890 -1.819535
vt 0.834873 -1.812478
vt 0.831756 -1.819543
vt 0.831864 -1.959187
vt 0.834997 -1.959179
vt 0.825503 -1.819433
vt 0.825620 -1.963116
vt 0.835008 -1.963484
vt 0.828873 -1.963498
vt 0.841261 -1.963380
vt 0.841126 -1.812558
vt 0.727492 -1.709690
vt 0.743132 -1.655167
vt 0.724539 -1.655167
vt 0.743132 -1.716839
vt 0.751493 -1.716839
vt 0.751493 -1.655167
vt 0.759168 -1.716839
vt 0.759168 -1.655167
vt 0.767958 -1.655167
vt 0.767958 -1.716839
vt 0.775633 -1.716839
vt 0.775633 -1.655167
vt 0.783993 -1.716839
vt 0.783993 -1.655167
vt 0.799633 -1.709690
vt 0.802587 -1.655167
vt 0.896042 -1.974308
vt 0.906452 -1.965747
vt 0.904331 -1.965747
vt 0.914764 -1.974308
vt 0.952223 -1.974308
vt 0.942048 -1.965747
vt 0.934071 -1.974308
vt 0.944228 -1.965747
vt 0.682907 -1.948762
vt 0.701570 -1.932881
vt 0.682905 -1.932882
vt 0.701571 -1.948760
vt 0.701570 -1.895976
vt 0.682905 -1.895976
vt 0.906362 -1.813185
vt 0.904242 -1.813185
vt 0.942188 -1.813185
vt 0.944369 -1.813185
vt 0.850756 -1.813185
vt 0.868968 -1.974309
vt 0.868968 -1.813185
vt 0.850851 -1.974308
vt 0.960494 -1.974307
vt 0.979306 -1.813184
vt 0.960494 -1.813185
vt 0.979306 -1.974308
vt 0.997520 -1.813185
vt 0.997414 -1.974308
vt 0.682913 -1.954134
vt 0.701577 -1.954132
vt 0.806307 -1.722522
vt 0.792808 -1.759428
vt 0.806307 -1.784167
vt 0.790428 -1.722522
vt 0.806307 -1.659159
vt 0.850160 -1.722522
vt 0.850160 -1.659159
vt 0.850160 -1.762677
vt 0.850160 -1.810271
vt 0.821013 -1.810271
vt 0.868637 -1.747062
vt 0.855138 -1.710157
vt 0.852758 -1.747062
vt 0.868637 -1.685417
vt 0.912491 -1.659314
vt 0.883343 -1.659314
vt 0.912491 -1.706908
vt 0.912491 -1.747062
vt 0.868637 -1.810425
vt 0.912491 -1.810425
vt 0.682916 -1.997987
vt 0.701580 -1.997986
vt 0.682905 -1.845133
vt 0.701569 -1.815985
vt 0.682905 -1.815985
vt 0.701570 -1.845133
vt 0.799442 -1.857001
vt 0.793190 -1.867950
vt 0.799442 -1.867950
vt 0.793191 -1.857000
vt 0.793191 -1.937819
vt 0.799442 -1.926870
vt 0.793190 -1.926870
vt 0.799443 -1.937819
vt 0.711182 -1.857000
vt 0.704930 -1.867950
vt 0.711182 -1.867950
vt 0.704930 -1.857001
vt 0.704932 -1.937820
vt 0.711182 -1.926870
vt 0.704930 -1.926870
vt 0.711184 -1.937819
vt 0.799441 -1.790995
vt 0.793190 -1.801945
vt 0.799442 -1.801945
vt 0.793189 -1.790996
vt 0.793195 -1.856936
vt 0.799442 -1.845985
vt 0.793190 -1.845987
vt 0.799447 -1.856934
vt 0.711183 -1.790996
vt 0.704930 -1.801945
vt 0.711182 -1.801945
vt 0.704931 -1.790995
vt 0.704935 -1.856936
vt 0.711183 -1.845985
vt 0.704931 -1.845987
vt 0.711187 -1.856934
vt 0.784930 -1.800874
vt 0.791182 -1.773600
vt 0.784930 -1.767634
vt 0.791181 -1.800874
vt 0.719355 -1.800700
vt 0.713105 -1.773426
vt 0.713103 -1.800700
vt 0.719357 -1.767461
vt 0.782241 -1.867950
vt 0.788492 -1.845985
vt 0.782241 -1.845986
vt 0.788493 -1.867950
vt 0.715880 -1.867950
vt 0.722132 -1.845986
vt 0.715880 -1.845986
vt 0.722132 -1.867950
vt 0.716167 -1.762453
vt 0.722132 -1.743698
vt 0.716168 -1.743697
vt 0.722132 -1.768705
vt 0.782241 -1.718977
vt 0.722132 -1.737733
vt 0.782241 -1.737733
vt 0.722132 -1.718977
vt 0.788206 -1.762454
vt 0.782241 -1.743698
vt 0.782241 -1.768706
vt 0.788206 -1.743698
vt 0.927320 -1.717463
vt 0.916371 -1.658542
vt 0.916371 -1.717463
vt 0.927320 -1.658542
vt 0.987429 -1.783468
vt 0.927320 -1.810742
vt 0.987429 -1.810742
vt 0.927320 -1.783468
vt 0.987429 -1.739427
vt 0.927320 -1.739427
vt 0.987429 -1.717463
vt 0.987429 -1.658542
vt 0.987429 -1.655711
vt 0.927320 -1.655711
vt 0.998379 -1.717463
vt 0.998379 -1.658542
vt 0.998379 -1.783468
vt 0.998379 -1.739427
vt 0.916371 -1.739427
vt 0.916371 -1.783468
vt 0.930911 -1.624750
vt 0.935408 -1.618559
vt 0.923634 -1.615229
vt 0.935408 -1.610908
vt 0.930911 -1.604718
vt 0.923634 -1.602353
vt 0.916357 -1.604718
vt 0.911859 -1.610908
vt 0.911859 -1.618559
vt 0.916357 -1.624750
vt 0.923634 -1.627114
vt 0.102953 -1.972931
vt 0.122817 -1.956118
vt 0.111207 -1.939990
vt 0.104314 -1.922436
vt 0.722132 -1.997393
vt 0.782240 -1.972666
vt 0.722132 -1.972666
vt 0.782241 -1.997392
vt 0.716138 -1.935695
vt 0.713306 -1.935695
vt 0.713307 -1.941947
vt 0.716139 -1.941947
vt 0.722131 -1.935694
vt 0.722132 -1.966673
vt 0.716140 -1.966673
vt 0.782241 -1.966673
vt 0.782241 -1.926870
vt 0.722132 -1.801945
vt 0.782241 -1.801945
vt 0.722132 -1.926870
vt 0.722132 -1.929702
vt 0.782241 -1.929702
vt 0.782240 -1.935694
vt 0.122371 -1.927813
vt 0.139297 -1.927224
vt 0.120225 -1.905142
vt 0.151810 -1.908491
vt 0.153135 -1.889427
vt 0.119400 -1.885851
vt 0.154129 -1.871979
vt 0.120046 -1.868366
vt 0.930833 -1.650422
vt 0.935229 -1.644372
vt 0.923720 -1.641117
vt 0.935229 -1.636893
vt 0.930833 -1.630842
vt 0.923720 -1.628531
vt 0.916607 -1.630842
vt 0.912211 -1.636893
vt 0.912211 -1.644372
vt 0.916607 -1.650422
vt 0.923720 -1.652734
vt 0.931205 -1.598325
vt 0.935689 -1.592154
vt 0.923951 -1.588340
vt 0.935689 -1.584527
vt 0.931205 -1.578356
vt 0.923951 -1.575999
vt 0.916697 -1.578356
vt 0.912214 -1.584527
vt 0.912214 -1.592154
vt 0.916697 -1.598325
vt 0.923951 -1.600682
vt 0.823122 -1.812911
vt 0.820296 -1.812923
vt 0.823079 -1.963916
vt 1.032637 -1.838065
vt 1.016637 -1.825884
vt 1.036238 -1.832590
vt 1.033289 -1.841946
vt 1.030174 -1.792591
vt 1.078556 -1.798575
vt 1.053082 -1.819534
vt 1.012940 -1.806565
vt 1.007164 -1.809790
vt 1.003695 -1.809152
vt 1.007280 -1.706316
vt 1.003695 -1.707083
vt 1.016638 -1.690351
vt 1.012940 -1.709670
vt 1.036238 -1.683645
vt 1.030174 -1.723644
vt 1.053082 -1.696701
vt 1.078556 -1.717660
vt 1.056097 -1.745661
vt 1.062338 -1.751186
vt 1.099157 -1.735304
vt 1.064554 -1.756130
vt 1.104328 -1.737206
vt 1.104328 -1.778784
vt 1.064554 -1.760106
vt 1.099169 -1.780700
vt 1.062338 -1.765049
vt 1.056097 -1.770574
vt 1.110812 -1.778788
vt 1.110857 -1.737203
vt 1.032753 -1.678042
vt 1.033290 -1.674289
vt 0.816988 -1.813360
vt 1.948954 -1.477530
vt 1.937425 -1.495037
vt 1.944911 -1.476041
vt 1.953901 -1.474604
vt 1.904913 -1.483604
vt 1.910897 -1.436616
vt 1.931855 -1.460629
vt 1.918887 -1.499731
vt 1.922112 -1.505120
vt 1.920405 -1.510789
vt 1.818656 -1.505085
vt 1.820393 -1.510788
vt 1.803373 -1.495038
vt 1.821992 -1.499731
vt 1.795967 -1.476041
vt 1.835966 -1.483604
vt 1.809023 -1.460629
vt 1.829982 -1.436616
vt 1.857982 -1.458767
vt 1.863508 -1.452693
vt 1.847626 -1.416806
vt 1.868452 -1.450535
vt 1.849528 -1.411797
vt 1.891106 -1.411797
vt 1.872427 -1.450535
vt 1.893022 -1.416795
vt 1.877371 -1.452693
vt 1.882896 -1.458767
vt 1.891109 -1.405481
vt 1.849524 -1.405436
vt 1.791771 -1.477031
vt 1.786897 -1.474604
vt 0.847278 -1.819424
vt 0.847396 -1.963458
vt 0.843952 -1.812459
vt 0.055614 -1.469774
vt 0.059717 -1.423023
vt 0.055656 -1.417991
vt 0.059682 -1.466026
vt 1.551683 -1.084919
vt 1.561724 -1.096956
vt 1.551683 -1.096956
vt 1.561724 -1.065729
vt 1.687834 -1.084921
vt 1.677791 -1.096956
vt 1.677794 -1.065729
vt 1.687831 -1.096958
vt 1.563239 -1.419809
vt 1.574512 -1.415799
vt 1.574512 -1.419811
vt 1.563240 -1.415798
vt 1.670899 -1.419822
vt 1.670899 -1.415810
vt 1.679307 -1.419815
vt 1.679308 -1.415812
vt 1.518937 -1.124512
vt 1.702847 -1.121992
vt 1.718896 -1.124516
vt 1.525304 -1.121988
vt 1.705801 -1.398299
vt 1.525304 -1.402208
vt 1.518937 -1.398300
vt 1.702847 -1.402207
vt 1.669384 -1.096956
vt 1.572997 -1.065729
vt 1.669384 -1.065729
vt 1.572997 -1.096955
vt 1.951045 -1.356937
vt 1.971327 -1.336895
vt 1.974627 -1.351290
vt 1.947382 -1.342624
vt 1.947383 -1.231783
vt 1.971329 -1.217014
vt 1.971328 -1.231785
vt 1.947384 -1.217013
vt 1.971329 -1.164479
vt 1.947384 -1.164479
vt 1.971329 -1.111945
vt 1.947384 -1.106133
vt 1.561182 -1.262775
vt 1.613716 -1.296709
vt 1.561182 -1.312837
vt 1.613716 -1.262774
vt 1.672062 -1.262775
vt 1.672062 -1.312837
vt 1.561182 -1.216450
vt 1.613716 -1.248004
vt 1.561182 -1.248004
vt 1.613716 -1.216450
vt 1.672062 -1.248004
vt 1.672062 -1.216450
vt 1.693417 -1.451360
vt 1.706809 -1.419806
vt 1.706809 -1.456253
vt 1.693417 -1.419816
vt 1.838928 -1.312485
vt 1.844525 -1.324347
vt 1.835570 -1.315251
vt 1.848898 -1.319835
vt 1.215157 -1.603692
vt 1.224411 -1.599108
vt 1.216954 -1.606938
vt 1.220849 -1.595578
vt 1.895768 -1.324338
vt 1.901362 -1.312473
vt 1.904721 -1.315237
vt 1.891393 -1.319827
vt 1.224350 -1.551056
vt 1.215095 -1.546475
vt 1.216890 -1.543228
vt 1.220815 -1.554583
vt 1.244470 -1.595572
vt 1.233678 -1.601827
vt 1.224852 -1.595579
vt 1.248578 -1.601820
vt 1.899094 -1.336044
vt 1.891393 -1.350091
vt 1.891374 -1.325880
vt 1.899114 -1.356283
vt 1.848924 -1.350111
vt 1.841208 -1.336069
vt 1.848917 -1.325897
vt 1.841046 -1.355200
vt 1.233666 -1.548323
vt 1.244458 -1.554574
vt 1.224842 -1.554574
vt 1.248565 -1.548326
vt 1.327591 -1.539534
vt 1.246224 -1.507987
vt 1.327591 -1.507987
vt 1.246224 -1.539534
vt 1.481714 -1.390202
vt 1.494661 -1.431203
vt 1.481714 -1.431203
vt 1.494661 -1.390202
vt 1.612910 -1.567560
vt 1.617172 -1.584911
vt 1.383467 -1.584910
vt 1.387815 -1.567997
vt 1.404589 -1.555694
vt 1.595815 -1.555696
vt 1.560307 -1.538758
vt 1.440097 -1.538757
vt 1.520702 -1.529486
vt 1.479701 -1.529486
vt 1.495118 -1.159733
vt 1.483424 -1.200735
vt 1.483424 -1.159733
vt 1.495118 -1.200735
vt 1.479701 -1.652035
vt 1.560306 -1.642763
vt 1.520702 -1.652035
vt 1.440097 -1.642763
vt 1.404589 -1.625826
vt 1.595814 -1.625826
vt 1.387815 -1.613515
vt 1.613077 -1.613824
vt 1.383467 -1.596604
vt 1.617172 -1.596604
vt 0.825487 -1.812708
vt 1.620531 -1.597229
vt 1.853827 -1.584282
vt 1.853826 -1.597229
vt 1.620531 -1.584282
vt 1.907668 -1.537950
vt 1.930999 -1.534818
vt 1.911392 -1.547549
vt 1.925564 -1.525728
vt 1.949591 -1.517295
vt 1.942604 -1.508887
vt 1.966850 -1.495275
vt 1.958492 -1.487697
vt 1.982474 -1.469133
vt 1.972938 -1.462509
vt 1.996274 -1.439256
vt 1.986005 -1.433493
vt 1.744662 -1.439256
vt 1.754931 -1.433492
vt 1.767997 -1.462509
vt 1.758461 -1.469133
vt 1.782444 -1.487697
vt 1.774086 -1.495275
vt 1.798332 -1.508887
vt 1.791344 -1.517295
vt 1.815372 -1.525728
vt 1.809937 -1.534818
vt 1.833268 -1.537950
vt 1.829544 -1.547549
vt 1.851729 -1.545359
vt 1.849834 -1.555273
vt 1.870468 -1.547841
vt 1.870468 -1.558234
vt 1.891101 -1.555274
vt 1.889207 -1.545359
vt 0.880376 -1.619730
vt 0.886562 -1.619730
vt 0.895383 -1.603228
vt 0.910391 -1.619730
vt 0.910391 -1.603228
vt 0.907525 -1.594407
vt 0.900021 -1.588955
vt 0.890746 -1.588955
vt 0.883242 -1.594407
vt 0.880376 -1.603228
vt 0.925762 -1.974308
vt 0.925867 -1.813185
vt 1.837570 -1.036785
vt 1.814580 -1.033659
vt 1.832667 -1.023608
vt 1.821116 -1.045637
vt 1.797452 -1.047486
vt 1.804935 -1.058152
vt 1.781577 -1.064946
vt 1.789403 -1.074255
vt 1.767226 -1.085632
vt 1.774887 -1.094004
vt 1.767732 -1.106769
vt 1.754225 -1.109380
vt 1.765013 -1.111618
vt 1.761315 -1.110851
vt 1.764827 -1.117169
vt 1.754081 -1.129754
vt 1.764506 -1.126790
vt 1.764529 -1.150099
vt 1.753820 -1.152115
vt 1.764604 -1.174843
vt 1.753616 -1.176272
vt 1.764660 -1.200893
vt 1.753470 -1.201805
vt 1.764692 -1.227826
vt 1.753383 -1.228270
vt 1.764701 -1.255204
vt 1.753354 -1.255204
vt 1.753383 -1.282139
vt 1.764692 -1.282583
vt 1.753470 -1.308603
vt 1.764660 -1.309516
vt 1.753616 -1.334136
vt 1.764603 -1.335567
vt 1.753820 -1.358294
vt 1.764508 -1.360322
vt 1.754080 -1.380655
vt 1.764365 -1.383401
vt 1.754393 -1.400834
vt 1.764177 -1.404456
vt 1.754746 -1.418485
vt 1.764040 -1.423536
vt 1.761401 -1.433594
vt 1.767134 -1.438845
vt 1.774843 -1.456542
vt 1.789719 -1.480793
vt 1.764455 -1.428593
vt 1.805651 -1.500553
vt 1.822111 -1.515784
vt 1.838575 -1.526403
vt 1.854694 -1.532565
vt 1.870468 -1.534566
vt 1.886241 -1.532565
vt 1.902361 -1.526403
vt 1.918825 -1.515784
vt 1.935284 -1.500553
vt 1.951217 -1.480793
vt 1.966092 -1.456542
vt 1.973802 -1.438845
vt 1.979534 -1.433595
vt 1.986190 -1.418485
vt 1.987465 -1.308604
vt 1.976275 -1.309516
vt 1.976244 -1.282583
vt 1.987320 -1.334137
vt 1.976333 -1.335567
vt 1.987116 -1.358294
vt 1.976428 -1.360322
vt 1.986855 -1.380655
vt 1.976570 -1.383401
vt 1.986543 -1.400834
vt 1.976758 -1.404456
vt 1.976895 -1.423536
vt 1.976480 -1.428593
vt 1.976065 -1.433649
vt 1.976145 -1.111618
vt 1.973372 -1.106781
vt 1.979764 -1.110852
vt 1.986711 -1.109380
vt 1.976250 -1.117190
vt 1.986855 -1.129754
vt 1.976430 -1.126790
vt 1.976407 -1.150099
vt 1.987116 -1.152115
vt 1.976331 -1.174843
vt 1.987320 -1.176272
vt 1.976275 -1.200893
vt 1.987465 -1.201805
vt 1.976244 -1.227826
vt 1.987553 -1.228270
vt 1.976234 -1.255205
vt 1.987582 -1.255204
vt 1.987553 -1.282139
vt 1.973710 -1.085632
vt 1.966048 -1.094005
vt 1.951533 -1.074256
vt 1.959359 -1.064946
vt 1.936000 -1.058153
vt 1.943484 -1.047486
vt 1.919820 -1.045637
vt 1.926356 -1.033659
vt 1.903366 -1.036786
vt 1.908268 -1.023608
vt 1.890507 -1.032650
vt 1.889532 -1.017508
vt 1.870468 -1.029823
vt 1.870468 -1.015462
vt 1.851404 -1.017508
vt 1.850665 -1.032650
vt 1.643806 -1.703642
vt 1.629576 -1.671236
vt 1.643806 -1.671236
vt 1.629576 -1.703642
vt 1.650208 -1.671236
vt 1.653684 -1.672168
vt 1.656229 -1.674713
vt 1.657160 -1.678189
vt 1.657160 -1.703642
vt 1.657160 -1.666790
vt 1.657160 -1.660389
vt 1.671391 -1.660389
vt 1.671391 -1.666790
vt 1.671391 -1.670708
vt 1.657160 -1.670708
vt 1.671391 -1.674713
vt 1.657160 -1.674713
vt 1.671391 -1.678189
vt 1.671391 -1.703642
vt 0.136589 -1.176258
vt 0.131557 -1.176259
vt 0.131558 -1.187543
vt 0.136590 -1.187542
vt 0.141296 -1.187542
vt 0.141295 -1.176258
vt 0.146847 -1.187542
vt 0.146846 -1.176258
vt 0.152398 -1.187541
vt 0.152398 -1.176257
vt 0.157430 -1.176257
vt 0.157430 -1.187541
vt 0.162639 -1.187541
vt 0.162639 -1.176257
vt 0.168191 -1.187541
vt 0.168191 -1.176257
vt 0.173744 -1.187541
vt 0.173740 -1.176257
vt 0.178526 -1.187539
vt 0.178518 -1.176255
vt 0.183232 -1.187536
vt 0.183224 -1.176251
vt 0.188784 -1.187531
vt 0.188775 -1.176247
vt 0.194335 -1.187527
vt 0.194326 -1.176243
vt 0.199041 -1.187524
vt 0.199032 -1.176239
vt 0.203819 -1.187521
vt 0.203814 -1.176237
vt 0.209369 -1.187521
vt 0.209367 -1.176236
vt 0.214920 -1.187520
vt 0.214919 -1.176236
vt 0.864472 -1.977259
vt 0.866568 -1.995851
vt 0.866568 -1.979117
vt 0.847765 -1.995852
vt 0.847765 -1.977259
vt 0.363060 -1.183326
vt 0.415325 -1.278150
vt 0.415325 -1.183326
vt 0.363060 -1.278150
vt 0.415325 -1.179597
vt 0.363060 -1.179597
vt 0.359331 -1.183326
vt 0.359331 -1.278150
vt 0.363060 -1.281878
vt 0.415325 -1.281879
vt 0.419054 -1.278150
vt 0.419054 -1.183326
vt 0.424609 -1.183340
vt 0.476874 -1.278164
vt 0.476874 -1.183339
vt 0.424609 -1.278164
vt 0.476874 -1.179611
vt 0.424609 -1.179611
vt 0.420880 -1.183339
vt 0.420880 -1.278164
vt 0.424609 -1.281893
vt 0.476874 -1.281892
vt 0.480603 -1.278164
vt 0.480603 -1.183339
vt 0.050972 -1.409744
vt 0.071056 -1.407526
vt 0.050973 -1.407523
vt 0.071056 -1.409747
vt 0.071105 -1.075077
vt 0.051021 -1.072856
vt 0.051021 -1.075077
vt 0.071105 -1.072856
vt 0.051021 -1.070484
vt 0.071105 -1.070484
vt 0.051021 -1.068125
vt 0.071105 -1.068125
vt 0.050999 -1.242653
vt 0.071105 -1.099446
vt 0.051021 -1.099445
vt 0.071083 -1.242656
vt 0.343034 -1.209574
vt 0.309123 -1.244068
vt 0.309123 -1.334140
vt 0.314244 -1.209561
vt 0.343034 -1.370217
vt 0.314245 -1.370231
vt 0.357554 -1.355698
vt 0.357554 -1.224094
vt 0.050995 -1.267022
vt 0.071079 -1.267025
vt 0.071078 -1.275923
vt 0.050994 -1.275919
vt 0.118624 -1.209898
vt 0.124176 -1.202299
vt 0.121955 -1.201857
vt 0.120073 -1.200599
vt 0.113918 -1.206753
vt 0.118815 -1.198716
vt 0.110774 -1.202047
vt 0.118373 -1.196496
vt 0.109656 -1.196496
vt 0.118373 -1.172127
vt 0.109643 -1.167706
vt 0.144149 -1.162295
vt 0.234221 -1.162293
vt 0.261582 -1.172127
vt 0.270313 -1.167707
vt 0.270299 -1.196496
vt 0.261582 -1.196496
vt 0.269181 -1.202048
vt 0.261140 -1.198717
vt 0.266037 -1.206754
vt 0.259882 -1.200599
vt 0.258000 -1.201857
vt 0.261331 -1.209898
vt 0.255779 -1.202299
vt 0.255779 -1.211016
vt 0.124176 -1.211016
vt 0.076419 -1.139213
vt 0.082222 -1.145016
vt 0.106591 -1.145016
vt 0.106591 -1.001807
vt 0.076419 -1.007610
vt 0.082222 -1.001807
vt 0.306679 -1.211015
vt 0.277890 -1.371686
vt 0.306679 -1.371686
vt 0.277889 -1.211015
vt 0.255780 -1.371686
vt 0.124176 -1.371686
vt 0.072981 -1.371686
vt 0.101771 -1.211016
vt 0.072981 -1.211016
vt 0.101771 -1.371686
vt 0.229328 -1.200421
vt 0.246902 -1.183809
vt 0.229319 -1.183806
vt 0.246898 -1.200422
vt 0.219411 -1.183817
vt 0.219428 -1.200431
vt 0.256800 -1.200427
vt 0.256808 -1.183814
vt 0.246905 -1.173908
vt 0.224529 -1.173898
vt 0.104328 -1.737207
vt 0.110812 -1.778788
vt 0.110857 -1.737203
vt 0.104328 -1.778785
vt 0.016637 -1.825884
vt 0.033289 -1.841946
vt 0.032637 -1.838065
vt 0.036238 -1.832590
vt 0.003695 -1.809152
vt 0.007164 -1.809790
vt 0.012940 -1.806565
vt 0.030174 -1.792591
vt 0.053082 -1.819534
vt 0.078556 -1.798575
vt 0.056097 -1.770574
vt 0.062338 -1.765049
vt 0.099169 -1.780700
vt 0.064554 -1.760106
vt 0.064554 -1.756130
vt 0.099157 -1.735305
vt 0.062338 -1.751187
vt 0.078556 -1.717660
vt 0.056097 -1.745661
vt 0.030174 -1.723644
vt 0.053082 -1.696702
vt 0.036238 -1.683645
vt 0.012940 -1.709670
vt 0.016638 -1.690351
vt 0.007280 -1.706316
vt 0.003695 -1.707083
vt 0.032753 -1.678042
vt 0.033290 -1.674289
vt 0.941396 -1.977260
vt 0.958103 -1.995851
vt 0.958103 -1.977258
vt 0.939292 -1.995852
vt 0.939292 -1.979119
vt 0.849528 -1.411797
vt 0.891109 -1.405481
vt 0.849524 -1.405436
vt 0.891106 -1.411797
vt 0.920405 -1.510789
vt 0.937425 -1.495037
vt 0.922112 -1.505120
vt 0.918887 -1.499731
vt 0.944911 -1.476041
vt 0.904913 -1.483604
vt 0.931855 -1.460629
vt 0.910897 -1.436616
vt 0.882896 -1.458767
vt 0.877371 -1.452693
vt 0.893022 -1.416795
vt 0.872427 -1.450535
vt 0.868452 -1.450535
vt 0.847626 -1.416806
vt 0.863508 -1.452693
vt 0.829982 -1.436616
vt 0.857982 -1.458767
vt 0.835966 -1.483604
vt 0.953901 -1.474604
vt 0.948954 -1.477530
vt 0.809023 -1.460629
vt 0.795967 -1.476041
vt 0.821992 -1.499731
vt 0.803373 -1.495038
vt 0.818656 -1.505085
vt 0.820393 -1.510788
vt 0.791771 -1.477031
vt 0.786897 -1.474604
vt 0.887771 -1.974306
vt 0.887771 -1.813184
vt 0.561724 -1.096956
vt 0.551683 -1.084919
vt 0.551683 -1.096956
vt 0.561724 -1.065729
vt 0.687834 -1.084921
vt 0.677791 -1.096956
vt 0.687831 -1.096958
vt 0.677794 -1.065729
vt 0.677793 -1.106068
vt 0.669384 -1.106998
vt 0.677793 -1.116110
vt 0.669384 -1.096956
vt 0.572997 -1.096955
vt 0.572997 -1.106997
vt 0.561724 -1.106067
vt 0.561724 -1.116109
vt 0.922977 -1.813185
vt 0.923072 -1.974308
vt 0.574512 -1.415799
vt 0.563239 -1.419809
vt 0.574512 -1.419811
vt 0.563240 -1.415798
vt 0.670899 -1.419822
vt 0.670899 -1.415810
vt 0.679307 -1.419815
vt 0.679308 -1.415812
vt 0.518937 -1.124512
vt 0.702847 -1.121992
vt 0.525304 -1.121988
vt 0.718896 -1.124516
vt 0.525304 -1.402208
vt 0.705801 -1.398299
vt 0.518937 -1.398300
vt 0.702847 -1.402207
vt 0.572997 -1.065729
vt 0.669384 -1.065729
vt 0.951045 -1.356937
vt 0.971327 -1.336895
vt 0.947382 -1.342624
vt 0.974627 -1.351290
vt 0.947383 -1.231783
vt 0.971329 -1.217014
vt 0.947384 -1.217013
vt 0.971328 -1.231785
vt 0.693417 -1.451360
vt 0.706809 -1.419806
vt 0.693417 -1.419816
vt 0.706809 -1.456253
vt 0.967733 -1.361387
vt 0.931822 -1.397834
vt 0.967733 -1.397834
vt 0.931823 -1.361386
vt 0.835435 -1.397832
vt 0.835436 -1.361385
vt 0.783759 -1.370677
vt 0.783758 -1.397832
vt 0.844525 -1.324347
vt 0.838928 -1.312485
vt 0.835570 -1.315251
vt 0.848898 -1.319835
vt 0.224411 -1.599108
vt 0.215157 -1.603692
vt 0.216954 -1.606938
vt 0.220849 -1.595578
vt 0.901362 -1.312473
vt 0.895768 -1.324338
vt 0.904721 -1.315237
vt 0.891393 -1.319827
vt 0.215095 -1.546475
vt 0.224350 -1.551056
vt 0.216890 -1.543228
vt 0.220815 -1.554583
vt 0.244470 -1.595572
vt 0.233678 -1.601827
vt 0.248578 -1.601821
vt 0.224852 -1.595579
vt 0.891393 -1.350091
vt 0.899094 -1.336044
vt 0.891374 -1.325880
vt 0.899114 -1.356283
vt 0.848924 -1.350111
vt 0.841208 -1.336069
vt 0.841046 -1.355200
vt 0.848917 -1.325897
vt 0.244458 -1.554574
vt 0.233666 -1.548323
vt 0.224842 -1.554575
vt 0.248565 -1.548326
vt 0.399222 -1.540962
vt 0.396613 -1.506559
vt 0.396613 -1.540962
vt 0.399224 -1.506559
vt 0.900626 -1.275939
vt 0.941132 -1.273696
vt 0.900851 -1.273696
vt 0.941357 -1.275944
vt 0.941303 -1.290845
vt 0.900674 -1.290836
vt 0.415622 -1.506561
vt 0.415618 -1.540964
vt 0.327591 -1.539534
vt 0.327591 -1.507987
vt 0.246224 -1.507987
vt 0.246224 -1.539534
vt 0.757561 -1.652524
vt 0.676956 -1.643252
vt 0.716560 -1.652524
vt 0.797165 -1.643252
vt 0.641448 -1.626315
vt 0.832673 -1.626315
vt 0.624615 -1.614608
vt 0.849744 -1.614580
vt 0.853826 -1.597229
vt 0.620531 -1.597229
vt 0.682905 -1.871236
vt 0.701570 -1.871236
vt 0.788233 -1.935694
vt 0.791064 -1.941946
vt 0.791064 -1.935694
vt 0.788233 -1.941947
vt 0.788234 -1.966673
vt 0.970845 -1.992900
vt 0.979306 -1.992901
vt 0.960494 -1.982674
vt 0.853827 -1.584282
vt 0.620531 -1.584282
vt 0.383467 -1.584910
vt 0.617172 -1.596604
vt 0.617172 -1.584911
vt 0.383467 -1.596604
vt 0.829401 -1.012373
vt 0.814580 -1.033659
vt 0.832667 -1.023608
vt 0.809748 -1.023629
vt 0.797452 -1.047486
vt 0.791136 -1.039077
vt 0.781577 -1.064946
vt 0.773881 -1.057576
vt 0.767226 -1.085632
vt 0.758279 -1.079388
vt 0.744495 -1.103796
vt 0.754225 -1.109380
vt 0.996440 -1.103796
vt 0.973710 -1.085632
vt 0.986711 -1.109380
vt 0.982656 -1.079388
vt 0.967055 -1.057576
vt 0.959359 -1.064946
vt 0.949800 -1.039076
vt 0.943484 -1.047486
vt 0.926356 -1.033659
vt 0.931187 -1.023627
vt 0.908268 -1.023608
vt 0.911534 -1.012372
vt 0.889532 -1.017508
vt 0.891178 -1.005541
vt 0.870468 -1.015462
vt 0.870467 -1.003252
vt 0.851404 -1.017508
vt 0.849757 -1.005542
vt 0.744352 -1.336240
vt 0.753820 -1.358294
vt 0.753616 -1.334136
vt 0.744400 -1.361253
vt 0.754080 -1.380655
vt 0.744462 -1.384435
vt 0.754393 -1.400834
vt 0.744536 -1.405387
vt 0.754746 -1.418485
vt 0.744620 -1.423750
vt 0.744662 -1.439256
vt 0.754931 -1.433492
vt 0.754081 -1.129754
vt 0.744462 -1.124794
vt 0.744400 -1.147975
vt 0.753820 -1.152115
vt 0.744352 -1.172989
vt 0.753616 -1.176272
vt 0.744318 -1.199406
vt 0.753470 -1.201805
vt 0.744297 -1.226771
vt 0.753383 -1.228270
vt 0.744290 -1.254614
vt 0.753354 -1.255204
vt 0.753383 -1.282139
vt 0.744297 -1.282458
vt 0.753470 -1.308603
vt 0.744318 -1.309824
vt 0.767997 -1.462509
vt 0.758461 -1.469133
vt 0.782444 -1.487697
vt 0.774086 -1.495275
vt 0.798332 -1.508887
vt 0.791344 -1.517295
vt 0.815372 -1.525728
vt 0.809937 -1.534818
vt 0.833268 -1.537950
vt 0.829544 -1.547549
vt 0.851729 -1.545359
vt 0.849834 -1.555273
vt 0.870468 -1.547841
vt 0.870468 -1.558234
vt 0.891101 -1.555274
vt 0.889207 -1.545359
vt 0.911392 -1.547549
vt 0.907668 -1.537950
vt 0.930999 -1.534818
vt 0.925564 -1.525728
vt 0.949591 -1.517295
vt 0.942604 -1.508887
vt 0.966850 -1.495275
vt 0.958492 -1.487697
vt 0.982474 -1.469133
vt 0.972938 -1.462509
vt 0.996274 -1.439256
vt 0.986005 -1.433493
vt 0.996639 -1.226771
vt 0.987465 -1.201805
vt 0.987553 -1.228270
vt 0.996618 -1.199406
vt 0.987320 -1.176272
vt 0.996584 -1.172989
vt 0.987116 -1.152115
vt 0.996536 -1.147975
vt 0.986855 -1.129754
vt 0.996474 -1.124794
vt 0.986190 -1.418485
vt 0.996316 -1.423750
vt 0.996400 -1.405387
vt 0.986543 -1.400834
vt 0.996474 -1.384435
vt 0.986855 -1.380655
vt 0.996535 -1.361253
vt 0.987116 -1.358294
vt 0.996584 -1.336240
vt 0.987320 -1.334137
vt 0.996618 -1.309824
vt 0.987465 -1.308604
vt 0.996639 -1.282458
vt 0.987553 -1.282139
vt 0.996646 -1.254615
vt 0.987582 -1.255204
vt 0.854694 -1.532565
vt 0.838575 -1.526403
vt 0.822111 -1.515784
vt 0.805651 -1.500553
vt 0.789719 -1.480793
vt 0.774843 -1.456542
vt 0.767134 -1.438845
vt 0.761401 -1.433594
vt 0.764701 -1.255204
vt 0.764692 -1.282583
vt 0.764660 -1.309516
vt 0.764603 -1.335567
vt 0.764508 -1.360322
vt 0.764365 -1.383401
vt 0.764177 -1.404456
vt 0.764040 -1.423536
vt 0.764455 -1.428593
vt 0.789403 -1.074255
vt 0.804935 -1.058152
vt 0.774887 -1.094004
vt 0.767732 -1.106769
vt 0.761315 -1.110851
vt 0.764827 -1.117169
vt 0.764506 -1.126790
vt 0.764529 -1.150099
vt 0.764604 -1.174843
vt 0.764660 -1.200893
vt 0.764692 -1.227826
vt 0.765013 -1.111618
vt 0.979534 -1.433595
vt 0.973802 -1.438845
vt 0.966092 -1.456542
vt 0.951217 -1.480793
vt 0.935284 -1.500553
vt 0.918825 -1.515784
vt 0.902361 -1.526403
vt 0.886241 -1.532565
vt 0.870468 -1.534566
vt 0.671391 -1.716996
vt 0.657160 -1.703642
vt 0.657160 -1.716996
vt 0.671391 -1.703642
vt 0.643806 -1.703642
vt 0.629576 -1.671236
vt 0.629576 -1.703642
vt 0.643806 -1.671236
vt 0.657160 -1.678189
vt 0.671391 -1.678189
vt 0.657160 -1.674713
vt 0.671391 -1.674713
vt 0.657160 -1.670708
vt 0.671391 -1.670708
vt 0.657160 -1.666790
vt 0.671391 -1.666790
vt 0.671391 -1.660389
vt 0.657160 -1.660389
vt 0.887771 -1.982672
vt 0.877423 -1.992901
vt 0.868968 -1.992903
vt 1.168191 -1.187541
vt 1.162639 -1.176257
vt 1.168191 -1.176257
vt 1.162639 -1.187541
vt 1.157430 -1.176257
vt 1.157430 -1.187541
vt 1.152398 -1.187541
vt 1.152398 -1.176257
vt 1.146846 -1.176258
vt 1.146847 -1.187542
vt 1.141295 -1.176258
vt 1.141296 -1.187542
vt 1.136589 -1.176258
vt 1.136590 -1.187542
vt 1.131557 -1.176259
vt 1.131558 -1.187543
vt 1.214920 -1.187520
vt 1.209367 -1.176236
vt 1.214918 -1.176236
vt 1.209369 -1.187521
vt 1.203814 -1.176237
vt 1.203819 -1.187521
vt 1.199032 -1.176239
vt 1.199041 -1.187524
vt 1.194326 -1.176243
vt 1.194335 -1.187527
vt 1.188775 -1.176247
vt 1.188784 -1.187531
vt 1.183232 -1.187536
vt 1.183224 -1.176251
vt 1.178518 -1.176255
vt 1.178526 -1.187539
vt 1.173740 -1.176257
vt 1.173744 -1.187541
vt 1.363060 -1.183326
vt 1.415325 -1.278150
vt 1.363060 -1.278150
vt 1.415325 -1.183326
vt 1.415325 -1.179597
vt 1.363060 -1.179597
vt 1.359331 -1.183326
vt 1.359331 -1.278150
vt 1.363060 -1.281878
vt 1.415325 -1.281879
vt 1.419054 -1.278150
vt 1.419054 -1.183326
vt 1.424609 -1.183340
vt 1.476874 -1.278164
vt 1.424609 -1.278164
vt 1.476874 -1.183339
vt 1.476874 -1.179611
vt 1.424609 -1.179611
vt 1.420880 -1.183339
vt 1.420880 -1.278164
vt 1.424609 -1.281893
vt 1.476874 -1.281892
vt 1.480603 -1.278164
vt 1.480603 -1.183339
vt 1.071056 -1.407526
vt 1.050972 -1.409744
vt 1.050973 -1.407523
vt 1.071056 -1.409747
vt 1.101771 -1.211016
vt 1.107322 -1.371686
vt 1.101771 -1.371686
vt 1.107322 -1.211016
vt 1.112940 -1.371686
vt 1.112939 -1.211016
vt 1.118625 -1.371686
vt 1.118624 -1.211016
vt 1.124176 -1.371686
vt 1.124176 -1.211016
vt 1.255779 -1.211016
vt 1.261331 -1.371686
vt 1.255780 -1.371686
vt 1.261331 -1.211015
vt 1.266949 -1.371686
vt 1.266948 -1.211015
vt 1.272339 -1.371686
vt 1.272338 -1.211015
vt 1.277890 -1.371686
vt 1.277889 -1.211015
vt 1.050994 -1.275919
vt 1.071078 -1.273702
vt 1.071078 -1.275923
vt 1.050994 -1.273699
vt 1.071079 -1.271527
vt 1.050995 -1.271524
vt 1.071079 -1.269246
vt 1.050995 -1.269243
vt 1.071079 -1.267025
vt 1.050995 -1.267022
vt 1.051021 -1.099445
vt 1.071083 -1.242656
vt 1.050999 -1.242653
vt 1.071105 -1.099446
vt 0.272166 -1.174478
vt 0.293374 -1.145130
vt 0.272166 -1.145130
vt 0.302113 -1.174478
vt 0.302113 -1.145130
vt 0.296189 -1.142622
vt 1.725386 -1.432179
vt 1.731491 -1.423447
vt 1.720795 -1.426062
vt 0.354959 -1.174477
vt 0.370378 -1.145129
vt 0.354958 -1.145129
vt 0.370378 -1.174477
vt 1.315435 -1.396008
vt 1.321727 -1.387761
vt 1.321727 -1.398981
vt 1.314068 -1.393325
vt 1.317504 -1.383537
vt 1.311939 -1.391196
vt 1.309257 -1.389829
vt 1.312182 -1.380826
vt 1.306283 -1.389358
vt 1.306283 -1.379892
vt 1.300384 -1.380826
vt 1.303310 -1.389829
vt 1.295063 -1.383537
vt 1.300627 -1.391196
vt 1.298498 -1.393325
vt 1.290840 -1.387761
vt 1.297131 -1.396007
vt 1.290840 -1.398981
vt 1.296660 -1.398981
vt 1.297131 -1.401955
vt 1.290839 -1.410201
vt 1.298498 -1.404637
vt 1.295063 -1.414424
vt 1.300627 -1.406766
vt 1.303309 -1.408133
vt 1.300384 -1.417136
vt 1.306283 -1.408604
vt 1.306283 -1.418070
vt 1.312182 -1.417136
vt 1.309257 -1.408133
vt 1.317503 -1.414425
vt 1.311939 -1.406766
vt 1.314068 -1.404637
vt 1.321727 -1.410202
vt 1.315435 -1.401955
vt 1.315906 -1.398981
vt 1.669384 -1.106998
vt 1.677793 -1.106068
vt 1.677793 -1.116110
vt 1.572997 -1.106997
vt 1.561724 -1.106067
vt 1.561724 -1.116109
vt 1.480497 -1.285114
vt 1.445787 -1.290605
vt 1.445787 -1.285114
vt 1.480497 -1.290605
vt 1.445787 -1.295927
vt 1.480497 -1.295927
vt 1.480497 -1.301826
vt 1.445787 -1.301826
vt 1.445787 -1.307724
vt 1.480497 -1.307724
vt 1.445787 -1.313046
vt 1.480497 -1.313046
vt 1.445787 -1.319382
vt 1.480497 -1.319382
vt 1.445787 -1.341823
vt 1.480497 -1.330603
vt 1.480496 -1.341823
vt 1.445787 -1.330603
vt 1.388914 -1.140585
vt 1.381844 -1.010151
vt 1.388914 -1.010151
vt 1.381844 -1.140585
vt 1.374773 -1.010151
vt 1.374773 -1.140585
vt 1.367771 -1.140585
vt 1.367771 -1.010151
vt 1.360337 -1.010151
vt 1.360337 -1.140585
vt 1.353335 -1.010151
vt 1.353335 -1.140585
vt 1.346265 -1.010151
vt 1.346265 -1.140585
vt 1.339195 -1.010151
vt 1.339195 -1.140585
vt 1.332440 -1.010151
vt 1.332440 -1.140585
vt 1.325006 -1.010151
vt 1.325006 -1.140585
vt 1.318991 -1.010151
vt 1.318991 -1.140585
vt 1.317532 -1.136391
vt 1.302113 -1.139206
vt 1.302113 -1.136391
vt 1.317532 -1.139206
vt 1.317532 -1.107704
vt 1.302112 -1.107704
vt 1.302113 -1.145130
vt 1.317533 -1.145130
vt 1.302114 -1.174478
vt 1.317533 -1.174478
vt 1.293374 -1.145130
vt 1.296190 -1.142622
vt 1.272166 -1.174478
vt 1.272166 -1.145130
vt 1.354959 -1.174477
vt 1.370378 -1.145129
vt 1.370378 -1.174477
vt 1.354958 -1.145129
vt 1.835435 -1.397832
vt 1.786282 -1.404199
vt 1.783758 -1.397832
vt 1.835435 -1.404200
vt 1.931822 -1.404200
vt 1.931822 -1.397834
vt 1.963824 -1.404201
vt 1.967733 -1.397834
vt 1.706810 -1.406733
vt 1.693419 -1.403777
vt 1.702902 -1.403778
vt 1.679310 -1.403775
vt 1.947382 -1.284318
vt 1.971327 -1.284319
vt 0.151391 -1.627974
vt 0.170265 -1.709724
vt 0.170267 -1.717448
vt 0.296080 -1.627974
vt 0.277206 -1.709721
vt 0.277205 -1.717445
vt 1.071105 -1.075077
vt 1.051021 -1.075077
vt 1.106591 -1.001807
vt 1.076419 -1.007610
vt 1.082222 -1.001807
vt 1.076419 -1.139213
vt 1.106591 -1.145016
vt 1.082222 -1.145016
vt 1.613716 -1.164773
vt 1.718895 -1.146777
vt 1.672062 -1.164773
vt 1.518937 -1.151666
vt 1.561182 -1.164773
vt 1.306679 -1.211015
vt 1.306680 -1.371686
vt 1.072981 -1.371686
vt 1.072981 -1.211016
vt 1.229328 -1.200421
vt 1.246902 -1.183810
vt 1.246898 -1.200422
vt 1.229319 -1.183806
vt 1.219411 -1.183817
vt 1.219428 -1.200431
vt 1.256800 -1.200427
vt 1.256808 -1.183814
vt 1.246905 -1.173908
vt 1.224529 -1.173897
vt 1.359571 0.558802
vt 1.359571 0.545864
vt 1.444632 0.545864
vt 1.444632 0.558802
vt 1.444632 0.591637
vt 1.359571 0.591637
vt 1.451805 0.555346
vt 1.453393 0.552230
vt 1.455867 0.549756
vt 1.449501 0.540995
vt 1.455637 0.537868
vt 1.458984 0.548168
vt 1.462439 0.536791
vt 1.462439 0.547621
vt 1.465894 0.548168
vt 1.469240 0.537868
vt 1.469010 0.549756
vt 1.475376 0.540995
vt 1.480245 0.545864
vt 1.471484 0.552230
vt 1.473072 0.555346
vt 1.480245 0.558801
vt 1.473619 0.558801
vt 1.473072 0.562257
vt 1.480245 0.591637
vt 1.471484 0.565373
vt 1.469010 0.567847
vt 1.475376 0.596507
vt 1.465894 0.569435
vt 1.469240 0.599633
vt 1.462439 0.569982
vt 1.462439 0.600710
vt 1.455637 0.599633
vt 1.458984 0.569435
vt 1.449501 0.596507
vt 1.455867 0.567847
vt 1.453393 0.565373
vt 1.451805 0.562256
vt 1.451258 0.558801
vt 1.967733 -1.361387
vt 1.931823 -1.361386
vt 1.835436 -1.361385
vt 1.783759 -1.370677
vt 1.359571 0.675913
vt 1.444632 0.682782
vt 1.444632 0.675913
vt 1.359571 0.682782
vt 1.444632 0.688918
vt 1.359571 0.688918
vt 1.444632 0.695719
vt 1.359571 0.695720
vt 1.444632 0.702521
vt 1.359571 0.702521
vt 1.444632 0.708657
vt 1.359571 0.708657
vt 1.444632 0.715304
vt 1.359571 0.715304
vt 1.359571 0.662976
vt 1.444632 0.662975
vt 1.359571 0.630140
vt 1.444632 0.630140
vt 0.318991 -1.140585
vt 0.325006 -1.010151
vt 0.318991 -1.010151
vt 0.325006 -1.140585
vt 0.332440 -1.010151
vt 0.332440 -1.140585
vt 0.339195 -1.010151
vt 0.339195 -1.140585
vt 0.346265 -1.140585
vt 0.346265 -1.010151
vt 0.353335 -1.010151
vt 0.353335 -1.140585
vt 0.360337 -1.010151
vt 0.360337 -1.140585
vt 0.367771 -1.010151
vt 0.367771 -1.140585
vt 0.374773 -1.010151
vt 0.374773 -1.140585
vt 0.381844 -1.010151
vt 0.381844 -1.140585
vt 0.388914 -1.010151
vt 0.388914 -1.140585
vt 0.273579 -1.197521
vt 0.314414 -1.195464
vt 0.314414 -1.194801
vt 0.314414 -1.196199
vt 0.314414 -1.196935
vt 0.314414 -1.197598
vt 0.314414 -1.198124
vt 0.314414 -1.198787
vt 0.314414 -1.199522
vt 0.314414 -1.200257
vt 0.273579 -1.204506
vt 0.314414 -1.200920
vt 0.314414 -1.201447
vt 0.314414 -1.202110
vt 0.314414 -1.202845
vt 0.314414 -1.203580
vt 0.314414 -1.204243
vt 0.314414 -1.204769
vt 0.314414 -1.205432
vt 0.314414 -1.206167
vt 0.314414 -1.206903
vt 0.314414 -1.207566
vt 0.314414 -1.208092
vt 1.613716 -1.348747
vt 1.518936 -1.361853
vt 1.561182 -1.348748
vt 1.705801 -1.361851
vt 1.672062 -1.348747
vt 0.317532 -1.136391
vt 0.302113 -1.139206
vt 0.317532 -1.139206
vt 0.302113 -1.136391
vt 0.317532 -1.107704
vt 0.302112 -1.107704
vt 0.317532 -1.145130
vt 0.326271 -1.145130
vt 0.323456 -1.142621
vt 0.317533 -1.174478
vt 1.563241 -1.403761
vt 1.525360 -1.403757
vt 1.522835 -1.419807
vt 0.976244 -1.227826
vt 0.976234 -1.255205
vt 0.976275 -1.200893
vt 0.976331 -1.174843
vt 0.976407 -1.150099
vt 0.976430 -1.126790
vt 0.976250 -1.117190
vt 0.979764 -1.110852
vt 0.973372 -1.106781
vt 0.966048 -1.094005
vt 0.951533 -1.074256
vt 0.936000 -1.058153
vt 0.976145 -1.111618
vt 0.919820 -1.045637
vt 0.903366 -1.036786
vt 0.890507 -1.032650
vt 0.870468 -1.029823
vt 0.850665 -1.032650
vt 0.837570 -1.036785
vt 0.821116 -1.045637
vt 1.522835 -1.442069
vt 1.574512 -1.451361
vt 1.574512 -1.428919
vt 1.670899 -1.428918
vt 1.670899 -1.451360
vt 0.976065 -1.433649
vt 0.976480 -1.428593
vt 0.976895 -1.423536
vt 0.976758 -1.404456
vt 0.976570 -1.383401
vt 0.976428 -1.360322
vt 0.976333 -1.335567
vt 0.976275 -1.309516
vt 0.976244 -1.282583
vt 1.624362 -1.567167
vt 1.849850 -1.566757
vt 1.832627 -1.554862
vt 1.641402 -1.555161
vt 1.797093 -1.537981
vt 1.676884 -1.538168
vt 1.716473 -1.528834
vt 1.757475 -1.528770
vt 1.676956 -1.643252
vt 1.757561 -1.652524
vt 1.716560 -1.652524
vt 1.797165 -1.643252
vt 1.641448 -1.626315
vt 1.832673 -1.626315
vt 1.624615 -1.614608
vt 1.849744 -1.614580
vt 0.883359 -1.621649
vt 0.880493 -1.621649
vt 0.895501 -1.641268
vt 0.880493 -1.641268
vt 0.883359 -1.650090
vt 0.890863 -1.655541
vt 0.900138 -1.655541
vt 0.907642 -1.650090
vt 0.910508 -1.641268
vt 0.910508 -1.621649
vt 0.907642 -1.621649
vt 0.904322 -1.621649
vt 0.900138 -1.621649
vt 0.895501 -1.621649
vt 0.890863 -1.621649
vt 0.886679 -1.621649
vt 1.273663 0.818391
vt 1.314568 0.823111
vt 1.314568 0.823952
vt 1.314568 0.822178
vt 1.314568 0.821246
vt 1.314568 0.820404
vt 1.314568 0.819737
vt 1.314568 0.818895
vt 1.314568 0.817963
vt 1.314568 0.817030
vt 1.314568 0.816189
vt 1.314568 0.815521
vt 1.314568 0.814680
vt 1.314568 0.813747
vt 1.314568 0.812815
vt 1.273662 0.809532
vt 1.314568 0.811974
vt 1.314568 0.811306
vt 1.314568 0.810465
vt 1.314568 0.809532
vt 1.314568 0.808599
vt 1.314568 0.807758
vt 1.314568 0.807091
vt 0.279907 -1.699935
vt 1.829401 -1.012373
vt 1.809748 -1.023629
vt 1.791136 -1.039077
vt 1.773881 -1.057576
vt 1.758279 -1.079388
vt 1.744495 -1.103796
vt 1.996440 -1.103796
vt 1.982656 -1.079388
vt 1.967055 -1.057576
vt 1.949800 -1.039076
vt 1.931187 -1.023627
vt 1.911534 -1.012372
vt 1.891178 -1.005541
vt 1.870467 -1.003252
vt 1.849757 -1.005542
vt 0.321815 -1.438986
vt 0.306372 -1.438986
vt 0.321815 -1.450207
vt 0.317592 -1.454430
vt 0.312271 -1.457141
vt 0.306372 -1.458076
vt 0.300473 -1.457141
vt 0.295151 -1.454430
vt 0.290928 -1.450207
vt 0.290928 -1.438986
vt 0.290928 -1.427766
vt 0.295151 -1.423542
vt 0.300473 -1.420831
vt 0.306372 -1.419897
vt 0.312270 -1.420831
vt 0.317592 -1.423542
vt 0.321815 -1.427766
vt 1.744352 -1.336240
vt 1.744400 -1.361253
vt 1.744462 -1.384435
vt 1.744536 -1.405387
vt 1.744620 -1.423750
vt 1.744462 -1.124794
vt 1.744400 -1.147975
vt 1.744352 -1.172989
vt 1.744318 -1.199406
vt 1.744297 -1.226771
vt 1.744290 -1.254614
vt 1.744297 -1.282458
vt 1.744318 -1.309824
vt 0.445787 -1.386889
vt 0.480496 -1.375669
vt 0.445787 -1.375669
vt 0.480496 -1.386889
vt 0.480496 -1.398110
vt 0.445787 -1.398110
vt 1.996639 -1.226771
vt 1.996618 -1.199406
vt 1.996584 -1.172989
vt 1.996536 -1.147975
vt 1.996474 -1.124794
vt 1.996316 -1.423750
vt 1.996400 -1.405387
vt 1.996474 -1.384435
vt 1.996535 -1.361253
vt 1.996584 -1.336240
vt 1.996618 -1.309824
vt 1.996639 -1.282458
vt 1.996646 -1.254615
vt 0.480496 -1.341823
vt 0.445787 -1.341823
vt 0.445787 -1.347526
vt 0.480496 -1.347526
vt 0.445787 -1.352847
vt 0.480496 -1.352847
vt 0.445787 -1.358746
vt 0.480496 -1.358746
vt 0.445787 -1.364645
vt 0.480496 -1.364645
vt 0.480496 -1.369967
vt 0.445787 -1.369967
vt 1.684744 -1.703642
vt 1.684744 -1.671236
vt 1.678343 -1.671236
vt 1.672322 -1.674713
vt 1.674867 -1.672168
vt 0.082403 -1.172303
vt 0.092660 -1.162045
vt 0.079258 -1.167597
vt 0.078154 -1.162045
vt 0.079258 -1.156494
vt 0.082403 -1.151788
vt 0.087109 -1.148643
vt 0.092660 -1.147539
vt 0.098211 -1.148643
vt 0.102917 -1.151788
vt 0.106062 -1.156494
vt 0.107166 -1.162045
vt 0.106062 -1.167597
vt 0.102917 -1.172303
vt 0.098211 -1.175447
vt 0.092660 -1.176551
vt 0.087109 -1.175447
vt 0.445787 -1.330603
vt 0.480496 -1.319382
vt 0.445787 -1.319382
vt 0.480497 -1.330603
vt 0.353291 -1.213761
vt 0.357554 -1.224018
vt 0.356436 -1.218467
vt 0.343034 -1.209498
vt 0.348585 -1.210616
vt 0.480496 -1.313046
vt 0.445787 -1.313046
vt 0.445787 -1.307724
vt 0.480497 -1.307724
vt 0.480497 -1.301826
vt 0.445787 -1.301826
vt 0.480497 -1.295927
vt 0.445787 -1.295927
vt 0.480497 -1.290605
vt 0.445787 -1.290605
vt 0.445787 -1.285114
vt 0.480497 -1.285114
vt 0.118624 -1.211016
vt 0.118625 -1.371686
vt 0.112940 -1.211016
vt 0.112940 -1.371686
vt 0.107322 -1.211016
vt 0.107322 -1.371686
vt 0.353376 -1.365880
vt 0.343119 -1.370143
vt 0.348670 -1.369025
vt 0.357638 -1.355623
vt 0.356521 -1.361174
vt 0.297131 -1.401955
vt 0.296660 -1.398981
vt 0.290839 -1.398981
vt 0.297131 -1.396007
vt 0.290839 -1.387761
vt 0.298498 -1.393325
vt 0.295063 -1.383537
vt 0.300627 -1.391196
vt 0.303309 -1.389829
vt 0.300384 -1.380826
vt 0.306283 -1.389358
vt 0.306283 -1.379892
vt 0.312182 -1.380826
vt 0.309257 -1.389829
vt 0.317504 -1.383538
vt 0.311939 -1.391196
vt 0.314068 -1.393325
vt 0.321727 -1.387761
vt 0.315435 -1.396008
vt 0.321727 -1.398981
vt 0.315906 -1.398981
vt 0.315435 -1.401955
vt 0.321727 -1.410202
vt 0.314068 -1.404637
vt 0.317503 -1.414424
vt 0.311939 -1.406766
vt 0.309257 -1.408133
vt 0.312182 -1.417136
vt 0.306283 -1.408604
vt 0.306283 -1.418070
vt 0.300384 -1.417136
vt 0.303309 -1.408133
vt 0.295062 -1.414424
vt 0.300627 -1.406766
vt 0.298498 -1.404637
vt 0.290839 -1.410201
vt 1.359571 0.598285
vt 1.444632 0.598284
vt 1.359571 0.604420
vt 1.444632 0.604420
vt 1.444632 0.611222
vt 1.359571 0.611222
vt 1.444632 0.618023
vt 1.359571 0.618023
vt 1.444632 0.624159
vt 1.359571 0.624159
vt 0.272338 -1.211015
vt 0.272339 -1.371686
vt 0.266948 -1.211015
vt 0.266949 -1.371686
vt 0.261331 -1.371686
vt 0.261331 -1.211015
vt 0.050995 -1.269243
vt 0.071079 -1.269246
vt 0.050995 -1.271524
vt 0.071079 -1.271527
vt 0.050994 -1.273699
vt 0.071078 -1.273702
vt 0.963824 -1.404201
vt 0.931822 -1.404200
vt 0.835435 -1.404200
vt 0.786282 -1.404199
vt 1.444632 0.662976
vt 1.359571 0.715305
vt 1.444632 0.695720
vt 0.693419 -1.403777
vt 0.679310 -1.403775
vt 0.706810 -1.406733
vt 0.702902 -1.403778
vt 1.109656 -1.196496
vt 1.109643 -1.167706
vt 1.118373 -1.172127
vt 1.144149 -1.162586
vt 1.234221 -1.162585
vt 1.261582 -1.172127
vt 1.270313 -1.167706
vt 1.270299 -1.196496
vt 1.261582 -1.196496
vt 1.269181 -1.202048
vt 1.261140 -1.198717
vt 1.266037 -1.206754
vt 1.259882 -1.200599
vt 1.261331 -1.209898
vt 1.258000 -1.201857
vt 1.255779 -1.202299
vt 1.124176 -1.202299
vt 1.118624 -1.209898
vt 1.121955 -1.201857
vt 1.120073 -1.200599
vt 1.113918 -1.206753
vt 1.118815 -1.198716
vt 1.110774 -1.202047
vt 1.118373 -1.196496
vt 1.343034 -1.209574
vt 1.309123 -1.244068
vt 1.314245 -1.209561
vt 1.309123 -1.334140
vt 1.343035 -1.370217
vt 1.357554 -1.355698
vt 1.314245 -1.370231
vt 1.357554 -1.224094
vt 0.525360 -1.403757
vt 0.522835 -1.419807
vt 0.563241 -1.403761
vt 0.306071 -1.691181
vt 0.298386 -1.698213
vt 0.311482 -1.700201
vt 0.307140 -1.628156
vt 0.947382 -1.284318
vt 0.971327 -1.284319
vt 0.141401 -1.691180
vt 0.140330 -1.628156
vt 0.149086 -1.698212
vt 0.135991 -1.700201
vt 0.947384 -1.164479
vt 0.971329 -1.111945
vt 0.947384 -1.106133
vt 0.971329 -1.164479
vt 0.167564 -1.699934
vt 0.561182 -1.262775
vt 0.561182 -1.312837
vt 0.613716 -1.296709
vt 0.613716 -1.262774
vt 0.672062 -1.262775
vt 0.672062 -1.312837
vt 0.613716 -1.216450
vt 0.672062 -1.248004
vt 0.672062 -1.216450
vt 0.613716 -1.248004
vt 0.561182 -1.216450
vt 0.561182 -1.248004
vt 0.613716 -1.164773
vt 0.518937 -1.151666
vt 0.561182 -1.164773
vt 0.718895 -1.146777
vt 0.672062 -1.164773
vt 0.413503 0.003973
vt 0.392773 0.011803
vt 0.392773 0.004155
vt 0.413503 0.011985
vt 0.436083 0.003595
vt 0.436083 0.012364
vt 0.458628 0.004229
vt 0.458628 0.011729
vt 0.472071 0.005666
vt 0.472071 0.010292
vt 0.613716 -1.348747
vt 0.705801 -1.361851
vt 0.672062 -1.348747
vt 0.518936 -1.361853
vt 0.561182 -1.348748
vt 1.323456 -1.142621
vt 1.326272 -1.145130
vt 0.670899 -1.428918
vt 0.670899 -1.451360
vt 0.574512 -1.451361
vt 0.574512 -1.428919
vt 0.522835 -1.442069
vt 1.273579 -1.204506
vt 1.314414 -1.207566
vt 1.314414 -1.208092
vt 1.314414 -1.206903
vt 1.314414 -1.206167
vt 1.314414 -1.205432
vt 1.314414 -1.204769
vt 1.314414 -1.204243
vt 1.314414 -1.203580
vt 1.314414 -1.202845
vt 1.314414 -1.202110
vt 1.314414 -1.201447
vt 1.314414 -1.200920
vt 1.314414 -1.200257
vt 1.273579 -1.197521
vt 1.314414 -1.199522
vt 1.314414 -1.198787
vt 1.314414 -1.198124
vt 1.314414 -1.197598
vt 1.314414 -1.196935
vt 1.314414 -1.196199
vt 1.314414 -1.195464
vt 1.314414 -1.194801
vt 1.321815 -1.438986
vt 1.321815 -1.450207
vt 1.306372 -1.438986
vt 1.317592 -1.454430
vt 1.312271 -1.457141
vt 1.306372 -1.458076
vt 1.300473 -1.457141
vt 1.295151 -1.454430
vt 1.290928 -1.450207
vt 1.290928 -1.438986
vt 1.290928 -1.427766
vt 1.295151 -1.423542
vt 1.300473 -1.420831
vt 1.306372 -1.419897
vt 1.312271 -1.420831
vt 1.317592 -1.423542
vt 1.321815 -1.427766
vt 1.445787 -1.386889
vt 1.480496 -1.398110
vt 1.445787 -1.398110
vt 1.480496 -1.386889
vt 1.480496 -1.375669
vt 1.445787 -1.375669
vt 0.900875 -1.204680
vt 0.941093 -1.178217
vt 0.900890 -1.178218
vt 0.941108 -1.204680
vt 0.676884 -1.538168
vt 0.757475 -1.528770
vt 0.716473 -1.528834
vt 0.797093 -1.537981
vt 0.641402 -1.555161
vt 0.832627 -1.554862
vt 0.624362 -1.567167
vt 0.849850 -1.566757
vt 1.480496 -1.347526
vt 1.445787 -1.347526
vt 1.445787 -1.352847
vt 1.480496 -1.352847
vt 1.445787 -1.358746
vt 1.480496 -1.358746
vt 1.445787 -1.364645
vt 1.480496 -1.364645
vt 1.480496 -1.369967
vt 1.445787 -1.369967
vt 0.612910 -1.567560
vt 0.387815 -1.567997
vt 0.404589 -1.555694
vt 0.595815 -1.555696
vt 0.560307 -1.538758
vt 0.440097 -1.538757
vt 0.520702 -1.529486
vt 0.479701 -1.529486
vt 0.479701 -1.652035
vt 0.520702 -1.652035
vt 0.560306 -1.642763
vt 0.440097 -1.642763
vt 0.404589 -1.625826
vt 0.595814 -1.625826
vt 0.387815 -1.613515
vt 0.613077 -1.613824
vt 1.353376 -1.365880
vt 1.357638 -1.355623
vt 1.356521 -1.361174
vt 1.343119 -1.370143
vt 1.348670 -1.369025
vt 0.674867 -1.672168
vt 0.672322 -1.674713
vt 0.678343 -1.671236
vt 0.684744 -1.671236
vt 0.684744 -1.703642
vt 1.353291 -1.213761
vt 1.343034 -1.209498
vt 1.348585 -1.210616
vt 1.357553 -1.224018
vt 1.356436 -1.218467
vt 0.650208 -1.671236
vt 0.653684 -1.672168
vt 0.656229 -1.674713
vt 1.051021 -1.072856
vt 1.071105 -1.072856
vt 1.071105 -1.070484
vt 1.051021 -1.070484
vt 1.051021 -1.068125
vt 1.071105 -1.068125
vt 1.082403 -1.172303
vt 1.079258 -1.167597
vt 1.092660 -1.162045
vt 1.078154 -1.162045
vt 1.079258 -1.156494
vt 1.082403 -1.151788
vt 1.087109 -1.148643
vt 1.092660 -1.147539
vt 1.098211 -1.148643
vt 1.102917 -1.151788
vt 1.106062 -1.156494
vt 1.107166 -1.162045
vt 1.106062 -1.167597
vt 1.102917 -1.172303
vt 1.098211 -1.175447
vt 1.092660 -1.176551
vt 1.087109 -1.175447
vt 0.695061 -0.577106
vt 0.687304 -0.555786
vt 0.692237 -0.576311
vt -0.110975 -0.797806
vt -0.115438 -0.820119
vt -0.115438 -0.797806
vt -0.110975 -0.820119
vt -0.110975 -0.775492
vt -0.115438 -0.775492
vt 0.226427 -0.120338
vt 0.215358 -0.177254
vt 0.226427 -0.177254
vt 0.215359 -0.117038
vt 0.215358 -0.007920
vt 0.180383 -0.068136
vt 0.215359 -0.068135
vt 0.180382 -0.007920
vt 0.318033 -0.007920
vt 0.283057 -0.068135
vt 0.318032 -0.068135
vt 0.283056 -0.007920
vt 0.283055 -0.177255
vt 0.271987 -0.120339
vt 0.271986 -0.177255
vt 0.283056 -0.117040
vt 0.219250 -0.106687
vt 0.226428 -0.116763
vt 0.230108 -0.116763
vt 0.215359 -0.106687
vt 0.271987 -0.116763
vt 0.279165 -0.106687
vt 0.268306 -0.116763
vt 0.283056 -0.106687
vt 0.298314 -0.300145
vt 0.295114 -0.303509
vt 0.298314 -0.303510
vt 0.295114 -0.300145
vt 0.059170 -0.002452
vt 0.066689 -0.074027
vt 0.066689 -0.001663
vt 0.059458 -0.076234
vt 0.066689 -0.194966
vt 0.059129 -0.194966
vt 0.223173 -0.232616
vt 0.145550 -0.311697
vt 0.223172 -0.311698
vt 0.145551 -0.232615
vt 0.150831 -0.200529
vt 0.217894 -0.200529
vt 0.208609 -0.093631
vt 0.176522 -0.194966
vt 0.208608 -0.194967
vt 0.176522 -0.084266
vt 0.002445 -0.093630
vt 0.034532 -0.194966
vt 0.034532 -0.084266
vt 0.002445 -0.194966
vt 0.034532 -0.005184
vt 0.037800 -0.348787
vt 0.037322 -0.345219
vt 0.037322 -0.348584
vt 0.037800 -0.345016
vt 0.305558 0.165354
vt 0.306187 0.161193
vt 0.306188 0.166150
vt 0.305557 0.161989
vt 0.860935 -0.596521
vt 0.865710 -0.635069
vt 0.865710 -0.596521
vt 0.860931 -0.635069
vt 0.865710 -0.791650
vt 0.860935 -0.791650
vt 0.836778 -0.791650
vt 0.832003 -0.635069
vt 0.832000 -0.791650
vt 0.836782 -0.635069
vt 0.860939 -0.591739
vt 0.844250 -0.596521
vt 0.844246 -0.591739
vt 0.889859 -0.635069
vt 0.896690 -0.616344
vt 0.880824 -0.596521
vt 0.896690 -0.635069
vt 0.889859 -0.791650
vt 0.860939 -0.796431
vt 0.836775 -0.796431
vt 0.998663 -0.112800
vt 0.998663 -0.107942
vt 0.994427 -0.107949
vt 0.994427 -0.112805
vt 0.994427 -0.120943
vt 0.998663 -0.120935
vt 0.998663 -0.182948
vt 0.994427 -0.182948
vt 0.998663 -0.190532
vt 0.994427 -0.190532
vt 0.994427 -0.206673
vt 0.990182 -0.206673
vt 0.990182 -0.190532
vt 0.985935 -0.190532
vt 0.990182 -0.182948
vt 0.985936 -0.182948
vt 0.985936 -0.120943
vt 0.981701 -0.182948
vt 0.981701 -0.120935
vt 0.981701 -0.112800
vt 0.985936 -0.112805
vt 0.990183 -0.120950
vt 0.990183 -0.112812
vt 0.998663 -0.206673
vt 0.985936 -0.206673
vt 0.981701 -0.190532
vt 0.981701 -0.206673
vt 0.990183 -0.107955
vt 0.985936 -0.107949
vt 0.981701 -0.107942
vt 0.981701 -0.097085
vt 0.985936 -0.097091
vt 0.990183 -0.097098
vt 0.994427 -0.097091
vt 0.998663 -0.097085
vt 0.943777 -0.525392
vt 0.943779 -0.528533
vt 0.946201 -0.528542
vt 0.941380 -0.521551
vt 0.943777 -0.521540
vt 0.941376 -0.525394
vt 0.941377 -0.528549
vt 0.941360 -0.581026
vt 0.943800 -0.581048
vt 0.941359 -0.585171
vt 0.943802 -0.585171
vt 0.943800 -0.589343
vt 0.946199 -0.585172
vt 0.946192 -0.589356
vt 0.948283 -0.585163
vt 0.948282 -0.589381
vt 0.950329 -0.585160
vt 0.950330 -0.589407
vt 0.952678 -0.585156
vt 0.952678 -0.589420
vt 0.955065 -0.589407
vt 0.950332 -0.580933
vt 0.952683 -0.580910
vt 0.948285 -0.580983
vt 0.946199 -0.581030
vt 0.955073 -0.585156
vt 0.955075 -0.580928
vt 0.955099 -0.528601
vt 0.952747 -0.528612
vt 0.950375 -0.528597
vt 0.948307 -0.528569
vt 0.957159 -0.528569
vt 0.957169 -0.580971
vt 0.955101 -0.525379
vt 0.952751 -0.525378
vt 0.950378 -0.525383
vt 0.948308 -0.525385
vt 0.946202 -0.525394
vt 0.948308 -0.521563
vt 0.946201 -0.521546
vt 0.948262 -0.219119
vt 0.946042 -0.219119
vt 0.957159 -0.525381
vt 0.954915 -0.219119
vt 0.957159 -0.521560
vt 0.957133 -0.219119
vt 0.955099 -0.521580
vt 0.952749 -0.521587
vt 0.950380 -0.521581
vt 0.952697 -0.219119
vt 0.950478 -0.219119
vt 0.943825 -0.219119
vt 0.941607 -0.219119
vt 0.939388 -0.219119
vt 0.939362 -0.521571
vt 0.939362 -0.525392
vt 0.939358 -0.528579
vt 0.939310 -0.580980
vt 0.939304 -0.585167
vt 0.941364 -0.589357
vt 0.941507 -0.725647
vt 0.943743 -0.725647
vt 0.939303 -0.589390
vt 0.939270 -0.725646
vt 0.945979 -0.725647
vt 0.948214 -0.725647
vt 0.950446 -0.725648
vt 0.952681 -0.725647
vt 0.954917 -0.725647
vt 0.957153 -0.725647
vt 0.957169 -0.589381
vt 0.957171 -0.585160
vt 0.998800 -0.532905
vt 0.998800 -0.525648
vt 0.996661 -0.525648
vt 0.996661 -0.532905
vt 0.998820 -0.468101
vt 0.996707 -0.468101
vt 0.992399 -0.468101
vt 0.992381 -0.525648
vt 0.992381 -0.532905
vt 0.988103 -0.521566
vt 0.988057 -0.468101
vt 0.988103 -0.525648
vt 0.988103 -0.532905
vt 0.992381 -0.597098
vt 0.996661 -0.597098
vt 0.998800 -0.597098
vt 0.988103 -0.597098
vt -0.048497 -0.775492
vt -0.052960 -0.797806
vt -0.052960 -0.775492
vt -0.048497 -0.797806
vt -0.044034 -0.775492
vt -0.044034 -0.797806
vt -0.039572 -0.775492
vt -0.039572 -0.797806
vt -0.035109 -0.775492
vt -0.035109 -0.797806
vt -0.030646 -0.775492
vt -0.030646 -0.797806
vt -0.026184 -0.775492
vt -0.026184 -0.797806
vt 0.144365 -0.074027
vt 0.151884 -0.002452
vt 0.144365 -0.001663
vt 0.151596 -0.076234
vt 0.144365 -0.194967
vt 0.151924 -0.194966
vt 0.176522 -0.005185
vt 0.145523 -0.336335
vt 0.223199 -0.336336
vt 0.145523 -0.343854
vt 0.223199 -0.343854
vt 0.990195 -0.701245
vt 0.994474 -0.701245
vt 0.994474 -0.631535
vt 0.998754 -0.631535
vt 0.994474 -0.624278
vt 0.998754 -0.624278
vt 0.998754 -0.701245
vt 0.988056 -0.631535
vt 0.988056 -0.701245
vt 0.990195 -0.631535
vt 0.990195 -0.624278
vt 0.990175 -0.598604
vt 0.994521 -0.598604
vt 0.998774 -0.598604
vt 0.988056 -0.624278
vt 0.988009 -0.598604
vt 0.035930 -0.349427
vt 0.907470 -0.031574
vt 0.902147 -0.110795
vt 0.907471 -0.110795
vt 0.902146 -0.031574
vt 0.516781 -0.072795
vt 0.516793 -0.222563
vt 0.548300 -0.167392
vt 0.548300 -0.121998
vt 0.544528 -0.072795
vt 0.548301 -0.072795
vt 0.544529 -0.010427
vt 0.548302 -0.010427
vt 0.667358 -0.004777
vt 0.869185 -0.067141
vt 0.869184 -0.004773
vt 0.667364 -0.067145
vt 0.486293 -0.067145
vt 0.342703 -0.004775
vt 0.342702 -0.067143
vt 0.544529 -0.004777
vt 0.493193 -0.067145
vt 0.544528 -0.067145
vt 0.035931 -0.344376
vt 0.706858 -0.254032
vt 0.706859 -0.286008
vt 0.706858 -0.307371
vt 0.706858 -0.339347
vt 0.908685 -0.339347
vt 0.912458 -0.336748
vt 0.912458 -0.256631
vt 0.938426 -0.307053
vt 0.930041 -0.256631
vt 0.938425 -0.286327
vt 0.930041 -0.336748
vt 0.908685 -0.254032
vt 0.318599 -0.380289
vt 0.346359 -0.399692
vt 0.376834 -0.406443
vt 0.417910 -0.409646
vt 0.520425 -0.380289
vt 0.456184 -0.406265
vt 0.491936 -0.399248
vt 0.725604 -0.072802
vt 0.695129 -0.072798
vt 0.695116 -0.222565
vt 0.725584 -0.241012
vt 0.766680 -0.072807
vt 0.869180 -0.197136
vt 0.869195 -0.072819
vt 0.840706 -0.072816
vt 0.840688 -0.221178
vt 0.804954 -0.072811
vt 0.804934 -0.241952
vt 0.766658 -0.250665
vt 0.745600 -0.247997
vt 0.787718 -0.248049
vt 0.037299 -0.273471
vt 0.035937 -0.274404
vt 0.037929 -0.274267
vt 0.646002 -0.010427
vt 0.663586 -0.072794
vt 0.663585 -0.010427
vt 0.646003 -0.072795
vt 0.646003 -0.121998
vt 0.663588 -0.121997
vt 0.648491 -0.167392
vt 0.663586 -0.167392
vt 0.035936 -0.278904
vt 0.055909 -0.264675
vt 0.037930 -0.269310
vt 0.055908 -0.271791
vt 0.055907 -0.278906
vt 0.055907 -0.285537
vt 0.035935 -0.285535
vt 0.035935 -0.289904
vt 0.055906 -0.289906
vt 0.055906 -0.295600
vt 0.035934 -0.295598
vt 0.055905 -0.302231
vt 0.035934 -0.302229
vt 0.055904 -0.309347
vt 0.035933 -0.309345
vt 0.035932 -0.316460
vt 0.055904 -0.316463
vt 0.055903 -0.323093
vt 0.035932 -0.323091
vt 0.055902 -0.328787
vt 0.035931 -0.328785
vt 0.035931 -0.333155
vt 0.055902 -0.333156
vt 0.055902 -0.339786
vt 0.035931 -0.339786
vt 0.055902 -0.346902
vt 0.055902 -0.354017
vt 0.035931 -0.354017
vt 0.035930 -0.360648
vt 0.055902 -0.360648
vt 0.518085 -0.374177
vt 0.489596 -0.355218
vt 0.453844 -0.348201
vt 0.415570 -0.344820
vt 0.374494 -0.374177
vt 0.374494 -0.348023
vt 0.902145 -0.005167
vt 0.907469 -0.005167
vt 0.342088 -0.197049
vt 0.370578 -0.072733
vt 0.342088 -0.072733
vt 0.370578 -0.221095
vt 0.406329 -0.072733
vt 0.406329 -0.241874
vt 0.444604 -0.072733
vt 0.444604 -0.250591
vt 0.485680 -0.240943
vt 0.465662 -0.247925
vt 0.485680 -0.072733
vt 0.423545 -0.247973
vt 0.594991 -0.628273
vt 0.595481 -0.477896
vt 0.579045 -0.483643
vt 0.616787 -0.477874
vt 0.617598 -0.628249
vt 0.633235 -0.483585
vt 0.645857 -0.493199
vt 0.651389 -0.503896
vt 0.651522 -0.628212
vt 0.651588 -0.690581
vt 0.617664 -0.690617
vt 0.595057 -0.690641
vt 0.561134 -0.690677
vt 0.561067 -0.628309
vt 0.560935 -0.503993
vt 0.566443 -0.493284
vt 0.493218 -0.072795
vt 0.493218 -0.236770
vt 0.563398 -0.167392
vt 0.565884 -0.121998
vt 0.565884 -0.072795
vt 0.565885 -0.010427
vt 0.932854 -0.842262
vt 0.923945 -0.805692
vt 0.923933 -0.842261
vt 0.932866 -0.805693
vt 0.951706 -0.858906
vt 0.960452 -0.895467
vt 0.960449 -0.858904
vt 0.951709 -0.895470
vt 0.946491 -0.805699
vt 0.946487 -0.842265
vt 0.885588 -0.826152
vt 0.922150 -0.809496
vt 0.885584 -0.809504
vt 0.922156 -0.826141
vt 0.905589 -0.669631
vt 0.937398 -0.649093
vt 0.905664 -0.649033
vt 0.937322 -0.669667
vt 0.937317 -0.677035
vt 0.905583 -0.677018
vt 0.905480 -0.719298
vt 0.937209 -0.725794
vt 0.937214 -0.719318
vt 0.905473 -0.725763
vt 0.905493 -0.782975
vt 0.905504 -0.803639
vt 0.937234 -0.803692
vt 0.937224 -0.783028
vt 0.937201 -0.733178
vt 0.905466 -0.733136
vt 0.971055 -0.043449
vt 0.966746 -0.035984
vt 0.966748 -0.043432
vt 0.971056 -0.036003
vt 0.962464 -0.035966
vt 0.962463 -0.043417
vt 0.962463 -0.004139
vt 0.966775 -0.004121
vt 0.971056 -0.004104
vt 0.966700 -0.262561
vt 0.971056 -0.262566
vt 0.971058 -0.178196
vt 0.966700 -0.178202
vt 0.962464 -0.262555
vt 0.962464 -0.178205
vt 0.966700 -0.169334
vt 0.962464 -0.169339
vt 0.962432 -0.130712
vt 0.966726 -0.130708
vt 0.966726 -0.121629
vt 0.971086 -0.121621
vt 0.966725 -0.082571
vt 0.971086 -0.082588
vt 0.966726 -0.072729
vt 0.971086 -0.072747
vt 0.962432 -0.072712
vt 0.962432 -0.121634
vt 0.962432 -0.082556
vt 0.971086 -0.130703
vt 0.971056 -0.169329
vt 0.829952 -0.616344
vt 0.829952 -0.635069
vt 0.977498 -0.742465
vt 0.979590 -0.800010
vt 0.979611 -0.742464
vt 0.977452 -0.800010
vt 0.979591 -0.807268
vt 0.977452 -0.807268
vt 0.977451 -0.911914
vt 0.979590 -0.911914
vt 0.994538 -0.339669
vt 0.994563 -0.301337
vt 0.990240 -0.301342
vt 0.994563 -0.292538
vt 0.990240 -0.292542
vt 0.985918 -0.292538
vt 0.985918 -0.301337
vt 0.990210 -0.387425
vt 0.994538 -0.397210
vt 0.994538 -0.387442
vt 0.994538 -0.348683
vt 0.990211 -0.348688
vt 0.990211 -0.339676
vt 0.985945 -0.339669
vt 0.981749 -0.339665
vt 0.981716 -0.301331
vt 0.981716 -0.292532
vt 0.981716 -0.208820
vt 0.985918 -0.208816
vt 0.990240 -0.208810
vt 0.994563 -0.208816
vt 0.998767 -0.208820
vt 0.998765 -0.292532
vt 0.998765 -0.301331
vt 0.998798 -0.339665
vt 0.998798 -0.348676
vt 0.998798 -0.387459
vt 0.998798 -0.397227
vt 0.994517 -0.426285
vt 0.990240 -0.426270
vt 0.994517 -0.433678
vt 0.990240 -0.433661
vt 0.994491 -0.465298
vt 0.990240 -0.465316
vt 0.998767 -0.426302
vt 0.998767 -0.433695
vt 0.998765 -0.465283
vt 0.990210 -0.397193
vt 0.985945 -0.397210
vt 0.985966 -0.426285
vt 0.985966 -0.433678
vt 0.985993 -0.465298
vt 0.981716 -0.465283
vt 0.981716 -0.433695
vt 0.981716 -0.426302
vt 0.981749 -0.397227
vt 0.985945 -0.387442
vt 0.985945 -0.348683
vt 0.981749 -0.387459
vt 0.981749 -0.348676
vt 0.966753 -0.807268
vt 0.971033 -0.911914
vt 0.971033 -0.807268
vt 0.966753 -0.911913
vt 0.962473 -0.807267
vt 0.962474 -0.911914
vt 0.973173 -0.911914
vt 0.973173 -0.807268
vt 0.971032 -0.800010
vt 0.966754 -0.800010
vt 0.962474 -0.800010
vt 0.966708 -0.742465
vt 0.962494 -0.742465
vt 0.971013 -0.742465
vt 0.973172 -0.800010
vt 0.973190 -0.742465
vt 0.981645 -0.079678
vt 0.981645 -0.095820
vt 0.985881 -0.095820
vt 0.985881 -0.072096
vt 0.981645 -0.072096
vt 0.985881 -0.079678
vt 0.990124 -0.095820
vt 0.998605 -0.079678
vt 0.994369 -0.095820
vt 0.998605 -0.095820
vt 0.994369 -0.079678
vt 0.990124 -0.079678
vt 0.990124 -0.072096
vt 0.985881 -0.025553
vt 0.981644 -0.025547
vt 0.981644 -0.017410
vt 0.985881 -0.017416
vt 0.985881 -0.001702
vt 0.990124 -0.001709
vt 0.990124 -0.017423
vt 0.994369 -0.017416
vt 0.990124 -0.025560
vt 0.994369 -0.025553
vt 0.981643 -0.001696
vt 0.994369 -0.072096
vt 0.998605 -0.072096
vt 0.998605 -0.025547
vt 0.998605 -0.017410
vt 0.994369 -0.001702
vt 0.998605 -0.001696
vt 0.962310 -0.322589
vt 0.966630 -0.314613
vt 0.962310 -0.314613
vt 0.966631 -0.322589
vt 0.966545 -0.264235
vt 0.962344 -0.264235
vt 0.970917 -0.264235
vt 0.970949 -0.314613
vt 0.970949 -0.322589
vt 0.970950 -0.393254
vt 0.966630 -0.393254
vt 0.962310 -0.393254
vt 0.981638 -0.624278
vt 0.983758 -0.598604
vt 0.981656 -0.598604
vt 0.983777 -0.624278
vt 0.981638 -0.631535
vt 0.983777 -0.631535
vt 0.983777 -0.701245
vt 0.981638 -0.701245
vt 0.973198 -0.646209
vt 0.977399 -0.646209
vt 0.977399 -0.638740
vt 0.977399 -0.739943
vt 0.973198 -0.739943
vt 0.968996 -0.646209
vt 0.968996 -0.739943
vt 0.964795 -0.739943
vt 0.964795 -0.646209
vt 0.968996 -0.638740
vt 0.964795 -0.638740
vt 0.964847 -0.595553
vt 0.968969 -0.595553
vt 0.973144 -0.595553
vt 0.973198 -0.638740
vt 0.977425 -0.595553
vt 0.843322 -0.936278
vt 0.853194 -0.884540
vt 0.843320 -0.884566
vt 0.853196 -0.936257
vt 0.863052 -0.936257
vt 0.872923 -0.884556
vt 0.863050 -0.884540
vt 0.872928 -0.936279
vt 0.833501 -0.936280
vt 0.843307 -0.946136
vt 0.833522 -0.946138
vt 0.833499 -0.884557
vt 0.843320 -0.874713
vt 0.833536 -0.874694
vt 0.522836 -0.579128
vt 0.533556 -0.596882
vt 0.546730 -0.595394
vt 0.533424 -0.573500
vt 0.507548 -0.559359
vt 0.517674 -0.551564
vt 0.492112 -0.543324
vt 0.500563 -0.533994
vt 0.474743 -0.529436
vt 0.481421 -0.518897
vt 0.457717 -0.519754
vt 0.461876 -0.508466
vt 0.440128 -0.514089
vt 0.441429 -0.502382
vt 0.421480 -0.513428
vt 0.421792 -0.500507
vt 0.402155 -0.502382
vt 0.403608 -0.514988
vt 0.381721 -0.508448
vt 0.384917 -0.519679
vt 0.362163 -0.518897
vt 0.367920 -0.528419
vt 0.342597 -0.533800
vt 0.349502 -0.541303
vt 0.335062 -0.557472
vt 0.325910 -0.551564
vt 0.321928 -0.576511
vt 0.309695 -0.573422
vt 0.296454 -0.596715
vt 0.310367 -0.596882
vt 0.310169 -0.619050
vt 0.296642 -0.616432
vt 0.415978 -0.686589
vt 0.423594 -0.676260
vt 0.416026 -0.676225
vt 0.423547 -0.686607
vt 0.424043 -0.694216
vt 0.416475 -0.703876
vt 0.424043 -0.703876
vt 0.416475 -0.694216
vt 0.415978 -0.693293
vt 0.423547 -0.693293
vt 0.818363 -0.565783
vt 0.845692 -0.578111
vt 0.845689 -0.565776
vt 0.818366 -0.578118
vt 0.845694 -0.587900
vt 0.818368 -0.587907
vt 0.818340 -0.454503
vt 0.845666 -0.464291
vt 0.845666 -0.454503
vt 0.818340 -0.464293
vt 0.845668 -0.476624
vt 0.818343 -0.476630
vt 0.845671 -0.490298
vt 0.818345 -0.490303
vt 0.845674 -0.503971
vt 0.818348 -0.503976
vt 0.845676 -0.516306
vt 0.818351 -0.516311
vt 0.845678 -0.526095
vt 0.818353 -0.526101
vt 0.845682 -0.538429
vt 0.818356 -0.538436
vt 0.845685 -0.552103
vt 0.818359 -0.552109
vt 0.818345 -0.340679
vt 0.845670 -0.353017
vt 0.845671 -0.340682
vt 0.818344 -0.353014
vt 0.845669 -0.366690
vt 0.818343 -0.366688
vt 0.845667 -0.380364
vt 0.818341 -0.380361
vt 0.845666 -0.392698
vt 0.818340 -0.392697
vt 0.845666 -0.402486
vt 0.818340 -0.402486
vt 0.845666 -0.414822
vt 0.818340 -0.414822
vt 0.845666 -0.428495
vt 0.818340 -0.428495
vt 0.845666 -0.442168
vt 0.818340 -0.442168
vt 0.009563 -0.616514
vt 0.022943 -0.639212
vt 0.022943 -0.618047
vt 0.009760 -0.641026
vt 0.142371 -1.997423
vt 0.108239 -1.976244
vt 0.108225 -1.997400
vt 0.142385 -1.976267
vt 0.257850 -1.997506
vt 0.230080 -1.976330
vt 0.230065 -1.997486
vt 0.257866 -1.976350
vt 0.025219 -1.997355
vt 0.016571 -1.976193
vt 0.016557 -1.997349
vt 0.025233 -1.976199
vt 0.087311 -1.997386
vt 0.074319 -1.976222
vt 0.074305 -1.997378
vt 0.087325 -1.976230
vt 0.875083 -0.343542
vt 0.868791 -0.555574
vt 0.875082 -0.555573
vt 0.868792 -0.343542
vt 0.862285 -0.555574
vt 0.862286 -0.343542
vt 0.855779 -0.555573
vt 0.855781 -0.343542
vt 0.931462 -0.343542
vt 0.926699 -0.555574
vt 0.931462 -0.555574
vt 0.926699 -0.343542
vt 0.920193 -0.555574
vt 0.920193 -0.343542
vt 0.913687 -0.555574
vt 0.913687 -0.343542
vt 0.907397 -0.555574
vt 0.907397 -0.343542
vt 0.900891 -0.555574
vt 0.900891 -0.343542
vt 0.894384 -0.555574
vt 0.894385 -0.343542
vt 0.888094 -0.555574
vt 0.888095 -0.343542
vt 0.881588 -0.555573
vt 0.881589 -0.343542
vt 0.315912 -1.039572
vt 0.272261 -1.032273
vt 0.272261 -1.039572
vt 0.315912 -1.032273
vt 0.315912 -1.046871
vt 0.272261 -1.046871
vt 0.315912 -1.054170
vt 0.272261 -1.054170
vt 0.315912 -1.061469
vt 0.272261 -1.061469
vt 0.315912 -1.068768
vt 0.272261 -1.068768
vt 0.315912 -1.076067
vt 0.272261 -1.076067
vt 0.315912 -1.083366
vt 0.272261 -1.083366
vt 0.315912 -1.090665
vt 0.272261 -1.090665
vt 0.315912 -1.097964
vt 0.272261 -1.097964
vt 0.315912 -1.105263
vt 0.272261 -1.105263
vt 0.957220 -0.073332
vt 0.955001 -0.214556
vt 0.957220 -0.214556
vt 0.955001 -0.073332
vt 0.952781 -0.073334
vt 0.952781 -0.214558
vt 0.950563 -0.214556
vt 0.950563 -0.073334
vt 0.948344 -0.073332
vt 0.948344 -0.214556
vt 0.946121 -0.214556
vt 0.946121 -0.073332
vt 0.943903 -0.214556
vt 0.943903 -0.073332
vt 0.941685 -0.073334
vt 0.941685 -0.214558
vt 0.939466 -0.214556
vt 0.939466 -0.073332
vt -0.115438 -0.842433
vt -0.110975 -0.864746
vt -0.110975 -0.842433
vt -0.115438 -0.864746
vt -0.026184 -0.820119
vt -0.030646 -0.842433
vt -0.026184 -0.842433
vt -0.030646 -0.820119
vt -0.035109 -0.820119
vt -0.035109 -0.842433
vt -0.039572 -0.842433
vt -0.039572 -0.820119
vt -0.044034 -0.842433
vt -0.044034 -0.820119
vt -0.048497 -0.842433
vt -0.048497 -0.820119
vt -0.052960 -0.820119
vt -0.052960 -0.842433
vt -0.026184 -0.864746
vt -0.030646 -0.864746
vt -0.035109 -0.864746
vt -0.039572 -0.864746
vt -0.044034 -0.864746
vt -0.048497 -0.864746
vt -0.052960 -0.864746
vt 0.279165 -0.071711
vt 0.283056 -0.071711
vt 0.215358 -0.071711
vt 0.219250 -0.071711
vt 0.830190 -0.596521
vt 0.825173 -0.616344
vt 0.825411 -0.596521
vt 0.825171 -0.641904
vt 0.825172 -0.635069
vt 0.829953 -0.641904
vt 0.990141 -0.828337
vt 0.994419 -0.828337
vt 0.994419 -0.741465
vt 0.998699 -0.741465
vt 0.994419 -0.734209
vt 0.998699 -0.734209
vt 0.998699 -0.828337
vt 0.988000 -0.741465
vt 0.988000 -0.828337
vt 0.990141 -0.741465
vt 0.990141 -0.734209
vt 0.990121 -0.702405
vt 0.994465 -0.702405
vt 0.998720 -0.702405
vt 0.988000 -0.734209
vt 0.987954 -0.702405
vt 0.981582 -0.734209
vt 0.983704 -0.702405
vt 0.981601 -0.702405
vt 0.983722 -0.734209
vt 0.981582 -0.741465
vt 0.983722 -0.741465
vt 0.983722 -0.828337
vt 0.981582 -0.828337
vt 0.988086 -0.894523
vt 0.992365 -0.999170
vt 0.992365 -0.894523
vt 0.988086 -0.999170
vt 0.998784 -0.887266
vt 0.998804 -0.829719
vt 0.996690 -0.829719
vt 0.996644 -0.887266
vt 0.992383 -0.829719
vt 0.992365 -0.887266
vt 0.988040 -0.829719
vt 0.988086 -0.887266
vt 0.996644 -0.894523
vt 0.996644 -0.999170
vt 0.998784 -0.894523
vt 0.998784 -0.999170
vt 0.667364 -0.072794
vt 0.667358 -0.010426
vt 0.926562 -0.883765
vt 0.938421 -0.859222
vt 0.926584 -0.859210
vt 0.938413 -0.883775
vt 0.938425 -0.946637
vt 0.948956 -0.958442
vt 0.948902 -0.946617
vt 0.938481 -0.958491
vt 0.903206 -0.922074
vt 0.899223 -0.910280
vt 0.899223 -0.922122
vt 0.903206 -0.910232
vt 0.888843 -0.910281
vt 0.888841 -0.922125
vt 0.938425 -0.922074
vt 0.948899 -0.910227
vt 0.960747 -0.946620
vt 0.960742 -0.910221
vt 0.903208 -0.924932
vt 0.888850 -0.936782
vt 0.937919 -0.936753
vt 0.937912 -0.924911
vt 0.874183 -0.922122
vt 0.874185 -0.910278
vt 0.908715 -0.978641
vt 0.879650 -0.966798
vt 0.879650 -0.978641
vt 0.908715 -0.966798
vt 0.875667 -0.966798
vt 0.875667 -0.978641
vt 0.865286 -0.966797
vt 0.865287 -0.978641
vt 0.935991 -0.978641
vt 0.935988 -0.966797
vt 0.935982 -0.940299
vt 0.908706 -0.952145
vt 0.935978 -0.952214
vt 0.908707 -0.940299
vt 0.865278 -0.952142
vt 0.865279 -0.940299
vt 0.947836 -0.978635
vt 0.947830 -0.966791
vt 0.879647 -0.981463
vt 0.865268 -0.993341
vt 0.908697 -0.993341
vt 0.908711 -0.981499
vt 0.935976 -0.981499
vt 0.935962 -0.993341
vt 0.850627 -0.966801
vt 0.850630 -0.978645
vt 0.908032 -0.855252
vt 0.912016 -0.843363
vt 0.908032 -0.843410
vt 0.912015 -0.855202
vt 0.922396 -0.855204
vt 0.922397 -0.843359
vt 0.862337 -0.843410
vt 0.862339 -0.855253
vt 0.862332 -0.869837
vt 0.922386 -0.881702
vt 0.922390 -0.869861
vt 0.862327 -0.881679
vt 0.850495 -0.855256
vt 0.850492 -0.843412
vt 0.908030 -0.840554
vt 0.922385 -0.828701
vt 0.862326 -0.828748
vt 0.862335 -0.840590
vt 0.937053 -0.855206
vt 0.937055 -0.843362
vt 0.346437 -0.354793
vt 0.370013 -0.374196
vt 0.370013 -0.349397
vt 0.318677 -0.374196
vt 0.905680 -0.641650
vt 0.937416 -0.641721
vt 0.898062 -0.783007
vt 0.898073 -0.803748
vt 0.890606 -0.740412
vt 0.898033 -0.732976
vt 0.890630 -0.783011
vt 0.871843 -0.134951
vt 0.871842 -0.005167
vt 0.892021 -0.005167
vt 0.977477 -0.444262
vt 0.973402 -0.452521
vt 0.977477 -0.452528
vt 0.973400 -0.444253
vt 0.968771 -0.444253
vt 0.968771 -0.452521
vt 0.968805 -0.478073
vt 0.977441 -0.537504
vt 0.973402 -0.487206
vt 0.973402 -0.537477
vt 0.968808 -0.487206
vt 0.973402 -0.478073
vt 0.977440 -0.478081
vt 0.979709 -0.478082
vt 0.979734 -0.452530
vt 0.979735 -0.444264
vt 0.979734 -0.395302
vt 0.977476 -0.395298
vt 0.973400 -0.395273
vt 0.968770 -0.395273
vt 0.977440 -0.487214
vt 0.979709 -0.487214
vt 0.979711 -0.537511
vt 0.979710 -0.546117
vt 0.977439 -0.546111
vt 0.973373 -0.573260
vt 0.977446 -0.573289
vt 0.973402 -0.546082
vt 0.968805 -0.546082
vt 0.968807 -0.537476
vt 0.968801 -0.573260
vt 0.968801 -0.580796
vt 0.979731 -0.585911
vt 0.977447 -0.580825
vt 0.977446 -0.585903
vt 0.979730 -0.594187
vt 0.977445 -0.594187
vt 0.973373 -0.585874
vt 0.973373 -0.594187
vt 0.968801 -0.594187
vt 0.968801 -0.585874
vt 0.973373 -0.580795
vt 0.979730 -0.580830
vt 0.979730 -0.573293
vt 0.936729 -0.005167
vt 0.917595 -0.005167
vt 0.936729 -0.131683
vt 0.969011 -0.998625
vt 0.973361 -0.982093
vt 0.969011 -0.982093
vt 0.973361 -0.998625
vt 0.969011 -0.978339
vt 0.964666 -0.978338
vt 0.964666 -0.982093
vt 0.964666 -0.998625
vt 0.977708 -0.930671
vt 0.977708 -0.914578
vt 0.973361 -0.914586
vt 0.973361 -0.930681
vt 0.977708 -0.934521
vt 0.973361 -0.934531
vt 0.969015 -0.930681
vt 0.969015 -0.934531
vt 0.964666 -0.934521
vt 0.969015 -0.939014
vt 0.964666 -0.939005
vt 0.969011 -0.974326
vt 0.964666 -0.974326
vt 0.973361 -0.978339
vt 0.977708 -0.978338
vt 0.977708 -0.982093
vt 0.977708 -0.998625
vt 0.964666 -0.930671
vt 0.969015 -0.914586
vt 0.964666 -0.914577
vt 0.973361 -0.974326
vt 0.973361 -0.939014
vt 0.977708 -0.939005
vt 0.977708 -0.974326
vt 0.148789 -0.550454
vt 0.176602 -0.532674
vt 0.148789 -0.532216
vt 0.176602 -0.550454
vt 0.229332 -0.832774
vt 0.201518 -0.818298
vt 0.201518 -0.832824
vt 0.229332 -0.818298
vt 0.229332 -0.836078
vt 0.201518 -0.836536
vt 0.229332 -0.595680
vt 0.201518 -0.595680
vt 0.176602 -0.776501
vt 0.148789 -0.776501
vt 0.176602 -0.787297
vt 0.148789 -0.787297
vt 0.176602 -0.795947
vt 0.148789 -0.795947
vt 0.201518 -0.582316
vt 0.229332 -0.587461
vt 0.229332 -0.582316
vt 0.201518 -0.587461
vt 0.195385 -0.786437
vt 0.189297 -0.787297
vt 0.189158 -0.795947
vt 0.195426 -0.781292
vt 0.184283 -0.773073
vt 0.184283 -0.550454
vt 0.187383 -0.532674
vt 0.193060 -0.535979
vt 0.201518 -0.572806
vt 0.229332 -0.572806
vt 0.063454 -0.596108
vt 0.091266 -0.717952
vt 0.091267 -0.596109
vt 0.063453 -0.717952
vt 0.106231 -0.688757
vt 0.134055 -0.566915
vt 0.106242 -0.566913
vt 0.134044 -0.688759
vt 0.063453 -0.727106
vt 0.091264 -0.743380
vt 0.091266 -0.727107
vt 0.063450 -0.743378
vt 0.106230 -0.706604
vt 0.134044 -0.690333
vt 0.106231 -0.690331
vt 0.134043 -0.706606
vt 0.134055 -0.549812
vt 0.106242 -0.549812
vt 0.091267 -0.567905
vt 0.063454 -0.567904
vt 0.106230 -0.714184
vt 0.134043 -0.714185
vt 0.055836 -0.567905
vt 0.063454 -0.567905
vt 0.055773 -0.596108
vt 0.055771 -0.717952
vt 0.054972 -0.719527
vt 0.058297 -0.727106
vt 0.042025 -0.734206
vt 0.038700 -0.726627
vt 0.134055 -0.542131
vt 0.106242 -0.542131
vt 0.190926 -0.868057
vt 0.163113 -0.916782
vt 0.190926 -0.916782
vt 0.163113 -0.868057
vt 0.226420 -0.916783
vt 0.198607 -0.865229
vt 0.198607 -0.916782
vt 0.226421 -0.865229
vt 0.190927 -0.923858
vt 0.163112 -0.973534
vt 0.190925 -0.973534
vt 0.163114 -0.923858
vt 0.155566 -0.972453
vt 0.155127 -0.923770
vt 0.226419 -0.952902
vt 0.198606 -0.918357
vt 0.198606 -0.952901
vt 0.226420 -0.918358
vt 0.198468 -0.972454
vt 0.198917 -0.923771
vt 0.198608 -0.848426
vt 0.226421 -0.848426
vt 0.198608 -0.839853
vt 0.226421 -0.839853
vt 0.163113 -0.833273
vt 0.190926 -0.844674
vt 0.190926 -0.833273
vt 0.163113 -0.844674
vt 0.946486 -0.792074
vt 0.960444 -0.789053
vt 0.951701 -0.789056
vt 0.960443 -0.805695
vt 0.198607 -0.841887
vt 0.198607 -0.833314
vt 0.199406 -0.918357
vt 0.193751 -0.924000
vt 0.047922 -0.779257
vt 0.075735 -0.833856
vt 0.075735 -0.779257
vt 0.047921 -0.833855
vt 0.083416 -0.833855
vt 0.111228 -0.776541
vt 0.083415 -0.776541
vt 0.111229 -0.833855
vt 0.047924 -0.840919
vt 0.075733 -0.890454
vt 0.075735 -0.840919
vt 0.047919 -0.890454
vt 0.083159 -0.889524
vt 0.083725 -0.840839
vt 0.083416 -0.869978
vt 0.111229 -0.835430
vt 0.083416 -0.835430
vt 0.111229 -0.869978
vt 0.040490 -0.889521
vt 0.039938 -0.840836
vt 1.148794 -0.550450
vt 1.176607 -0.532670
vt 1.176607 -0.550450
vt 1.148794 -0.532212
vt 1.201514 -0.818380
vt 1.229327 -0.832855
vt 1.201514 -0.832906
vt 1.229327 -0.818380
vt 1.229327 -0.836160
vt 1.201514 -0.836618
vt 1.229327 -0.595762
vt 1.201514 -0.595762
vt 1.141113 -0.550450
vt 1.132304 -0.535925
vt 1.137735 -0.532212
vt 1.141113 -0.773069
vt 1.148794 -0.776497
vt 1.136100 -0.787293
vt 1.129970 -0.781288
vt 1.130012 -0.786433
vt 1.136238 -0.795943
vt 1.201514 -0.572888
vt 1.229327 -0.582398
vt 1.201514 -0.582398
vt 1.229327 -0.572888
vt 1.063451 -0.596111
vt 1.091265 -0.717954
vt 1.063451 -0.717954
vt 1.091264 -0.596111
vt 1.106242 -0.688751
vt 1.134055 -0.566908
vt 1.134055 -0.688751
vt 1.106242 -0.566907
vt 1.063451 -0.727109
vt 1.091265 -0.743381
vt 1.063452 -0.743381
vt 1.091265 -0.727108
vt 1.106227 -0.706591
vt 1.134055 -0.690332
vt 1.134040 -0.706607
vt 1.106242 -0.690319
vt 1.134056 -0.549807
vt 1.106243 -0.549805
vt 1.091265 -0.567907
vt 1.063451 -0.567907
vt 1.112692 -0.734209
vt 1.099745 -0.719529
vt 1.116018 -0.726629
vt 1.096420 -0.727108
vt 1.098946 -0.717954
vt 1.098945 -0.596111
vt 1.098945 -0.567907
vt 1.106225 -0.714175
vt 1.134038 -0.714180
vt 1.134057 -0.542126
vt 1.106243 -0.542124
vt 1.190927 -0.868055
vt 1.163113 -0.916780
vt 1.163113 -0.868054
vt 1.190926 -0.916780
vt 1.226415 -0.916786
vt 1.198610 -0.865227
vt 1.226426 -0.865232
vt 1.198604 -0.916780
vt 1.190927 -0.923856
vt 1.163113 -0.973532
vt 1.163112 -0.923856
vt 1.190925 -0.973532
vt 1.155569 -0.972451
vt 1.155123 -0.923768
vt 1.226407 -0.952905
vt 1.198601 -0.918355
vt 1.226414 -0.918360
vt 1.198594 -0.952899
vt 1.198468 -0.972452
vt 1.198917 -0.923769
vt 1.190927 -0.844672
vt 1.163113 -0.844672
vt 1.163114 -0.833271
vt 1.190927 -0.833271
vt 1.154633 -0.918355
vt 1.160288 -0.923998
vt 1.155432 -0.916780
vt 1.155432 -0.865226
vt 1.155432 -0.841911
vt 1.155432 -0.833338
vt 1.047914 -0.779261
vt 1.075727 -0.833860
vt 1.047914 -0.833860
vt 1.075727 -0.779261
vt 1.083407 -0.833859
vt 1.111182 -0.776527
vt 1.111220 -0.833841
vt 1.083368 -0.776545
vt 1.047913 -0.840923
vt 1.075727 -0.890459
vt 1.047915 -0.890459
vt 1.075727 -0.840923
vt 1.083153 -0.889528
vt 1.083716 -0.840842
vt 1.083430 -0.869982
vt 1.111220 -0.835416
vt 1.111243 -0.869964
vt 1.083407 -0.835434
vt 1.040491 -0.889528
vt 1.039923 -0.840843
vt 1.111175 -0.766245
vt 1.083362 -0.766264
vt 1.111169 -0.756747
vt 1.083356 -0.756765
vt 1.075727 -0.750260
vt 1.047914 -0.762474
vt 1.047914 -0.750260
vt 1.075727 -0.762474
vt 1.040233 -0.759204
vt 1.040233 -0.749705
vt 1.040233 -0.776545
vt 1.040233 -0.833860
vt 1.039434 -0.835434
vt 1.045089 -0.841077
vt 0.061313 -1.976213
vt 0.061299 -1.997369
vt 0.035859 -1.997362
vt 0.035873 -1.976206
vt 0.205869 -1.976312
vt 0.205854 -1.997468
vt 0.182672 -1.976296
vt 0.182657 -1.997452
vt 0.007072 -1.976187
vt 0.007058 -1.997343
vt 0.084215 -0.835430
vt 0.078559 -0.841073
vt 0.083416 -0.766259
vt 0.075735 -0.762470
vt 0.075735 -0.750256
vt 0.083416 -0.750256
vt 0.896096 -0.586109
vt 0.889270 -0.582764
vt 0.888597 -0.587414
vt 0.892550 -0.579392
vt 0.897186 -0.578586
vt 0.901404 -0.580653
vt 0.903596 -0.584805
vt 0.902922 -0.589454
vt 0.899642 -0.592826
vt 0.895007 -0.593632
vt 0.890788 -0.591565
vt 0.226329 -1.905922
vt 0.242556 -1.915194
vt 0.235205 -1.906406
vt 0.225827 -1.939287
vt 0.211357 -1.919436
vt 0.196385 -1.932950
vt 0.207088 -1.959080
vt 0.181347 -1.938156
vt 0.166309 -1.943362
vt 0.145047 -1.941612
vt 0.946491 -0.855888
vt 0.960451 -0.842261
vt 1.166247 -1.943339
vt 1.142371 -1.976278
vt 1.144982 -1.941619
vt 1.182657 -1.976249
vt 1.181277 -1.938112
vt 1.207048 -1.958999
vt 1.196308 -1.932885
vt 1.225759 -1.939179
vt 1.211261 -1.919349
vt 1.226213 -1.905814
vt 1.242453 -1.915062
vt 1.235089 -1.906285
vt 0.952066 -0.740450
vt 0.944656 -0.783052
vt 0.952087 -0.783049
vt 0.944666 -0.803793
vt 0.944632 -0.733021
vt 0.935677 -0.635007
vt 0.903529 -0.639408
vt 0.935677 -0.639457
vt 0.903529 -0.634958
vt 0.935677 -0.630302
vt 0.903529 -0.630253
vt 0.935677 -0.625742
vt 0.903529 -0.625689
vt 0.903529 -0.621189
vt 0.935677 -0.621242
vt 0.935677 -0.616793
vt 0.903529 -0.616740
vt 0.903529 -0.612503
vt 0.935677 -0.612545
vt 0.935677 -0.607840
vt 0.903529 -0.607798
vt 0.903529 -0.603536
vt 0.935677 -0.603575
vt 0.935677 -0.599075
vt 0.903529 -0.599036
vt 0.903529 -0.594587
vt 0.935677 -0.594626
vt 0.924589 -0.590666
vt 0.928877 -0.592585
vt 0.929703 -0.585028
vt 0.933481 -0.591617
vt 0.936642 -0.588133
vt 0.937152 -0.583463
vt 0.934817 -0.579390
vt 0.930529 -0.577472
vt 0.925925 -0.578439
vt 0.922764 -0.581923
vt 0.922254 -0.586594
vt 0.047455 -0.762458
vt 0.047767 -0.750244
vt 0.774324 -0.576737
vt 0.776630 -0.575248
vt 0.781994 -0.555972
vt 0.083415 -0.766259
vt 0.111228 -0.756761
vt 0.083415 -0.756761
vt 0.111228 -0.766259
vt 0.260040 -0.596715
vt 0.246335 -0.619050
vt 0.259853 -0.616432
vt 0.246140 -0.596882
vt 0.238176 -0.577975
vt 0.246800 -0.573422
vt 0.230584 -0.551564
vt 0.221661 -0.557967
vt 0.213897 -0.533800
vt 0.205624 -0.542219
vt 0.187767 -0.528385
vt 0.194332 -0.518897
vt 0.170094 -0.519527
vt 0.174773 -0.508448
vt 0.152683 -0.513905
vt 0.154340 -0.502382
vt 0.134889 -0.513245
vt 0.134702 -0.500507
vt 0.115065 -0.502382
vt 0.116011 -0.514447
vt 0.094619 -0.508466
vt 0.096625 -0.520270
vt 0.075073 -0.518897
vt 0.079037 -0.529832
vt 0.055932 -0.533994
vt 0.061396 -0.543046
vt 0.038821 -0.551564
vt 0.045234 -0.558342
vt 0.023070 -0.573500
vt 0.031374 -0.578177
vt 0.009768 -0.595394
vt 0.022944 -0.596883
vt 0.040241 -0.759730
vt 0.040241 -0.750231
vt 0.040241 -0.776541
vt 0.040240 -0.833855
vt 0.039441 -0.835430
vt 0.045096 -0.841073
vt 0.647427 -0.726255
vt 0.640955 -0.713552
vt 0.604089 -0.740337
vt 0.630874 -0.703471
vt 0.618171 -0.696999
vt 0.604089 -0.694768
vt 0.590007 -0.696999
vt 0.577304 -0.703471
vt 0.567223 -0.713552
vt 0.560750 -0.726255
vt 0.558520 -0.740337
vt 0.560750 -0.754419
vt 0.567223 -0.767122
vt 0.577304 -0.777203
vt 0.590007 -0.783675
vt 0.604089 -0.785906
vt 0.618171 -0.783675
vt 0.630874 -0.777203
vt 0.640955 -0.767122
vt 0.647427 -0.754419
vt 0.649658 -0.740337
vt 0.640910 -0.863948
vt 0.647383 -0.851245
vt 0.604044 -0.837163
vt 0.649613 -0.837163
vt 0.647383 -0.823082
vt 0.640910 -0.810379
vt 0.630829 -0.800297
vt 0.618126 -0.793825
vt 0.604044 -0.791595
vt 0.589963 -0.793825
vt 0.577259 -0.800297
vt 0.567178 -0.810379
vt 0.560706 -0.823082
vt 0.558475 -0.837163
vt 0.560706 -0.851245
vt 0.567178 -0.863948
vt 0.577259 -0.874029
vt 0.589963 -0.880502
vt 0.604044 -0.882732
vt 0.618126 -0.880502
vt 0.630829 -0.874029
vt 0.922768 -0.564835
vt 0.918005 -0.560073
vt 0.911500 -0.571341
vt 0.911500 -0.558330
vt 0.904994 -0.560073
vt 0.900231 -0.564835
vt 0.898488 -0.571341
vt 0.900231 -0.577847
vt 0.904994 -0.582610
vt 0.911500 -0.584353
vt 0.918005 -0.582610
vt 0.922768 -0.577847
vt 0.924511 -0.571341
vt 0.872631 -0.560095
vt 0.867869 -0.564858
vt 0.879137 -0.571364
vt 0.866126 -0.571364
vt 0.867869 -0.577870
vt 0.872631 -0.582632
vt 0.879137 -0.584376
vt 0.885643 -0.582632
vt 0.890406 -0.577870
vt 0.892149 -0.571364
vt 0.890406 -0.564858
vt 0.885643 -0.560095
vt 0.879137 -0.558352
vt 0.299029 -1.027341
vt 0.304586 -1.019692
vt 0.289425 -1.014965
vt 0.304586 -1.010238
vt 0.299029 -1.002589
vt 0.290037 -0.999668
vt 0.281046 -1.002589
vt 0.275489 -1.010238
vt 0.275489 -1.019692
vt 0.281046 -1.027341
vt 0.290037 -1.030262
vt 0.275491 -1.019696
vt 0.281048 -1.027344
vt 0.289427 -1.014969
vt 0.290039 -1.030266
vt 0.299031 -1.027344
vt 0.304588 -1.019696
vt 0.304588 -1.010242
vt 0.299031 -1.002593
vt 0.290039 -0.999671
vt 0.281048 -1.002593
vt 0.275491 -1.010242
vt 0.913958 -0.227081
vt 0.923704 -0.230652
vt 0.923143 -0.217107
vt 0.933121 -0.226290
vt 0.936693 -0.216544
vt 0.932327 -0.207126
vt 0.922579 -0.203554
vt 0.913164 -0.207919
vt 0.909591 -0.217665
vt 0.914541 -0.191998
vt 0.924334 -0.195586
vt 0.923770 -0.181969
vt 0.933799 -0.191197
vt 0.937389 -0.181403
vt 0.933002 -0.171939
vt 0.923207 -0.168349
vt 0.913741 -0.172734
vt 0.910152 -0.182533
vt 1.083367 -0.759675
vt 1.083367 -0.750176
vt 1.084207 -0.835434
vt 1.078552 -0.841077
vt 1.198608 -0.841744
vt 1.198608 -0.833171
vt 1.199405 -0.918355
vt 1.193750 -0.923998
vt 1.226429 -0.848429
vt 1.198617 -0.839851
vt 1.226431 -0.839857
vt 1.198616 -0.848424
vt 1.054971 -0.719529
vt 1.042025 -0.734209
vt 1.038699 -0.726630
vt 1.058297 -0.727109
vt 1.055770 -0.717954
vt 1.055770 -0.596111
vt 1.055770 -0.567907
vt 0.035944 -0.214792
vt 0.055916 -0.210425
vt 0.035944 -0.210423
vt 0.055915 -0.214794
vt 0.035943 -0.220486
vt 0.055914 -0.220488
vt 0.035942 -0.227117
vt 0.055914 -0.227119
vt 0.035941 -0.234232
vt 0.055913 -0.234235
vt 0.055912 -0.241351
vt 0.035941 -0.241348
vt 0.055911 -0.247981
vt 0.035940 -0.247979
vt 0.055910 -0.253675
vt 0.035939 -0.253673
vt 0.055910 -0.258044
vt 0.035938 -0.258042
vt 0.035937 -0.264673
vt 0.035937 -0.269173
vt 0.037300 -0.270106
vt 0.335067 -0.201875
vt 0.337614 -0.211382
vt 0.337615 -0.201540
vt 0.340162 -0.201876
vt 0.342535 -0.202859
vt 0.344573 -0.204423
vt 0.346137 -0.206461
vt 0.347121 -0.208835
vt 0.347456 -0.211382
vt 0.347121 -0.213929
vt 0.346137 -0.216303
vt 0.344574 -0.218341
vt 0.342535 -0.219905
vt 0.340162 -0.220888
vt 0.337614 -0.221224
vt 0.335067 -0.220888
vt 0.332694 -0.219905
vt 0.330655 -0.218341
vt 0.329092 -0.216303
vt 0.328108 -0.213929
vt 0.327773 -0.211382
vt 0.328108 -0.208835
vt 0.329091 -0.206461
vt 0.330656 -0.204423
vt 0.332694 -0.202859
vt 1.189301 -0.787293
vt 1.195389 -0.786433
vt 1.189163 -0.795943
vt 1.195431 -0.781288
vt 1.184288 -0.773069
vt 1.176607 -0.776497
vt 1.184288 -0.550451
vt 1.187388 -0.532670
vt 1.193065 -0.535975
vt 1.201514 -0.587543
vt 1.229327 -0.587543
vt 1.148794 -0.787293
vt 1.176607 -0.795943
vt 1.148794 -0.795943
vt 1.176607 -0.787293
vt 0.155433 -0.841820
vt 0.155433 -0.833248
vt 0.155433 -0.865228
vt 0.155432 -0.916782
vt 0.154632 -0.918356
vt 0.160287 -0.923999
vt 0.099746 -0.719527
vt 0.112693 -0.734207
vt 0.116019 -0.726628
vt 0.096421 -0.727106
vt 0.098947 -0.717952
vt 0.098947 -0.596109
vt 0.098947 -0.567905
vt 0.091266 -0.567905
vt 0.981668 -0.887266
vt 0.983788 -0.829720
vt 0.981687 -0.829720
vt 0.983806 -0.887266
vt 0.981668 -0.894523
vt 0.983806 -0.894523
vt 0.983806 -0.999170
vt 0.981668 -0.999170
vt 0.136095 -0.787297
vt 0.130007 -0.786437
vt 0.136233 -0.795947
vt 0.129965 -0.781292
vt 0.141108 -0.773073
vt 0.141108 -0.550454
vt 0.137730 -0.532217
vt 0.132300 -0.535928
vt 0.908031 -0.858013
vt 0.862337 -0.857994
vt 0.948890 -0.859221
vt 0.948897 -0.895613
vt 0.888839 -0.895626
vt 0.888836 -0.883784
vt 0.879649 -0.963977
vt 0.908713 -0.963960
vt 0.935983 -0.963960
vt 0.903206 -0.907466
vt 0.948900 -0.907455
vt 0.670815 0.259127
vt 0.716316 0.261830
vt 0.710513 0.268087
vt 0.659578 0.283123
vt 0.682252 0.272114
vt 0.684251 0.284286
vt 0.694481 0.279316
vt 0.704711 0.274345
vt 0.322264 0.303773
vt 0.320233 0.345509
vt 0.315077 0.302361
vt 0.317951 0.268942
vt 0.313254 0.279643
vt 0.313255 0.250641
vt 0.332677 0.333137
vt 0.332677 0.381880
vt 0.332677 0.265533
vt 0.322264 0.245225
vt 0.317951 0.221139
vt 0.313255 0.208483
vt 0.317951 0.162662
vt 0.313255 0.162126
vt 0.322264 0.163266
vt 0.332677 0.163440
vt 0.347403 0.268942
vt 0.343090 0.303773
vt 0.343090 0.245225
vt 0.343090 0.163266
vt 0.347403 0.162662
vt 0.347403 0.221139
vt 0.352098 0.250641
vt 0.352099 0.279643
vt 0.350276 0.302361
vt 0.345122 0.345509
vt 0.352098 0.208483
vt 0.352098 0.162126
vt 0.359593 0.154432
vt 0.352838 0.004830
vt 0.359048 0.012556
vt 0.352838 0.156696
vt 0.307579 0.154432
vt 0.313993 0.004830
vt 0.313994 0.156696
vt 0.307034 0.012556
vt 0.351015 0.157176
vt 0.345861 0.002571
vt 0.351015 0.004052
vt 0.345861 0.157688
vt 0.333416 0.157795
vt 0.333416 0.001324
vt 0.320972 0.002571
vt 0.320972 0.157688
vt 0.315816 0.157176
vt 0.315816 0.004052
vt 0.362536 0.005535
vt 0.405743 0.178718
vt 0.362536 0.178718
vt 0.405743 0.005535
vt 1.409213 0.189850
vt 1.437171 0.245869
vt 1.441237 0.190044
vt 1.412598 0.245719
vt 1.432367 0.285329
vt 1.416921 0.285236
vt 1.424503 0.308312
vt 1.291182 0.226883
vt 1.275872 0.215467
vt 1.285353 0.263693
vt 1.282912 0.185476
vt 1.270095 0.152841
vt 1.277951 0.131697
vt 1.267417 0.080118
vt 1.275652 0.069248
vt 1.298845 0.174942
vt 1.293036 0.143150
vt 1.289229 0.101884
vt 1.287464 0.053966
vt 1.276235 0.002389
vt 1.268086 0.002259
vt 1.261748 0.002420
vt 1.261031 0.086695
vt 1.263927 0.165408
vt 1.270181 0.233196
vt 1.280370 0.285398
vt 1.287921 0.002664
vt 1.442027 0.060189
vt 1.442365 0.004986
vt 1.410341 0.004792
vt 1.410005 0.059994
vt 1.441715 0.111691
vt 1.409691 0.111496
vt 1.409420 0.155788
vt 1.441445 0.155983
vt 0.359029 0.199867
vt 0.358874 0.159471
vt 0.359029 0.247356
vt 0.359029 0.280380
vt 0.357261 0.305891
vt 0.352695 0.348860
vt 0.333021 0.393347
vt 1.293107 0.053756
vt 1.293571 0.002455
vt 1.294872 0.101675
vt 1.298679 0.142941
vt 1.304269 0.174742
vt 1.296863 0.226673
vt 1.291022 0.263483
vt 1.286032 0.285188
vt 0.416921 0.285236
vt 0.432367 0.285329
vt 0.424503 0.308312
vt 0.412598 0.245719
vt 0.437171 0.245868
vt 0.441237 0.190044
vt 0.409213 0.189850
vt 0.227319 0.054310
vt 0.226696 0.003069
vt 0.232341 0.003261
vt 0.232956 0.054501
vt 0.225704 0.102177
vt 0.231343 0.102369
vt 0.227668 0.143598
vt 0.222032 0.143408
vt 0.221966 0.175372
vt 0.216545 0.175189
vt 0.224105 0.227035
vt 0.229779 0.227228
vt 0.230053 0.263784
vt 0.235716 0.263977
vt 0.235105 0.285449
vt 0.240761 0.285640
vt 0.282911 0.185475
vt 0.298844 0.174942
vt 0.291182 0.226883
vt 0.293037 0.143150
vt 0.277951 0.131697
vt 0.289229 0.101884
vt 0.275872 0.215467
vt 0.285353 0.263693
vt 0.270095 0.152841
vt 0.267417 0.080118
vt 0.275651 0.069248
vt 0.287464 0.053966
vt 0.270181 0.233196
vt 0.280370 0.285398
vt 0.263927 0.165408
vt 0.261030 0.086695
vt 0.261748 0.002420
vt 0.268086 0.002259
vt 0.276235 0.002389
vt 0.287921 0.002663
vt 1.232341 0.003261
vt 1.226697 0.003069
vt 1.227319 0.054310
vt 1.232956 0.054501
vt 1.225705 0.102178
vt 1.231343 0.102369
vt 1.227668 0.143598
vt 1.222032 0.143408
vt 1.221966 0.175372
vt 1.216545 0.175189
vt 1.224104 0.227035
vt 1.229779 0.227227
vt 1.230053 0.263784
vt 1.235716 0.263977
vt 1.235106 0.285450
vt 1.240761 0.285640
vt 1.242699 0.132112
vt 1.253060 0.080560
vt 1.244803 0.069729
vt 1.250612 0.153206
vt 1.237911 0.185843
vt 1.245036 0.215778
vt 1.256811 0.165741
vt 1.250774 0.233467
vt 1.259461 0.087110
vt 1.258481 0.002936
vt 1.252151 0.002795
vt 1.244013 0.002951
vt 0.441445 0.155983
vt 0.409420 0.155788
vt 0.441715 0.111691
vt 0.409691 0.111496
vt 0.410005 0.059993
vt 0.442027 0.060189
vt 0.410340 0.004791
vt 0.442365 0.004985
vt 0.250774 0.233467
vt 0.245036 0.215778
vt 0.237911 0.185843
vt 0.242699 0.132112
vt 0.244803 0.069729
vt 0.244012 0.002950
vt 0.252150 0.002795
vt 0.253060 0.080560
vt 0.250612 0.153206
vt 0.256810 0.165741
vt 0.259461 0.087109
vt 0.258480 0.002935
vt 0.286032 0.285188
vt 0.291022 0.263483
vt 0.296863 0.226673
vt 0.304269 0.174742
vt 0.298679 0.142941
vt 0.294872 0.101675
vt 0.293107 0.053756
vt 0.293570 0.002455
vt 0.917061 0.673938
vt 0.909690 0.671368
vt 0.910134 0.667696
vt 0.349036 0.880617
vt 0.358069 0.873325
vt 0.363063 0.881946
vt 0.365275 0.904858
vt 0.346176 0.906702
vt 0.356255 0.960492
vt 0.345402 0.952046
vt 0.357310 0.958281
vt 0.343045 0.954189
vt 0.344609 0.951631
vt 0.342237 0.953803
vt 0.342230 0.952485
vt 0.342198 0.947213
vt 0.344646 0.947199
vt 0.344545 0.930354
vt 0.342097 0.930291
vt 0.343561 0.904660
vt 0.346621 0.880223
vt 0.351224 0.857396
vt 0.356482 0.856889
vt 0.903405 0.670717
vt 0.902700 0.666683
vt 0.902701 0.670645
vt 0.799288 0.532602
vt 0.819013 0.490733
vt 0.818194 0.532970
vt 0.790619 0.491603
vt 0.902895 0.733277
vt 0.903799 0.732910
vt 0.909383 0.732091
vt 0.902700 0.733071
vt 0.376681 0.486654
vt 0.379879 0.485222
vt 0.377931 0.487697
vt 0.376331 0.486361
vt 0.379339 0.507168
vt 0.377084 0.506053
vt 0.377061 0.504922
vt 0.376331 0.504567
vt 0.376331 0.505680
vt 0.841507 0.551872
vt 0.805889 0.551872
vt 0.814149 0.537982
vt 0.856049 0.810656
vt 0.819448 0.816215
vt 0.819448 0.810656
vt 0.856812 0.818472
vt 0.853472 0.834127
vt 0.820996 0.834571
vt 0.863552 0.597467
vt 0.853325 0.638557
vt 0.832267 0.612588
vt 0.840214 0.593980
vt 0.850577 0.579325
vt 0.877475 0.570821
vt 0.862248 0.566389
vt 0.874684 0.558266
vt 0.875988 0.558208
vt 0.890962 0.558208
vt 0.891095 0.573116
vt 0.824320 0.631195
vt 0.821330 0.649642
vt 0.891059 0.608450
vt 0.890993 0.684462
vt 0.850792 0.691606
vt 0.891199 0.723537
vt 0.852133 0.723500
vt 0.890993 0.762611
vt 0.852159 0.766920
vt 0.854883 0.788421
vt 0.891025 0.801292
vt 0.854922 0.797391
vt 0.891059 0.838623
vt 0.830630 0.852282
vt 0.891135 0.906683
vt 0.825528 0.871848
vt 0.891179 0.936229
vt 0.819492 0.888474
vt 0.891229 0.962080
vt 0.813137 0.903025
vt 0.891263 0.983761
vt 0.987011 0.467790
vt 0.895481 0.486180
vt 0.890303 0.470198
vt 0.987067 0.483937
vt 0.899048 0.502142
vt 0.987123 0.500853
vt 0.901278 0.519354
vt 0.987166 0.518222
vt 0.901955 0.535714
vt 0.987183 0.535785
vt 0.987167 0.553348
vt 0.901258 0.552070
vt 0.987123 0.570718
vt 0.899025 0.569319
vt 0.987180 0.587080
vt 0.895419 0.585202
vt 0.943394 0.589962
vt 0.976621 0.589324
vt 0.976621 0.608494
vt 0.915371 0.657476
vt 0.902563 0.589190
vt 0.902700 0.655092
vt 0.902700 0.655815
vt 0.926746 0.662260
vt 0.931892 0.693213
vt 0.945324 0.688548
vt 0.946273 0.701423
vt 0.928712 0.685557
vt 0.942163 0.676609
vt 0.923653 0.678983
vt 0.933599 0.667371
vt 0.976620 0.653688
vt 0.976620 0.636099
vt 0.945279 0.713375
vt 0.976618 0.701411
vt 0.975359 0.725375
vt 0.976619 0.677446
vt 0.925442 0.786394
vt 0.963061 0.803631
vt 0.924234 0.812320
vt 0.965444 0.793605
vt 0.968961 0.771671
vt 0.927209 0.762488
vt 0.971960 0.749134
vt 0.928422 0.750515
vt 0.928251 0.744347
vt 0.930680 0.740410
vt 0.917061 0.728920
vt 0.933803 0.734923
vt 0.923653 0.723875
vt 0.940604 0.724806
vt 0.928712 0.717301
vt 0.931892 0.709645
vt 0.932977 0.701429
vt 0.902377 0.961678
vt 0.984369 0.896282
vt 0.902316 0.982601
vt 0.974741 0.880917
vt 0.902433 0.939972
vt 0.967076 0.866366
vt 0.902483 0.914121
vt 0.960749 0.848580
vt 0.902527 0.884575
vt 0.953086 0.830011
vt 0.902567 0.851850
vt 0.902603 0.816515
vt 0.902637 0.779184
vt 0.902653 0.753305
vt 0.902704 0.748189
vt 0.961479 0.813668
vt 0.362415 0.907076
vt 0.360104 0.907563
vt 0.360106 0.907069
vt 0.362413 0.907639
vt 0.360088 0.912647
vt 0.362398 0.912654
vt 0.360068 0.919054
vt 0.362378 0.919061
vt 0.360051 0.924556
vt 0.362361 0.924563
vt 0.360038 0.928779
vt 0.362347 0.928783
vt 0.360038 0.935171
vt 0.362347 0.935171
vt 0.362347 0.942027
vt 0.360038 0.942027
vt 0.362347 0.948884
vt 0.360038 0.948884
vt 0.362347 0.955269
vt 0.360038 0.955277
vt 0.362377 0.959487
vt 0.360068 0.959503
vt 0.362416 0.964989
vt 0.360106 0.965005
vt 0.362460 0.971396
vt 0.360151 0.971412
vt 0.362493 0.976056
vt 0.360185 0.976186
vt 0.362500 0.976973
vt 0.360190 0.976989
vt 0.801357 0.828352
vt 0.801357 0.843949
vt 0.790893 0.843887
vt 0.784051 0.828382
vt 0.801357 0.804032
vt 0.784051 0.804276
vt 0.784051 0.894135
vt 0.801357 0.892387
vt 0.783848 0.910791
vt 0.801357 0.873678
vt 0.784051 0.873699
vt 0.788936 0.868144
vt 0.784051 0.851656
vt 0.790147 0.851496
vt 0.801357 0.868012
vt 0.815708 0.600629
vt 0.803670 0.585148
vt 0.840785 0.585147
vt 0.383665 0.600227
vt 0.375523 0.600563
vt 0.383664 0.599085
vt 0.375725 0.601706
vt 0.368203 0.604244
vt 0.367522 0.603262
vt 0.360424 0.645199
vt 0.344634 0.655313
vt 0.343752 0.645276
vt 0.344634 0.635240
vt 0.342135 0.645284
vt 0.343073 0.634948
vt 0.347363 0.625427
vt 0.345962 0.624868
vt 0.351447 0.615489
vt 0.352612 0.616277
vt 0.360506 0.608148
vt 0.367728 0.626499
vt 0.372892 0.622297
vt 0.378906 0.619655
vt 0.383677 0.618911
vt 0.384140 0.618838
vt 0.384165 0.600179
vt 0.384167 0.599039
vt 0.363765 0.631976
vt 0.361274 0.638354
vt 0.359661 0.607182
vt 0.383303 0.691581
vt 0.384167 0.690570
vt 0.384167 0.691683
vt 0.383297 0.690461
vt 0.379375 0.691115
vt 0.379595 0.690020
vt 0.374236 0.690050
vt 0.374429 0.688910
vt 0.368996 0.688268
vt 0.369503 0.687228
vt 0.363116 0.684244
vt 0.371782 0.668222
vt 0.357771 0.680268
vt 0.367478 0.663826
vt 0.352594 0.674274
vt 0.363765 0.658421
vt 0.347363 0.665127
vt 0.361274 0.652044
vt 0.377483 0.670849
vt 0.383204 0.672146
vt 0.384167 0.672364
vt 0.343073 0.655620
vt 0.345962 0.665700
vt 0.351447 0.675079
vt 0.356820 0.681085
vt 0.362532 0.685324
vt 0.006706 0.604956
vt 0.029601 0.527070
vt 0.034830 0.543770
vt 0.004593 0.602453
vt 0.018956 0.517800
vt 0.004011 0.601951
vt 0.018367 0.517647
vt 0.021362 0.518425
vt 0.002751 0.645273
vt 0.042440 0.439889
vt 0.043657 0.440284
vt 0.050146 0.442390
vt 0.058355 0.448681
vt 0.065467 0.457238
vt 0.069904 0.469013
vt 0.072267 0.483804
vt 0.073528 0.501358
vt 0.016862 0.772715
vt 0.004011 0.688596
vt 0.004468 0.688201
vt 0.004529 0.646243
vt 0.010557 0.618708
vt 0.009003 0.610652
vt 0.039730 0.567387
vt 0.073528 0.521374
vt 0.073528 0.543510
vt 0.042285 0.596312
vt 0.073528 0.567387
vt 0.073528 0.592597
vt 0.042285 0.628574
vt 0.073528 0.618708
vt 0.073528 0.645273
vt 0.011771 0.628574
vt 0.012899 0.639577
vt 0.012899 0.650969
vt 0.042285 0.661973
vt 0.011964 0.661973
vt 0.042285 0.694235
vt 0.010749 0.671839
vt 0.042285 0.723160
vt 0.009003 0.679895
vt 0.006706 0.685591
vt 0.037748 0.746777
vt 0.030629 0.763477
vt 0.069214 0.821534
vt 0.064236 0.833309
vt 0.086893 0.850008
vt 0.073528 0.671839
vt 0.073528 0.697950
vt 0.073528 0.723160
vt 0.073528 0.747037
vt 0.073528 0.769173
vt 0.073528 0.789189
vt 0.072034 0.806743
vt 0.089282 0.832828
vt 0.106222 0.855704
vt 0.104128 0.874980
vt 0.121843 0.874980
vt 0.120891 0.896022
vt 0.090144 0.812439
vt 0.106222 0.832828
vt 0.121843 0.850008
vt 0.138693 0.863685
vt 0.138693 0.890325
vt 0.156483 0.873626
vt 0.156483 0.901478
vt 0.174909 0.879659
vt 0.174909 0.908247
vt 0.193656 0.881681
vt 0.193656 0.910516
vt 0.212403 0.908247
vt 0.212403 0.932335
vt 0.230829 0.924947
vt 0.232159 0.943630
vt 0.138693 0.912773
vt 0.156483 0.924947
vt 0.174909 0.932335
vt 0.193656 0.934813
vt 0.212403 0.951512
vt 0.234107 0.959480
vt 0.253528 0.943630
vt 0.259439 0.955124
vt 0.280405 0.935421
vt 0.288011 0.940962
vt 0.308217 0.916434
vt 0.300827 0.911775
vt 0.082213 0.863685
vt 0.100891 0.890325
vt 0.119178 0.912773
vt 0.138693 0.930643
vt 0.156483 0.943630
vt 0.174909 0.951512
vt 0.193656 0.954155
vt 0.212403 0.968046
vt 0.237110 0.970996
vt 0.265862 0.962405
vt 0.193656 0.970103
vt 0.174189 0.967968
vt 0.154203 0.959368
vt 0.135193 0.947153
vt 0.115976 0.928348
vt 0.096039 0.902492
vt 0.076267 0.873882
vt 0.057284 0.842589
vt 0.020612 0.771954
vt 0.213790 0.980300
vt 0.193656 0.981906
vt 0.173012 0.980589
vt 0.151366 0.971193
vt 0.130308 0.959486
vt 0.110850 0.939518
vt 0.089705 0.913039
vt 0.068122 0.880741
vt 0.050439 0.848253
vt 0.044747 0.850603
vt 0.061346 0.884908
vt 0.083316 0.918270
vt 0.103959 0.946366
vt 0.124291 0.968964
vt 0.146522 0.982446
vt 0.168991 0.991055
vt 0.193656 0.993849
vt 0.216245 0.991760
vt 0.241017 0.980733
vt 0.216403 0.992497
vt 0.193656 0.994609
vt 0.168732 0.991728
vt 0.146201 0.983193
vt 0.123869 0.969627
vt 0.103437 0.946885
vt 0.082776 0.918712
vt 0.060682 0.885316
vt 0.044066 0.850884
vt 0.015950 0.772900
vt 0.380941 0.731488
vt 0.374360 0.772900
vt 0.373336 0.772748
vt 0.363385 0.811970
vt 0.364285 0.812122
vt 0.347002 0.852324
vt 0.347818 0.852688
vt 0.328508 0.887144
vt 0.329204 0.887616
vt 0.308842 0.916828
vt 0.288587 0.941381
vt 0.266312 0.962915
vt 0.241276 0.981379
vt 0.321403 0.882328
vt 0.340185 0.849282
vt 0.357695 0.811009
vt 0.364864 0.769240
vt 0.380139 0.731408
vt 0.370935 0.731162
vt 0.383155 0.700639
vt 0.376663 0.699273
vt 0.383104 0.693162
vt 0.378344 0.692747
vt 0.371444 0.697557
vt 0.373712 0.691781
vt 0.365176 0.695456
vt 0.368029 0.690112
vt 0.355271 0.682660
vt 0.350715 0.675418
vt 0.356325 0.681669
vt 0.361321 0.687156
vt 0.362138 0.685982
vt 0.368650 0.688947
vt 0.374159 0.690643
vt 0.378639 0.691602
vt 0.383096 0.691955
vt 0.384076 0.692032
vt 0.384076 0.693238
vt 0.384076 0.700731
vt 0.357800 0.692215
vt 0.351162 0.686520
vt 0.349715 0.676177
vt 0.345745 0.679186
vt 0.344122 0.666660
vt 0.340054 0.668638
vt 0.336776 0.657531
vt 0.329748 0.667093
vt 0.329748 0.645273
vt 0.313084 0.645273
vt 0.329748 0.623454
vt 0.313084 0.618708
vt 0.329748 0.602008
vt 0.313084 0.592597
vt 0.329748 0.581302
vt 0.313084 0.567387
vt 0.336050 0.645273
vt 0.345330 0.666072
vt 0.340914 0.656361
vt 0.340171 0.645273
vt 0.337814 0.633310
vt 0.341443 0.622390
vt 0.346629 0.612326
vt 0.344271 0.624042
vt 0.350096 0.614541
vt 0.345217 0.624594
vt 0.350971 0.615099
vt 0.358639 0.605548
vt 0.359269 0.606648
vt 0.342188 0.656000
vt 0.341265 0.645273
vt 0.342072 0.634631
vt 0.341086 0.634325
vt 0.345449 0.554804
vt 0.351005 0.534472
vt 0.367552 0.570335
vt 0.362421 0.586038
vt 0.343128 0.581302
vt 0.355564 0.600173
vt 0.329748 0.561691
vt 0.329748 0.543510
vt 0.329748 0.527070
vt 0.331053 0.512652
vt 0.333445 0.500504
vt 0.338230 0.490833
vt 0.313084 0.543510
vt 0.313084 0.521374
vt 0.313084 0.501358
vt 0.313932 0.483804
vt 0.316233 0.469014
vt 0.322841 0.457238
vt 0.347460 0.483804
vt 0.331921 0.447745
vt 0.357529 0.479538
vt 0.343181 0.442176
vt 0.363970 0.478526
vt 0.351461 0.440853
vt 0.364612 0.478425
vt 0.352094 0.440752
vt 0.367247 0.602499
vt 0.366725 0.600875
vt 0.364628 0.593433
vt 0.373736 0.589355
vt 0.375223 0.561691
vt 0.362549 0.521961
vt 0.373764 0.517748
vt 0.374315 0.517647
vt 0.382153 0.559059
vt 0.381740 0.559160
vt 0.384167 0.587546
vt 0.383608 0.587593
vt 0.384167 0.596116
vt 0.383637 0.596159
vt 0.384167 0.598258
vt 0.383644 0.598301
vt 0.375058 0.597746
vt 0.375373 0.599716
vt 0.344662 0.694113
vt 0.343917 0.709245
vt 0.344122 0.723160
vt 0.346837 0.746777
vt 0.356342 0.763477
vt 0.329748 0.688539
vt 0.329748 0.709245
vt 0.329748 0.728856
vt 0.329748 0.747037
vt 0.329748 0.763477
vt 0.331908 0.777895
vt 0.334788 0.790043
vt 0.341317 0.799714
vt 0.348286 0.806743
vt 0.313084 0.789189
vt 0.314956 0.806743
vt 0.313084 0.769173
vt 0.313084 0.747037
vt 0.313084 0.723160
vt 0.313084 0.697950
vt 0.313084 0.671839
vt 0.250282 0.930643
vt 0.273069 0.926058
vt 0.292481 0.901478
vt 0.311822 0.873988
vt 0.330095 0.842469
vt 0.323148 0.833309
vt 0.317522 0.821534
vt 0.212403 0.879659
vt 0.230829 0.901478
vt 0.248619 0.912773
vt 0.268293 0.912773
vt 0.286789 0.890325
vt 0.303712 0.863898
vt 0.298563 0.850221
vt 0.297289 0.832828
vt 0.297289 0.812439
vt 0.230829 0.873626
vt 0.248619 0.890325
vt 0.265469 0.896022
vt 0.282088 0.874980
vt 0.281090 0.855704
vt 0.281090 0.832828
vt 0.248619 0.863685
vt 0.265469 0.874980
vt 0.265469 0.850008
vt 0.816667 0.688208
vt 0.818341 0.668088
vt 0.816414 0.700092
vt 0.788821 0.793723
vt 0.804324 0.793550
vt 0.788821 0.769172
vt 0.784051 0.779750
vt 0.784051 0.755224
vt 0.788881 0.781440
vt 0.784051 0.707844
vt 0.776091 0.685801
vt 0.784051 0.685747
vt 0.776091 0.707844
vt 0.776091 0.731119
vt 0.784051 0.731119
vt 0.776091 0.755224
vt 0.776091 0.779750
vt 0.776091 0.804276
vt 0.776091 0.828382
vt 0.776091 0.851656
vt 0.776091 0.873699
vt 0.776091 0.894135
vt 0.776091 0.912614
vt 0.810559 0.779708
vt 0.810560 0.804028
vt 0.804144 0.781400
vt 0.804324 0.769243
vt 0.810558 0.755388
vt 0.853047 0.490731
vt 0.866446 0.523515
vt 0.853047 0.530647
vt 0.866446 0.490731
vt 0.984800 0.646886
vt 0.991042 0.630680
vt 0.991042 0.646886
vt 0.984800 0.630680
vt 0.989482 0.649300
vt 0.984800 0.649300
vt 0.827670 0.530190
vt 0.837146 0.490731
vt 0.837146 0.525504
vt 0.837146 0.537095
vt 0.834777 0.536782
vt 0.358118 0.960312
vt 0.842378 0.568718
vt 0.803898 0.563310
vt 0.921161 0.983566
vt 0.941308 0.981390
vt 0.924068 0.990565
vt 0.937057 0.975012
vt 0.957790 0.968763
vt 0.953022 0.962670
vt 0.973070 0.952902
vt 0.967046 0.947841
vt 0.986886 0.934078
vt 0.980296 0.929715
vt 0.991245 0.910791
vt 0.999002 0.912614
vt 0.788207 0.934079
vt 0.794797 0.929715
vt 0.808047 0.947841
vt 0.802023 0.952902
vt 0.822071 0.962670
vt 0.817303 0.968763
vt 0.838035 0.975012
vt 0.833784 0.981390
vt 0.853984 0.983521
vt 0.851186 0.990567
vt 0.871189 0.988852
vt 0.869209 0.996136
vt 0.887546 0.998004
vt 0.887546 0.990486
vt 0.903904 0.988852
vt 0.905884 0.996136
vt 0.378490 0.956356
vt 0.375924 0.932421
vt 0.369424 0.969299
vt 1.799288 0.532602
vt 1.819013 0.490732
vt 1.790619 0.491603
vt 1.818194 0.532970
vt 1.903833 0.732905
vt 1.902894 0.733277
vt 1.909383 0.732091
vt 1.902700 0.733071
vt 0.380535 0.485222
vt 0.383770 0.486622
vt 0.382483 0.487697
vt 0.384083 0.486361
vt 0.383411 0.506013
vt 0.384083 0.504544
vt 0.384083 0.505680
vt 0.383433 0.504860
vt 0.381075 0.507168
vt 1.853325 0.638557
vt 1.824320 0.631195
vt 1.821330 0.649642
vt 1.832267 0.612588
vt 1.890962 0.558208
vt 1.877475 0.570821
vt 1.891095 0.573116
vt 1.875987 0.558208
vt 1.874684 0.558266
vt 1.862248 0.566389
vt 1.850577 0.579325
vt 1.863552 0.597467
vt 1.840214 0.593980
vt 1.945279 0.713375
vt 1.976618 0.701411
vt 1.946272 0.701423
vt 1.975359 0.725375
vt 1.940604 0.724806
vt 1.933802 0.734923
vt 1.971960 0.749134
vt 1.930680 0.740410
vt 1.923653 0.723875
vt 1.928712 0.717301
vt 1.917061 0.728920
vt 1.928251 0.744347
vt 1.928422 0.750516
vt 1.927209 0.762488
vt 1.968961 0.771671
vt 1.925442 0.786394
vt 1.965444 0.793605
vt 1.963061 0.803631
vt 1.924234 0.812320
vt 1.953086 0.830011
vt 1.961479 0.813668
vt 1.902704 0.748189
vt 1.902653 0.753305
vt 1.902637 0.779184
vt 1.902603 0.816515
vt 1.902567 0.851850
vt 1.902527 0.884575
vt 1.960749 0.848580
vt 1.902483 0.914121
vt 1.967075 0.866366
vt 1.902433 0.939972
vt 1.974741 0.880917
vt 1.902377 0.961678
vt 1.984369 0.896282
vt 1.902316 0.982601
vt 0.817958 0.788421
vt 0.817124 0.771745
vt 0.816419 0.724023
vt 0.388479 0.490932
vt 0.388479 0.485943
vt 0.388969 0.486179
vt 0.388479 0.597825
vt 0.389007 0.597825
vt 0.389008 0.609018
vt 0.388479 0.585356
vt 0.389007 0.585356
vt 0.388479 0.572731
vt 0.389007 0.572731
vt 0.388480 0.556921
vt 0.389007 0.556895
vt 0.388479 0.532969
vt 0.389007 0.532972
vt 0.388479 0.507953
vt 0.389007 0.507968
vt 0.389008 0.490928
vt 0.390340 0.490921
vt 0.390407 0.486094
vt 0.388962 0.485380
vt 0.388479 0.485141
vt 0.390335 0.572731
vt 0.390335 0.556830
vt 0.390337 0.532979
vt 0.390338 0.508007
vt 0.389036 0.667780
vt 0.390333 0.659522
vt 0.390333 0.667780
vt 0.389038 0.659522
vt 0.390333 0.651447
vt 0.389038 0.651447
vt 0.389038 0.643082
vt 0.390333 0.643016
vt 0.389036 0.630886
vt 0.390333 0.630904
vt 0.389009 0.619521
vt 0.390333 0.619521
vt 0.390333 0.609018
vt 0.390333 0.597825
vt 0.390335 0.585356
vt 0.388516 0.706697
vt 0.388516 0.692462
vt 0.389034 0.692462
vt 0.389035 0.679008
vt 0.388516 0.679008
vt 0.388516 0.667780
vt 0.388516 0.659522
vt 0.388516 0.651447
vt 0.388516 0.643108
vt 0.388516 0.630879
vt 0.388479 0.619521
vt 0.388479 0.609018
vt 0.390333 0.873797
vt 0.389032 0.847452
vt 0.390333 0.847526
vt 0.390333 0.821240
vt 0.389032 0.821160
vt 0.390333 0.795485
vt 0.389032 0.769873
vt 0.390333 0.769873
vt 0.390333 0.733858
vt 0.389032 0.733858
vt 0.390333 0.720032
vt 0.389033 0.720032
vt 0.390333 0.706697
vt 0.389033 0.706697
vt 0.390333 0.692462
vt 0.390333 0.679010
vt 0.390332 0.948698
vt 0.392898 0.972634
vt 0.388519 0.971194
vt 0.389032 0.924913
vt 0.390333 0.924916
vt 0.389032 0.873740
vt 0.388516 0.847423
vt 0.388516 0.821128
vt 0.388516 0.769873
vt 0.388516 0.733858
vt 0.388516 0.720032
vt 0.388516 0.873718
vt 0.388516 0.924912
vt 0.388013 0.971028
vt 0.793257 0.579186
vt 0.805623 0.593764
vt 0.792598 0.579993
vt 0.788666 0.584805
vt 0.795334 0.602492
vt 0.785230 0.594007
vt 0.793985 0.603636
vt 0.784038 0.605387
vt 0.793793 0.605515
vt 0.784052 0.617258
vt 0.793827 0.617258
vt 0.784050 0.630893
vt 0.793845 0.630733
vt 0.784052 0.646903
vt 0.793857 0.647073
vt 0.784033 0.665658
vt 0.793592 0.665977
vt 1.945324 0.688548
vt 1.976619 0.677446
vt 1.942163 0.676609
vt 1.976620 0.653687
vt 1.933599 0.667371
vt 1.976621 0.608494
vt 1.976621 0.589324
vt 1.943394 0.589963
vt 1.915371 0.657476
vt 1.976620 0.636099
vt 1.926746 0.662260
vt 1.917061 0.673938
vt 1.923653 0.678982
vt 1.928712 0.685557
vt 1.931892 0.693213
vt 1.932976 0.701429
vt 1.931892 0.709645
vt 1.910134 0.667696
vt 1.902700 0.666683
vt 1.902700 0.655092
vt 1.902562 0.589190
vt 0.386866 0.490929
vt 0.385478 0.508007
vt 0.385476 0.490921
vt 0.386866 0.507967
vt 0.385480 0.532979
vt 0.386866 0.532971
vt 0.385481 0.556830
vt 0.386866 0.556898
vt 0.385481 0.572731
vt 0.386866 0.572731
vt 0.385481 0.585356
vt 0.386866 0.585356
vt 0.385483 0.597825
vt 0.386866 0.597825
vt 0.385483 0.609018
vt 0.386866 0.609018
vt 0.385483 0.619521
vt 0.386865 0.619521
vt 0.385483 0.630904
vt 0.386837 0.630886
vt 0.385483 0.643016
vt 0.386835 0.643085
vt 0.385483 0.651447
vt 0.387337 0.597825
vt 0.387337 0.609018
vt 0.387337 0.619521
vt 0.387300 0.630880
vt 0.387300 0.643108
vt 0.386835 0.651447
vt 0.386835 0.659522
vt 0.385483 0.659522
vt 0.386837 0.667780
vt 0.385483 0.667780
vt 0.386838 0.679008
vt 0.385483 0.679010
vt 0.386839 0.692463
vt 0.385483 0.692463
vt 0.386840 0.821157
vt 0.387300 0.821129
vt 0.387300 0.847423
vt 0.386840 0.769873
vt 0.387300 0.769873
vt 0.386840 0.733859
vt 0.387300 0.733859
vt 0.386840 0.720032
vt 0.387300 0.720032
vt 0.386839 0.706697
vt 0.387300 0.706697
vt 0.387300 0.692463
vt 0.387300 0.679008
vt 0.387300 0.667780
vt 0.387300 0.659522
vt 0.387300 0.651447
vt 0.385483 0.706697
vt 0.385483 0.720032
vt 0.385483 0.733859
vt 0.385483 0.769873
vt 0.385483 0.795485
vt 0.385483 0.821241
vt 0.386840 0.847449
vt 0.386840 0.873738
vt 0.387300 0.873718
vt 0.386840 0.924913
vt 0.387300 0.924912
vt 0.386840 0.948716
vt 0.385483 0.847527
vt 0.385483 0.873797
vt 0.385483 0.924916
vt 0.385484 0.948698
vt 0.387300 0.948722
vt 0.387803 0.971028
vt 0.387353 0.971176
vt 0.382918 0.972634
vt 0.746484 0.527070
vt 0.706181 0.469013
vt 0.710618 0.457238
vt 0.717730 0.448681
vt 0.754723 0.518425
vt 0.757155 0.517793
vt 0.725939 0.442390
vt 0.732859 0.440144
vt 0.703818 0.483804
vt 0.741255 0.543770
vt 0.702557 0.501358
vt 0.769379 0.604956
vt 0.771578 0.602379
vt 0.772074 0.601951
vt 0.757718 0.517647
vt 0.746021 0.477349
vt 0.733645 0.439889
vt 0.773333 0.645274
vt 0.759302 0.772731
vt 0.771620 0.688205
vt 0.772074 0.688596
vt 0.771600 0.646196
vt 0.765528 0.618708
vt 0.767082 0.610652
vt 0.736355 0.567387
vt 0.702557 0.521374
vt 0.702557 0.543510
vt 0.733800 0.596312
vt 0.702557 0.567387
vt 0.702557 0.592597
vt 0.733800 0.628574
vt 0.702557 0.618708
vt 0.702557 0.645274
vt 0.764313 0.628574
vt 0.763186 0.639578
vt 0.765336 0.671839
vt 0.769379 0.685591
vt 0.767082 0.679895
vt 0.763186 0.650969
vt 0.764121 0.661973
vt 0.725646 0.848254
vt 0.755473 0.771954
vt 0.745456 0.763477
vt 0.738337 0.746777
vt 0.733800 0.723160
vt 0.733800 0.694235
vt 0.733800 0.661973
vt 0.702557 0.671839
vt 0.702557 0.697950
vt 0.702557 0.723160
vt 0.702557 0.747037
vt 0.702557 0.769173
vt 0.702557 0.789189
vt 0.704050 0.806743
vt 0.685940 0.812439
vt 0.686803 0.832828
vt 0.669863 0.832828
vt 0.669863 0.855704
vt 0.654242 0.850008
vt 0.654242 0.874980
vt 0.637392 0.863686
vt 0.706870 0.821534
vt 0.711849 0.833309
vt 0.689192 0.850008
vt 0.671957 0.874980
vt 0.693872 0.863686
vt 0.718801 0.842589
vt 0.543925 0.943630
vt 0.563682 0.932335
vt 0.563682 0.951512
vt 0.582429 0.934813
vt 0.582429 0.910516
vt 0.601176 0.932335
vt 0.601176 0.908247
vt 0.619602 0.924947
vt 0.619602 0.901478
vt 0.637392 0.912773
vt 0.637392 0.890326
vt 0.655194 0.896022
vt 0.675194 0.890326
vt 0.699817 0.873882
vt 0.582429 0.954155
vt 0.601176 0.951512
vt 0.619602 0.943630
vt 0.637392 0.930643
vt 0.656907 0.912773
vt 0.680046 0.902492
vt 0.707963 0.880741
vt 0.731398 0.850628
vt 0.601896 0.967968
vt 0.621881 0.959368
vt 0.640892 0.947153
vt 0.660109 0.928348
vt 0.686380 0.913039
vt 0.714797 0.884944
vt 0.624719 0.971193
vt 0.645777 0.959486
vt 0.665235 0.939518
vt 0.692816 0.918308
vt 0.651831 0.969022
vt 0.672171 0.946411
vt 0.563682 0.968046
vt 0.582429 0.970103
vt 0.603073 0.980589
vt 0.629591 0.982512
vt 0.652215 0.969628
vt 0.672648 0.946885
vt 0.693309 0.918712
vt 0.715403 0.885316
vt 0.732019 0.850884
vt 0.760134 0.772900
vt 0.427799 0.806743
vt 0.418390 0.811009
vt 0.411221 0.769240
vt 0.445990 0.842469
vt 0.435900 0.849282
vt 0.464263 0.873988
vt 0.454682 0.882327
vt 0.483604 0.901478
vt 0.475258 0.911775
vt 0.503016 0.926058
vt 0.495679 0.935421
vt 0.522557 0.943630
vt 0.516646 0.955124
vt 0.541978 0.959480
vt 0.538975 0.970996
vt 0.562295 0.980300
vt 0.582429 0.981906
vt 0.510183 0.962450
vt 0.535045 0.980790
vt 0.559826 0.991825
vt 0.582429 0.993915
vt 0.607117 0.991114
vt 0.534808 0.981379
vt 0.559682 0.992497
vt 0.582429 0.994609
vt 0.607353 0.991728
vt 0.629884 0.983193
vt 0.392009 0.700731
vt 0.395876 0.731415
vt 0.395144 0.731488
vt 0.402659 0.772761
vt 0.401725 0.772900
vt 0.412621 0.811983
vt 0.411800 0.812122
vt 0.429012 0.852356
vt 0.428268 0.852688
vt 0.447516 0.887185
vt 0.446881 0.887616
vt 0.467813 0.916469
vt 0.467243 0.916828
vt 0.488023 0.940998
vt 0.487497 0.941381
vt 0.509773 0.962915
vt 0.399422 0.699273
vt 0.392850 0.700647
vt 0.392795 0.693192
vt 0.404055 0.731097
vt 0.472373 0.863898
vt 0.477522 0.850221
vt 0.493997 0.874980
vt 0.452937 0.833309
vt 0.458564 0.821534
vt 0.434768 0.799714
vt 0.441297 0.790043
vt 0.419743 0.763477
vt 0.429248 0.746777
vt 0.404641 0.697557
vt 0.397744 0.692761
vt 0.392786 0.691971
vt 0.392009 0.692032
vt 0.392009 0.693252
vt 0.402378 0.691794
vt 0.401926 0.690643
vt 0.397446 0.691602
vt 0.407435 0.688947
vt 0.432168 0.709245
vt 0.446337 0.709245
vt 0.446337 0.728856
vt 0.431963 0.723160
vt 0.446337 0.747037
vt 0.410909 0.695456
vt 0.408064 0.690125
vt 0.413947 0.685982
vt 0.414774 0.687171
vt 0.419760 0.681669
vt 0.420827 0.682672
vt 0.425370 0.675418
vt 0.426382 0.676186
vt 0.430755 0.666072
vt 0.431978 0.666667
vt 0.435187 0.656365
vt 0.418285 0.692215
vt 0.431423 0.694113
vt 0.446337 0.688539
vt 0.439310 0.657531
vt 0.436032 0.668638
vt 0.430340 0.679186
vt 0.424923 0.686520
vt 0.435927 0.645273
vt 0.440035 0.645274
vt 0.438271 0.633310
vt 0.446337 0.645274
vt 0.446337 0.667093
vt 0.435011 0.634322
vt 0.434014 0.634631
vt 0.430868 0.624594
vt 0.446337 0.763477
vt 0.463001 0.769173
vt 0.463001 0.747037
vt 0.463001 0.723160
vt 0.463001 0.697950
vt 0.463001 0.671839
vt 0.463001 0.645274
vt 0.446337 0.623454
vt 0.434642 0.622390
vt 0.431825 0.624035
vt 0.425999 0.614534
vt 0.429456 0.612326
vt 0.417453 0.605535
vt 0.420521 0.600173
vt 0.432957 0.581302
vt 0.413224 0.585189
vt 0.430636 0.554804
vt 0.408533 0.570335
vt 0.425080 0.534472
vt 0.445032 0.512652
vt 0.442640 0.500504
vt 0.437855 0.490833
vt 0.446337 0.543510
vt 0.446337 0.527070
vt 0.425114 0.615099
vt 0.416817 0.606648
vt 0.408838 0.602499
vt 0.409362 0.600871
vt 0.411101 0.593178
vt 0.402754 0.589498
vt 0.400862 0.561691
vt 0.413536 0.521961
vt 0.428625 0.483804
vt 0.453244 0.457238
vt 0.444164 0.447745
vt 0.418556 0.479538
vt 0.402410 0.517764
vt 0.412219 0.478542
vt 0.394412 0.559176
vt 0.392567 0.587600
vt 0.392533 0.596166
vt 0.401056 0.597748
vt 0.401770 0.517647
vt 0.411473 0.478425
vt 0.393932 0.559059
vt 0.391918 0.587546
vt 0.391918 0.596116
vt 0.391918 0.598258
vt 0.392525 0.598308
vt 0.400740 0.599718
vt 0.432904 0.442176
vt 0.424725 0.440869
vt 0.423992 0.440752
vt 1.793257 0.579186
vt 1.792558 0.580042
vt 1.805623 0.593764
vt 1.788666 0.584805
vt 1.795334 0.602492
vt 1.785230 0.594008
vt 1.793985 0.603636
vt 1.784038 0.605387
vt 1.793792 0.605516
vt 1.784052 0.617258
vt 1.793827 0.617258
vt 1.784050 0.630893
vt 1.793845 0.630733
vt 1.784052 0.646903
vt 1.793857 0.647073
vt 1.784033 0.665658
vt 1.793592 0.665977
vt 1.801356 0.804032
vt 1.788821 0.793723
vt 1.784050 0.804276
vt 1.804324 0.793550
vt 1.810559 0.779708
vt 1.810560 0.804028
vt 1.804144 0.781400
vt 1.804324 0.769243
vt 1.810558 0.755388
vt 1.853047 0.490731
vt 1.866446 0.523515
vt 1.866446 0.490731
vt 1.853047 0.530647
vt 1.984800 0.646886
vt 1.991042 0.630680
vt 1.984800 0.630680
vt 1.991042 0.646886
vt 1.989482 0.649300
vt 1.984800 0.649300
vt 1.784050 0.731118
vt 1.784050 0.755224
vt 1.793356 0.755309
vt 1.793334 0.731095
vt 1.784050 0.707845
vt 1.793334 0.708127
vt 1.784050 0.685747
vt 1.793334 0.685747
vt 1.999002 0.731118
vt 1.999002 0.707844
vt 1.991042 0.707844
vt 1.991042 0.731118
vt 1.991042 0.755224
vt 1.999002 0.755224
vt 1.991042 0.779750
vt 1.999002 0.779750
vt 1.991042 0.804276
vt 1.999002 0.804276
vt 1.991042 0.828382
vt 1.999002 0.828382
vt 1.991042 0.851656
vt 1.999002 0.851656
vt 1.991042 0.873699
vt 1.999002 0.873699
vt 1.999002 0.894135
vt 1.991042 0.894135
vt 1.991245 0.910791
vt 1.999002 0.912614
vt 1.991036 0.582546
vt 1.998999 0.589680
vt 1.998996 0.582543
vt 1.991039 0.589683
vt 1.999002 0.598253
vt 1.991042 0.598255
vt 1.991042 0.606155
vt 1.999002 0.606155
vt 1.991042 0.617025
vt 1.999002 0.617025
vt 1.999002 0.630680
vt 1.999002 0.646886
vt 1.991042 0.665365
vt 1.999002 0.665365
vt 1.991042 0.685747
vt 1.999002 0.685801
vt 0.793356 0.755309
vt 0.800395 0.755404
vt 1.870225 0.261002
vt 1.862716 0.280581
vt 1.870309 0.280533
vt 1.857010 0.261086
vt 1.765519 0.269953
vt 1.797009 0.270081
vt 1.757902 0.278812
vt 1.754993 0.293476
vt 1.760195 0.306847
vt 1.796912 0.307426
vt 1.857207 0.280616
vt 1.817900 0.280863
vt 1.817364 0.261335
vt 1.799743 0.261446
vt 1.800431 0.280973
vt 1.797041 0.262008
vt 1.719108 0.261815
vt 1.722983 0.277977
vt 1.732848 0.292204
vt 1.750611 0.310438
vt 1.796868 0.325070
vt 1.771015 0.325070
vt 1.763550 0.354684
vt 1.796049 0.368193
vt 1.784763 0.353883
vt 1.774823 0.369001
vt 1.748710 0.340035
vt 1.769899 0.339245
vt 1.730558 0.325304
vt 1.751713 0.324530
vt 1.709402 0.310743
vt 1.730516 0.309991
vt 1.685608 0.296602
vt 1.706670 0.295874
vt 1.871477 0.459800
vt 1.821382 0.425327
vt 1.828572 0.460071
vt 1.871220 0.425013
vt 0.526020 0.298122
vt 0.506850 0.237721
vt 0.525946 0.234960
vt 0.506922 0.300516
vt 0.488087 0.245913
vt 0.488158 0.307613
vt 0.469977 0.259392
vt 0.470046 0.319290
vt 0.452832 0.277933
vt 0.452898 0.335350
vt 0.436943 0.301217
vt 0.437007 0.355517
vt 0.422584 0.328844
vt 0.422642 0.379445
vt 0.411751 0.355960
vt 0.410054 0.406724
vt 1.659580 0.283123
vt 1.682254 0.272114
vt 1.670816 0.259128
vt 1.684253 0.284286
vt 1.694482 0.279316
vt 1.704713 0.274346
vt 1.710515 0.268087
vt 1.716318 0.261829
vt 0.984800 0.656543
vt 1.851644 0.395971
vt 1.834819 0.409763
vt 1.861072 0.400559
vt 1.835844 0.396070
vt 1.831173 0.391709
vt 1.832990 0.381937
vt 1.825839 0.359994
vt 1.828813 0.357108
vt 1.821576 0.330622
vt 1.825476 0.334114
vt 1.823037 0.313349
vt 1.818459 0.304097
vt 0.884865 0.507701
vt 0.890861 0.492286
vt 0.889570 0.499289
vt 0.877113 0.515823
vt 0.300404 0.440538
vt 0.322807 0.457238
vt 0.316199 0.469013
vt 0.307573 0.426861
vt 0.331887 0.447745
vt 0.316962 0.415611
vt 0.343147 0.442176
vt 0.327599 0.409016
vt 0.352060 0.440752
vt 0.337936 0.405262
vt 0.303968 0.372002
vt 0.313293 0.364972
vt 0.281198 0.344993
vt 0.288975 0.333526
vt 0.256242 0.324161
vt 0.261364 0.309301
vt 0.234168 0.311549
vt 0.231403 0.329257
vt 0.212369 0.322241
vt 0.212369 0.339035
vt 0.193622 0.336392
vt 0.193622 0.355735
vt 0.238039 0.296814
vt 0.213695 0.306115
vt 0.193622 0.319478
vt 0.215815 0.290648
vt 0.193622 0.304132
vt 0.193622 0.288906
vt 0.212369 0.358212
vt 0.230796 0.346917
vt 0.252315 0.340312
vt 0.274226 0.358632
vt 0.295730 0.382329
vt 0.288803 0.396664
vt 0.282752 0.415567
vt 0.230795 0.365600
vt 0.249928 0.357251
vt 0.269870 0.372592
vt 0.266647 0.394526
vt 0.248586 0.377774
vt 0.991042 0.617025
vt 0.998999 0.589680
vt 0.991036 0.582546
vt 0.998996 0.582543
vt 0.991039 0.589683
vt 0.999002 0.598253
vt 0.991042 0.598255
vt 0.991042 0.606155
vt 0.999002 0.606155
vt 0.999002 0.617025
vt 0.999002 0.630680
vt 0.999002 0.646886
vt 0.991042 0.665365
vt 0.999002 0.665365
vt 0.991042 0.685747
vt 0.999002 0.685801
vt 0.991042 0.707844
vt 0.999002 0.707844
vt 0.999002 0.731119
vt 0.991042 0.731119
vt 0.991042 0.755224
vt 0.999002 0.755224
vt 0.991042 0.779750
vt 0.999002 0.779750
vt 0.991042 0.804276
vt 0.999002 0.804276
vt 0.991042 0.828382
vt 0.999002 0.828382
vt 0.991042 0.851656
vt 0.999002 0.851656
vt 0.991042 0.873699
vt 0.999002 0.873699
vt 0.999002 0.894135
vt 0.991042 0.894135
vt 0.676016 0.006828
vt 0.650006 0.004935
vt 0.676097 0.004951
vt 0.649843 0.006830
vt 0.624818 0.004905
vt 0.624573 0.006832
vt 0.600969 0.004863
vt 0.600638 0.006833
vt 0.578866 0.004807
vt 0.578449 0.006835
vt 0.558385 0.006836
vt 0.558845 0.004779
vt 0.879328 0.006814
vt 0.863911 0.004619
vt 0.878695 0.004578
vt 0.864501 0.006815
vt 0.846906 0.006817
vt 0.846401 0.004701
vt 0.826842 0.006818
vt 0.826424 0.004774
vt 0.804653 0.006819
vt 0.804322 0.004835
vt 0.780719 0.006821
vt 0.780472 0.004884
vt 0.755448 0.006823
vt 0.755285 0.004920
vt 0.729275 0.006824
vt 0.729193 0.004943
vt 0.702646 0.006826
vt 0.702645 0.004954
vt 0.879327 0.248851
vt 0.908974 0.237281
vt 0.880361 0.250567
vt 0.907871 0.235699
vt 0.934107 0.221998
vt 0.932901 0.220695
vt 0.955759 0.205101
vt 0.953994 0.204106
vt 0.972919 0.186889
vt 0.970785 0.186211
vt 0.985057 0.167709
vt 0.982989 0.167317
vt 0.992401 0.147885
vt 0.990397 0.147701
vt 0.995140 0.127827
vt 0.992871 0.127846
vt 0.990396 0.107965
vt 0.992813 0.107659
vt 0.982988 0.088358
vt 0.985673 0.087623
vt 0.970785 0.069464
vt 0.973382 0.068737
vt 0.953994 0.051569
vt 0.956421 0.050680
vt 0.932901 0.034980
vt 0.934238 0.033226
vt 0.907871 0.019977
vt 0.909069 0.018188
vt 0.880618 0.004881
vt 0.984800 0.851335
vt 0.984800 0.873688
vt 0.984800 0.883907
vt 0.984800 0.666201
vt 0.984800 0.685747
vt 0.984800 0.708127
vt 0.984800 0.731095
vt 0.984800 0.755308
vt 0.984800 0.779731
vt 0.984800 0.804154
vt 0.984800 0.828367
vt 0.473747 0.167317
vt 0.481891 0.187245
vt 0.471809 0.167951
vt 0.483710 0.186211
vt 0.495399 0.205328
vt 0.497420 0.204106
vt 0.512864 0.221968
vt 0.514642 0.220696
vt 0.533409 0.236787
vt 0.535080 0.235698
vt 0.558385 0.248853
vt 0.557702 0.250599
vt 0.533211 0.018353
vt 0.556539 0.005161
vt 0.535081 0.019978
vt 0.514643 0.034980
vt 0.512686 0.033525
vt 0.497420 0.051569
vt 0.495335 0.050416
vt 0.481229 0.069354
vt 0.483442 0.069981
vt 0.471795 0.087539
vt 0.473958 0.088031
vt 0.465671 0.106945
vt 0.467758 0.107737
vt 0.463473 0.127860
vt 0.465675 0.127860
vt 0.465468 0.147707
vt 0.467697 0.147725
vt 0.780719 0.248853
vt 0.804322 0.250507
vt 0.780472 0.250462
vt 0.804653 0.248853
vt 0.826425 0.250566
vt 0.826842 0.248853
vt 0.846402 0.250636
vt 0.846906 0.248852
vt 0.863911 0.250715
vt 0.864501 0.248852
vt 0.878695 0.250754
vt 0.578866 0.250567
vt 0.578449 0.248853
vt 0.600638 0.248853
vt 0.600969 0.250509
vt 0.624573 0.248853
vt 0.624819 0.250463
vt 0.649843 0.248853
vt 0.650006 0.250430
vt 0.676016 0.248853
vt 0.676098 0.250411
vt 0.702646 0.248853
vt 0.702646 0.250403
vt 0.729194 0.250410
vt 0.729275 0.248853
vt 0.755285 0.250429
vt 0.755449 0.248853
vt 0.793334 0.731095
vt 0.793334 0.708127
vt 0.793334 0.685747
vt 0.784036 0.579482
vt 0.776075 0.578465
vt 0.784035 0.578457
vt 0.776076 0.579629
vt 0.784042 0.585594
vt 0.776082 0.585602
vt 0.784051 0.594007
vt 0.776091 0.594007
vt 0.776091 0.605388
vt 0.776091 0.617258
vt 0.776091 0.630680
vt 0.776091 0.646886
vt 0.776091 0.665365
vt 1.909690 0.671368
vt 0.582429 0.635998
vt 0.601118 0.637425
vt 0.582429 0.637424
vt 0.563740 0.637425
vt 0.563682 0.635998
vt 0.545371 0.637425
vt 0.545256 0.635998
vt 0.529128 0.637422
vt 0.528768 0.636016
vt 0.527383 0.638158
vt 0.526430 0.637092
vt 0.525407 0.639788
vt 0.526645 0.640065
vt 0.525447 0.645273
vt 0.526659 0.645273
vt 0.526645 0.650482
vt 0.525407 0.650759
vt 0.527383 0.652389
vt 0.526430 0.653455
vt 0.528768 0.654531
vt 0.529128 0.653125
vt 0.545256 0.654549
vt 0.545371 0.653122
vt 0.563682 0.654549
vt 0.563740 0.653122
vt 0.582429 0.654549
vt 0.582429 0.653122
vt 0.601118 0.653122
vt 0.601176 0.654549
vt 0.619487 0.653122
vt 0.619602 0.654549
vt 0.635730 0.653125
vt 0.636090 0.654531
vt 0.637475 0.652389
vt 0.638428 0.653455
vt 0.639452 0.650759
vt 0.638213 0.650482
vt 0.639411 0.645273
vt 0.638199 0.645273
vt 0.638213 0.640065
vt 0.639452 0.639788
vt 0.637475 0.638158
vt 0.638428 0.637092
vt 0.636090 0.636016
vt 0.635730 0.637422
vt 0.619602 0.635998
vt 0.619487 0.637425
vt 0.601176 0.635998
vt 0.637392 0.490833
vt 0.619602 0.521690
vt 0.619602 0.483804
vt 0.601176 0.518425
vt 0.601176 0.479538
vt 0.582429 0.517331
vt 0.582429 0.558742
vt 0.563682 0.518425
vt 0.563682 0.559483
vt 0.545256 0.521690
vt 0.545256 0.561691
vt 0.601176 0.559483
vt 0.582429 0.601635
vt 0.563682 0.602008
vt 0.545256 0.603122
vt 0.582429 0.478108
vt 0.563682 0.479538
vt 0.545256 0.483804
vt 0.527466 0.490833
vt 0.527466 0.527070
vt 0.527466 0.565329
vt 0.527466 0.604956
vt 0.637392 0.457238
vt 0.619602 0.448681
vt 0.601176 0.443487
vt 0.582429 0.441746
vt 0.563682 0.443487
vt 0.545256 0.448681
vt 0.527466 0.457239
vt 0.510616 0.469014
vt 0.510616 0.500504
vt 0.510616 0.534472
vt 0.510616 0.570335
vt 0.510616 0.607481
vt 0.601176 0.410888
vt 0.582429 0.408866
vt 0.563682 0.410888
vt 0.545256 0.416921
vt 0.527466 0.426862
vt 0.510616 0.440539
vt 0.494995 0.457719
vt 0.494995 0.483804
vt 0.494995 0.512652
vt 0.494995 0.543770
vt 0.494995 0.576624
vt 0.637392 0.400222
vt 0.637392 0.426862
vt 0.619602 0.416921
vt 0.619602 0.389069
vt 0.601176 0.382300
vt 0.582429 0.380031
vt 0.563682 0.382300
vt 0.545256 0.389069
vt 0.527466 0.400222
vt 0.510616 0.415567
vt 0.494995 0.434843
vt 0.478069 0.457719
vt 0.478796 0.478108
vt 0.509405 0.394526
vt 0.527466 0.377774
vt 0.545256 0.365601
vt 0.563682 0.358212
vt 0.582429 0.355735
vt 0.601176 0.358212
vt 0.619603 0.365601
vt 0.637393 0.377774
vt 0.654242 0.394526
vt 0.654242 0.415567
vt 0.670403 0.415567
vt 0.669863 0.434843
vt 0.478796 0.614416
vt 0.463001 0.618708
vt 0.463001 0.592597
vt 0.478796 0.584087
vt 0.463001 0.567387
vt 0.478796 0.554804
vt 0.463001 0.543510
vt 0.478796 0.527070
vt 0.463001 0.521374
vt 0.478796 0.501358
vt 0.463001 0.501358
vt 0.462154 0.483804
vt 0.459852 0.469013
vt 0.475647 0.440539
vt 0.493300 0.415567
vt 0.494995 0.610652
vt 0.494995 0.645273
vt 0.478796 0.645273
vt 0.478796 0.676131
vt 0.494995 0.679894
vt 0.478796 0.706460
vt 0.494995 0.713923
vt 0.478796 0.735743
vt 0.494995 0.746777
vt 0.510616 0.635825
vt 0.510616 0.645273
vt 0.510616 0.654721
vt 0.510616 0.683066
vt 0.510616 0.720212
vt 0.510616 0.756075
vt 0.494995 0.777894
vt 0.510616 0.790043
vt 0.527466 0.763477
vt 0.527466 0.799714
vt 0.527466 0.659620
vt 0.527466 0.685591
vt 0.527466 0.725218
vt 0.478796 0.763477
vt 0.478796 0.789189
vt 0.494995 0.806743
vt 0.510616 0.821534
vt 0.527466 0.833308
vt 0.545256 0.806743
vt 0.545256 0.768857
vt 0.545256 0.728856
vt 0.545256 0.687425
vt 0.545256 0.661252
vt 0.563682 0.663046
vt 0.510616 0.850008
vt 0.494995 0.832828
vt 0.478797 0.812439
vt 0.463001 0.789189
vt 0.463001 0.645273
vt 0.669863 0.746778
vt 0.654242 0.720212
vt 0.669863 0.713923
vt 0.654242 0.756075
vt 0.637392 0.725218
vt 0.637392 0.763478
vt 0.619602 0.728856
vt 0.619602 0.768857
vt 0.601176 0.731064
vt 0.601176 0.772122
vt 0.582429 0.731805
vt 0.582429 0.773216
vt 0.563682 0.772122
vt 0.563682 0.811009
vt 0.545256 0.841866
vt 0.527466 0.863686
vt 0.669863 0.777895
vt 0.654242 0.790043
vt 0.637392 0.799714
vt 0.619602 0.806743
vt 0.601176 0.811009
vt 0.582429 0.812439
vt 0.685941 0.735743
vt 0.685941 0.706460
vt 0.685941 0.763478
vt 0.685941 0.789189
vt 0.669863 0.806743
vt 0.654242 0.821534
vt 0.637392 0.833309
vt 0.619602 0.841866
vt 0.601176 0.847060
vt 0.582429 0.848801
vt 0.563682 0.847060
vt 0.637393 0.863686
vt 0.619603 0.873626
vt 0.601176 0.879658
vt 0.582429 0.881681
vt 0.563682 0.879658
vt 0.545256 0.873626
vt 0.702558 0.671839
vt 0.685941 0.645273
vt 0.702558 0.645273
vt 0.685941 0.676131
vt 0.702558 0.697950
vt 0.702558 0.723160
vt 0.702558 0.747038
vt 0.702558 0.769174
vt 0.702558 0.789189
vt 0.685941 0.812439
vt 0.563682 0.731064
vt 0.582429 0.688912
vt 0.601176 0.688539
vt 0.619602 0.687425
vt 0.637392 0.685591
vt 0.654242 0.683066
vt 0.669863 0.679894
vt 0.669863 0.645273
vt 0.563682 0.688539
vt 0.582429 0.663139
vt 0.601176 0.663046
vt 0.619602 0.661252
vt 0.637392 0.659620
vt 0.654242 0.654721
vt 0.654242 0.645273
vt 0.654242 0.635825
vt 0.669863 0.610652
vt 0.669863 0.576624
vt 0.654242 0.607481
vt 0.637392 0.630927
vt 0.669863 0.543770
vt 0.654242 0.570335
vt 0.637392 0.604956
vt 0.619602 0.629294
vt 0.669863 0.512652
vt 0.654242 0.534472
vt 0.637392 0.565329
vt 0.619602 0.603122
vt 0.601176 0.627501
vt 0.601176 0.602008
vt 0.619602 0.561691
vt 0.637392 0.527070
vt 0.654242 0.500504
vt 0.669863 0.483804
vt 0.654242 0.469013
vt 0.669863 0.457719
vt 0.654242 0.440539
vt 0.527466 0.630927
vt 0.545256 0.629294
vt 0.563682 0.627501
vt 0.582429 0.627407
vt 0.401321 0.920164
vt 0.400201 0.918413
vt 0.401803 0.918597
vt 0.399795 0.920164
vt 0.401015 0.921916
vt 0.401320 0.920165
vt 0.399646 0.921916
vt 0.401082 0.927697
vt 0.399780 0.927697
vt 0.391665 0.927696
vt 0.391666 0.921915
vt 0.391666 0.920164
vt 0.391666 0.918413
vt 0.405435 0.898674
vt 0.407010 0.899007
vt 0.410453 0.876855
vt 0.408853 0.876688
vt 0.411607 0.854315
vt 0.409998 0.854315
vt 0.408852 0.831942
vt 0.405436 0.809957
vt 0.410453 0.831775
vt 0.391666 0.790217
vt 0.400201 0.790218
vt 0.391666 0.854315
vt 0.391666 0.876925
vt 0.407010 0.809623
vt 0.401803 0.790033
vt 0.401320 0.788466
vt 0.399795 0.788466
vt 0.391666 0.788466
vt 0.399646 0.786715
vt 0.391666 0.786715
vt 0.391666 0.780934
vt 0.399781 0.780933
vt 0.401083 0.780934
vt 0.401015 0.786715
vt 0.401321 0.788466
vt 1.903395 0.670716
vt 1.902701 0.670645
vt 0.374823 0.786714
vt 0.376043 0.788466
vt 0.374517 0.788466
vt 0.376192 0.786715
vt 0.374755 0.780934
vt 0.376057 0.780934
vt 0.384172 0.780934
vt 0.384172 0.786715
vt 0.384171 0.788466
vt 0.384171 0.790217
vt 0.375637 0.790218
vt 0.374034 0.790033
vt 0.370402 0.809957
vt 0.368827 0.809623
vt 0.365384 0.831776
vt 0.366985 0.831942
vt 0.365839 0.854315
vt 0.364230 0.854315
vt 0.366985 0.876688
vt 0.365384 0.876855
vt 0.370402 0.898674
vt 0.384171 0.918413
vt 0.375637 0.918413
vt 0.384171 0.876925
vt 0.384171 0.854315
vt 0.368827 0.899007
vt 0.374034 0.918597
vt 0.374517 0.920164
vt 0.376043 0.920164
vt 0.384171 0.920164
vt 0.376192 0.921916
vt 0.384171 0.921916
vt 0.384171 0.927697
vt 0.376056 0.927696
vt 0.374755 0.927696
vt 0.374823 0.921916
vt 0.526410 0.205811
vt 0.545880 0.187753
vt 0.529839 0.200476
vt 0.568834 0.205817
vt 0.570137 0.167330
vt 0.589766 0.149911
vt 0.594690 0.148058
vt 0.546479 0.224221
vt 0.527031 0.209594
vt 0.559048 0.231431
vt 0.569289 0.234358
vt 0.578763 0.234682
vt 0.601717 0.234659
vt 0.601457 0.199777
vt 0.601875 0.148048
vt 1.841507 0.551872
vt 1.814149 0.537982
vt 1.805889 0.551872
vt 0.526520 0.049873
vt 0.546479 0.031589
vt 0.527031 0.046216
vt 0.568823 0.049769
vt 0.559060 0.024208
vt 0.569310 0.021309
vt 0.578764 0.021127
vt 0.601717 0.021150
vt 0.601446 0.055808
vt 0.594679 0.107528
vt 0.601918 0.107524
vt 0.529839 0.055334
vt 0.545879 0.068057
vt 0.570137 0.088480
vt 0.589755 0.105674
vt 0.897510 0.125928
vt 0.905350 0.115727
vt 0.899565 0.121111
vt 0.942983 0.127905
vt 0.929001 0.094272
vt 0.944358 0.080655
vt 0.897510 0.129803
vt 0.954888 0.176634
vt 0.944358 0.175076
vt 0.949457 0.178327
vt 0.965344 0.160043
vt 0.971412 0.143800
vt 0.973383 0.127905
vt 0.971412 0.112010
vt 0.965344 0.095767
vt 0.954888 0.079176
vt 0.949490 0.077512
vt 0.929001 0.161459
vt 0.905350 0.140004
vt 0.899565 0.134620
vt 0.896550 0.031544
vt 0.879124 0.023355
vt 0.872118 0.059141
vt 0.869028 0.020657
vt 0.864049 0.020659
vt 0.855203 0.059831
vt 0.845259 0.020797
vt 0.823530 0.020963
vt 0.791824 0.056033
vt 0.801800 0.021130
vt 0.923216 0.051355
vt 0.920430 0.046534
vt 0.907123 0.068017
vt 0.884256 0.088441
vt 0.865381 0.105859
vt 0.860621 0.107727
vt 0.854606 0.107723
vt 0.788171 0.108046
vt 0.921799 0.055295
vt 0.922742 0.204526
vt 0.896551 0.224266
vt 0.920430 0.209275
vt 0.872127 0.196894
vt 0.879123 0.232782
vt 0.869028 0.235481
vt 0.864048 0.235151
vt 0.855213 0.196204
vt 0.845259 0.235013
vt 0.823530 0.234847
vt 0.791835 0.200001
vt 0.801800 0.234680
vt 0.921799 0.200437
vt 0.907123 0.187714
vt 0.884256 0.167290
vt 0.865392 0.150097
vt 0.860621 0.148243
vt 0.854564 0.148246
vt 0.788171 0.147923
vt 1.801356 0.828352
vt 1.790893 0.843887
vt 1.801356 0.843949
vt 1.784050 0.828382
vt 1.784050 0.851656
vt 1.790147 0.851495
vt 1.788936 0.868144
vt 1.784050 0.873699
vt 1.801356 0.873678
vt 1.784050 0.894135
vt 1.801356 0.892387
vt 1.783848 0.910791
vt 1.801356 0.868012
vt 1.815708 0.600629
vt 1.840785 0.585147
vt 1.803669 0.585148
vt 0.862154 0.056578
vt 0.824524 0.020991
vt 0.862164 0.199457
vt 0.824524 0.234819
vt 1.804322 0.004835
vt 1.780472 0.004884
vt 1.780719 0.006821
vt 1.804653 0.006819
vt 1.826424 0.004774
vt 1.826841 0.006818
vt 1.846401 0.004701
vt 1.846906 0.006817
vt 1.863911 0.004619
vt 1.864501 0.006815
vt 1.879328 0.006815
vt 1.878694 0.004578
vt 1.578866 0.004808
vt 1.558846 0.004779
vt 1.558385 0.006836
vt 1.578449 0.006835
vt 1.600638 0.006833
vt 1.600969 0.004863
vt 1.624573 0.006832
vt 1.624818 0.004906
vt 1.649843 0.006830
vt 1.650006 0.004935
vt 1.676016 0.006828
vt 1.676097 0.004951
vt 1.702646 0.006826
vt 1.702645 0.004954
vt 1.729193 0.004943
vt 1.729275 0.006824
vt 1.755285 0.004920
vt 1.755448 0.006823
vt 1.816667 0.688208
vt 1.850791 0.691606
vt 1.818341 0.668088
vt 1.909070 0.018188
vt 1.880618 0.004881
vt 1.907871 0.019977
vt 1.934238 0.033226
vt 1.932901 0.034980
vt 1.956421 0.050680
vt 1.953994 0.051569
vt 1.973382 0.068737
vt 1.970784 0.069464
vt 1.985673 0.087623
vt 1.982988 0.088358
vt 1.992813 0.107659
vt 1.990396 0.107965
vt 1.995140 0.127828
vt 1.992870 0.127846
vt 1.990397 0.147701
vt 1.992401 0.147885
vt 1.982989 0.167317
vt 1.985056 0.167709
vt 1.970785 0.186211
vt 1.972919 0.186889
vt 1.953994 0.204107
vt 1.955759 0.205101
vt 1.932901 0.220695
vt 1.934107 0.221999
vt 1.907871 0.235699
vt 1.908974 0.237281
vt 1.879327 0.248851
vt 1.880361 0.250567
vt 0.250639 0.645273
vt 0.249440 0.640065
vt 0.250679 0.639788
vt 0.248703 0.638158
vt 0.249656 0.637092
vt 0.247318 0.636016
vt 0.246958 0.637422
vt 0.230830 0.635998
vt 0.230714 0.637425
vt 0.212404 0.635998
vt 0.212346 0.637425
vt 0.193657 0.635998
vt 0.193657 0.637424
vt 0.174967 0.637425
vt 0.174910 0.635998
vt 0.156599 0.637425
vt 0.156484 0.635998
vt 0.140356 0.637422
vt 0.139996 0.636016
vt 0.138611 0.638158
vt 0.137658 0.637092
vt 0.136634 0.639788
vt 0.137873 0.640065
vt 0.136675 0.645273
vt 0.137886 0.645273
vt 0.137873 0.650482
vt 0.136634 0.650759
vt 0.138611 0.652389
vt 0.137658 0.653455
vt 0.139996 0.654531
vt 0.140356 0.653125
vt 0.156484 0.654548
vt 0.156599 0.653122
vt 0.174910 0.654548
vt 0.174967 0.653122
vt 0.193657 0.654548
vt 0.193657 0.653122
vt 0.212346 0.653122
vt 0.212404 0.654548
vt 0.230714 0.653122
vt 0.230830 0.654548
vt 0.246958 0.653125
vt 0.247318 0.654531
vt 0.248703 0.652389
vt 0.249656 0.653455
vt 0.250679 0.650759
vt 0.249440 0.650482
vt 0.249427 0.645273
vt 0.230830 0.661252
vt 0.230830 0.687425
vt 0.212404 0.663046
vt 0.248620 0.685591
vt 0.248620 0.725218
vt 0.248620 0.659619
vt 0.265470 0.645273
vt 0.265470 0.654721
vt 0.265470 0.683066
vt 0.265470 0.720212
vt 0.265470 0.756075
vt 0.230830 0.629294
vt 0.248620 0.630927
vt 0.265470 0.635825
vt 0.281091 0.645273
vt 0.281091 0.679895
vt 0.281091 0.713923
vt 0.281091 0.746777
vt 0.281091 0.777895
vt 0.265470 0.790043
vt 0.248620 0.763477
vt 0.248620 0.565329
vt 0.248620 0.604956
vt 0.230830 0.603121
vt 0.265470 0.607481
vt 0.281091 0.610652
vt 0.281091 0.512652
vt 0.281091 0.543770
vt 0.265470 0.534472
vt 0.265470 0.570335
vt 0.281091 0.576624
vt 0.297290 0.501358
vt 0.297290 0.527070
vt 0.297290 0.554804
vt 0.297290 0.584087
vt 0.297290 0.614416
vt 0.297290 0.645273
vt 0.297290 0.676131
vt 0.297290 0.706460
vt 0.297290 0.735743
vt 0.297290 0.763477
vt 0.297290 0.789189
vt 0.297290 0.478108
vt 0.298016 0.457719
vt 0.316234 0.469013
vt 0.300439 0.440539
vt 0.281091 0.434843
vt 0.265470 0.500504
vt 0.248620 0.527070
vt 0.281091 0.483804
vt 0.121843 0.607481
vt 0.138694 0.604956
vt 0.138694 0.630927
vt 0.156484 0.629294
vt 0.156484 0.603121
vt 0.174910 0.627501
vt 0.174910 0.602008
vt 0.193657 0.627407
vt 0.193657 0.601635
vt 0.212404 0.602008
vt 0.212404 0.559483
vt 0.230830 0.561691
vt 0.230830 0.521690
vt 0.248620 0.490833
vt 0.265470 0.469014
vt 0.281091 0.457719
vt 0.265470 0.440539
vt 0.248620 0.457239
vt 0.230830 0.483804
vt 0.212404 0.518425
vt 0.193657 0.558742
vt 0.174910 0.559483
vt 0.156484 0.561691
vt 0.138694 0.565329
vt 0.121843 0.570335
vt 0.106223 0.576624
vt 0.248620 0.426861
vt 0.230830 0.448681
vt 0.212404 0.479538
vt 0.193657 0.517331
vt 0.174910 0.518425
vt 0.156484 0.521690
vt 0.138694 0.527070
vt 0.121843 0.534472
vt 0.106223 0.543770
vt 0.106223 0.512652
vt 0.121843 0.500504
vt 0.138694 0.490833
vt 0.156484 0.483804
vt 0.174910 0.479538
vt 0.193657 0.478108
vt 0.212404 0.443487
vt 0.230830 0.416921
vt 0.212404 0.410888
vt 0.193657 0.441746
vt 0.174910 0.443487
vt 0.156484 0.448681
vt 0.138694 0.457239
vt 0.121843 0.469013
vt 0.106223 0.483804
vt 0.193657 0.408866
vt 0.174910 0.410888
vt 0.156484 0.416921
vt 0.138694 0.426861
vt 0.121843 0.440539
vt 0.106223 0.457719
vt 0.265470 0.415567
vt 0.248620 0.400221
vt 0.230830 0.389069
vt 0.212404 0.382300
vt 0.193657 0.380031
vt 0.174910 0.382300
vt 0.156484 0.389069
vt 0.138694 0.400222
vt 0.282786 0.415567
vt 0.266681 0.394525
vt 0.248620 0.377774
vt 0.230830 0.365600
vt 0.212404 0.358212
vt 0.193657 0.355735
vt 0.174909 0.358212
vt 0.156483 0.365600
vt 0.138693 0.377774
vt 0.121843 0.394526
vt 0.121843 0.415567
vt 0.105682 0.415567
vt 0.106223 0.434843
vt 0.089065 0.440539
vt 0.090145 0.457719
vt 0.069905 0.469013
vt 0.072268 0.483804
vt 0.090145 0.478108
vt 0.090145 0.501358
vt 0.090145 0.527070
vt 0.090145 0.554804
vt 0.090145 0.584087
vt 0.106223 0.610652
vt 0.090145 0.614416
vt 0.090145 0.645273
vt 0.090145 0.676131
vt 0.090145 0.706460
vt 0.090145 0.735743
vt 0.090145 0.763477
vt 0.073528 0.769174
vt 0.090145 0.789189
vt 0.138694 0.799714
vt 0.121843 0.821534
vt 0.121843 0.790043
vt 0.106223 0.806743
vt 0.106223 0.777895
vt 0.106223 0.746777
vt 0.106223 0.713923
vt 0.106223 0.679895
vt 0.106223 0.645273
vt 0.121843 0.635825
vt 0.121843 0.645273
vt 0.121843 0.654721
vt 0.121843 0.683066
vt 0.121844 0.720212
vt 0.121844 0.756075
vt 0.138694 0.763477
vt 0.156484 0.768857
vt 0.156484 0.806743
vt 0.174910 0.772122
vt 0.174910 0.811009
vt 0.193657 0.773216
vt 0.193657 0.812439
vt 0.138694 0.659619
vt 0.138694 0.685590
vt 0.138694 0.725218
vt 0.156484 0.728856
vt 0.174910 0.731064
vt 0.193657 0.731805
vt 0.212404 0.772122
vt 0.212404 0.731064
vt 0.230830 0.768857
vt 0.230830 0.728856
vt 0.212404 0.811009
vt 0.230830 0.806743
vt 0.248620 0.799714
vt 0.156484 0.661252
vt 0.156484 0.687425
vt 0.174910 0.688539
vt 0.193657 0.688912
vt 0.212404 0.688539
vt 0.174910 0.663046
vt 0.193657 0.663139
vt 0.212404 0.627501
vt 1.816413 0.700092
vt 1.405435 0.898674
vt 1.391666 0.876924
vt 1.391666 0.918413
vt 1.408853 0.876688
vt 1.391666 0.854315
vt 1.409998 0.854315
vt 1.405436 0.809956
vt 1.391666 0.790217
vt 1.400201 0.790218
vt 1.401082 0.927697
vt 1.401014 0.921916
vt 1.399646 0.921916
vt 1.399780 0.927697
vt 1.391665 0.927696
vt 1.391666 0.921915
vt 1.391666 0.920164
vt 1.399795 0.920164
vt 1.400201 0.918413
vt 1.401803 0.918597
vt 1.407010 0.899007
vt 1.410453 0.876855
vt 1.411607 0.854316
vt 1.408852 0.831942
vt 1.410453 0.831775
vt 1.401320 0.920165
vt 1.407010 0.809623
vt 1.401803 0.790033
vt 1.401320 0.788466
vt 1.399795 0.788466
vt 1.391666 0.788466
vt 1.399646 0.786715
vt 1.391666 0.786715
vt 1.391666 0.780934
vt 1.399781 0.780933
vt 1.401083 0.780934
vt 1.401014 0.786714
vt 0.411803 0.904858
vt 0.430903 0.906702
vt 0.428042 0.880617
vt 0.414015 0.881947
vt 0.419009 0.873325
vt 0.432469 0.951631
vt 0.420823 0.960492
vt 0.419769 0.958281
vt 0.434017 0.954197
vt 0.434841 0.953803
vt 0.434849 0.952485
vt 0.434880 0.947213
vt 0.432432 0.947199
vt 0.432533 0.930354
vt 0.434981 0.930291
vt 0.433517 0.904660
vt 0.430457 0.880223
vt 0.425854 0.857396
vt 0.420596 0.856889
vt 0.116206 0.080987
vt 0.133947 0.063748
vt 0.132058 0.089051
vt 0.116961 0.054141
vt 0.100078 0.078283
vt 0.100078 0.051363
vt 0.083240 0.053973
vt 0.083951 0.080987
vt 0.066487 0.062574
vt 0.068099 0.089051
vt 0.084961 0.106797
vt 0.070102 0.114357
vt 0.086229 0.137696
vt 0.100078 0.135374
vt 0.100078 0.104263
vt 0.115196 0.106797
vt 0.065815 0.039459
vt 0.082906 0.030681
vt 0.048037 0.053478
vt 0.050805 0.076577
vt 0.052770 0.102344
vt 0.055756 0.126812
vt 0.072617 0.144621
vt 0.087735 0.171157
vt 0.100078 0.169088
vt 0.113927 0.137696
vt 0.130055 0.114357
vt 0.075602 0.177330
vt 0.059475 0.156031
vt 0.089452 0.206191
vt 0.100078 0.204409
vt 0.047298 0.171983
vt 0.043398 0.144482
vt 0.063889 0.187499
vt 0.079006 0.211504
vt 0.053906 0.201263
vt 0.068922 0.220259
vt 0.060579 0.232534
vt 0.112422 0.171157
vt 0.127539 0.144621
vt 0.144401 0.126812
vt 0.147158 0.102412
vt 0.150009 0.077893
vt 0.152809 0.054421
vt 0.134555 0.040338
vt 0.117519 0.030854
vt 0.100230 0.027860
vt 0.110705 0.206191
vt 0.124555 0.177330
vt 0.140682 0.156030
vt 0.121150 0.211504
vt 0.136267 0.187499
vt 0.131234 0.220259
vt 0.147411 0.201264
vt 0.140737 0.232533
vt 0.154019 0.171984
vt 0.157997 0.143882
vt 0.163375 0.118076
vt 0.169071 0.094001
vt 0.174995 0.070912
vt 0.180246 0.048551
vt 0.156125 0.029962
vt 0.135088 0.015887
vt 0.118039 0.007100
vt 0.100618 0.004364
vt 0.083128 0.007100
vt 0.065568 0.015887
vt 0.044828 0.029962
vt 0.024756 0.043480
vt 0.029951 0.066499
vt 0.033899 0.092952
vt 0.038932 0.119380
vt 0.968754 0.466119
vt 0.926341 0.411240
vt 0.948362 0.411291
vt 0.908094 0.465880
vt 0.879806 0.411164
vt 0.882158 0.435107
vt 0.919001 0.411222
vt 0.958149 0.411314
vt 0.994931 0.435550
vt 0.997313 0.411394
vt 0.948215 0.394695
vt 0.926311 0.394695
vt 0.924592 0.273978
vt 0.948754 0.290198
vt 0.928205 0.290198
vt 0.952366 0.273978
vt 0.075524 0.335464
vt 0.069471 0.293231
vt 0.080125 0.289946
vt 0.060300 0.301901
vt 0.051129 0.310571
vt 0.040873 0.335768
vt 0.090779 0.286660
vt 0.418960 0.960312
vt 0.023133 0.117324
vt 0.005374 0.156964
vt 0.003470 0.135717
vt 0.023730 0.135104
vt 0.007571 0.178911
vt 0.025508 0.157062
vt 0.011187 0.204655
vt 0.028438 0.182824
vt 0.016164 0.233754
vt 0.032468 0.211949
vt 0.022416 0.265712
vt 0.037529 0.243942
vt 0.029836 0.299980
vt 0.043534 0.278252
vt 0.950007 0.310782
vt 0.954059 0.301798
vt 0.951064 0.330330
vt 0.955487 0.328214
vt 0.951905 0.348504
vt 0.956623 0.352777
vt 0.952516 0.364996
vt 0.957448 0.375064
vt 0.957950 0.394695
vt 0.996891 0.394695
vt 0.995387 0.375064
vt 0.992911 0.352777
vt 0.989503 0.328214
vt 0.985220 0.301799
vt 0.980138 0.273978
vt 0.974346 0.245232
vt 0.950435 0.245232
vt 0.926524 0.245232
vt 0.919009 0.394695
vt 0.880068 0.394695
vt 0.881571 0.375064
vt 0.919511 0.375064
vt 0.920337 0.352777
vt 0.884048 0.352777
vt 0.921473 0.328214
vt 0.887458 0.328214
vt 0.922900 0.301799
vt 0.891739 0.301799
vt 0.896821 0.273978
vt 0.902615 0.245232
vt 0.924443 0.364996
vt 0.925054 0.348504
vt 0.925895 0.330330
vt 0.926950 0.310782
vt 0.765518 0.269954
vt 0.797008 0.270081
vt 0.757900 0.278812
vt 0.754991 0.293475
vt 0.760193 0.306847
vt 0.796910 0.307427
vt 0.857008 0.261086
vt 0.862714 0.280581
vt 0.857205 0.280616
vt 0.817899 0.280863
vt 0.817362 0.261335
vt 0.796867 0.325070
vt 0.750610 0.310437
vt 0.732847 0.292204
vt 0.722981 0.277976
vt 0.719106 0.261815
vt 0.797040 0.262009
vt 0.771014 0.325070
vt 0.763548 0.354684
vt 0.796048 0.368193
vt 0.774821 0.369001
vt 0.784761 0.353883
vt 0.748709 0.340035
vt 0.769898 0.339246
vt 0.730556 0.325304
vt 0.751712 0.324531
vt 0.709401 0.310743
vt 0.730515 0.309991
vt 0.685607 0.296602
vt 0.706668 0.295875
vt 0.835842 0.396070
vt 0.851544 0.381820
vt 0.851643 0.395971
vt 0.832988 0.381937
vt 0.851375 0.356966
vt 0.828812 0.357108
vt 0.851230 0.333953
vt 0.825475 0.334114
vt 0.851110 0.313173
vt 0.823035 0.313349
vt 0.397326 0.956356
vt 0.406392 0.969299
vt 0.399892 0.932421
vt 0.871476 0.459801
vt 0.821380 0.425327
vt 0.871218 0.425013
vt 0.828571 0.460071
vt 1.422642 0.379446
vt 1.411751 0.355961
vt 1.410054 0.406726
vt 1.422584 0.328845
vt 1.437006 0.355518
vt 1.436944 0.301218
vt 1.452898 0.335352
vt 1.452832 0.277935
vt 1.470046 0.319292
vt 1.469977 0.259394
vt 1.488158 0.307614
vt 1.488087 0.245913
vt 1.506922 0.300517
vt 1.506850 0.237723
vt 1.526021 0.298124
vt 1.525947 0.234962
vt 1.853471 0.834127
vt 1.820996 0.834571
vt 1.830630 0.852282
vt 0.834817 0.409763
vt 0.861070 0.400559
vt 0.863062 0.359760
vt 0.870583 0.330314
vt 0.870768 0.359711
vt 0.862822 0.330362
vt 0.870428 0.303770
vt 0.862581 0.303819
vt 0.870308 0.280533
vt 0.870223 0.261002
vt 0.799742 0.261446
vt 0.800430 0.280973
vt 0.802348 0.304198
vt 0.818458 0.304097
vt 0.805467 0.330723
vt 0.821574 0.330622
vt 0.809729 0.360095
vt 0.825837 0.359994
vt 0.815064 0.391811
vt 0.831171 0.391709
vt 0.870981 0.391458
vt 0.863298 0.391506
vt 0.387337 0.490932
vt 0.386900 0.486163
vt 0.387337 0.485953
vt 0.386906 0.485354
vt 0.387337 0.485141
vt 0.385409 0.486094
vt 0.387337 0.507953
vt 0.387337 0.532969
vt 0.387336 0.556921
vt 0.387337 0.572731
vt 0.387337 0.585356
vt 1.784050 0.779750
vt 1.788820 0.769172
vt 1.788881 0.781440
vt 1.776091 0.894135
vt 1.776091 0.912614
vt 1.776091 0.873699
vt 1.776091 0.851656
vt 1.776091 0.828382
vt 1.776091 0.804276
vt 1.776091 0.779750
vt 1.776091 0.755224
vt 1.776091 0.731118
vt 1.776091 0.707845
vt 1.776091 0.685801
vt 1.776091 0.665365
vt 1.776091 0.646886
vt 1.776091 0.630680
vt 1.776091 0.617258
vt 1.776091 0.605388
vt 1.784051 0.594008
vt 1.776091 0.594008
vt 1.776082 0.585602
vt 1.784042 0.585594
vt 1.784036 0.579544
vt 1.776076 0.579259
vt 1.784035 0.578457
vt 1.776075 0.578465
vt 0.545256 0.365600
vt 0.527465 0.377774
vt 0.526123 0.357251
vt 0.506181 0.372592
vt 0.501825 0.358632
vt 0.480321 0.382329
vt 0.487249 0.396664
vt 0.509404 0.394526
vt 0.493299 0.415567
vt 0.545256 0.346917
vt 0.523736 0.340312
vt 0.494853 0.344993
vt 0.472083 0.372002
vt 0.448452 0.409016
vt 0.459090 0.415611
vt 0.468478 0.426861
vt 0.475647 0.440538
vt 0.438115 0.405262
vt 0.462758 0.364972
vt 0.487076 0.333526
vt 0.519809 0.324161
vt 0.544648 0.329257
vt 0.563682 0.339035
vt 0.582429 0.336392
vt 0.563682 0.322241
vt 0.541883 0.311549
vt 0.514687 0.309301
vt 0.582429 0.319478
vt 0.562356 0.306115
vt 0.538012 0.296814
vt 0.582429 0.304132
vt 0.560236 0.290649
vt 0.582429 0.288906
vt 1.374823 0.786714
vt 1.376042 0.788466
vt 1.376192 0.786715
vt 1.374517 0.788466
vt 1.374755 0.780934
vt 1.376057 0.780934
vt 1.384171 0.780934
vt 1.384171 0.786714
vt 1.384171 0.788466
vt 1.384171 0.790218
vt 1.375636 0.790218
vt 1.374034 0.790033
vt 1.370402 0.809956
vt 1.368827 0.809623
vt 1.365384 0.831776
vt 1.366985 0.831942
vt 1.365839 0.854315
vt 1.364230 0.854315
vt 1.366985 0.876688
vt 1.365384 0.876855
vt 1.384171 0.854315
vt 1.384171 0.876924
vt 1.370402 0.898674
vt 1.384171 0.918413
vt 1.368827 0.899007
vt 1.374034 0.918597
vt 1.375636 0.918413
vt 1.376043 0.920164
vt 1.384171 0.920164
vt 1.376191 0.921916
vt 1.384171 0.921916
vt 1.384171 0.927697
vt 1.376056 0.927696
vt 1.374754 0.927696
vt 1.374822 0.921916
vt 1.374517 0.920164
vt 1.800395 0.755404
vt 0.416215 0.955590
vt 0.413876 0.959799
vt 0.413906 0.955582
vt 0.416185 0.959815
vt 0.413838 0.965301
vt 0.416147 0.965317
vt 0.413793 0.971708
vt 0.416102 0.971724
vt 0.413760 0.976340
vt 0.416069 0.976412
vt 0.413754 0.977285
vt 0.416063 0.977302
vt 0.413838 0.907389
vt 0.416148 0.907382
vt 0.416149 0.907929
vt 0.413840 0.907943
vt 0.416165 0.912959
vt 0.413856 0.912966
vt 0.416185 0.919366
vt 0.413876 0.919373
vt 0.416202 0.924868
vt 0.413893 0.924875
vt 0.416215 0.929092
vt 0.413906 0.929095
vt 0.416215 0.935483
vt 0.413906 0.935483
vt 0.413906 0.942339
vt 0.416215 0.942339
vt 0.413906 0.949196
vt 0.416215 0.949196
vt 1.984800 0.656543
vt 0.401652 0.688886
vt 0.407089 0.688268
vt 0.401849 0.690051
vt 0.406919 0.687047
vt 0.413553 0.685324
vt 0.412957 0.684222
vt 0.419265 0.681086
vt 0.392603 0.691602
vt 0.391918 0.691683
vt 0.391918 0.690547
vt 0.392625 0.690458
vt 0.396710 0.691115
vt 0.396491 0.689996
vt 0.398602 0.670849
vt 0.404304 0.668222
vt 0.418295 0.680252
vt 0.423468 0.674257
vt 0.424638 0.675079
vt 0.428693 0.665115
vt 0.430123 0.665700
vt 0.433012 0.655620
vt 0.431419 0.655307
vt 0.392985 0.672122
vt 0.391918 0.672364
vt 0.408607 0.663826
vt 0.412320 0.658421
vt 0.414811 0.652043
vt 0.415661 0.645199
vt 0.432300 0.645276
vt 0.433950 0.645284
vt 0.431419 0.635246
vt 0.414811 0.638354
vt 0.428693 0.625439
vt 0.412320 0.631976
vt 0.423449 0.616293
vt 0.408358 0.626499
vt 0.415561 0.608167
vt 0.403193 0.622297
vt 0.407868 0.604264
vt 0.397179 0.619655
vt 0.400381 0.601732
vt 0.392458 0.618918
vt 0.392499 0.600258
vt 0.391945 0.618838
vt 0.391920 0.600203
vt 0.392502 0.599092
vt 0.391918 0.599039
vt 0.400589 0.600565
vt 0.408563 0.603262
vt 0.433012 0.634948
vt 0.430123 0.624868
vt 0.424638 0.615489
vt 0.416424 0.607182
vt 1.884865 0.507701
vt 1.877113 0.515823
vt 1.890861 0.492286
vt 1.889570 0.499289
vt 1.817124 0.771745
vt 1.817958 0.788421
vt 1.854882 0.788421
vt 1.852159 0.766920
vt 1.816419 0.724022
vt 1.852133 0.723500
vt 0.556804 0.129842
vt 0.548751 0.140044
vt 0.554693 0.134660
vt 0.513676 0.127905
vt 0.524065 0.161499
vt 0.507653 0.175116
vt 0.498849 0.177637
vt 0.502153 0.178259
vt 0.556804 0.125968
vt 0.498850 0.078173
vt 0.507653 0.080694
vt 0.502263 0.077426
vt 0.490134 0.094754
vt 0.486061 0.107711
vt 0.483277 0.127905
vt 0.486061 0.147861
vt 0.490133 0.161056
vt 0.524065 0.094311
vt 0.548751 0.115766
vt 0.554693 0.121151
vt 1.987180 0.587080
vt 1.899025 0.569319
vt 1.895419 0.585203
vt 1.987123 0.570718
vt 1.901258 0.552069
vt 1.987166 0.553348
vt 1.901955 0.535715
vt 1.987183 0.535785
vt 1.987167 0.518222
vt 1.901278 0.519354
vt 1.987123 0.500853
vt 1.899048 0.502141
vt 1.987067 0.483937
vt 1.895481 0.486180
vt 1.987010 0.467791
vt 1.890303 0.470198
vt 0.112889 0.358210
vt 0.127514 0.339497
vt 0.141684 0.348604
vt 0.125994 0.368393
vt 0.099160 0.370365
vt 0.109429 0.382775
vt 0.086449 0.377093
vt 0.092271 0.391503
vt 0.074814 0.379170
vt 0.074814 0.394429
vt 0.057358 0.391503
vt 0.063180 0.377092
vt 0.040200 0.382775
vt 0.050469 0.370365
vt 0.023635 0.368393
vt 0.036741 0.358210
vt 0.007945 0.348604
vt 0.022115 0.339497
vt 1.827670 0.530190
vt 1.837146 0.490731
vt 1.837146 0.525504
vt 1.837146 0.537095
vt 1.834777 0.536782
vt 0.018630 0.067102
vt 0.012895 0.044625
vt 0.022220 0.093095
vt 0.026141 0.119129
vt 0.029840 0.144675
vt 0.034136 0.173485
vt 0.050028 0.201568
vt 0.056677 0.233146
vt 1.984800 0.685747
vt 1.984800 0.666201
vt 1.984800 0.883907
vt 1.984800 0.873689
vt 1.984800 0.851335
vt 1.984800 0.828367
vt 1.984800 0.804154
vt 1.984800 0.779731
vt 1.984800 0.755308
vt 1.984800 0.731095
vt 1.984800 0.708127
vt 0.090145 0.812439
vt 0.106223 0.832828
vt 0.138694 0.833309
vt 0.138693 0.863686
vt 0.156484 0.841866
vt 0.174910 0.847060
vt 0.174909 0.879658
vt 0.193657 0.848801
vt 0.212403 0.879658
vt 0.212404 0.847060
vt 0.230830 0.873626
vt 0.230830 0.841866
vt 0.248620 0.863685
vt 0.281091 0.806743
vt 0.265470 0.821534
vt 0.248620 0.833308
vt 0.281091 0.832828
vt 0.489296 0.890326
vt 0.507792 0.912773
vt 0.525803 0.930643
vt 0.619602 0.873626
vt 0.601176 0.879659
vt 0.563682 0.908247
vt 0.545256 0.924947
vt 0.527466 0.912773
vt 0.510616 0.896022
vt 0.563682 0.879659
vt 0.545256 0.901478
vt 0.527466 0.890326
vt 0.510616 0.874980
vt 0.494995 0.855704
vt 0.478796 0.832828
vt 0.461129 0.806743
vt 0.444177 0.777895
vt 0.478796 0.812439
vt 1.842378 0.568718
vt 1.803897 0.563310
vt 0.685941 0.614416
vt 0.685941 0.584087
vt 0.685941 0.554804
vt 0.685941 0.527070
vt 0.685941 0.501358
vt 0.685941 0.478108
vt 0.685941 0.457719
vt 0.687021 0.440539
vt 0.702558 0.501358
vt 0.702558 0.521374
vt 0.702558 0.543510
vt 0.702558 0.567387
vt 0.702558 0.592597
vt 0.702558 0.618708
vt 1.788207 0.934079
vt 1.794797 0.929715
vt 1.808047 0.947841
vt 1.802023 0.952902
vt 1.822071 0.962670
vt 1.817303 0.968763
vt 1.838035 0.975012
vt 1.833784 0.981390
vt 1.853984 0.983521
vt 1.851186 0.990567
vt 1.871189 0.988852
vt 1.869209 0.996136
vt 1.887546 0.998004
vt 1.887546 0.990486
vt 1.903904 0.988852
vt 1.905884 0.996136
vt 1.924068 0.990565
vt 1.921161 0.983566
vt 1.941308 0.981390
vt 1.937057 0.975012
vt 1.957790 0.968763
vt 1.953022 0.962670
vt 1.973070 0.952902
vt 1.967046 0.947841
vt 1.986886 0.934079
vt 1.980296 0.929715
vt 0.446337 0.602008
vt 0.446337 0.581302
vt 0.446337 0.561691
vt 0.462153 0.483804
vt 0.459852 0.469014
vt 0.192117 0.049401
vt 0.186268 0.071208
vt 0.180816 0.094538
vt 0.176121 0.118481
vt 0.171572 0.144271
vt 0.167181 0.173485
vt 0.151289 0.201569
vt 0.144639 0.233146
vt 1.803566 0.381930
vt 1.813137 0.903025
vt 1.891263 0.983761
vt 1.891229 0.962080
vt 1.819492 0.888474
vt 1.891179 0.936229
vt 1.825528 0.871848
vt 1.891135 0.906683
vt 1.891059 0.838623
vt 1.856812 0.818472
vt 1.891025 0.801292
vt 1.856049 0.810656
vt 1.782335 0.382741
vt 1.891059 0.608450
vt 1.890993 0.684462
vt 1.891199 0.723537
vt 1.890993 0.762611
vt 1.854922 0.797391
vt 1.819448 0.810656
vt 1.819448 0.816215
vt 0.433897 0.656000
vt 0.434820 0.645274
vt 0.362536 0.184868
vt 0.405743 0.184868
vt 0.405743 0.234179
vt 0.362536 0.234179
vt 0.405743 0.279141
vt 0.362536 0.279141
vt 0.405743 0.313635
vt 0.362536 0.313635
vt 0.403394 0.344021
vt 0.364884 0.344021
vt 0.370524 0.393125
vt 0.397754 0.393125
vt 0.384139 0.434521
vt 0.313349 0.348860
vt 0.308782 0.305891
vt 0.307015 0.280132
vt 0.307015 0.247356
vt 0.307015 0.199867
vt 0.306859 0.159471
vt 1.851545 0.381820
vt 1.851377 0.356966
vt 1.851232 0.333953
vt 1.851111 0.313173
vt 1.863300 0.391506
vt 1.863064 0.359760
vt 1.862823 0.330362
vt 1.862582 0.303819
vt 1.870430 0.303770
vt 1.870584 0.330313
vt 1.802350 0.304198
vt 1.805468 0.330724
vt 1.809731 0.360095
vt 1.815066 0.391811
vt 1.870982 0.391458
vt 1.870769 0.359711
vt 1.473747 0.167317
vt 1.471809 0.167951
vt 1.481891 0.187245
vt 1.483710 0.186211
vt 1.495399 0.205328
vt 1.497420 0.204106
vt 1.512864 0.221968
vt 1.514642 0.220696
vt 1.533409 0.236787
vt 1.535080 0.235697
vt 1.558385 0.248854
vt 1.557702 0.250599
vt 1.556539 0.005161
vt 1.533211 0.018353
vt 1.535081 0.019978
vt 1.514643 0.034980
vt 1.512686 0.033525
vt 1.497420 0.051569
vt 1.495335 0.050416
vt 1.483442 0.069981
vt 1.481229 0.069354
vt 1.473958 0.088031
vt 1.471794 0.087539
vt 1.467758 0.107737
vt 1.465671 0.106945
vt 1.465675 0.127860
vt 1.463473 0.127860
vt 1.467697 0.147725
vt 1.465467 0.147707
vt 1.780718 0.248853
vt 1.780472 0.250462
vt 1.804322 0.250507
vt 1.804653 0.248853
vt 1.826425 0.250566
vt 1.826842 0.248852
vt 1.846402 0.250636
vt 1.846906 0.248852
vt 1.863911 0.250715
vt 1.864501 0.248853
vt 1.878694 0.250755
vt 1.578866 0.250568
vt 1.578449 0.248853
vt 1.600638 0.248853
vt 1.600969 0.250509
vt 1.624573 0.248853
vt 1.624819 0.250463
vt 1.649843 0.248853
vt 1.650006 0.250430
vt 1.676016 0.248853
vt 1.676098 0.250411
vt 1.702646 0.248853
vt 1.702646 0.250403
vt 1.729193 0.250410
vt 1.729275 0.248853
vt 1.755285 0.250429
vt 1.755449 0.248853
vt 0.146946 0.235987
vt 0.144815 0.240058
vt 0.134134 0.238414
vt 0.136004 0.234258
vt 0.123144 0.237309
vt 0.124452 0.233002
vt 0.111812 0.236650
vt 0.112485 0.232239
vt 0.100311 0.236431
vt 0.100311 0.231984
vt 0.088138 0.232239
vt 0.088812 0.236650
vt 0.076172 0.233002
vt 0.077480 0.237309
vt 0.064619 0.234258
vt 0.066490 0.238414
vt 0.053677 0.235987
vt 0.055808 0.240058
vt 0.803565 0.381930
vt 0.782334 0.382740
vt 0.160633 0.335619
vt 0.150083 0.310475
vt 0.157458 0.278252
vt 0.171157 0.299980
vt 0.163465 0.243942
vt 0.178578 0.265712
vt 0.168527 0.211949
vt 0.184829 0.233754
vt 0.189806 0.204655
vt 0.172556 0.182824
vt 0.193422 0.178911
vt 0.175485 0.157062
vt 0.177263 0.135104
vt 0.195618 0.156964
vt 0.197523 0.135717
vt 0.177860 0.117323
vt 0.126535 0.335365
vt 0.140929 0.301814
vt 0.131774 0.293153
vt 0.121107 0.289906
vt 0.110438 0.286660
vt 0.095183 0.335464
vt 0.304196 0.177418
vt 0.304197 0.181787
vt 0.304194 0.156556
vt 0.304195 0.161056
vt 0.304193 0.145556
vt 0.304193 0.149925
vt 0.304195 0.166287
vt 0.304195 0.170787
vt 0.311539 0.085118
vt 0.311538 0.089708
vt 0.311539 0.105980
vt 0.311539 0.110350
vt 0.311552 0.224343
vt 0.311552 0.228712
vt 0.311538 0.078487
vt 0.311539 0.094759
vt 0.311539 0.099349
vt 0.333430 0.123073
vt 0.333431 0.128124
vt 0.185430 0.663738
vt 0.185430 0.675412
vt 0.185708 0.675412
vt 0.185708 0.663738
vt 0.185430 0.687086
vt 0.185708 0.687086
vt 0.185430 0.698760
vt 0.185708 0.698760
vt 0.185430 0.710434
vt 0.185708 0.710434
vt 0.185430 0.722108
vt 0.185708 0.722108
vt 0.185430 0.733782
vt 0.185708 0.733782
vt 0.105960 0.663738
vt 0.105960 0.675412
vt 0.176806 0.675412
vt 0.176806 0.663738
vt 0.105960 0.687086
vt 0.176806 0.687086
vt 0.105960 0.698760
vt 0.176806 0.698760
vt 0.105960 0.710434
vt 0.176806 0.710434
vt 0.105960 0.722108
vt 0.176806 0.722108
vt 0.105960 0.733782
vt 0.176806 0.733782
vt 0.177374 0.663738
vt 0.177374 0.675412
vt 0.177374 0.687086
vt 0.177374 0.698760
vt 0.177374 0.710434
vt 0.177374 0.722108
vt 0.177374 0.733782
vt 0.258447 0.675412
vt 0.258447 0.663738
vt 0.258447 0.687086
vt 0.258447 0.698760
vt 0.258447 0.710434
vt 0.258447 0.722108
vt 0.258447 0.733782
vt 0.185708 0.743789
vt 0.185708 0.757131
vt 0.258447 0.757131
vt 0.258447 0.743789
vt 0.176806 0.743789
vt 0.176806 0.757131
vt 0.177374 0.757131
vt 0.177374 0.743789
vt 0.185430 0.757131
vt 0.185430 0.743789
vt 0.105960 0.743789
vt 0.105960 0.757131
vt 0.185430 0.690421
vt 0.185430 0.703763
vt 0.185708 0.703763
vt 0.185708 0.690421
vt 0.185430 0.717105
vt 0.185708 0.717105
vt 0.185430 0.730447
vt 0.185708 0.730447
vt 0.105960 0.690421
vt 0.105960 0.703763
vt 0.176806 0.703763
vt 0.176806 0.690421
vt 0.105960 0.717105
vt 0.176806 0.717105
vt 0.105960 0.730447
vt 0.176806 0.730447
vt 0.177374 0.690421
vt 0.177374 0.703763
vt 0.177374 0.717105
vt 0.177374 0.730447
vt 0.258447 0.703763
vt 0.258447 0.690421
vt 0.258447 0.717105
vt 0.258447 0.730447
vt 0.003575 -1.275532
vt 0.044302 -1.281101
vt 0.044302 -1.275533
vt 0.003575 -1.281101
vt 0.044302 -1.286652
vt 0.003575 -1.286652
vt 0.044302 -1.293116
vt 0.003574 -1.293116
vt 0.044302 -1.300053
vt 0.003574 -1.300053
vt 0.003575 -1.306990
vt 0.044302 -1.306990
vt 0.044302 -1.313455
vt 0.003574 -1.313455
vt 0.003575 -1.223336
vt 0.044302 -1.216399
vt 0.003575 -1.216399
vt 0.044302 -1.223336
vt 0.044302 -1.230274
vt 0.003574 -1.230274
vt 0.003575 -1.236738
vt 0.044302 -1.236738
vt 0.044302 -1.243178
vt 0.003575 -1.243178
vt 0.044302 -1.248729
vt 0.003575 -1.248729
vt 0.044302 -1.255194
vt 0.003575 -1.255194
vt 0.044302 -1.262131
vt 0.003574 -1.262131
vt 0.003575 -1.269068
vt 0.044302 -1.269068
vt 0.003574 -1.165808
vt 0.044302 -1.161548
vt 0.003574 -1.161548
vt 0.044302 -1.165808
vt 0.044302 -1.171359
vt 0.003574 -1.171359
vt 0.044302 -1.177823
vt 0.003574 -1.177823
vt 0.044302 -1.184760
vt 0.003574 -1.184760
vt 0.044302 -1.191697
vt 0.003574 -1.191698
vt 0.003574 -1.198162
vt 0.044302 -1.198162
vt 0.044302 -1.203713
vt 0.003575 -1.203713
vt 0.044302 -1.209935
vt 0.003575 -1.209935
vt 0.053177 -1.007752
vt 0.054154 -1.006060
vt 0.045915 -1.002647
vt 0.061229 -1.011488
vt 0.059847 -1.012870
vt 0.066658 -1.018564
vt 0.064966 -1.019541
vt 0.070071 -1.026803
vt 0.068183 -1.027308
vt 0.071235 -1.035644
vt 0.069281 -1.035644
vt 0.070071 -1.044486
vt 0.068183 -1.043980
vt 0.064966 -1.051748
vt 0.009181 -1.051748
vt 0.005963 -1.043980
vt 0.004076 -1.044486
vt 0.002912 -1.035644
vt 0.004866 -1.035644
vt 0.005963 -1.027308
vt 0.004076 -1.026803
vt 0.009181 -1.019541
vt 0.007489 -1.018564
vt 0.014299 -1.012870
vt 0.012917 -1.011488
vt 0.020969 -1.007752
vt 0.019992 -1.006060
vt 0.028232 -1.002647
vt 0.028737 -1.004534
vt 0.037073 -1.001483
vt 0.037073 -1.003437
vt 0.045409 -1.004534
vt 0.066658 -1.052725
vt 0.059847 -1.058418
vt 0.061229 -1.059800
vt 0.054154 -1.065229
vt 0.053177 -1.063537
vt 0.045915 -1.068642
vt 0.045409 -1.066754
vt 0.037073 -1.069806
vt 0.037073 -1.067852
vt 0.028737 -1.066754
vt 0.028232 -1.068642
vt 0.020969 -1.063537
vt 0.019992 -1.065229
vt 0.012917 -1.059800
vt 0.014299 -1.058418
vt 0.007489 -1.052725
vt 0.037073 -1.035644
vt 0.376382 0.054851
vt 0.296149 0.157382
vt 0.263862 0.101458
vt 0.167239 0.175603
vt 0.212900 0.221264
vt 0.093098 0.272226
vt 0.497131 0.103533
vt 0.393095 0.117226
vt 0.497131 0.505494
vt 0.149021 0.304513
vt 0.046489 0.384744
vt 0.108864 0.401458
vt 0.030592 0.505494
vt 0.095167 0.505494
vt 0.108863 0.609530
vt 0.149021 0.706477
vt 0.212900 0.789727
vt 0.296149 0.853605
vt 0.393095 0.893763
vt 0.497131 0.907459
vt 0.601167 0.893762
vt 0.601168 0.117226
vt 0.698113 0.157382
vt 0.781363 0.221264
vt 0.698113 0.853605
vt 0.781362 0.789727
vt 0.845242 0.706477
vt 0.885399 0.609532
vt 0.899095 0.505494
vt 0.046489 0.626243
vt 0.093098 0.738764
vt 0.167239 0.835389
vt 0.263862 0.909529
vt 0.376382 0.956137
vt 0.497131 0.972034
vt 0.617880 0.956137
vt 0.730401 0.909529
vt 0.827024 0.835389
vt 0.901165 0.738764
vt 0.947774 0.626246
vt 0.963669 0.505494
vt 0.885398 0.401459
vt 0.845242 0.304513
vt 0.901165 0.272226
vt 0.827024 0.175603
vt 0.730401 0.101458
vt 0.617881 0.054851
vt 0.497131 0.038958
vt 0.947773 0.384746
vt 0.000000 0.000000
vt 0.107200 0.619157
vt 0.091179 0.619157
vt 0.091117 0.604464
vt 0.091179 0.604464
vt 0.091117 0.598586
vt 0.091179 0.598586
vt 0.073614 0.614014
vt 0.073614 0.611443
vt 0.089218 0.604464
vt 0.089343 0.604464
vt 0.073614 0.619157
vt 0.073614 0.616218
vt 0.073614 0.608872
vt 0.073614 0.613280
vt 0.073614 0.606300
vt 0.073614 0.610341
vt 0.073614 0.603729
vt 0.107200 0.614014
vt 0.091179 0.614014
vt 0.073614 0.607402
vt 0.073614 0.604464
vt 0.073614 0.601158
vt 0.107200 0.616218
vt 0.091117 0.614014
vt 0.089343 0.614014
vt 0.107200 0.598586
vt 0.107200 0.601158
vt 0.089218 0.619157
vt 0.107200 0.604464
vt 0.107200 0.607402
vt 0.107200 0.603729
vt 0.091117 0.619157
vt 0.089343 0.619157
vt 0.107200 0.610341
vt 0.107200 0.606300
vt 0.073614 0.598586
vt 0.107200 0.613280
vt 0.107200 0.608872
vt 0.107200 0.611443
vt 0.089218 0.598586
vt 0.089343 0.598586
vt 0.089218 0.614014
s 1
usemtl models/npcs/turret/turret_frame02
f 1/1/1 2/2/2 3/3/1
f 4/4/3 5/5/3 6/6/3
f 4/4/3 7/7/3 5/5/3
f 8/8/4 7/9/4 9/10/4
f 8/8/4 5/5/4 7/9/4
f 10/11/5 8/8/6 9/12/5
f 10/11/5 11/13/5 8/8/6
f 10/14/7 12/15/7 11/13/7
f 10/14/7 13/16/7 12/15/7
f 4/17/8 14/18/8 15/19/8
f 4/17/8 6/6/8 14/18/8
f 16/20/9 17/21/9 18/22/9
f 16/20/9 19/23/9 17/21/9
f 20/24/10 21/25/11 22/26/10
f 20/24/10 23/27/10 21/25/11
f 23/27/12 24/28/12 21/25/12
f 23/27/12 25/29/13 24/28/12
f 16/20/14 26/30/14 27/31/14
f 16/20/14 18/22/14 26/30/14
f 28/32/7 29/33/7 30/34/7
f 28/32/7 31/35/7 29/33/7
f 6/6/15 12/15/16 14/18/15
f 6/6/15 11/13/16 12/15/16
f 32/36/8 33/37/8 34/38/8
f 32/36/8 35/39/8 33/37/8
f 36/40/17 37/41/17 38/42/17
f 36/40/17 39/43/17 37/41/17
f 11/13/18 5/5/18 8/8/18
f 11/13/18 6/6/18 5/5/18
f 40/44/19 41/45/20 42/46/21
f 40/44/19 43/47/22 41/45/20
f 43/47/22 44/48/23 41/45/20
f 45/49/24 46/50/25 47/51/26
f 45/49/24 40/44/19 46/50/25
f 45/49/24 43/47/22 40/44/19
f 48/52/27 43/47/22 45/49/24
f 48/52/27 49/53/28 43/47/22
f 43/47/22 49/53/28 44/48/23
f 49/53/28 50/54/29 44/48/23
f 47/55/26 46/56/25 51/57/30
f 40/58/19 51/57/30 46/56/25
f 40/58/19 52/59/31 51/57/30
f 40/58/19 53/60/32 52/59/31
f 52/59/31 53/60/32 54/61/33
f 52/59/31 54/61/33 55/62/34
f 55/62/34 54/61/33 50/54/29
f 55/62/34 50/54/29 56/63/35
f 49/53/28 56/63/35 50/54/29
f 57/64/36 56/63/35 49/53/28
f 57/64/36 49/53/28 48/52/27
f 57/64/36 48/52/27 58/65/37
f 58/65/37 48/52/27 45/49/24
f 58/65/37 45/49/24 59/66/38
f 45/49/24 47/51/26 59/66/38
f 59/66/38 47/51/26 60/67/39
f 59/66/38 60/67/39 61/68/40
f 61/68/40 60/67/39 62/69/41
f 40/58/19 42/70/21 53/60/32
f 60/71/39 47/55/26 63/72/42
f 47/55/26 51/57/30 63/72/42
f 51/57/30 64/73/43 63/72/42
f 51/57/30 65/74/44 64/73/43
f 64/73/43 65/74/44 57/64/36
f 65/74/44 56/63/35 57/64/36
f 65/74/44 55/62/34 56/63/35
f 52/59/31 55/62/34 65/74/44
f 52/59/31 65/74/44 51/57/30
f 62/75/41 66/76/45 67/77/46
f 62/75/41 68/78/47 66/76/45
f 60/71/39 68/78/47 62/75/41
f 60/71/39 69/79/48 68/78/47
f 60/71/39 63/72/42 69/79/48
f 63/72/42 70/80/49 69/79/48
f 63/72/42 64/73/43 70/80/49
f 70/80/49 64/73/43 71/81/50
f 64/73/43 57/64/36 71/81/50
f 57/64/36 58/65/37 71/81/50
f 72/82/51 71/81/50 58/65/37
f 72/82/51 58/65/37 73/83/52
f 74/84/53 72/82/51 73/83/52
f 74/84/53 73/83/52 75/85/54
f 74/84/53 75/85/54 76/86/55
f 76/86/55 75/85/54 77/87/56
f 73/83/52 77/87/56 75/85/54
f 73/83/52 61/68/40 77/87/56
f 73/83/52 59/66/38 61/68/40
f 73/83/52 58/65/37 59/66/38
f 78/88/57 72/82/51 74/84/53
f 78/88/57 70/80/49 72/82/51
f 70/80/49 71/81/50 72/82/51
f 68/78/47 69/79/48 70/80/49
f 68/78/47 70/80/49 78/88/57
f 68/78/47 78/88/57 79/89/58
f 79/89/58 78/88/57 74/84/53
f 79/89/58 74/84/53 80/90/59
f 74/84/53 76/86/55 80/90/59
f 81/91/60 80/90/59 76/86/55
f 81/91/60 76/86/55 82/92/61
f 83/93/62 81/91/60 82/92/61
f 83/93/62 82/92/61 84/94/63
f 85/95/64 81/91/60 83/93/62
f 68/78/47 79/89/58 66/76/45
f 86/96/65 66/76/45 79/89/58
f 86/96/65 79/89/58 85/95/64
f 79/89/58 81/91/60 85/95/64
f 79/89/58 80/90/59 81/91/60
f 61/68/40 62/69/41 77/87/56
f 87/97/66 77/87/56 62/69/41
f 76/86/55 77/87/56 87/97/66
f 76/86/55 87/97/66 88/98/67
f 76/86/55 88/98/67 82/92/61
f 82/92/61 88/98/67 89/99/68
f 82/92/61 89/99/68 84/94/63
f 84/94/63 89/99/68 90/100/69
f 84/94/63 90/100/69 91/101/70
f 92/102/71 84/94/63 91/101/70
f 92/102/71 83/93/62 84/94/63
f 93/103/72 83/93/62 92/102/71
f 85/95/64 83/93/62 93/103/72
f 94/104/73 85/95/64 93/103/72
f 94/104/73 86/96/65 85/95/64
f 95/105/74 86/96/65 94/104/73
f 67/77/46 86/96/65 95/105/74
f 67/77/46 66/76/45 86/96/65
f 95/105/74 94/104/73 96/106/75
f 96/106/75 94/104/73 97/107/76
f 97/107/76 94/104/73 93/103/72
f 97/107/76 93/103/72 98/108/77
f 93/103/72 92/102/71 98/108/77
f 96/106/75 97/107/76 99/109/78
f 90/100/69 96/110/75 99/111/78
f 90/100/69 89/99/68 96/110/75
f 89/99/68 95/112/74 96/110/75
f 89/99/68 88/98/67 95/112/74
f 88/98/67 67/113/46 95/112/74
f 88/98/67 87/97/66 67/113/46
f 87/97/66 62/69/41 67/113/46
f 100/114/79 101/115/79 102/116/79
f 100/114/79 103/117/79 101/115/79
f 102/116/80 104/118/81 100/114/79
f 105/119/82 104/118/81 102/116/80
f 105/119/82 106/120/82 104/118/81
f 36/121/6 28/32/6 107/122/6
f 36/121/5 31/35/6 28/32/6
f 38/123/6 31/35/6 36/121/5
f 103/124/83 108/125/83 109/126/83
f 103/124/83 100/127/83 108/125/83
f 108/128/84 110/129/84 109/130/84
f 108/128/84 111/131/84 110/129/84
f 108/128/84 112/132/85 111/131/86
f 112/132/85 113/133/84 111/131/86
f 112/132/85 114/134/84 113/133/84
f 32/36/3 37/135/3 39/136/3
f 39/136/3 35/39/3 32/36/3
f 39/136/3 115/137/3 35/39/3
f 116/138/36 117/139/36 118/140/36
f 116/138/36 119/141/36 117/139/36
f 120/142/87 118/140/88 121/143/89
f 120/142/87 116/138/90 118/140/88
f 122/144/91 121/145/92 123/146/92
f 122/144/91 123/146/92 113/133/93
f 113/133/93 114/134/85 122/144/91
f 123/146/92 117/147/94 124/148/95
f 123/146/92 118/149/92 117/147/94
f 123/146/92 121/145/96 118/149/92
f 31/150/97 34/38/97 29/33/97
f 31/150/97 32/151/97 34/38/97
f 38/42/97 32/151/97 31/150/97
f 38/42/97 37/41/97 32/151/97
f 105/119/98 125/152/99 106/120/98
f 126/153/98 125/152/99 105/119/98
f 126/153/98 120/154/99 125/152/99
f 126/153/98 116/155/98 120/154/99
f 119/156/98 116/155/98 126/153/98
f 119/156/98 126/153/98 127/157/98
f 110/158/100 103/124/100 109/126/100
f 110/158/100 101/159/100 103/124/100
f 119/141/101 124/160/102 117/139/102
f 119/141/101 127/161/102 124/160/102
f 128/162/103 129/163/77 130/164/104
f 131/165/105 129/163/77 128/162/103
f 132/166/106 133/167/107 131/165/105
f 132/166/106 131/165/105 134/168/108
f 131/165/105 128/162/103 134/168/108
f 135/169/109 134/168/108 128/162/103
f 135/169/109 128/162/103 136/170/110
f 137/171/111 135/169/109 136/170/110
f 137/171/111 136/170/110 138/172/112
f 137/171/111 138/172/112 139/173/113
f 139/173/113 138/172/112 140/174/114
f 139/173/113 140/174/114 141/175/115
f 141/175/115 140/174/114 142/176/116
f 141/175/115 142/176/116 143/177/117
f 143/177/117 142/176/116 144/178/118
f 143/177/117 144/178/118 145/179/119
f 144/178/118 146/180/120 145/179/119
f 145/179/119 146/180/120 147/181/121
f 145/179/119 147/181/121 148/182/122
f 148/182/122 147/181/121 149/183/123
f 136/170/110 140/174/114 138/172/112
f 150/184/124 141/175/115 143/177/117
f 151/185/125 152/186/126 150/184/124
f 152/186/126 141/175/115 150/184/124
f 152/186/126 139/173/113 141/175/115
f 153/187/127 152/186/126 151/185/125
f 153/187/127 154/188/128 152/186/126
f 154/188/128 139/173/113 152/186/126
f 154/188/128 155/189/129 139/173/113
f 137/171/111 139/173/113 155/189/129
f 156/190/130 137/171/111 155/189/129
f 157/191/131 137/171/111 156/190/130
f 157/191/131 135/169/109 137/171/111
f 132/166/106 135/169/109 157/191/131
f 132/166/106 134/168/108 135/169/109
f 156/190/130 155/189/129 146/192/120
f 146/192/120 155/189/129 154/188/128
f 146/192/120 154/188/128 147/193/121
f 147/193/121 154/188/128 153/187/127
f 147/193/121 153/187/127 149/194/123
f 149/194/123 153/187/127 158/195/132
f 149/194/123 158/195/132 159/196/133
f 159/196/133 158/195/132 160/197/134
f 159/196/133 160/197/134 161/198/135
f 161/198/135 160/197/134 162/199/136
f 161/198/135 162/199/136 163/200/137
f 160/197/134 164/201/138 162/199/136
f 148/182/122 149/183/123 165/202/139
f 165/202/139 149/183/123 159/203/133
f 165/202/139 159/203/133 166/204/140
f 166/204/140 159/203/133 161/205/135
f 166/204/140 161/205/135 167/206/141
f 167/206/141 161/205/135 163/207/137
f 167/206/141 163/207/137 168/208/142
f 169/209/143 167/206/141 168/208/142
f 169/209/143 170/210/144 167/206/141
f 171/211/145 170/210/144 169/209/143
f 171/211/145 172/212/146 170/210/144
f 164/201/138 172/212/146 171/211/145
f 164/201/138 173/213/147 172/212/146
f 160/197/134 173/213/147 164/201/138
f 160/197/134 174/214/148 173/213/147
f 160/197/134 158/195/132 174/214/148
f 158/195/132 151/185/125 174/214/148
f 158/195/132 153/187/127 151/185/125
f 174/214/148 172/212/146 173/213/147
f 170/210/144 166/204/140 167/206/141
f 170/210/144 175/215/149 166/204/140
f 172/212/146 175/215/149 170/210/144
f 172/212/146 176/216/150 175/215/149
f 174/214/148 176/216/150 172/212/146
f 151/185/125 176/216/150 174/214/148
f 151/185/125 177/217/151 176/216/150
f 151/185/125 150/184/124 177/217/151
f 177/217/151 150/184/124 178/218/152
f 150/184/124 143/177/117 178/218/152
f 143/177/117 148/182/122 178/218/152
f 143/177/117 145/179/119 148/182/122
f 179/219/153 165/202/139 166/204/140
f 179/219/153 166/204/140 175/215/149
f 176/216/150 179/219/153 175/215/149
f 176/216/150 177/217/151 179/219/153
f 177/217/151 178/218/152 179/219/153
f 179/219/153 178/218/152 148/182/122
f 179/219/153 148/182/122 165/202/139
f 13/16/154 14/18/154 12/15/154
f 13/16/154 15/19/154 14/18/154
f 30/34/154 15/19/154 13/16/154
f 30/34/154 33/37/154 15/19/154
f 29/33/154 33/37/154 30/34/154
f 29/33/154 34/38/154 33/37/154
f 180/220/155 181/221/156 182/222/157
f 180/220/155 183/223/158 181/221/156
f 184/224/159 183/223/158 180/220/155
f 184/224/159 185/225/160 183/223/158
f 144/178/118 156/226/130 146/180/120
f 182/222/157 156/226/130 144/178/118
f 142/176/116 182/222/157 144/178/118
f 142/176/116 180/220/155 182/222/157
f 140/174/114 180/220/155 142/176/116
f 140/174/114 184/224/159 180/220/155
f 136/170/110 184/224/159 140/174/114
f 128/162/103 184/224/159 136/170/110
f 128/162/103 185/225/160 184/224/159
f 128/162/103 130/164/104 185/225/160
f 185/225/160 130/164/104 186/227/161
f 185/225/160 186/227/161 183/223/158
f 183/223/158 186/227/161 187/228/69
f 183/223/158 187/228/69 181/221/156
f 187/228/69 132/229/106 181/221/156
f 181/221/156 132/229/106 157/230/131
f 181/221/156 157/230/131 182/222/157
f 182/222/157 157/230/131 156/226/130
f 187/228/69 133/231/107 132/229/106
f 122/232/162 120/142/163 121/143/164
f 122/232/162 125/233/165 120/142/163
f 114/234/166 125/233/165 122/232/162
f 114/234/166 106/235/166 125/233/165
f 104/236/167 106/235/166 114/234/166
f 104/236/167 114/234/166 112/237/167
f 100/127/168 104/236/167 112/237/167
f 100/127/168 112/237/167 108/125/168
f 188/238/169 189/239/170 190/240/169
f 188/238/169 191/241/171 189/239/170
f 191/241/171 192/242/172 189/239/170
f 191/241/171 193/243/173 192/242/172
f 193/243/173 194/244/174 192/242/172
f 193/243/173 195/245/174 194/244/174
f 196/246/175 194/244/174 195/245/174
f 196/246/175 197/247/175 194/244/174
f 196/246/175 198/248/176 197/247/175
f 196/246/175 199/249/176 198/248/176
f 199/249/176 200/250/177 198/248/176
f 199/249/176 201/251/177 200/250/177
f 202/252/178 200/250/177 201/251/177
f 202/252/178 203/253/178 200/250/177
f 202/252/178 204/254/179 203/253/178
f 202/252/178 205/255/180 204/254/179
f 205/255/180 206/256/181 204/254/179
f 205/255/180 207/257/181 206/256/181
f 207/257/181 190/258/169 206/256/181
f 207/257/181 188/259/169 190/258/169
f 208/260/182 209/261/183 210/262/184
f 208/260/182 211/263/185 209/261/183
f 211/263/185 212/264/186 209/261/183
f 211/263/185 213/265/187 212/264/186
f 213/265/187 214/266/188 212/264/186
f 213/265/187 215/267/189 214/266/188
f 215/267/189 216/268/190 214/266/188
f 215/267/189 217/269/191 216/268/190
f 218/270/192 219/271/193 220/272/194
f 220/272/194 219/271/193 208/260/182
f 221/273/195 208/260/182 219/271/193
f 221/273/195 211/263/185 208/260/182
f 222/274/196 211/263/185 221/273/195
f 222/274/196 213/265/187 211/263/185
f 223/275/197 213/265/187 222/274/196
f 223/275/197 215/267/189 213/265/187
f 224/276/198 215/267/189 223/275/197
f 224/276/198 217/269/191 215/267/189
f 224/276/198 225/277/199 217/269/191
f 225/277/199 216/268/190 217/269/191
f 225/277/199 226/278/200 216/268/190
f 227/279/201 226/278/200 225/277/199
f 227/279/201 228/280/202 226/278/200
f 226/278/200 228/280/202 229/281/203
f 224/276/198 230/282/204 225/277/199
f 230/282/204 227/279/201 225/277/199
f 218/270/192 220/272/194 231/283/205
f 228/280/202 232/284/206 229/281/203
f 228/280/202 233/285/207 232/284/206
f 234/286/208 233/285/207 228/280/202
f 234/286/208 228/280/202 227/279/201
f 235/287/209 234/286/208 227/279/201
f 230/282/204 235/287/209 227/279/201
f 236/288/210 235/287/209 230/282/204
f 236/288/210 230/282/204 237/289/211
f 238/290/212 237/289/211 230/282/204
f 238/290/212 230/282/204 224/276/198
f 239/291/213 238/290/212 224/276/198
f 239/291/213 224/276/198 223/275/197
f 240/292/214 239/291/213 223/275/197
f 240/292/214 223/275/197 222/274/196
f 241/293/215 240/292/214 222/274/196
f 241/293/215 222/274/196 221/273/195
f 218/270/192 241/293/215 221/273/195
f 218/270/192 221/273/195 219/271/193
f 242/294/216 218/270/192 231/283/205
f 242/294/216 243/295/217 218/270/192
f 243/295/217 241/293/215 218/270/192
f 243/295/217 244/296/218 241/293/215
f 245/297/219 241/293/215 244/296/218
f 245/297/219 240/292/214 241/293/215
f 246/298/220 240/292/214 245/297/219
f 246/298/220 239/291/213 240/292/214
f 247/299/221 239/291/213 246/298/220
f 247/299/221 238/290/212 239/291/213
f 248/300/222 238/290/212 247/299/221
f 248/300/222 237/289/211 238/290/212
f 249/301/223 237/289/211 248/300/222
f 249/301/223 236/288/210 237/289/211
f 249/301/223 250/302/224 236/288/210
f 250/302/224 235/287/209 236/288/210
f 250/302/224 251/303/225 235/287/209
f 235/287/209 251/303/225 234/286/208
f 249/301/223 252/304/154 250/302/224
f 251/303/225 253/305/226 254/306/227
f 255/307/228 253/305/226 251/303/225
f 255/307/228 251/303/225 250/302/224
f 252/304/154 255/307/228 250/302/224
f 252/304/154 256/308/229 255/307/228
f 251/303/225 254/306/227 234/286/208
f 254/306/227 233/285/207 234/286/208
f 254/306/227 257/309/230 233/285/207
f 233/285/207 257/309/230 258/310/231
f 233/285/207 258/310/231 232/284/206
f 258/310/231 252/311/154 232/284/206
f 232/284/206 252/311/154 249/312/223
f 232/284/206 249/312/223 229/281/203
f 259/313/232 229/281/203 249/312/223
f 226/278/200 229/281/203 259/313/232
f 226/278/200 259/313/232 260/314/233
f 226/278/200 260/314/233 216/268/190
f 216/268/190 260/314/233 261/315/234
f 216/268/190 261/315/234 214/266/188
f 214/266/188 261/315/234 262/316/235
f 214/266/188 262/316/235 212/264/186
f 212/264/186 262/316/235 263/317/236
f 212/264/186 263/317/236 209/261/183
f 258/310/231 256/318/229 252/311/154
f 264/319/237 265/320/238 266/321/239
f 265/320/238 267/322/240 266/321/239
f 266/321/239 267/322/240 268/323/241
f 269/324/242 268/323/241 267/322/240
f 269/324/242 270/325/243 268/323/241
f 269/324/242 271/326/244 270/325/243
f 270/325/243 271/326/244 242/327/216
f 271/326/244 243/328/217 242/327/216
f 271/326/244 272/329/245 243/328/217
f 272/329/245 244/330/218 243/328/217
f 272/329/245 263/317/236 244/330/218
f 263/317/236 245/331/219 244/330/218
f 263/317/236 262/316/235 245/331/219
f 262/316/235 246/332/220 245/331/219
f 262/316/235 261/315/234 246/332/220
f 261/315/234 247/333/221 246/332/220
f 261/315/234 260/314/233 247/333/221
f 260/314/233 248/334/222 247/333/221
f 260/314/233 259/313/232 248/334/222
f 259/313/232 249/312/223 248/334/222
f 273/335/246 274/336/247 269/324/242
f 269/324/242 274/336/247 271/326/244
f 274/336/247 272/329/245 271/326/244
f 264/319/237 266/321/239 275/337/248
f 275/337/248 266/321/239 276/338/249
f 266/321/239 268/323/241 276/338/249
f 276/338/249 268/323/241 277/339/18
f 270/325/243 277/339/18 268/323/241
f 270/325/243 278/340/250 277/339/18
f 270/325/243 242/327/216 278/340/250
f 275/337/248 276/338/249 279/341/251
f 276/338/249 280/342/252 279/341/251
f 276/338/249 281/343/253 280/342/252
f 276/338/249 277/339/18 281/343/253
f 209/261/183 263/317/236 272/329/245
f 209/261/183 272/329/245 210/262/184
f 274/336/247 210/262/184 272/329/245
f 208/260/182 210/262/184 274/336/247
f 208/260/182 274/336/247 273/335/246
f 220/272/194 208/260/182 273/335/246
f 282/344/254 220/272/194 273/335/246
f 231/283/205 220/272/194 282/344/254
f 231/283/205 282/344/254 283/345/255
f 242/294/216 231/283/205 283/345/255
f 242/294/216 283/345/255 278/346/250
f 277/347/18 278/346/250 283/345/255
f 277/347/18 283/345/255 284/348/256
f 277/347/18 284/348/256 285/349/257
f 284/348/256 286/350/258 285/349/257
f 285/349/257 286/350/258 287/351/259
f 286/350/258 264/319/237 287/351/259
f 286/350/258 265/320/238 264/319/237
f 284/348/256 283/345/255 282/344/254
f 277/347/18 285/349/257 281/352/253
f 280/353/252 281/352/253 285/349/257
f 280/353/252 285/349/257 288/354/260
f 285/349/257 287/351/259 288/354/260
f 289/355/97 269/324/242 267/322/240
f 289/355/97 290/356/261 269/324/242
f 273/335/246 269/324/242 290/356/261
f 282/344/254 273/335/246 290/356/261
f 291/357/262 282/344/254 290/356/261
f 284/348/256 282/344/254 291/357/262
f 284/348/256 291/357/262 286/350/258
f 291/357/262 265/320/238 286/350/258
f 291/357/262 289/355/97 265/320/238
f 265/320/238 289/355/97 267/322/240
f 291/357/262 290/356/261 289/355/97
f 292/97/263 293/113/264 294/69/265
f 295/98/266 293/113/264 292/97/263
f 295/98/266 296/112/267 293/113/264
f 297/99/268 296/112/267 295/98/266
f 297/99/268 298/110/269 296/112/267
f 299/100/270 298/110/269 297/99/268
f 299/100/270 300/111/271 298/110/269
f 301/86/272 292/97/263 302/87/273
f 295/98/266 292/97/263 301/86/272
f 295/98/266 301/86/272 303/92/274
f 297/99/268 295/98/266 303/92/274
f 297/99/268 303/92/274 304/94/275
f 299/100/270 297/99/268 304/94/275
f 299/100/270 304/94/275 305/101/276
f 306/102/277 305/101/276 304/94/275
f 306/102/277 304/94/275 307/93/278
f 306/102/277 307/93/278 308/103/279
f 307/93/278 309/95/280 308/103/279
f 310/104/281 308/103/279 309/95/280
f 310/104/281 309/95/280 311/96/282
f 310/104/281 311/96/282 296/105/267
f 311/96/282 293/77/264 296/105/267
f 311/96/282 312/76/283 293/77/264
f 312/76/283 294/75/265 293/77/264
f 312/76/283 313/78/284 294/75/265
f 306/102/277 308/103/279 314/108/285
f 315/107/286 314/108/285 308/103/279
f 315/107/286 308/103/279 310/104/281
f 315/107/286 310/104/281 298/106/269
f 310/104/281 296/105/267 298/106/269
f 315/107/286 298/106/269 300/109/271
f 307/93/278 316/91/287 309/95/280
f 316/91/287 317/89/288 309/95/280
f 311/96/282 309/95/280 317/89/288
f 311/96/282 317/89/288 312/76/283
f 317/89/288 313/78/284 312/76/283
f 317/89/288 318/88/289 313/78/284
f 313/78/284 319/80/290 320/79/291
f 313/78/284 318/88/289 319/80/290
f 318/88/289 321/82/292 319/80/290
f 318/88/289 322/84/293 321/82/292
f 317/89/288 322/84/293 318/88/289
f 317/89/288 323/90/294 322/84/293
f 316/91/287 323/90/294 317/89/288
f 316/91/287 301/86/272 323/90/294
f 316/91/287 303/92/274 301/86/272
f 307/93/278 303/92/274 316/91/287
f 307/93/278 304/94/275 303/92/274
f 301/86/272 322/84/293 323/90/294
f 319/80/290 321/82/292 324/81/295
f 313/78/284 325/71/296 294/75/265
f 313/78/284 320/79/291 325/71/296
f 325/71/296 320/79/291 326/72/297
f 319/80/290 326/72/297 320/79/291
f 319/80/290 327/73/298 326/72/297
f 319/80/290 324/81/295 327/73/298
f 327/73/298 324/81/295 328/64/299
f 329/65/300 328/64/299 324/81/295
f 321/82/292 329/65/300 324/81/295
f 321/82/292 330/83/301 329/65/300
f 322/84/293 330/83/301 321/82/292
f 322/84/293 331/85/302 330/83/301
f 301/86/272 331/85/302 322/84/293
f 301/86/272 302/87/273 331/85/302
f 302/87/273 330/83/301 331/85/302
f 302/87/273 332/68/303 330/83/301
f 330/83/301 332/68/303 333/66/304
f 330/83/301 333/66/304 329/65/300
f 334/60/305 335/70/306 336/58/307
f 334/60/305 336/58/307 337/59/308
f 338/61/309 334/60/305 337/59/308
f 338/61/309 337/59/308 339/62/310
f 340/54/311 338/61/309 339/62/310
f 340/54/311 339/62/310 341/63/312
f 342/53/313 340/54/311 341/63/312
f 328/64/299 342/53/313 341/63/312
f 328/64/299 343/52/314 342/53/313
f 329/65/300 343/52/314 328/64/299
f 329/65/300 344/49/315 343/52/314
f 329/65/300 333/66/304 344/49/315
f 345/51/316 344/49/315 333/66/304
f 325/67/296 345/51/316 333/66/304
f 325/67/296 333/66/304 332/68/303
f 294/69/265 325/67/296 332/68/303
f 294/69/265 332/68/303 302/87/273
f 292/97/263 294/69/265 302/87/273
f 343/52/314 346/47/317 342/53/313
f 343/52/314 344/49/315 346/47/317
f 344/49/315 336/44/307 346/47/317
f 344/49/315 347/50/318 336/44/307
f 345/51/316 347/50/318 344/49/315
f 342/53/313 348/48/319 340/54/311
f 346/47/317 348/48/319 342/53/313
f 346/47/317 349/45/320 348/48/319
f 336/44/307 349/45/320 346/47/317
f 336/44/307 335/46/306 349/45/320
f 350/57/321 336/58/307 347/56/318
f 350/57/321 337/59/308 336/58/307
f 351/74/322 337/59/308 350/57/321
f 351/74/322 339/62/310 337/59/308
f 351/74/322 341/63/312 339/62/310
f 351/74/322 328/64/299 341/63/312
f 327/73/298 328/64/299 351/74/322
f 327/73/298 351/74/322 350/57/321
f 327/73/298 350/57/321 326/72/297
f 345/55/316 326/72/297 350/57/321
f 325/71/296 326/72/297 345/55/316
f 345/55/316 350/57/321 347/56/318
f 111/358/323 101/359/324 110/360/325
f 111/358/323 102/361/326 101/359/324
f 113/133/327 102/361/326 111/358/323
f 113/133/327 105/119/328 102/361/326
f 123/146/329 105/119/328 113/133/327
f 123/146/329 126/153/330 105/119/328
f 124/148/330 126/153/330 123/146/329
f 124/148/330 127/157/329 126/153/330
f 352/227/331 353/228/332 354/221/333
f 355/222/334 356/230/335 357/226/336
f 354/221/333 356/230/335 355/222/334
f 354/221/333 358/229/337 356/230/335
f 353/228/332 358/229/337 354/221/333
f 353/228/332 359/231/338 358/229/337
f 360/220/339 361/223/340 354/221/333
f 360/220/339 354/221/333 355/222/334
f 360/220/339 355/222/334 362/178/341
f 355/222/334 357/226/336 362/178/341
f 362/178/341 357/226/336 363/180/342
f 362/178/341 363/180/342 364/179/343
f 364/179/343 363/180/342 365/181/344
f 364/179/343 365/181/344 366/182/345
f 366/182/345 365/181/344 367/183/346
f 366/182/345 367/183/346 368/202/347
f 368/202/347 367/183/346 369/203/348
f 368/202/347 369/203/348 370/204/349
f 370/204/349 369/203/348 371/205/350
f 370/204/349 371/205/350 372/206/351
f 372/206/351 371/205/350 373/207/352
f 372/206/351 373/207/352 374/208/353
f 375/209/354 372/206/351 374/208/353
f 375/209/354 376/210/355 372/206/351
f 376/210/355 370/204/349 372/206/351
f 376/210/355 377/215/356 370/204/349
f 377/215/356 368/202/347 370/204/349
f 377/215/356 378/219/357 368/202/347
f 379/218/358 368/202/347 378/219/357
f 379/218/358 366/182/345 368/202/347
f 379/218/358 364/179/343 366/182/345
f 379/218/358 380/177/359 364/179/343
f 381/176/360 364/179/343 380/177/359
f 381/176/360 362/178/341 364/179/343
f 360/220/339 362/178/341 381/176/360
f 382/212/361 376/210/355 375/209/354
f 382/212/361 377/215/356 376/210/355
f 382/212/361 383/216/362 377/215/356
f 383/216/362 378/219/357 377/215/356
f 383/216/362 384/217/363 378/219/357
f 384/217/363 379/218/358 378/219/357
f 384/217/363 385/184/364 379/218/358
f 385/184/364 380/177/359 379/218/358
f 385/184/364 386/175/365 380/177/359
f 386/175/365 381/176/360 380/177/359
f 386/175/365 387/174/366 381/176/360
f 387/174/366 360/220/339 381/176/360
f 387/174/366 388/224/367 360/220/339
f 388/224/367 361/223/340 360/220/339
f 388/224/367 389/225/368 361/223/340
f 390/170/369 389/225/368 388/224/367
f 390/170/369 391/162/370 389/225/368
f 392/168/371 391/162/370 390/170/369
f 393/214/372 382/212/361 394/213/373
f 393/214/372 383/216/362 382/212/361
f 395/185/374 383/216/362 393/214/372
f 395/185/374 384/217/363 383/216/362
f 395/185/374 385/184/364 384/217/363
f 395/185/374 396/186/375 385/184/364
f 396/186/375 386/175/365 385/184/364
f 396/186/375 397/173/376 386/175/365
f 397/173/376 387/174/366 386/175/365
f 397/173/376 398/172/377 387/174/366
f 398/172/377 388/224/367 387/174/366
f 398/172/377 390/170/369 388/224/367
f 392/168/371 390/170/369 399/169/378
f 399/169/378 390/170/369 398/172/377
f 399/169/378 398/172/377 400/171/379
f 400/171/379 398/172/377 397/173/376
f 400/171/379 397/173/376 401/189/380
f 401/189/380 397/173/376 396/186/375
f 401/189/380 396/186/375 402/188/381
f 403/187/382 402/188/381 396/186/375
f 403/187/382 396/186/375 395/185/374
f 404/195/383 403/187/382 395/185/374
f 404/195/383 395/185/374 393/214/372
f 405/197/384 404/195/383 393/214/372
f 405/197/384 393/214/372 394/213/373
f 406/199/385 405/197/384 394/213/373
f 406/199/385 394/213/373 407/201/386
f 407/201/386 394/213/373 382/212/361
f 407/201/386 382/212/361 408/211/387
f 382/212/361 375/209/354 408/211/387
f 371/198/350 406/199/385 373/200/352
f 371/198/350 405/197/384 406/199/385
f 369/196/348 405/197/384 371/198/350
f 369/196/348 404/195/383 405/197/384
f 367/194/346 404/195/383 369/196/348
f 367/194/346 403/187/382 404/195/383
f 365/193/344 403/187/382 367/194/346
f 365/193/344 402/188/381 403/187/382
f 363/192/342 402/188/381 365/193/344
f 363/192/342 401/189/380 402/188/381
f 357/190/336 401/189/380 363/192/342
f 357/190/336 400/171/379 401/189/380
f 356/191/335 400/171/379 357/190/336
f 356/191/335 399/169/378 400/171/379
f 358/166/337 399/169/378 356/191/335
f 358/166/337 392/168/371 399/169/378
f 358/166/337 409/165/388 392/168/371
f 409/165/388 391/162/370 392/168/371
f 409/165/388 410/163/389 391/162/370
f 391/162/370 410/163/389 411/164/390
f 391/162/370 411/164/390 389/225/368
f 389/225/368 411/164/390 352/227/331
f 389/225/368 352/227/331 361/223/340
f 352/227/331 354/221/333 361/223/340
f 358/166/337 359/167/338 409/165/388
f 412/362/391 413/363/391 414/364/392
f 412/362/391 415/365/391 413/363/391
f 416/366/393 417/367/394 418/368/395
f 416/366/393 414/364/394 417/367/394
f 414/364/394 413/363/391 417/367/394
f 419/369/396 415/370/396 420/371/396
f 419/369/396 413/372/396 415/370/396
f 421/373/397 419/374/397 420/375/397
f 421/373/397 422/376/397 419/374/397
f 419/374/398 422/376/399 423/377/399
f 423/377/399 422/376/399 424/378/398
f 423/377/399 424/378/398 425/379/398
f 426/380/299 427/381/299 428/382/299
f 426/380/299 429/383/299 427/381/299
f 430/384/400 428/385/400 431/386/401
f 430/384/400 426/387/402 428/385/400
f 430/384/400 432/388/403 426/387/402
f 424/378/404 433/389/404 425/379/399
f 430/384/400 433/389/404 424/378/404
f 430/384/400 431/386/400 433/389/404
f 359/390/352 434/391/405 409/392/406
f 409/392/406 434/391/405 410/393/407
f 410/393/407 434/391/405 411/394/408
f 411/394/408 434/391/405 352/395/409
f 352/395/409 434/391/405 353/396/410
f 353/396/410 434/391/405 359/390/352
f 421/397/411 415/370/411 412/398/411
f 421/397/411 420/371/411 415/370/411
f 432/388/412 435/399/413 436/400/414
f 432/388/412 430/384/412 435/399/413
f 430/384/412 416/366/415 435/399/413
f 430/384/412 424/378/415 416/366/415
f 424/378/415 414/401/416 416/366/415
f 424/378/415 422/402/417 414/401/416
f 422/402/417 412/403/418 414/401/416
f 422/402/417 421/404/418 412/403/418
f 432/405/419 429/383/420 426/380/420
f 432/405/419 436/406/421 429/383/420
f 437/407/422 438/408/423 439/409/422
f 437/407/422 440/410/423 438/408/423
f 440/410/423 441/411/424 438/408/423
f 440/410/423 442/412/425 441/411/424
f 442/412/425 443/413/426 441/411/424
f 442/412/425 444/414/426 443/413/426
f 444/414/426 445/415/427 443/413/426
f 444/414/426 446/416/428 445/415/427
f 446/416/428 447/417/429 445/415/427
f 446/416/428 448/418/430 447/417/429
f 448/418/430 449/419/431 447/417/429
f 448/418/430 450/420/432 449/419/431
f 450/420/432 451/421/433 449/419/431
f 450/420/432 452/422/433 451/421/433
f 452/422/433 453/423/434 451/421/433
f 452/422/433 454/424/434 453/423/434
f 454/424/434 455/425/435 453/423/434
f 454/424/434 456/426/436 455/425/435
f 456/426/436 439/427/422 455/425/435
f 456/426/436 437/428/422 439/427/422
f 457/429/437 458/430/438 459/431/437
f 457/429/437 460/432/438 458/430/438
f 460/432/438 461/433/439 458/430/438
f 460/432/438 462/434/439 461/433/439
f 462/434/439 463/435/440 461/433/439
f 462/434/439 464/436/440 463/435/440
f 464/436/440 465/437/441 463/435/440
f 464/436/440 466/438/441 465/437/441
f 466/438/441 467/439/442 465/437/441
f 466/438/441 468/440/443 467/439/442
f 468/440/443 469/441/444 467/439/442
f 468/440/443 470/442/444 469/441/444
f 470/442/444 471/443/445 469/441/444
f 470/442/444 472/444/445 471/443/445
f 472/444/445 473/445/446 471/443/445
f 472/444/445 474/446/446 473/445/446
f 474/446/446 475/447/447 473/445/446
f 474/446/446 476/448/447 475/447/447
f 476/448/447 459/449/437 475/447/447
f 476/448/447 457/450/437 459/449/437
f 477/451/448 478/452/448 479/453/448
f 477/451/448 480/454/448 478/452/448
f 481/455/449 479/453/449 478/452/449
f 481/455/449 482/456/449 479/453/449
f 483/457/450 478/452/450 480/458/450
f 483/457/450 481/455/450 478/452/450
f 484/459/451 479/453/451 482/456/451
f 484/459/451 477/460/451 479/453/451
f 485/461/452 486/462/452 487/463/452
f 485/461/452 488/464/452 486/462/452
f 486/462/448 489/465/448 487/463/448
f 486/462/448 490/466/448 489/465/448
f 491/467/453 489/465/453 492/468/453
f 491/467/453 487/463/453 489/465/453
f 493/469/454 489/465/454 490/466/454
f 493/469/454 492/470/454 489/465/454
f 493/471/455 486/462/455 488/472/455
f 493/471/455 490/466/455 486/462/455
f 494/473/448 495/474/448 496/475/448
f 494/473/448 497/476/448 495/474/448
f 498/477/449 496/475/449 499/478/449
f 498/477/449 494/473/449 496/475/449
f 500/479/450 496/475/450 495/480/450
f 500/479/450 499/478/450 496/475/450
f 501/481/451 494/473/451 498/477/451
f 501/481/451 497/482/451 494/473/451
f 502/483/456 503/484/456 504/485/456
f 502/483/456 505/486/456 503/484/456
f 505/486/457 506/487/457 507/488/457
f 505/486/457 502/483/457 506/487/457
f 508/489/450 505/486/450 507/488/450
f 508/489/450 503/490/450 505/486/450
f 502/483/451 509/491/451 506/487/451
f 502/483/451 504/492/451 509/491/451
f 510/493/456 511/494/456 512/495/456
f 510/493/456 513/496/456 511/494/456
f 514/497/457 512/495/457 515/498/457
f 514/497/457 510/493/457 512/495/457
f 516/499/450 510/493/450 514/497/450
f 516/499/450 513/500/450 510/493/450
f 512/495/451 517/501/451 515/498/451
f 512/495/451 511/502/451 517/501/451
f 518/503/458 519/504/458 520/505/458
f 518/503/458 521/506/458 519/504/458
f 522/507/456 519/504/456 521/506/456
f 522/507/456 523/508/456 519/504/456
f 522/507/459 524/509/459 525/510/459
f 522/507/459 521/506/459 524/509/459
f 526/511/460 522/507/460 525/512/460
f 526/511/460 523/508/460 522/507/460
f 519/504/455 526/513/455 520/514/455
f 519/504/455 523/508/455 526/513/455
f 527/515/448 528/516/461 529/517/448
f 527/515/448 530/518/461 528/516/461
f 528/516/461 530/518/461 531/519/462
f 528/516/461 531/519/462 532/520/462
f 532/520/462 531/519/462 533/521/463
f 532/520/462 533/521/463 534/522/463
f 533/521/463 535/523/464 534/522/463
f 533/521/463 536/524/464 535/523/464
f 535/523/464 536/524/464 537/525/465
f 535/523/464 537/525/465 538/526/465
f 538/526/465 537/525/465 539/527/466
f 538/526/465 539/527/466 540/528/466
f 541/529/456 540/528/466 539/527/466
f 541/529/456 542/530/456 540/528/466
f 133/390/467 543/391/468 131/392/469
f 131/392/469 543/391/468 129/393/470
f 129/393/470 543/391/468 130/394/471
f 130/394/471 543/391/468 186/395/472
f 186/395/472 543/391/468 187/396/473
f 187/396/473 543/391/468 133/390/467
f 544/531/474 545/532/474 546/533/474
f 544/531/474 547/534/475 545/532/474
f 548/535/476 549/536/476 550/537/476
f 548/535/476 551/538/476 549/536/476
f 552/539/208 553/540/208 554/541/208
f 552/539/208 555/542/208 553/540/208
f 554/541/477 556/543/477 557/544/477
f 554/541/477 553/540/477 556/543/477
f 558/545/478 546/533/478 545/532/478
f 558/545/478 559/546/478 546/533/478
f 560/547/479 551/538/479 561/548/479
f 560/547/479 549/536/479 551/538/479
f 562/549/480 563/550/480 564/551/480
f 562/549/480 565/552/480 563/550/480
f 566/553/481 567/554/481 568/555/481
f 566/553/481 569/556/481 567/554/481
f 570/557/482 569/556/482 571/558/482
f 570/557/482 567/554/482 569/556/482
f 572/559/97 555/542/97 552/539/97
f 572/559/97 573/560/97 555/542/97
f 552/561/448 557/562/448 574/563/448
f 552/561/448 554/564/448 557/562/448
f 572/565/448 575/566/448 576/567/448
f 572/565/448 552/561/448 575/566/448
f 552/561/448 577/568/448 575/566/448
f 552/561/448 574/563/448 577/568/448
f 574/563/448 578/569/448 577/568/448
f 574/563/448 579/570/448 578/569/448
f 555/571/456 556/572/456 553/573/456
f 555/571/456 580/574/456 556/572/456
f 580/574/456 581/575/456 582/576/456
f 580/574/456 583/577/456 581/575/456
f 583/577/456 580/574/456 555/571/456
f 583/577/456 555/571/456 584/578/456
f 584/578/456 555/571/456 573/579/456
f 584/578/456 573/579/456 585/580/456
f 576/581/208 573/560/208 572/559/208
f 576/581/208 585/582/208 573/560/208
f 579/583/154 581/584/154 578/585/154
f 579/583/154 582/586/154 581/584/154
f 586/587/208 587/588/208 588/589/208
f 586/587/208 589/590/208 587/588/208
f 590/591/154 591/592/154 592/593/154
f 590/591/154 593/594/154 591/592/154
f 594/595/208 595/596/208 596/597/208
f 594/595/208 597/598/208 595/596/208
f 598/599/154 599/600/154 600/601/154
f 598/599/154 601/602/154 599/600/154
f 602/603/208 603/604/208 604/605/208
f 602/603/208 605/606/208 603/604/208
f 606/607/154 607/608/154 608/609/154
f 606/607/154 609/610/154 607/608/154
f 610/611/208 611/612/208 612/613/208
f 610/611/208 613/614/208 611/612/208
f 614/615/154 615/616/154 616/617/154
f 614/615/154 617/618/154 615/616/154
f 592/593/456 588/589/456 587/588/456
f 592/593/456 591/592/456 588/589/456
f 600/601/448 596/597/448 595/596/448
f 600/601/448 599/600/448 596/597/448
f 605/619/456 618/620/456 619/621/456
f 605/619/456 602/622/456 618/620/456
f 610/623/448 620/624/448 613/625/448
f 610/623/448 621/626/448 620/624/448
f 589/627/456 609/628/456 606/629/456
f 589/627/456 586/630/456 609/628/456
f 597/631/448 617/632/448 614/633/448
f 597/631/448 594/634/448 617/632/448
f 607/608/456 603/604/456 608/609/456
f 607/608/456 604/605/456 603/604/456
f 616/617/448 612/613/448 611/612/448
f 616/617/448 615/616/448 612/613/448
f 620/635/448 622/636/448 623/637/448
f 620/635/448 621/638/448 622/636/448
f 618/639/154 623/640/154 624/641/154
f 618/639/154 620/642/154 623/640/154
f 618/643/456 625/644/456 619/645/456
f 618/643/456 624/646/456 625/644/456
f 621/638/208 625/644/208 622/636/208
f 621/638/208 619/645/208 625/644/208
f 597/647/97 600/648/97 595/649/97
f 597/647/97 598/650/97 600/648/97
f 602/651/97 620/652/97 618/653/97
f 602/651/97 613/654/97 620/652/97
f 609/655/97 613/654/97 602/651/97
f 609/655/97 614/656/97 613/654/97
f 586/657/97 614/656/97 609/655/97
f 586/657/97 597/647/97 614/656/97
f 593/658/97 597/647/97 586/657/97
f 593/658/97 598/650/97 597/647/97
f 626/659/97 598/650/97 593/658/97
f 626/659/97 627/660/97 598/650/97
f 593/658/97 588/661/97 591/662/97
f 593/658/97 586/657/97 588/661/97
f 609/655/97 604/663/97 607/664/97
f 609/655/97 602/651/97 604/663/97
f 613/654/97 616/665/97 611/666/97
f 613/654/97 614/656/97 616/665/97
f 206/667/483 190/668/484 628/669/485
f 190/668/484 189/670/486 628/669/485
f 189/670/486 192/671/487 628/669/485
f 192/671/487 194/672/488 628/669/485
f 194/672/488 197/673/489 628/669/485
f 197/673/489 198/674/490 628/669/485
f 198/674/490 200/675/491 628/669/485
f 200/675/491 203/676/492 628/669/485
f 203/676/492 204/677/493 628/669/485
f 204/677/493 206/667/483 628/669/485
f 429/678/494 436/400/494 435/399/494
f 429/678/494 435/399/494 427/679/494
f 435/399/494 629/680/495 427/679/494
f 435/399/494 630/681/495 629/680/495
f 435/399/494 416/366/496 630/681/495
f 416/366/496 418/368/497 630/681/495
f 627/682/208 631/683/208 632/684/208
f 627/682/208 626/685/208 631/683/208
f 633/686/448 601/687/448 598/688/448
f 633/686/448 598/688/448 627/689/448
f 627/689/448 634/690/448 633/686/448
f 635/691/448 634/690/448 627/689/448
f 635/691/448 627/689/448 632/692/448
f 632/684/97 636/693/97 635/691/97
f 632/684/97 631/683/97 636/693/97
f 622/636/97 624/641/97 623/640/97
f 622/636/97 625/644/97 624/641/97
f 589/627/18 592/593/18 587/588/18
f 589/627/18 590/694/18 592/593/18
f 610/695/18 619/645/18 621/638/18
f 610/695/18 605/696/18 619/645/18
f 617/632/18 605/696/18 610/695/18
f 617/632/18 606/629/18 605/696/18
f 594/634/18 606/629/18 617/632/18
f 594/634/18 589/627/18 606/629/18
f 601/697/18 589/627/18 594/634/18
f 601/697/18 590/694/18 589/627/18
f 633/698/18 590/694/18 601/697/18
f 633/698/18 637/699/18 590/694/18
f 634/690/18 637/699/18 633/698/18
f 634/690/18 638/700/18 637/699/18
f 601/697/18 596/597/18 599/600/18
f 601/697/18 594/634/18 596/597/18
f 617/632/18 612/613/18 615/616/18
f 617/632/18 610/695/18 612/613/18
f 606/629/18 603/604/18 605/696/18
f 606/629/18 608/609/18 603/604/18
f 423/701/498 413/372/499 419/369/499
f 423/701/498 417/702/500 413/372/499
f 425/703/501 417/702/500 423/701/498
f 425/703/501 418/704/501 417/702/500
f 425/703/501 630/705/502 418/704/501
f 425/703/501 433/706/503 630/705/502
f 433/706/503 629/707/504 630/705/502
f 433/706/503 431/708/505 629/707/504
f 428/382/506 629/707/504 431/708/505
f 428/382/506 427/381/507 629/707/504
f 455/709/418 439/710/508 639/711/508
f 439/710/508 438/712/508 639/711/508
f 438/712/508 441/713/508 639/711/508
f 441/713/508 443/714/508 639/711/508
f 443/714/508 445/715/418 639/711/508
f 445/715/418 447/716/418 639/711/508
f 447/716/418 449/717/508 639/711/508
f 449/717/508 451/718/508 639/711/508
f 451/718/508 453/719/508 639/711/508
f 453/719/508 455/709/418 639/711/508
f 475/720/509 459/721/509 640/722/509
f 459/721/509 458/723/509 640/722/509
f 458/723/509 461/724/510 640/722/509
f 461/724/510 463/725/509 640/722/509
f 463/725/509 465/726/509 640/722/509
f 465/726/509 467/727/509 640/722/509
f 467/727/509 469/728/509 640/722/509
f 469/728/509 471/729/509 640/722/509
f 471/729/509 473/730/509 640/722/509
f 473/730/509 475/720/509 640/722/509
f 491/467/456 488/731/456 485/732/456
f 491/467/456 493/733/456 488/731/456
f 491/467/456 492/468/456 493/733/456
f 635/691/154 638/700/154 634/690/154
f 635/691/154 636/693/154 638/700/154
f 641/734/511 642/735/512 643/736/513
f 642/735/512 641/734/511 644/737/514
f 645/738/515 646/739/516 647/740/515
f 643/736/513 645/738/515 647/740/515
f 643/736/513 648/741/517 645/738/515
f 648/741/517 643/736/513 642/735/512
f 648/741/517 642/735/512 649/742/517
f 650/743/518 649/742/517 642/735/512
f 651/744/519 652/745/520 653/746/521
f 651/744/519 653/746/521 654/747/519
f 655/748/522 654/747/519 653/746/521
f 655/748/522 656/749/523 654/747/519
f 655/748/522 657/750/523 656/749/523
f 658/751/524 656/749/523 657/750/523
f 658/751/524 659/752/525 656/749/523
f 660/753/526 659/752/525 658/751/524
f 660/753/526 658/751/524 661/754/526
f 662/755/527 660/753/526 661/754/526
f 662/755/527 661/754/526 663/756/527
f 664/757/527 662/755/527 663/756/527
f 664/757/527 665/758/527 662/755/527
f 666/759/528 665/758/527 664/757/527
f 666/759/528 667/760/528 665/758/527
f 646/739/516 667/760/528 666/759/528
f 646/739/516 668/761/529 667/760/528
f 645/738/515 668/761/529 646/739/516
f 663/756/527 669/762/527 664/757/527
f 663/756/527 670/763/527 669/762/527
f 655/748/522 653/746/521 671/764/530
f 671/764/530 653/746/521 672/765/531
f 491/467/532 485/766/532 487/463/532
f 673/767/533 674/768/534 675/769/535
f 674/768/534 673/767/533 676/770/536
f 677/771/537 678/772/538 679/773/539
f 675/769/535 677/771/537 679/773/539
f 675/769/535 680/774/540 677/771/537
f 680/774/540 675/769/535 674/768/534
f 680/774/540 674/768/534 681/775/541
f 682/776/542 681/775/541 674/768/534
f 683/777/543 684/778/544 685/779/545
f 683/777/543 685/779/545 686/780/546
f 687/781/547 686/780/546 685/779/545
f 687/781/547 688/782/548 686/780/546
f 687/781/547 689/783/549 688/782/548
f 690/784/550 688/782/548 689/783/549
f 690/784/550 691/785/551 688/782/548
f 692/786/552 691/785/551 690/784/550
f 692/786/552 690/784/550 693/787/552
f 694/788/553 692/786/552 693/787/552
f 694/788/553 693/787/552 695/789/554
f 696/790/555 694/788/553 695/789/554
f 696/790/555 697/791/553 694/788/553
f 698/792/556 697/791/553 696/790/555
f 698/792/556 699/793/556 697/791/553
f 678/772/538 699/793/556 698/792/556
f 678/772/538 700/794/538 699/793/556
f 677/771/537 700/794/538 678/772/538
f 695/789/554 701/795/557 696/790/555
f 695/789/554 702/796/558 701/795/557
f 687/781/547 685/779/545 703/797/559
f 703/797/559 685/779/545 704/798/560
f 524/799/448 526/513/448 525/800/448
f 524/799/448 520/514/448 526/513/448
f 524/799/448 518/801/448 520/514/448
f 705/802/154 706/803/154 707/804/154
f 705/802/154 708/805/154 706/803/154
f 709/806/18 710/807/18 711/808/18
f 709/806/18 707/809/18 710/807/18
f 712/810/97 713/811/97 705/812/97
f 712/810/97 714/813/97 713/811/97
f 715/814/561 716/815/561 717/816/561
f 715/814/561 711/817/561 716/815/561
f 718/818/456 716/815/456 719/819/456
f 718/818/456 717/816/456 716/815/456
f 720/820/562 719/819/562 714/821/562
f 720/820/562 718/818/562 719/819/562
f 721/822/456 722/823/456 723/824/456
f 721/822/456 724/825/456 722/823/456
f 725/826/456 726/827/456 727/828/456
f 725/826/456 728/829/456 726/827/456
f 729/830/456 706/831/456 708/832/456
f 729/830/456 730/833/456 706/831/456
f 730/833/561 707/809/561 706/831/561
f 730/833/561 710/807/561 707/809/561
f 713/811/562 708/832/562 705/812/562
f 713/811/562 729/830/562 708/832/562
f 731/834/563 732/835/563 733/836/564
f 731/834/563 734/837/565 732/835/563
f 735/838/154 736/839/154 737/840/154
f 735/838/154 738/841/154 736/839/154
f 738/841/18 739/842/18 736/839/18
f 738/841/18 740/843/18 739/842/18
f 740/843/18 733/844/18 739/842/18
f 740/843/18 731/845/18 733/844/18
f 735/846/448 741/847/448 742/848/448
f 735/846/448 743/849/448 741/847/448
f 734/850/448 741/847/448 743/849/448
f 734/850/448 744/851/448 741/847/448
f 745/852/448 740/853/448 738/854/448
f 745/852/448 746/855/448 740/853/448
f 746/855/448 731/856/448 740/853/448
f 746/855/448 747/857/448 731/856/448
f 748/858/219 725/859/219 749/860/219
f 748/858/219 750/861/219 725/859/219
f 751/862/208 752/863/208 753/864/208
f 751/862/208 754/865/208 752/863/208
f 755/866/566 756/867/154 757/868/154
f 755/866/566 758/869/566 756/867/154
f 759/870/154 760/871/154 761/872/154
f 759/870/154 762/873/154 760/871/154
f 763/874/208 764/875/567 765/876/208
f 763/874/208 766/877/567 764/875/567
f 767/878/154 757/879/154 756/880/154
f 767/878/154 768/881/154 757/879/154
f 761/882/154 769/883/154 759/884/154
f 761/882/154 770/885/154 769/883/154
f 771/886/208 753/887/208 752/888/208
f 771/886/208 772/889/208 753/887/208
f 765/890/208 773/891/208 763/892/208
f 765/890/208 774/893/208 773/891/208
f 759/884/568 754/865/568 762/873/568
f 759/884/568 752/888/568 754/865/568
f 758/869/569 763/892/569 756/880/569
f 758/869/569 766/877/569 763/892/569
f 771/886/18 759/884/18 769/883/18
f 771/886/18 752/888/18 759/884/18
f 763/892/97 767/878/97 756/880/97
f 763/892/97 773/891/97 767/878/97
f 775/894/570 702/895/571 776/896/570
f 775/894/572 701/897/557 702/895/558
f 777/898/573 778/899/574 779/900/573
f 777/898/573 780/901/575 778/899/574
f 781/902/97 782/903/97 783/904/97
f 781/902/97 783/904/97 784/905/97
f 785/906/97 781/902/97 784/905/97
f 785/906/97 786/907/97 781/902/97
f 785/906/97 787/908/97 786/907/97
f 785/906/97 788/909/97 787/908/97
f 788/909/97 789/910/97 787/908/97
f 788/909/97 790/911/97 789/910/97
f 791/912/576 789/913/576 790/914/576
f 791/912/576 792/915/576 789/913/576
f 791/916/18 793/917/18 792/918/18
f 791/916/18 794/919/18 793/917/18
f 793/917/18 794/919/18 795/920/18
f 793/917/18 795/920/18 796/921/18
f 797/922/18 796/921/18 795/920/18
f 797/922/18 798/923/18 796/921/18
f 798/923/18 797/922/18 799/924/18
f 798/923/18 799/924/18 800/925/18
f 524/509/577 521/506/577 518/926/577
f 801/927/578 802/928/578 803/929/578
f 801/927/578 804/930/578 802/928/578
f 783/904/527 800/925/527 799/924/527
f 783/904/527 782/903/527 800/925/527
f 805/931/579 806/932/580 807/933/579
f 805/931/579 808/934/580 806/932/580
f 808/934/580 809/935/581 806/932/580
f 808/934/580 810/936/582 809/935/581
f 810/936/582 811/937/583 809/935/581
f 810/936/582 812/938/583 811/937/583
f 812/938/583 813/939/584 811/937/583
f 812/938/583 814/940/585 813/939/584
f 814/940/585 815/941/586 813/939/584
f 814/940/585 816/942/586 815/941/586
f 817/943/587 818/944/587 819/945/588
f 817/943/587 819/945/588 820/946/588
f 820/946/588 819/945/588 821/947/589
f 820/946/588 821/947/589 822/948/590
f 822/948/590 821/947/589 823/949/591
f 822/948/590 823/949/591 824/950/591
f 824/950/591 823/949/591 825/951/592
f 824/950/591 825/951/592 826/952/593
f 826/952/593 825/951/592 827/953/594
f 826/952/593 827/953/594 828/954/595
f 828/954/595 827/953/594 829/955/596
f 828/954/595 829/955/596 830/956/597
f 830/956/597 829/955/596 831/957/598
f 830/956/597 831/957/598 832/958/598
f 831/957/598 833/959/599 832/958/598
f 831/957/598 834/960/600 833/959/599
f 834/960/600 807/933/579 833/959/599
f 834/960/600 805/931/579 807/933/579
f 527/961/601 835/962/601 836/963/602
f 835/962/601 541/964/603 836/963/602
f 541/964/603 539/965/602 836/963/602
f 539/965/602 537/966/208 836/963/602
f 537/966/208 536/967/208 836/963/602
f 536/967/208 533/968/208 836/963/602
f 533/968/208 531/969/208 836/963/602
f 531/969/208 530/970/602 836/963/602
f 530/970/602 527/961/601 836/963/602
f 549/536/604 571/971/604 550/537/604
f 549/536/604 570/972/604 571/971/604
f 549/536/604 560/547/604 570/972/604
f 837/973/605 838/974/606 839/975/605
f 837/973/605 650/976/518 838/974/606
f 650/976/518 840/977/607 838/974/606
f 650/976/518 642/978/512 840/977/607
f 642/978/512 841/979/608 840/977/607
f 642/978/512 644/980/514 841/979/608
f 644/980/514 842/981/609 841/979/608
f 644/980/514 843/982/609 842/981/609
f 844/983/610 842/981/609 843/982/609
f 844/983/610 845/984/611 842/981/609
f 844/983/610 846/985/612 847/986/612
f 844/983/610 847/986/612 845/984/611
f 846/987/612 845/984/611 847/986/612
f 846/987/612 848/988/610 845/984/611
f 846/987/612 849/989/610 848/988/610
f 848/988/610 849/989/610 850/990/613
f 848/988/610 850/990/613 851/991/613
f 851/991/613 850/990/613 852/992/614
f 851/991/613 852/992/614 853/993/615
f 853/993/615 852/992/614 854/994/616
f 853/993/615 854/994/616 855/995/617
f 855/995/617 854/994/616 856/996/618
f 855/995/617 856/996/618 857/997/619
f 857/997/619 856/996/618 858/998/619
f 857/997/619 858/998/619 859/999/619
f 860/1000/620 859/999/619 858/998/619
f 860/1000/620 858/998/619 861/1001/621
f 862/1002/622 860/1000/620 861/1001/621
f 862/1002/622 861/1001/621 863/1003/623
f 864/1004/624 862/1002/622 863/1003/623
f 864/1004/624 863/1003/623 865/1005/625
f 866/1006/626 864/1004/624 865/1005/625
f 866/1006/626 865/1005/625 867/1007/626
f 868/1008/627 866/1006/628 867/1007/626
f 868/1008/627 867/1007/626 869/1009/629
f 870/1010/630 868/1008/627 869/1009/629
f 870/1010/630 869/1009/629 871/1011/631
f 872/1012/632 870/1010/630 871/1011/631
f 872/1012/632 871/1011/631 873/1013/632
f 874/1014/633 872/1012/632 873/1013/632
f 874/1014/633 818/944/634 872/1012/632
f 875/1015/635 818/944/634 874/1014/633
f 875/1015/635 819/945/636 818/944/634
f 875/1015/635 876/1016/636 819/945/636
f 819/945/636 876/1016/636 704/1017/560
f 819/945/636 704/1017/560 821/947/560
f 874/1014/633 873/1013/632 877/1018/634
f 821/947/560 704/1017/560 685/1019/545
f 821/947/560 685/1019/545 823/949/559
f 823/949/559 685/1019/545 684/1020/544
f 823/949/559 684/1020/544 825/951/637
f 825/951/637 684/1020/544 878/1021/638
f 825/951/637 878/1021/638 827/953/639
f 827/953/639 878/1021/638 879/1022/640
f 827/953/639 879/1022/640 829/955/641
f 829/955/641 879/1022/640 880/1023/642
f 829/955/641 880/1023/642 831/957/643
f 834/960/644 831/957/643 880/1023/642
f 834/960/644 880/1023/642 881/1024/645
f 805/931/646 834/960/644 881/1024/645
f 805/931/646 881/1024/645 882/1025/647
f 808/934/648 805/931/646 882/1025/647
f 808/934/648 882/1025/647 682/1026/542
f 810/936/649 808/934/648 682/1026/542
f 810/936/649 682/1026/542 674/1027/534
f 812/938/536 810/936/649 674/1027/534
f 812/938/536 674/1027/534 676/1028/536
f 814/940/650 812/938/536 676/1028/536
f 814/940/650 676/1028/536 883/1029/650
f 884/1030/651 814/940/650 883/1029/650
f 884/1030/651 816/942/651 814/940/650
f 884/1030/651 885/1031/651 816/942/651
f 885/1031/651 886/1032/652 816/942/651
f 887/1033/653 888/1034/654 889/1035/655
f 890/1036/656 888/1034/654 887/1033/653
f 890/1036/656 891/1037/656 888/1034/654
f 892/1038/657 891/1037/656 890/1036/656
f 892/1038/657 893/1039/657 891/1037/656
f 894/1040/658 893/1039/657 892/1038/657
f 894/1040/658 895/1041/659 893/1039/657
f 896/1042/660 895/1041/659 894/1040/658
f 896/1042/660 897/1043/660 895/1041/659
f 886/1032/652 897/1043/660 896/1042/660
f 886/1032/652 898/1044/652 897/1043/660
f 885/1031/651 898/1044/652 886/1032/652
f 885/1031/651 899/1045/651 898/1044/652
f 884/1046/651 899/1045/651 885/1031/651
f 900/1047/661 901/1048/662 902/1049/661
f 901/1048/662 903/1050/661 902/1049/661
f 900/1051/661 902/1049/661 903/1050/661
f 900/1051/661 903/1050/661 904/1052/661
f 900/1051/661 904/1052/661 905/1053/662
f 906/1054/663 905/1053/662 904/1052/661
f 906/1054/663 904/1052/661 907/1055/663
f 908/1056/664 906/1054/665 907/1055/665
f 908/1056/664 907/1055/665 909/1057/666
f 910/1058/667 908/1056/664 909/1057/666
f 910/1058/667 909/1057/666 911/1059/668
f 912/1060/669 910/1058/667 911/1059/668
f 912/1060/669 911/1059/668 913/1061/670
f 914/1062/671 912/1060/669 913/1061/670
f 914/1062/671 913/1061/670 915/1063/671
f 916/1064/672 914/1062/671 915/1063/671
f 916/1064/672 889/1035/655 914/1062/671
f 887/1033/653 889/1035/655 916/1064/672
f 901/1048/662 917/1065/673 903/1050/661
f 901/1048/662 918/1066/673 917/1065/673
f 917/1065/673 918/1066/673 672/1067/531
f 917/1065/673 672/1067/531 919/1068/674
f 919/1068/674 672/1067/531 653/1069/521
f 919/1068/674 653/1069/521 920/1070/675
f 920/1070/675 653/1069/521 652/1071/520
f 920/1070/675 652/1071/520 921/1072/520
f 921/1072/520 652/1071/520 922/1073/676
f 921/1072/520 922/1073/676 923/1074/677
f 923/1074/677 922/1073/676 924/1075/678
f 923/1074/677 924/1075/678 925/1076/679
f 925/1076/679 924/1075/678 926/1077/680
f 925/1076/679 926/1077/680 927/1078/680
f 926/1077/680 928/1079/681 927/1078/680
f 926/1077/680 929/1080/681 928/1079/681
f 929/1080/681 839/975/605 928/1079/681
f 929/1080/681 837/973/605 839/975/605
f 930/1081/208 931/1082/208 932/1083/208
f 930/1081/208 933/1084/208 931/1082/208
f 934/1085/18 935/1086/682 936/1087/18
f 934/1085/18 936/1087/18 937/1088/18
f 937/1088/18 932/1083/18 934/1085/18
f 937/1088/18 930/1081/18 932/1083/18
f 937/1088/18 938/1089/18 930/1081/18
f 934/1090/683 932/1091/448 931/1092/448
f 934/1090/683 931/1092/448 939/1093/683
f 940/1094/684 934/1090/683 939/1093/683
f 940/1094/684 935/1095/684 934/1090/683
f 941/1096/685 935/1095/684 940/1094/684
f 941/1096/685 936/1097/685 935/1095/684
f 942/1098/686 936/1097/685 941/1096/685
f 942/1098/686 937/1088/686 936/1097/685
f 943/1099/154 937/1088/686 942/1098/686
f 943/1099/154 938/1089/154 937/1088/686
f 944/1100/687 945/1101/688 946/1102/688
f 944/1100/687 946/1102/688 947/1103/687
f 948/1104/689 944/1100/687 947/1103/687
f 948/1104/689 949/1105/689 944/1100/687
f 950/1106/154 949/1105/689 948/1104/689
f 950/1106/154 951/1107/154 949/1105/689
f 952/1108/690 951/1107/154 950/1106/154
f 952/1108/690 953/1109/690 951/1107/154
f 954/1110/691 953/1109/690 952/1108/690
f 954/1110/691 952/1108/690 955/1111/691
f 956/1112/692 954/1110/691 955/1111/691
f 956/1112/692 957/1113/692 954/1110/691
f 958/1114/18 957/1113/692 956/1112/692
f 958/1114/18 959/1115/18 957/1113/692
f 960/1116/693 959/1115/18 958/1114/18
f 960/1116/693 961/1117/693 959/1115/18
f 962/1118/694 961/1117/693 960/1116/693
f 962/1118/694 963/1119/694 961/1117/693
f 964/1120/695 963/1119/694 962/1118/694
f 964/1120/695 965/1121/695 963/1119/694
f 966/1122/208 965/1121/695 964/1120/695
f 966/1122/208 967/1123/208 965/1121/695
f 968/1124/696 967/1123/208 966/1122/208
f 968/1124/696 969/1125/696 967/1123/208
f 970/1126/697 969/1125/696 968/1124/696
f 970/1126/697 971/1127/697 969/1125/696
f 972/1128/698 971/1127/697 970/1126/697
f 972/1128/698 973/1129/698 971/1127/697
f 974/1130/97 973/1129/698 972/1128/698
f 974/1130/97 975/1131/97 973/1129/698
f 946/1132/688 975/1131/97 974/1130/97
f 946/1132/688 945/1133/688 975/1131/97
f 558/1134/699 976/1135/699 559/1136/699
f 558/1134/699 564/1137/699 976/1135/699
f 558/1134/699 562/1138/699 564/1137/699
f 977/1139/456 978/1140/456 979/1141/456
f 977/1139/456 980/1142/456 978/1140/456
f 977/1139/97 981/1143/97 982/1144/97
f 977/1139/97 979/1141/97 981/1143/97
f 980/1142/208 982/1145/208 983/1146/208
f 980/1142/208 977/1139/208 982/1145/208
f 978/1140/18 983/1147/18 984/1148/18
f 978/1140/18 980/1142/18 983/1147/18
f 979/1141/154 984/1149/154 981/1150/154
f 979/1141/154 978/1140/154 984/1149/154
f 985/1151/456 986/1152/456 987/1153/456
f 985/1151/456 988/1154/456 986/1152/456
f 985/1151/97 989/1155/97 990/1156/97
f 985/1151/97 987/1153/97 989/1155/97
f 988/1154/208 990/1157/208 991/1158/208
f 988/1154/208 985/1151/208 990/1157/208
f 986/1152/18 991/1159/18 992/1160/18
f 986/1152/18 988/1154/18 991/1159/18
f 987/1153/154 992/1161/154 989/1162/154
f 987/1153/154 986/1152/154 992/1161/154
f 993/1163/700 994/1164/701 995/1165/702
f 993/1163/700 996/1166/700 994/1164/701
f 997/1167/703 998/1168/704 999/1169/703
f 997/1167/703 1000/1170/704 998/1168/704
f 1001/1171/705 998/1168/704 1000/1170/704
f 1001/1171/705 1000/1170/704 1002/1172/705
f 993/1173/700 1001/1171/705 1002/1172/705
f 993/1173/700 1002/1172/705 996/1174/700
f 1003/1175/456 1004/1176/456 1005/1177/456
f 1003/1175/456 1006/1178/456 1004/1176/456
f 1007/1179/208 1008/1180/208 1009/1181/208
f 1007/1179/208 1010/1182/208 1008/1180/208
f 1011/1183/208 1009/1181/208 1012/1184/208
f 1007/1179/208 1009/1181/208 1011/1183/208
f 1013/1185/208 1007/1179/208 1011/1183/208
f 1013/1185/208 1014/1186/208 1007/1179/208
f 1006/1178/97 1015/1187/97 1016/1188/97
f 1006/1178/97 1003/1175/97 1015/1187/97
f 1017/1189/448 995/1165/448 994/1164/448
f 1017/1189/448 1018/1190/448 995/1165/448
f 997/1167/18 1005/1177/18 1004/1176/18
f 997/1167/18 999/1169/18 1005/1177/18
f 1019/1191/154 994/1192/154 996/1193/154
f 1002/1194/154 1019/1191/154 996/1193/154
f 1002/1194/154 1020/1195/154 1019/1191/154
f 1000/1196/154 1020/1195/154 1002/1194/154
f 1000/1196/154 1021/1197/154 1020/1195/154
f 997/1198/154 1021/1197/154 1000/1196/154
f 997/1198/154 1022/1199/154 1021/1197/154
f 1004/1200/154 1022/1199/154 997/1198/154
f 1004/1200/154 1023/1201/154 1022/1199/154
f 1004/1200/154 1024/1202/154 1023/1201/154
f 1004/1200/154 1025/1203/154 1024/1202/154
f 1004/1200/154 1006/1204/154 1025/1203/154
f 1025/1203/154 1006/1204/154 1026/1205/154
f 1006/1204/154 1027/1206/154 1026/1205/154
f 1006/1204/154 1016/1207/154 1027/1206/154
f 1028/1208/154 1027/1206/154 1016/1207/154
f 1028/1208/154 1016/1207/154 1029/1209/154
f 1030/1210/154 1028/1208/154 1029/1209/154
f 1030/1210/154 1029/1209/154 1031/1211/154
f 1032/1212/154 1030/1210/154 1031/1211/154
f 1032/1212/154 1033/1213/154 1030/1210/154
f 1017/1214/154 1033/1213/154 1032/1212/154
f 1017/1214/154 1034/1215/154 1033/1213/154
f 994/1192/154 1034/1215/154 1017/1214/154
f 994/1192/154 1035/1216/154 1034/1215/154
f 1019/1191/154 1035/1216/154 994/1192/154
f 1018/1217/154 1015/1218/154 1003/1219/154
f 1018/1217/154 1003/1219/154 1005/1220/154
f 1018/1217/154 1005/1220/154 995/1221/154
f 1005/1220/154 999/1222/154 995/1221/154
f 1026/1223/706 1011/1224/706 1012/1225/706
f 1026/1223/707 1027/1226/707 1011/1224/707
f 1013/1227/456 1035/1216/456 1014/1228/456
f 1013/1227/456 1034/1215/456 1035/1216/456
f 1010/1229/97 1022/1230/97 1023/1231/97
f 1010/1229/708 1007/1232/708 1022/1230/708
f 1036/1233/456 1037/1234/456 1038/1235/456
f 1036/1233/456 1039/1236/456 1037/1234/456
f 1036/1233/709 1040/1237/709 1041/1238/709
f 1036/1233/709 1038/1235/709 1040/1237/709
f 1037/1234/18 1042/1239/18 1043/1240/18
f 1037/1234/18 1039/1236/18 1042/1239/18
f 1038/1235/154 1043/1241/154 1040/1242/154
f 1038/1235/154 1037/1234/154 1043/1241/154
f 1044/1243/710 1045/1244/710 1046/1245/710
f 1044/1243/710 1047/1246/710 1045/1244/710
f 1048/1247/711 1049/1248/712 1050/1249/713
f 1050/1249/713 1051/1250/714 1048/1247/711
f 1052/1251/715 1048/1247/711 1053/1252/716
f 1054/1253/717 1053/1252/716 1048/1247/711
f 1054/1253/717 1048/1247/711 1051/1250/714
f 1051/1250/714 1055/1254/718 1054/1253/717
f 1051/1250/714 1056/1255/718 1055/1254/718
f 1057/1256/719 1055/1254/718 1056/1255/718
f 1057/1256/719 1058/1257/719 1055/1254/718
f 1057/1256/719 1059/1258/720 1058/1257/719
f 1057/1256/719 1060/1259/720 1059/1258/720
f 1060/1259/720 1061/1260/721 1059/1258/720
f 1060/1259/720 1047/1246/721 1061/1260/721
f 1047/1246/721 1062/1261/721 1061/1260/721
f 1047/1246/721 1044/1243/721 1062/1261/721
f 1062/1261/721 1044/1243/721 1063/1262/722
f 1062/1261/721 1063/1262/722 1064/1263/722
f 1065/1264/723 1064/1263/722 1063/1262/722
f 1065/1264/723 1066/1265/723 1064/1263/722
f 1067/1266/724 1066/1265/723 1065/1264/723
f 1067/1266/724 1065/1264/723 1068/1267/724
f 1067/1266/724 1068/1267/724 1069/1268/725
f 1067/1266/724 1069/1268/725 1070/1269/726
f 1069/1268/725 1071/1270/727 1070/1269/726
f 1072/1271/726 1070/1269/726 1071/1270/727
f 1072/1271/726 1071/1270/727 1073/1272/728
f 1069/1268/725 1074/1273/729 1071/1270/727
f 1074/1273/729 1075/1274/730 1071/1270/727
f 560/1275/731 567/1276/731 570/1277/731
f 560/1275/731 568/1278/731 567/1276/731
f 560/1275/731 561/1279/731 568/1278/731
f 1076/1280/732 1077/1281/733 1078/1282/734
f 1076/1280/732 1079/1283/735 1077/1281/733
f 1080/1284/736 1081/1285/737 1082/1286/738
f 1083/1287/739 1082/1286/738 1081/1285/737
f 1083/1287/739 1081/1285/737 1084/1288/740
f 1084/1288/740 1085/1289/741 1083/1287/739
f 1084/1288/740 1086/1290/741 1085/1289/741
f 1087/1291/742 1085/1289/741 1086/1290/741
f 1087/1291/742 1088/1292/743 1085/1289/741
f 1087/1291/742 1089/1293/744 1088/1292/743
f 1087/1291/742 1090/1294/744 1089/1293/744
f 1090/1294/744 1091/1295/735 1089/1293/744
f 1090/1294/744 1079/1283/735 1091/1295/735
f 1079/1283/735 1092/1296/735 1091/1295/735
f 1079/1283/735 1076/1280/732 1092/1296/735
f 1092/1296/735 1076/1280/732 1093/1297/745
f 1092/1296/735 1093/1297/745 1094/1298/746
f 1095/1299/747 1094/1298/746 1093/1297/745
f 1095/1299/747 1096/1300/748 1094/1298/746
f 1097/1301/749 1096/1300/748 1095/1299/747
f 1081/1285/737 1098/1302/750 1099/1303/751
f 1099/1303/751 1084/1288/740 1081/1285/737
f 1097/1301/749 1095/1299/747 1100/1304/749
f 1097/1301/749 1100/1304/749 1101/1305/752
f 1097/1301/749 1101/1305/752 1102/1306/753
f 1101/1305/752 1103/1307/754 1102/1306/753
f 1104/1308/755 1102/1306/753 1103/1307/754
f 1104/1308/755 1103/1307/754 1105/1309/756
f 1101/1305/752 1106/1310/757 1103/1307/754
f 1106/1310/757 1107/1311/758 1103/1307/754
f 546/533/759 1108/1312/759 544/531/759
f 546/533/759 976/1313/759 1108/1312/759
f 546/533/759 559/546/759 976/1313/759
f 1109/1314/18 1110/1315/18 1111/1316/18
f 1109/1314/18 1112/1317/18 1110/1315/18
f 1113/1318/97 1114/1319/97 1115/1320/97
f 1113/1318/97 1116/1321/97 1114/1319/97
f 1114/1322/208 1117/1323/208 1115/1324/208
f 1114/1322/208 1118/1325/208 1117/1323/208
f 1117/1323/208 1118/1325/208 1119/1326/208
f 1117/1323/208 1119/1326/208 1120/1327/208
f 1120/1327/208 1119/1326/208 1109/1328/208
f 1120/1327/208 1109/1328/208 1111/1329/208
f 545/532/760 562/1330/760 558/545/760
f 545/532/760 565/1331/760 562/1330/760
f 545/532/760 547/534/760 565/1331/760
f 1120/1332/761 1121/1333/762 1122/1334/761
f 1120/1332/761 1111/1335/762 1121/1333/762
f 1123/1336/448 1120/1332/448 1122/1334/448
f 1123/1336/448 1117/1337/448 1120/1332/448
f 1124/1338/763 1117/1337/763 1123/1336/763
f 1124/1338/763 1115/1339/763 1117/1337/763
f 1125/1340/448 1126/1341/448 1127/1342/448
f 1125/1340/448 1128/1343/448 1126/1341/448
f 1129/1344/448 1130/1345/448 1131/1346/448
f 1129/1344/448 1132/1347/448 1130/1345/448
f 1118/1325/448 1133/1348/448 1119/1326/448
f 1118/1325/448 1134/1349/448 1133/1348/448
f 1133/1348/762 1109/1314/762 1119/1326/762
f 1133/1348/762 1112/1317/762 1109/1314/762
f 1114/1319/763 1134/1349/763 1118/1325/763
f 1114/1319/763 1116/1321/763 1134/1349/763
f 1135/1350/764 1136/1351/765 1137/1352/765
f 1135/1350/765 1138/1353/765 1136/1351/765
f 1139/1354/154 1140/1355/154 1141/1356/154
f 1139/1354/154 1142/1357/154 1140/1355/154
f 1143/1358/766 1130/1359/766 1144/1360/766
f 1143/1358/766 1145/1361/766 1130/1359/766
f 1146/1362/208 1147/1363/208 1131/1364/208
f 1146/1362/208 1148/1365/208 1147/1363/208
f 1148/1365/208 1149/1366/208 1147/1363/208
f 1148/1365/208 1150/1367/208 1149/1366/208
f 1151/1368/208 1149/1366/208 1150/1367/208
f 1151/1368/208 1125/1369/208 1149/1366/208
f 1152/1370/208 1153/1371/208 1154/1372/208
f 1152/1370/208 1155/1373/208 1153/1371/208
f 1156/1374/154 1157/1375/767 1158/1376/154
f 1156/1374/154 1159/1377/767 1157/1375/767
f 1160/1378/154 1161/1379/154 1162/1380/154
f 1160/1378/154 1163/1381/154 1161/1379/154
f 1164/1382/768 1165/1383/208 1166/1384/208
f 1164/1382/768 1167/1385/768 1165/1383/208
f 1168/1386/154 1158/1387/154 1169/1388/154
f 1168/1386/154 1156/1389/154 1158/1387/154
f 1170/1390/154 1162/1391/154 1161/1392/154
f 1170/1390/154 1171/1393/154 1162/1391/154
f 1172/1394/208 1154/1395/208 1173/1396/208
f 1172/1394/208 1152/1397/208 1154/1395/208
f 1174/1398/208 1166/1399/208 1165/1400/208
f 1174/1398/208 1175/1401/208 1166/1399/208
f 1161/1392/769 1155/1373/769 1152/1397/769
f 1161/1392/769 1163/1381/769 1155/1373/769
f 1159/1377/770 1165/1400/770 1167/1385/770
f 1159/1377/770 1156/1389/770 1165/1400/770
f 1161/1392/18 1172/1394/18 1170/1390/18
f 1161/1392/18 1152/1397/18 1172/1394/18
f 1165/1400/97 1168/1386/97 1174/1398/97
f 1165/1400/97 1156/1389/97 1168/1386/97
f 1162/1402/771 1153/1403/771 1160/1404/771
f 1162/1402/771 1154/1405/771 1153/1403/771
f 1166/1406/772 1157/1407/773 1164/1408/772
f 1166/1406/772 1158/1409/773 1157/1407/773
f 1166/1406/18 1169/1410/18 1158/1409/18
f 1166/1406/18 1175/1411/18 1169/1410/18
f 1173/1412/97 1162/1402/97 1171/1413/97
f 1173/1412/97 1154/1405/97 1162/1402/97
f 1153/1403/448 1176/1414/774 1160/1404/448
f 1153/1403/448 1177/1415/775 1176/1414/774
f 1078/1416/734 1176/1414/775 1177/1415/776
f 1078/1416/734 1077/1417/733 1176/1414/775
f 551/538/777 568/555/777 561/548/777
f 551/538/777 566/553/777 568/555/777
f 551/538/777 548/535/777 566/553/777
f 1178/1418/18 1179/1419/18 1180/1420/18
f 1178/1418/18 1181/1421/18 1179/1419/18
f 1182/1422/18 1179/1419/18 1181/1421/18
f 1182/1422/18 1181/1421/18 1183/1423/18
f 1183/1423/18 1184/1424/18 1182/1422/18
f 1183/1423/18 1185/1425/18 1184/1424/18
f 1186/1426/18 1184/1424/18 1185/1425/18
f 1186/1426/18 1187/1427/18 1184/1424/18
f 574/1428/778 582/586/778 579/583/778
f 574/1428/778 580/1429/778 582/586/778
f 580/1429/778 574/1428/778 557/544/779
f 580/1429/778 557/544/779 556/543/779
f 637/1430/456 593/1431/456 590/1432/456
f 637/1430/456 626/1433/456 593/1431/456
f 638/700/456 626/1433/456 637/1430/456
f 636/693/456 626/1433/456 638/700/456
f 636/693/456 631/1434/456 626/1433/456
f 569/556/780 550/1435/780 571/1436/780
f 569/556/780 548/1437/780 550/1435/780
f 569/556/780 566/553/780 548/1437/780
f 1188/1438/781 1187/1427/781 1186/1426/781
f 1188/1438/781 1189/1439/781 1187/1427/781
f 1190/1440/710 1191/1441/710 1192/1442/710
f 1190/1440/710 1193/1443/710 1191/1441/710
f 1194/1444/782 1195/1445/783 1196/1446/782
f 1194/1444/782 1197/1447/784 1195/1445/783
f 1197/1447/784 1198/1448/785 1195/1445/783
f 1197/1447/784 1199/1449/786 1198/1448/785
f 1199/1449/786 1200/1450/787 1198/1448/785
f 1199/1449/786 1201/1451/788 1200/1450/787
f 1201/1451/788 1202/1452/789 1200/1450/787
f 1201/1451/788 1203/1453/790 1202/1452/789
f 1204/1454/791 1202/1452/789 1203/1453/790
f 1204/1454/791 1205/1455/791 1202/1452/789
f 1206/1456/792 1207/1457/793 1208/1458/792
f 1206/1456/792 1209/1459/794 1207/1457/793
f 1210/1460/795 1207/1457/793 1209/1459/794
f 1210/1460/795 1211/1461/795 1207/1457/793
f 1212/1462/796 1211/1461/795 1210/1460/795
f 1212/1462/796 1213/1463/797 1211/1461/795
f 1212/1462/796 1214/1464/798 1213/1463/797
f 1212/1462/796 1215/1465/799 1214/1464/798
f 1215/1465/799 1216/1466/800 1214/1464/798
f 1215/1465/799 1217/1467/801 1216/1466/800
f 1217/1467/801 1218/1468/802 1216/1466/800
f 1217/1467/801 1219/1469/803 1218/1468/802
f 1219/1469/803 1220/1470/804 1218/1468/802
f 1219/1469/803 1221/1471/804 1220/1470/804
f 1221/1471/804 1222/1472/805 1220/1470/804
f 1221/1471/804 1223/1473/805 1222/1472/805
f 1223/1473/805 1196/1446/782 1222/1472/805
f 1223/1473/805 1194/1444/782 1196/1446/782
f 1224/1474/806 1225/1475/807 1226/1476/808
f 1224/1474/806 1227/1477/809 1225/1475/807
f 1227/1477/809 1228/1478/810 1225/1475/807
f 1227/1477/809 1229/1479/810 1228/1478/810
f 1229/1479/810 1230/1480/811 1228/1478/810
f 1229/1479/810 1231/1481/811 1230/1480/811
f 1231/1481/811 1232/1482/812 1230/1480/811
f 1231/1481/811 1233/1483/812 1232/1482/812
f 1234/1484/751 1232/1482/812 1233/1483/812
f 1234/1484/751 1235/1485/751 1232/1482/812
f 1204/1454/813 1236/1486/813 1205/1455/813
f 1204/1454/813 1237/1487/813 1236/1486/813
f 1238/1488/814 1236/1486/813 1237/1487/813
f 1238/1488/814 1239/1489/814 1236/1486/813
f 1240/1490/815 1239/1489/814 1238/1488/814
f 1240/1490/815 1241/1491/816 1239/1489/814
f 1242/1492/817 1241/1491/816 1240/1490/815
f 1242/1492/817 1243/1493/818 1241/1491/816
f 1244/1494/819 1243/1493/818 1242/1492/817
f 1244/1494/819 1245/1495/819 1243/1493/818
f 1246/1496/820 1245/1495/819 1244/1494/819
f 1246/1496/820 1247/1497/821 1245/1495/819
f 1246/1496/820 1248/1498/822 1247/1497/821
f 1246/1496/820 1249/1499/822 1248/1498/822
f 1249/1499/822 1250/1500/823 1248/1498/822
f 1249/1499/822 1251/1501/824 1250/1500/823
f 1251/1501/824 1226/1476/808 1250/1500/823
f 1251/1501/824 1224/1474/806 1226/1476/808
f 1234/1484/825 1252/1502/826 1235/1485/825
f 1234/1484/825 1253/1503/827 1252/1502/826
f 1253/1503/827 1254/1504/828 1252/1502/826
f 1253/1503/827 1255/1505/829 1254/1504/828
f 1255/1505/829 1256/1506/830 1254/1504/828
f 1255/1505/829 1257/1507/830 1256/1506/830
f 1257/1507/830 1258/1508/831 1256/1506/830
f 1257/1507/830 1259/1509/832 1258/1508/831
f 1259/1509/832 1260/1510/833 1258/1508/831
f 1259/1509/832 1261/1511/834 1260/1510/833
f 1261/1511/834 1262/1512/835 1260/1510/833
f 1261/1511/834 1263/1513/836 1262/1512/835
f 1263/1513/836 1264/1514/837 1262/1512/835
f 1263/1513/836 1265/1515/838 1264/1514/837
f 1266/1516/839 1264/1514/837 1265/1515/838
f 1266/1516/839 1267/1517/840 1264/1514/837
f 1268/1518/841 1267/1517/840 1266/1516/839
f 1268/1518/841 1269/1519/842 1267/1517/840
f 1270/1520/843 1269/1519/842 1268/1518/841
f 1270/1520/843 1271/1521/844 1269/1519/842
f 1272/1522/845 1271/1521/844 1270/1520/843
f 1272/1522/845 1273/1523/846 1271/1521/844
f 1274/1524/847 1273/1523/846 1272/1522/845
f 1274/1524/847 1275/1525/847 1273/1523/846
f 1276/1526/848 1275/1525/847 1274/1524/847
f 1276/1526/848 1277/1527/848 1275/1525/847
f 1278/1528/849 1277/1527/848 1276/1526/848
f 1278/1528/849 1279/1529/849 1277/1527/848
f 1280/1530/850 1281/1531/851 1282/1532/852
f 1280/1530/850 1283/1533/853 1281/1531/851
f 1283/1533/853 1284/1534/854 1281/1531/851
f 1283/1533/853 1285/1535/855 1284/1534/854
f 1285/1535/855 1286/1536/856 1284/1534/854
f 1285/1535/855 1287/1537/857 1286/1536/856
f 1287/1537/857 1288/1538/858 1286/1536/856
f 1287/1537/857 1289/1539/858 1288/1538/858
f 1206/1456/859 1288/1538/858 1289/1539/858
f 1206/1456/859 1208/1458/859 1288/1538/858
f 1278/1528/757 1290/1540/860 1279/1529/757
f 1278/1528/757 1291/1541/861 1290/1540/860
f 1292/1542/862 1290/1540/860 1291/1541/861
f 1292/1542/862 1293/1543/863 1290/1540/860
f 1294/1544/864 1293/1543/863 1292/1542/862
f 1294/1544/864 1295/1545/864 1293/1543/863
f 1296/1546/865 1295/1545/864 1294/1544/864
f 1296/1546/865 1297/1547/866 1295/1545/864
f 1298/1548/867 1297/1547/866 1296/1546/865
f 1298/1548/867 1299/1549/868 1297/1547/866
f 1300/1550/869 1299/1549/868 1298/1548/867
f 1300/1550/869 1301/1551/870 1299/1549/868
f 1302/1552/871 1301/1551/870 1300/1550/869
f 1302/1552/871 1303/1553/871 1301/1551/870
f 1304/1554/872 1303/1553/871 1302/1552/871
f 1304/1554/872 1305/1555/873 1303/1553/871
f 1304/1554/872 1282/1532/852 1305/1555/873
f 1304/1554/872 1280/1530/850 1282/1532/852
f 1306/1556/874 1260/1510/875 1262/1512/874
f 1306/1556/874 1307/1557/876 1260/1510/875
f 1307/1557/876 1258/1508/877 1260/1510/875
f 1307/1557/876 1105/1558/756 1258/1508/877
f 1105/1558/756 1256/1506/878 1258/1508/877
f 1105/1558/756 1103/1559/754 1256/1506/878
f 1103/1559/754 1254/1504/758 1256/1506/878
f 1103/1559/754 1107/1560/758 1254/1504/758
f 1107/1560/758 1252/1502/879 1254/1504/758
f 1107/1560/758 1308/1561/879 1252/1502/879
f 1/1562/1 1252/1502/879 1308/1561/879
f 1/1562/1 1235/1485/2 1252/1502/879
f 1/1562/1 3/1563/1 1235/1485/2
f 3/1563/1 1232/1482/880 1235/1485/2
f 1309/1564/881 1245/1495/881 1247/1497/881
f 1248/1498/882 1309/1564/881 1247/1497/881
f 1248/1498/882 1310/1565/883 1309/1564/881
f 1250/1500/884 1310/1565/883 1248/1498/882
f 1250/1500/884 1311/1566/885 1310/1565/883
f 1226/1476/886 1311/1566/885 1250/1500/884
f 1226/1476/886 1312/1567/886 1311/1566/885
f 1225/1475/865 1312/1567/886 1226/1476/886
f 1225/1475/865 1313/1568/865 1312/1567/886
f 1228/1478/887 1313/1568/865 1225/1475/865
f 1228/1478/887 1314/1569/887 1313/1568/865
f 1230/1480/888 1314/1569/887 1228/1478/887
f 1230/1480/888 1315/1570/888 1314/1569/887
f 1232/1482/880 1315/1570/888 1230/1480/888
f 1232/1482/880 1316/1571/880 1315/1570/888
f 3/1563/1 1316/1571/880 1232/1482/880
f 3/1563/1 2/1572/2 1316/1571/880
f 1200/1450/889 1049/1573/712 1048/1574/711
f 1202/1452/859 1049/1573/712 1200/1450/889
f 1202/1452/859 1317/1575/859 1049/1573/712
f 1318/1576/890 1317/1575/859 1202/1452/859
f 1318/1576/890 1202/1452/859 1205/1455/891
f 1318/1576/890 1205/1455/891 1319/1577/890
f 1320/1578/890 1319/1577/890 1205/1455/891
f 1320/1578/890 1205/1455/891 1236/1486/890
f 1320/1578/890 1236/1486/890 1321/1579/890
f 1322/1580/892 1321/1579/890 1236/1486/890
f 1322/1580/892 1236/1486/890 1239/1489/892
f 1323/1581/893 1322/1580/892 1239/1489/894
f 1323/1581/893 1239/1489/894 1241/1491/895
f 1324/1582/896 1323/1581/893 1241/1491/895
f 1324/1582/896 1241/1491/895 1243/1493/897
f 1325/1583/898 1324/1582/896 1243/1493/897
f 1325/1583/898 1243/1493/897 1245/1495/881
f 1309/1564/881 1325/1583/898 1245/1495/881
f 1318/1576/890 1319/1577/890 1320/1584/890
f 1326/1585/899 1279/1529/899 1290/1540/900
f 1327/1586/899 1279/1529/899 1326/1585/899
f 1327/1586/899 1277/1527/901 1279/1529/899
f 1327/1586/899 1328/1587/901 1277/1527/901
f 1277/1527/901 1328/1587/901 1098/1588/750
f 1277/1527/901 1098/1588/750 1275/1525/750
f 1275/1525/750 1098/1588/750 1081/1589/737
f 1275/1525/750 1081/1589/737 1273/1523/902
f 1273/1523/902 1081/1589/737 1080/1590/736
f 1273/1523/902 1080/1590/736 1271/1521/903
f 1271/1521/903 1080/1590/736 1329/1591/904
f 1271/1521/903 1329/1591/904 1269/1519/905
f 1269/1519/905 1329/1591/904 1330/1592/906
f 1269/1519/905 1330/1592/906 1267/1517/907
f 1267/1517/907 1330/1592/906 1331/1593/908
f 1267/1517/907 1331/1593/908 1264/1514/909
f 1331/1593/908 1262/1512/874 1264/1514/909
f 1331/1593/908 1306/1556/874 1262/1512/874
f 1332/1594/448 1333/1595/448 1334/1596/448
f 1332/1594/448 1335/1597/448 1333/1595/448
f 1334/1598/208 1336/1599/208 1332/1600/208
f 1334/1598/208 1337/1601/208 1336/1599/208
f 1335/1597/154 1338/1602/910 1333/1595/154
f 1335/1597/154 1339/1603/910 1338/1602/910
f 1339/1603/910 1340/1604/911 1338/1602/910
f 1339/1603/910 1341/1605/911 1340/1604/911
f 1341/1605/911 1342/1606/912 1340/1604/911
f 1341/1605/911 1343/1607/912 1342/1606/912
f 1343/1607/912 1344/1608/913 1342/1606/912
f 1343/1607/912 1345/1609/913 1344/1608/913
f 1344/1608/913 1345/1609/913 1336/1610/456
f 1344/1608/913 1336/1610/456 1337/1611/456
f 976/1313/914 564/551/914 563/550/915
f 976/1313/914 563/550/915 1108/1312/915
f 563/550/915 544/1612/916 1108/1312/915
f 563/550/915 547/1613/916 544/1612/916
f 563/550/915 565/1614/916 547/1613/916
f 1346/1615/18 1347/1616/917 1348/1617/18
f 1346/1615/18 1349/1618/917 1347/1616/917
f 1349/1618/917 1350/1619/219 1347/1616/917
f 1349/1618/917 1351/1620/219 1350/1619/219
f 1352/1621/918 1350/1619/219 1351/1620/219
f 1352/1621/918 1353/1622/918 1350/1619/219
f 1352/1621/918 1354/1623/154 1353/1622/918
f 1352/1621/918 1355/1624/154 1354/1623/154
f 1355/1624/154 1356/1625/919 1354/1623/154
f 1355/1624/154 1357/1626/919 1356/1625/919
f 1357/1626/919 1358/1627/920 1356/1625/919
f 1357/1626/919 1359/1628/920 1358/1627/920
f 1359/1628/920 1360/1629/921 1358/1627/920
f 1359/1628/920 1361/1630/921 1360/1629/921
f 1361/1631/921 1362/1632/97 1360/1633/921
f 1361/1631/921 1363/1634/97 1362/1632/97
f 1363/1634/97 1364/1635/922 1362/1632/97
f 1363/1634/97 1365/1636/922 1364/1635/922
f 1365/1636/922 1366/1637/187 1364/1635/922
f 1365/1636/922 1367/1638/187 1366/1637/187
f 1367/1638/187 1368/1639/923 1366/1637/187
f 1367/1638/187 1369/1640/923 1368/1639/923
f 1369/1640/923 1370/1641/208 1368/1639/923
f 1369/1640/923 1371/1642/208 1370/1641/208
f 1372/1643/924 1370/1641/208 1371/1642/208
f 1372/1643/924 1373/1644/924 1370/1641/208
f 1372/1643/924 1374/1645/925 1373/1644/924
f 1372/1643/924 1375/1646/925 1374/1645/925
f 1375/1646/925 1376/1647/926 1374/1645/925
f 1375/1646/925 1377/1648/926 1376/1647/926
f 1377/1648/926 1348/1617/18 1376/1647/926
f 1377/1648/926 1346/1615/18 1348/1617/18
f 1378/1649/448 1379/1650/448 1380/1651/448
f 1378/1649/448 1381/1652/448 1379/1650/448
f 1378/1649/97 1382/1653/97 1381/1652/97
f 1378/1649/97 1383/1654/97 1382/1653/97
f 1380/1651/208 1383/1655/208 1378/1649/208
f 1380/1651/208 1384/1656/208 1383/1655/208
f 1379/1650/18 1384/1657/18 1380/1651/18
f 1379/1650/18 1385/1658/18 1384/1657/18
f 1381/1652/154 1385/1659/154 1379/1650/154
f 1381/1652/154 1382/1660/154 1385/1659/154
f 1386/1661/448 1387/1662/448 1388/1663/448
f 1386/1661/448 1389/1664/448 1387/1662/448
f 1386/1661/97 1390/1665/97 1389/1664/97
f 1386/1661/97 1391/1666/97 1390/1665/97
f 1388/1663/208 1391/1667/208 1386/1661/208
f 1388/1663/208 1392/1668/208 1391/1667/208
f 1387/1662/18 1392/1669/18 1388/1663/18
f 1387/1662/18 1393/1670/18 1392/1669/18
f 1389/1664/154 1393/1671/154 1387/1662/154
f 1389/1664/154 1390/1672/154 1393/1671/154
f 1394/1673/927 1395/1674/928 1396/1675/927
f 1394/1673/927 1397/1676/929 1395/1674/928
f 1398/1677/930 1399/1678/931 1400/1679/930
f 1398/1677/930 1401/1680/931 1399/1678/931
f 1401/1680/931 1402/1681/932 1399/1678/931
f 1401/1680/931 1403/1682/932 1402/1681/932
f 1403/1682/932 1404/1683/933 1402/1681/932
f 1403/1682/932 1405/1684/933 1404/1683/933
f 1405/1684/933 1406/1685/934 1404/1683/933
f 1405/1684/933 1407/1686/934 1406/1685/934
f 1408/1687/935 1409/1688/936 1410/1689/935
f 1408/1687/935 1411/1690/936 1409/1688/936
f 1411/1690/936 1412/1691/705 1409/1688/936
f 1411/1690/936 1413/1692/705 1412/1691/705
f 1413/1692/705 1414/1693/937 1412/1691/705
f 1413/1692/705 1415/1694/937 1414/1693/937
f 1415/1694/937 1416/1695/938 1414/1693/937
f 1415/1694/937 1417/1696/938 1416/1695/938
f 1418/1697/939 1419/1698/940 1420/1699/939
f 1418/1697/939 1421/1700/940 1419/1698/940
f 1421/1700/940 1422/1701/941 1419/1698/940
f 1421/1700/940 1423/1702/941 1422/1701/941
f 1423/1702/941 1424/1703/942 1422/1701/941
f 1423/1702/941 1425/1704/942 1424/1703/942
f 1425/1704/942 1426/1705/943 1424/1703/942
f 1425/1704/942 1427/1706/943 1426/1705/943
f 1428/1707/448 1429/1708/448 1430/1709/448
f 1428/1707/448 1431/1710/448 1429/1708/448
f 1432/1711/18 1433/1712/18 1434/1713/18
f 1432/1711/18 1435/1714/18 1433/1712/18
f 1433/1712/18 1435/1714/18 1436/1715/18
f 1433/1712/18 1436/1715/18 1437/1716/682
f 875/1717/635 874/1718/633 877/1719/634
f 1438/1720/154 1434/1721/154 1439/1722/154
f 1438/1720/154 1432/1723/154 1434/1721/154
f 1440/1724/154 1441/1725/154 1442/1726/154
f 1441/1725/154 1440/1724/154 1443/1727/154
f 1444/1728/154 1441/1725/154 1443/1727/154
f 1444/1728/154 1443/1727/154 1445/1729/154
f 1444/1728/154 1445/1729/154 1446/1730/154
f 1444/1728/154 1446/1730/154 1447/1731/154
f 1447/1731/154 1446/1730/154 1448/1732/154
f 1447/1731/154 1448/1732/154 1449/1733/154
f 1450/1734/154 1449/1733/154 1448/1732/154
f 1450/1734/154 1448/1732/154 1451/1735/154
f 1452/1736/154 1450/1734/154 1451/1735/154
f 1452/1736/154 1451/1735/154 1453/1737/154
f 1452/1736/154 1453/1737/154 1454/1738/154
f 1452/1736/154 1454/1738/154 1455/1739/154
f 1455/1739/154 1454/1738/154 1456/1740/154
f 1456/1740/154 1457/1741/154 1455/1739/154
f 1456/1740/154 1458/1742/154 1457/1741/154
f 1459/1743/154 1457/1741/154 1458/1742/154
f 1459/1743/154 1460/1744/154 1457/1741/154
f 1460/1744/154 1459/1743/154 1461/1745/154
f 1462/1746/154 1460/1744/154 1461/1745/154
f 1462/1746/154 1461/1745/154 1463/1747/154
f 1462/1746/154 1463/1747/154 1464/1748/154
f 1462/1746/154 1464/1748/154 1465/1749/154
f 1465/1749/154 1464/1748/154 1466/1750/154
f 1465/1749/154 1466/1750/154 1467/1751/154
f 1468/1752/154 1467/1751/154 1466/1750/154
f 1468/1752/154 1466/1750/154 1469/1753/154
f 1470/1754/154 1468/1752/154 1469/1753/154
f 1470/1754/154 1469/1753/154 1471/1755/154
f 1470/1754/154 1471/1755/154 1472/1756/154
f 1470/1754/154 1472/1756/154 1473/1757/154
f 1473/1757/154 1472/1756/154 1474/1758/154
f 1474/1758/154 1442/1726/154 1473/1757/154
f 1474/1758/154 1475/1759/154 1442/1726/154
f 1440/1724/154 1442/1726/154 1475/1759/154
f 719/1760/208 713/1761/208 714/1762/208
f 719/1760/208 729/830/208 713/1761/208
f 719/1760/208 730/833/208 729/830/208
f 719/1760/208 716/1763/208 730/833/208
f 716/1763/208 710/1764/208 730/833/208
f 716/1763/208 711/1765/208 710/1764/208
f 1476/1766/932 1452/1767/944 1455/1768/932
f 1476/1766/932 1477/1769/944 1452/1767/944
f 1477/1769/944 1450/1770/463 1452/1767/944
f 1477/1769/944 1478/1771/463 1450/1770/463
f 1479/1772/97 1450/1770/463 1478/1771/463
f 1479/1772/97 1449/1773/97 1450/1770/463
f 1479/1772/97 1447/1774/464 1449/1773/97
f 1479/1772/97 1480/1775/464 1447/1774/464
f 1480/1775/464 1444/1776/945 1447/1774/464
f 1480/1775/464 1481/1777/945 1444/1776/945
f 1481/1777/945 1441/1778/941 1444/1776/945
f 1481/1777/945 1482/1779/941 1441/1778/941
f 1473/1780/456 1483/1781/456 1484/1782/456
f 1473/1780/456 1442/1783/456 1483/1781/456
f 1442/1783/456 1482/1779/456 1483/1781/456
f 1442/1783/456 1441/1778/456 1482/1779/456
f 1485/1784/946 1486/1785/448 1487/1786/946
f 1485/1784/946 1488/1787/448 1486/1785/448
f 1488/1787/448 1489/1788/462 1486/1785/448
f 1488/1787/448 1490/1789/462 1489/1788/462
f 1491/1790/463 1489/1788/462 1490/1789/462
f 1491/1790/463 1492/1791/463 1489/1788/462
f 1491/1790/463 1493/1792/464 1492/1791/463
f 1491/1790/463 1494/1793/464 1493/1792/464
f 1494/1793/464 1495/1794/465 1493/1792/464
f 1494/1793/464 1496/1795/465 1495/1794/465
f 1496/1795/465 1497/1796/456 1495/1794/465
f 1496/1795/465 1498/1797/456 1497/1796/456
f 1498/1797/456 1499/1798/947 1497/1796/456
f 1498/1797/456 1500/1799/947 1499/1798/947
f 1500/1799/947 1501/1800/948 1499/1798/947
f 1500/1799/947 1502/1801/948 1501/1800/948
f 1502/1801/948 1503/1802/949 1501/1800/948
f 1502/1801/948 1504/1803/949 1503/1802/949
f 1504/1803/949 1487/1804/946 1503/1802/949
f 1504/1803/949 1485/1805/946 1487/1804/946
f 1505/1806/950 1506/1807/950 1507/1808/950
f 1505/1806/950 1508/1809/950 1506/1807/950
f 1509/1810/456 1507/1808/456 1510/1811/456
f 1509/1810/456 1505/1806/456 1507/1808/456
f 1508/1809/951 1511/1812/951 1506/1807/951
f 1508/1809/951 1512/1813/951 1511/1812/951
f 1513/1814/208 1512/1813/208 1514/1815/208
f 1513/1814/208 1511/1812/208 1512/1813/208
f 1507/1816/18 1506/1817/18 1511/1812/18
f 1507/1816/18 1511/1812/18 1513/1814/18
f 1515/1818/18 1507/1816/18 1513/1814/18
f 1515/1818/18 1510/1819/18 1507/1816/18
f 1516/1820/154 1510/1821/154 1515/1822/154
f 1516/1820/154 1509/1823/154 1510/1821/154
f 1517/1824/456 724/1825/456 721/1826/456
f 1517/1824/456 1518/1827/456 724/1825/456
f 1517/1824/456 1519/1828/456 1518/1827/456
f 1517/1824/456 1520/1829/456 1519/1828/456
f 1520/1829/456 726/1830/456 1519/1828/456
f 1520/1829/456 727/1831/456 726/1830/456
f 714/821/456 750/861/456 720/820/456
f 725/1832/456 1521/1833/456 728/1834/456
f 725/1832/456 750/861/456 1521/1833/456
f 714/821/456 1521/1833/456 750/861/456
f 714/821/456 712/1835/456 1521/1833/456
f 743/1836/97 732/835/97 734/837/97
f 743/1836/97 1522/1837/97 732/835/97
f 743/1836/97 737/840/97 1522/1837/97
f 743/1836/97 735/838/97 737/840/97
f 107/1838/952 22/26/953 9/12/952
f 107/1838/952 20/24/952 22/26/952
f 30/34/954 24/1839/954 25/1840/954
f 30/34/954 13/16/954 24/1839/954
f 115/1841/955 17/21/955 19/23/956
f 115/1841/955 7/7/955 17/21/955
f 33/37/957 26/1842/957 15/19/957
f 33/37/957 27/1843/957 26/1842/957
f 1116/802/154 1133/803/154 1134/805/154
f 1116/802/154 1112/804/154 1133/803/154
f 1427/1706/97 1429/1708/97 1426/1705/97
f 1427/1706/97 1430/1709/97 1429/1708/97
f 1396/1675/456 1420/1699/456 1394/1673/456
f 1396/1675/456 1418/1697/456 1420/1699/456
f 1428/1707/18 1523/1844/18 1431/1710/18
f 1428/1707/18 1524/1845/18 1523/1844/18
f 1428/1846/154 1396/1847/154 1524/1848/154
f 1418/1849/154 1396/1847/154 1428/1846/154
f 1418/1849/154 1428/1846/154 1430/1850/154
f 1418/1849/154 1430/1850/154 1427/1851/154
f 1525/1852/97 1526/1853/97 1527/1854/97
f 1525/1852/97 723/824/97 1526/1853/97
f 1525/1852/97 721/822/97 723/824/97
f 1525/1852/97 1528/1855/97 721/822/97
f 1525/1852/97 1529/1856/97 1528/1855/97
f 1416/1695/958 1530/1857/958 1531/1858/959
f 1416/1695/958 1417/1696/958 1530/1857/958
f 1410/1689/448 1407/1686/448 1408/1687/448
f 1410/1689/448 1406/1685/448 1407/1686/448
f 1532/1859/960 1398/1677/97 1400/1679/960
f 1532/1859/960 1533/1860/961 1398/1677/97
f 1534/1861/448 1535/1862/448 1536/1863/448
f 1534/1861/448 1537/1864/448 1535/1862/448
f 1534/1861/962 1538/1865/962 1537/1864/962
f 1534/1861/962 1539/1866/962 1538/1865/962
f 1535/1862/18 1540/1867/18 1536/1863/18
f 1535/1862/18 1541/1868/18 1540/1867/18
f 1537/1864/154 1541/1869/154 1535/1862/154
f 1537/1864/154 1538/1870/154 1541/1869/154
f 1542/1871/448 1543/1872/448 1544/1873/448
f 1542/1871/448 1544/1873/448 1545/1874/448
f 1546/1875/448 1542/1871/448 1545/1874/448
f 1546/1875/448 1547/1876/448 1542/1871/448
f 1548/1877/154 1549/1873/154 1550/1874/154
f 1549/1873/154 1548/1877/154 1551/1878/154
f 1549/1873/154 1551/1878/154 1552/1879/154
f 1549/1873/154 1552/1879/154 1553/1880/154
f 1554/1881/154 1553/1880/154 1552/1879/154
f 1554/1881/154 1552/1879/154 1555/1882/154
f 1556/1883/154 1554/1881/154 1555/1882/154
f 1556/1883/154 1555/1882/154 1557/1884/154
f 1556/1883/154 1557/1884/154 1558/1885/154
f 1556/1883/154 1558/1885/154 1559/1886/154
f 1559/1886/154 1558/1885/154 1560/1887/154
f 1559/1886/154 1560/1887/154 1561/1888/154
f 1562/1889/154 1561/1888/154 1560/1887/154
f 1562/1889/154 1560/1887/154 1563/1890/154
f 1562/1889/154 1563/1890/154 1564/1891/154
f 1564/1891/154 1565/1892/154 1562/1889/154
f 1564/1891/154 1566/1893/154 1565/1892/154
f 1567/1894/154 1565/1892/154 1566/1893/154
f 1567/1894/154 1568/1895/154 1565/1892/154
f 1568/1895/154 1567/1894/154 1569/1896/154
f 1568/1895/154 1569/1896/154 1570/1897/154
f 1568/1895/154 1570/1897/154 1571/1898/154
f 1571/1898/154 1570/1897/154 1572/1899/154
f 1571/1898/154 1572/1899/154 1573/1900/154
f 1573/1900/154 1572/1899/154 1574/1901/154
f 1573/1900/154 1574/1901/154 1575/1902/154
f 1576/1903/154 1575/1902/154 1574/1901/154
f 1576/1903/154 1574/1901/154 1577/1904/154
f 1578/1905/154 1576/1903/154 1577/1904/154
f 1578/1905/154 1577/1904/154 1579/1906/154
f 1580/1875/154 1578/1905/154 1579/1906/154
f 1580/1875/154 1579/1906/154 1581/1907/154
f 1580/1875/154 1581/1907/154 1582/1908/154
f 1582/1908/154 1550/1874/154 1580/1875/154
f 1582/1908/154 1583/1909/154 1550/1874/154
f 1548/1877/154 1550/1874/154 1583/1909/154
f 1584/1910/208 727/1831/208 1520/1829/208
f 1584/1910/208 1520/1829/208 1585/1911/208
f 1585/1911/208 1520/1829/208 1517/1824/208
f 1585/1911/208 1517/1824/208 1586/1912/208
f 1517/1824/208 1528/1913/208 1586/1912/208
f 1517/1824/208 721/1826/208 1528/1913/208
f 1587/1914/932 1561/1915/944 1562/1916/932
f 1587/1914/932 1588/1917/944 1561/1915/944
f 1588/1917/944 1559/1918/463 1561/1915/944
f 1588/1917/944 1589/1919/463 1559/1918/463
f 1589/1919/463 1556/1920/97 1559/1918/463
f 1589/1919/463 1590/1921/97 1556/1920/97
f 1590/1921/97 1554/1922/464 1556/1920/97
f 1590/1921/97 1591/1923/464 1554/1922/464
f 1591/1923/464 1553/1924/945 1554/1922/464
f 1591/1923/464 1592/1925/945 1553/1924/945
f 1592/1925/945 1549/1926/941 1553/1924/945
f 1592/1925/945 1593/1927/941 1549/1926/941
f 1580/1875/456 1594/1871/456 1595/1876/456
f 1580/1875/456 1550/1874/456 1594/1871/456
f 1550/1874/456 1593/1872/456 1594/1871/456
f 1550/1874/456 1549/1873/456 1593/1872/456
f 1562/1916/448 1596/1928/448 1587/1914/448
f 1562/1916/448 1565/1929/448 1596/1928/448
f 1565/1929/448 1597/1930/448 1596/1928/448
f 1565/1929/448 1568/1931/448 1597/1930/448
f 1598/1932/947 1599/1933/948 1600/1934/947
f 1598/1932/947 1601/1935/948 1599/1933/948
f 1601/1935/948 1602/1936/949 1599/1933/948
f 1601/1935/948 1603/1937/949 1602/1936/949
f 1603/1937/949 1604/1938/946 1602/1936/949
f 1603/1937/949 1605/1939/946 1604/1938/946
f 1606/1940/448 1604/1938/946 1605/1939/946
f 1606/1940/448 1607/1941/448 1604/1938/946
f 1606/1940/448 1608/1942/462 1607/1941/448
f 1606/1940/448 1609/1943/462 1608/1942/462
f 1609/1943/462 1610/1944/463 1608/1942/462
f 1609/1943/462 1611/1945/463 1610/1944/463
f 1611/1945/463 1612/1946/464 1610/1944/463
f 1611/1945/463 1613/1947/464 1612/1946/464
f 1613/1947/464 1614/1948/465 1612/1946/464
f 1613/1947/464 1615/1949/465 1614/1948/465
f 1615/1949/465 1616/1950/456 1614/1948/465
f 1615/1949/465 1617/1951/456 1616/1950/456
f 1617/1951/456 1600/1952/947 1616/1950/456
f 1617/1951/456 1598/1953/947 1600/1952/947
f 1618/1954/963 1619/1955/964 1620/1956/965
f 1618/1954/963 1621/1957/966 1619/1955/964
f 1618/1954/963 1622/1958/967 1621/1957/966
f 1618/1954/963 1623/1959/968 1622/1958/967
f 1618/1954/963 1624/1960/969 1623/1959/968
f 1618/1954/963 1625/1961/970 1624/1960/969
f 1618/1954/963 1626/1962/971 1625/1961/970
f 1618/1954/963 1627/1963/972 1626/1962/971
f 1618/1964/963 1628/1965/973 1627/1963/972
f 1618/1964/963 1629/1966/974 1628/1965/973
f 1618/1964/963 1630/1967/975 1629/1966/974
f 1618/1964/963 1631/1968/976 1630/1967/975
f 1618/1964/963 1632/1969/977 1631/1968/976
f 1618/1964/963 1633/1970/978 1632/1969/979
f 1618/1964/963 1634/1971/980 1633/1970/978
f 1618/1964/963 1635/1972/981 1634/1971/980
f 1618/1964/963 1636/1973/982 1635/1972/981
f 1618/1964/963 1637/1974/983 1636/1973/982
f 1618/1964/963 1638/1975/984 1637/1974/983
f 1618/1964/963 1620/1976/965 1638/1975/984
f 1639/1977/18 1584/1978/18 1640/1979/18
f 1639/1977/18 727/828/18 1584/1978/18
f 1639/1977/18 725/826/18 727/828/18
f 1639/1977/18 749/1980/18 725/826/18
f 1639/1977/18 1641/1981/18 749/1980/18
f 1642/1982/985 1437/1983/985 1643/1984/985
f 1642/1982/985 1433/1985/985 1437/1983/985
f 1439/1986/448 1433/1985/448 1642/1982/448
f 1439/1986/448 1434/1987/448 1433/1985/448
f 1643/1984/986 1436/1715/986 1644/1988/986
f 1643/1984/986 1437/1983/986 1436/1715/986
f 1642/1989/97 1643/1990/960 1644/1988/97
f 1642/1989/97 1644/1988/97 1645/1991/97
f 1438/1720/97 1642/1989/97 1645/1991/97
f 1438/1720/97 1439/1722/97 1642/1989/97
f 1435/1714/208 1644/1988/208 1436/1715/208
f 1435/1714/208 1645/1991/208 1644/1988/208
f 715/814/987 709/1992/988 711/817/989
f 715/814/456 722/1993/456 709/1992/456
f 715/814/456 723/1994/456 722/1993/456
f 1282/1532/990 1646/1995/991 1647/1996/992
f 1281/1531/993 1646/1995/991 1282/1532/990
f 1281/1531/993 1648/1997/993 1646/1995/991
f 1284/1534/994 1648/1997/993 1281/1531/993
f 1284/1534/994 1649/1998/995 1648/1997/993
f 1286/1536/814 1649/1998/995 1284/1534/994
f 1286/1536/814 1650/1999/814 1649/1998/995
f 1288/1538/996 1650/1999/814 1286/1536/814
f 1288/1538/996 1651/2000/996 1650/1999/814
f 1652/2001/996 1651/2000/996 1288/1538/996
f 1652/2001/996 1288/1538/996 1208/1458/996
f 1652/2001/996 1208/1458/996 1653/2002/996
f 1654/2003/997 1653/2002/996 1208/1458/996
f 1654/2003/997 1208/1458/996 1207/1457/998
f 1654/2003/997 1207/1457/998 1655/2004/998
f 1207/1457/998 1075/2005/730 1655/2004/998
f 1207/1457/998 1211/1461/999 1075/2005/730
f 1211/1461/999 1071/2006/727 1075/2005/730
f 1652/2007/996 1653/2002/996 1654/2003/997
f 1211/1461/999 1213/1463/1000 1071/2006/727
f 1213/1463/1000 1073/2008/728 1071/2006/727
f 1213/1463/1000 1214/1464/728 1073/2008/728
f 1214/1464/728 1656/2009/1001 1073/2008/728
f 1214/1464/728 1216/1466/1002 1656/2009/1001
f 1216/1466/1002 1657/2010/1003 1656/2009/1001
f 1216/1466/1002 1218/1468/1003 1657/2010/1003
f 1218/1468/1003 1658/2011/1004 1657/2010/1003
f 1218/1468/1003 1220/1470/1004 1658/2011/1004
f 1222/1472/1005 1658/2011/1004 1220/1470/1004
f 1222/1472/1005 1659/2012/1005 1658/2011/1004
f 1196/1446/1006 1659/2012/1005 1222/1472/1005
f 1196/1446/1006 1660/2013/1007 1659/2012/1005
f 1195/1445/1008 1660/2013/1007 1196/1446/1006
f 1195/1445/1008 1052/2014/715 1660/2013/1007
f 1198/1448/1009 1052/2014/715 1195/1445/1008
f 1198/1448/1009 1048/1574/711 1052/2014/715
f 1200/1450/889 1048/1574/711 1198/1448/1009
f 715/814/154 1526/2015/154 723/1994/154
f 715/814/154 1661/2016/154 1526/2015/154
f 715/814/154 717/2017/154 1661/2016/154
f 1661/2016/154 717/2017/154 718/2018/154
f 1661/2016/154 718/2018/154 1662/2019/154
f 718/2018/154 748/858/154 1662/2019/154
f 718/2018/154 750/861/154 748/858/154
f 718/2018/154 720/820/154 750/861/154
f 1327/2020/899 1326/1585/899 1663/2021/899
f 1326/1585/899 1664/2022/1010 1663/2021/899
f 1326/1585/899 1290/1540/900 1664/2022/1010
f 1290/1540/900 1665/2023/1011 1664/2022/1010
f 1290/1540/900 1293/1543/1011 1665/2023/1011
f 1293/1543/1011 1666/2024/1012 1665/2023/1011
f 1293/1543/1011 1295/1545/1013 1666/2024/1012
f 1295/1545/1013 1667/2025/807 1666/2024/1012
f 1295/1545/1013 1297/1547/807 1667/2025/807
f 1297/1547/809 1668/2026/1014 1667/2025/807
f 1297/1547/809 1299/1549/1015 1668/2026/1014
f 1299/1549/1015 1669/2027/1016 1668/2026/1014
f 1299/1549/1015 1301/1551/1016 1669/2027/1016
f 1301/1551/1016 1670/2028/1017 1669/2027/1016
f 1301/1551/1016 1303/1553/1018 1670/2028/1017
f 1303/1553/1018 1647/1996/992 1670/2028/1017
f 1303/1553/1018 1305/1555/992 1647/1996/992
f 1282/1532/990 1647/1996/992 1305/1555/992
f 1671/2029/97 802/928/97 804/930/97
f 1671/2029/97 1672/2030/97 802/928/97
f 1671/2029/97 1673/2031/97 1672/2030/97
f 1671/2029/97 1674/2032/97 1673/2031/97
f 1675/2033/97 1673/2031/97 1674/2032/97
f 1675/2033/97 1674/2032/97 1676/2034/97
f 777/2035/97 1675/2033/97 1676/2034/97
f 777/2035/97 779/2036/97 1675/2033/97
f 1677/2037/18 778/2038/18 780/2039/18
f 1677/2037/18 1678/2040/18 778/2038/18
f 1678/2040/18 1677/2037/18 1679/2041/18
f 1678/2040/18 1679/2041/18 1680/2042/18
f 1681/2043/18 1680/2042/18 1679/2041/18
f 1681/2043/18 1682/2044/18 1680/2042/18
f 1681/2043/18 803/929/18 1682/2044/18
f 1681/2043/18 801/927/18 803/929/18
f 1683/2045/154 529/2046/154 1684/2047/154
f 529/2046/154 528/2048/154 1684/2047/154
f 1684/2047/154 528/2048/154 532/2049/154
f 1684/2047/154 532/2049/154 534/2050/154
f 1684/2047/154 534/2050/154 535/2051/154
f 1684/2047/154 535/2051/154 538/2052/154
f 1684/2047/154 538/2052/154 540/2053/154
f 540/2053/154 542/2054/154 1684/2047/154
f 542/2054/154 1685/2055/154 1684/2047/154
f 1685/2055/154 1686/2056/154 1684/2047/154
f 1686/2056/154 1687/2057/154 1684/2047/154
f 1687/2057/154 1688/2058/154 1684/2047/154
f 1688/2058/154 1689/2059/154 1684/2047/154
f 1689/2059/154 1690/2060/154 1684/2047/154
f 1690/2060/154 1683/2045/154 1684/2047/154
f 1691/2061/1019 1692/2062/1020 1693/2063/1021
f 1691/2061/1019 1694/2064/1022 1692/2062/1020
f 1691/2061/1019 1695/2065/1023 1694/2064/1022
f 1691/2061/1019 1696/2066/1024 1695/2065/1023
f 1691/2061/1019 1697/2067/1025 1696/2066/1024
f 1691/2061/1019 1698/2068/1026 1697/2067/1025
f 1691/2061/1019 1699/2069/1027 1698/2068/1026
f 1691/2061/1019 1700/2070/1028 1699/2069/1027
f 1691/2061/1019 1701/2071/1029 1700/2070/1028
f 1691/2061/1019 1702/2072/1030 1701/2071/1029
f 1691/2061/1019 1703/2073/1031 1702/2072/1030
f 1691/2061/1019 1704/2074/1032 1703/2073/1031
f 1691/2061/1019 1705/2075/1033 1704/2074/1032
f 1691/2076/1019 1706/2077/1034 1705/2075/1033
f 1691/2076/1019 1707/2078/1035 1706/2077/1034
f 1691/2076/1019 1708/2079/1036 1707/2078/1035
f 1691/2076/1019 1709/2080/1037 1708/2079/1036
f 1691/2076/1019 1710/2081/1038 1709/2080/1037
f 1691/2076/1019 1711/2082/1039 1710/2081/1038
f 1691/2076/1019 1693/2083/1021 1711/2082/1039
f 4/4/1040 17/21/1041 7/7/1042
f 4/4/1040 18/22/1040 17/21/1041
f 4/4/1040 26/30/1043 18/22/1040
f 4/4/1040 15/2084/1043 26/30/1043
f 1712/2085/1044 839/975/1044 838/974/1045
f 1712/2085/1044 838/974/1045 1713/2086/1046
f 1713/2086/1046 838/974/1045 840/977/1047
f 1713/2086/1046 840/977/1047 1714/2087/1047
f 1714/2087/1047 840/977/1047 841/979/1048
f 1714/2087/1047 841/979/1048 1715/2088/1048
f 1715/2088/1048 841/979/1048 842/981/1049
f 1715/2088/1048 842/981/1049 1716/2089/1049
f 842/981/1049 1717/2090/1050 1716/2089/1049
f 842/981/1049 845/984/1050 1717/2090/1050
f 1718/2091/1051 903/1050/1051 917/1065/1052
f 1718/2091/1051 917/1065/1052 1719/2092/1052
f 917/1065/1052 1720/2093/1053 1719/2092/1052
f 917/1065/1052 919/1068/1054 1720/2093/1053
f 919/1068/1054 1721/2094/1055 1720/2093/1053
f 919/1068/1054 920/1070/1056 1721/2094/1055
f 920/1070/1056 1722/2095/1057 1721/2094/1055
f 920/1070/1056 921/1072/1057 1722/2095/1057
f 921/1072/1057 1723/2096/1058 1722/2095/1057
f 921/1072/1057 923/1074/1058 1723/2096/1058
f 1723/2096/1058 923/1074/1058 925/1076/1059
f 1723/2096/1058 925/1076/1059 1724/2097/1060
f 1724/2097/1060 925/1076/1059 927/1078/1061
f 1724/2097/1060 927/1078/1061 1725/2098/1061
f 1725/2098/1061 927/1078/1061 928/1079/1062
f 1725/2098/1061 928/1079/1062 1726/2099/1063
f 1726/2099/1063 928/1079/1062 839/975/1044
f 1726/2099/1063 839/975/1044 1712/2085/1044
f 1727/2100/208 1728/2101/208 1729/2102/208
f 1728/2101/208 1730/2103/208 1729/2102/208
f 1728/2101/208 1731/2104/208 1730/2103/208
f 1728/2101/208 1732/2105/208 1731/2104/208
f 1728/2101/208 1733/2106/208 1732/2105/208
f 1728/2101/208 1734/2107/208 1733/2106/208
f 1728/2101/208 1735/2108/208 1734/2107/208
f 1735/2108/208 1728/2101/208 1736/2109/208
f 1736/2109/208 1728/2101/208 1737/2110/208
f 1728/2101/208 1738/2111/208 1737/2110/208
f 1728/2101/208 1739/2112/208 1738/2111/208
f 1728/2101/208 1740/2113/208 1739/2112/208
f 1728/2101/208 1741/2114/208 1740/2113/208
f 1728/2101/208 1742/2115/208 1741/2114/208
f 1728/2101/208 1743/2116/208 1742/2115/208
f 1743/2116/208 1728/2101/208 1727/2100/208
f 1744/2117/1064 864/1004/1065 866/1006/657
f 1744/2117/1064 866/1006/657 1745/2118/657
f 1745/2118/657 866/1006/657 868/1008/1066
f 1745/2118/657 868/1008/1066 1746/2119/1066
f 1746/2119/1066 868/1008/1066 870/1010/1067
f 1746/2119/1066 870/1010/1067 1747/2120/1068
f 1747/2120/1068 870/1010/1067 872/1012/1069
f 1747/2120/1068 872/1012/1069 1748/2121/1069
f 872/1012/1069 817/943/649 1748/2121/1069
f 872/1012/1069 818/944/533 817/943/649
f 1717/2090/673 845/984/1070 848/988/1071
f 1717/2090/673 848/988/1071 1749/2122/1072
f 848/988/1071 1750/2123/665 1749/2122/1072
f 848/988/1071 851/991/665 1750/2123/665
f 851/991/665 1751/2124/1073 1750/2123/665
f 851/991/665 853/993/1074 1751/2124/1073
f 853/993/1074 1752/2125/1075 1751/2124/1073
f 853/993/1074 855/995/1076 1752/2125/1075
f 855/995/1076 1753/2126/1077 1752/2125/1075
f 855/995/1076 857/997/1077 1753/2126/1077
f 857/997/1077 1754/2127/1078 1753/2126/1077
f 857/997/1077 859/999/1079 1754/2127/1078
f 1754/2127/1078 859/999/1079 860/1000/1077
f 1754/2127/1078 860/1000/1077 1755/2128/1077
f 1755/2128/1077 860/1000/1077 862/1002/1080
f 1755/2128/1077 862/1002/1080 1756/2129/1080
f 1756/2129/1080 862/1002/1080 864/1004/1065
f 1756/2129/1080 864/1004/1065 1744/2117/1064
f 1757/2130/456 1729/2131/456 1758/2132/456
f 1757/2130/456 1727/2133/456 1729/2131/456
f 1743/2134/456 1727/2133/456 1757/2130/456
f 1743/2134/456 1757/2130/456 1759/2135/456
f 1760/2136/1081 913/1061/1081 911/1059/1081
f 1760/2136/1081 911/1059/1081 1761/2137/1082
f 1761/2137/1082 911/1059/1081 909/1057/1083
f 1761/2137/1082 909/1057/1083 1762/2138/1084
f 1762/2138/1084 909/1057/1083 907/1055/613
f 1762/2138/1084 907/1055/613 1763/2139/1085
f 1763/2139/1085 907/1055/613 904/1052/1086
f 1763/2139/1085 904/1052/1086 1764/2140/1087
f 904/1052/1086 1718/2091/609 1764/2140/1087
f 904/1052/1086 903/1050/609 1718/2091/609
f 815/941/1088 816/942/559 886/1032/1089
f 815/941/1088 886/1032/1089 1765/2141/1090
f 886/1032/1089 1766/2142/1091 1765/2141/1090
f 886/1032/1089 896/1042/1092 1766/2142/1091
f 896/1042/1092 1767/2143/1093 1766/2142/1091
f 896/1042/1092 894/1040/1093 1767/2143/1093
f 894/1040/1093 1768/2144/626 1767/2143/1093
f 894/1040/1093 892/1038/628 1768/2144/626
f 892/1038/628 1769/2145/1094 1768/2144/626
f 892/1038/628 890/1036/1095 1769/2145/1094
f 890/1036/1095 1770/2146/1096 1769/2145/1094
f 890/1036/1095 887/1033/1096 1770/2146/1096
f 887/1033/1096 1771/2147/1097 1770/2146/1096
f 887/1033/1096 916/1064/1097 1771/2147/1097
f 916/1064/1097 1772/2148/1082 1771/2147/1097
f 916/1064/1097 915/1063/1082 1772/2148/1082
f 1772/2148/1082 915/1063/1082 913/1061/1081
f 1772/2148/1082 913/1061/1081 1760/2136/1081
f 1735/2149/705 1773/2150/705 1774/2151/1098
f 1735/2149/705 1774/2151/1098 1734/2152/1098
f 1734/2152/1098 1774/2151/1098 1775/2153/949
f 1734/2152/1098 1775/2153/949 1733/2154/949
f 1733/2154/949 1775/2153/949 1776/2155/18
f 1733/2154/949 1776/2155/18 1732/2156/18
f 1732/2156/18 1776/2155/18 1777/2157/948
f 1732/2156/18 1777/2157/948 1731/2158/948
f 1777/2157/948 1730/2159/1099 1731/2158/948
f 1777/2157/948 1778/2160/1099 1730/2159/1099
f 1778/2160/1099 1729/2131/1100 1730/2159/1099
f 1778/2160/1099 1758/2132/1100 1729/2131/1100
f 942/1098/97 933/2161/97 943/1099/97
f 942/1098/97 931/2162/97 933/2161/97
f 942/1098/97 939/2163/97 931/2162/97
f 939/2163/97 942/1098/97 941/2164/97
f 939/2163/97 941/2164/97 940/2165/960
f 970/2166/456 1779/2167/456 972/2168/456
f 972/2168/456 1779/2167/456 974/2169/456
f 974/2169/456 1779/2167/456 946/2170/456
f 946/2170/456 1779/2167/456 947/2171/456
f 947/2171/456 1779/2167/456 948/2172/456
f 948/2172/456 1779/2167/456 950/2173/456
f 950/2173/456 1779/2167/456 952/2174/456
f 952/2174/456 1779/2167/456 955/2175/456
f 955/2175/456 1779/2167/456 956/2176/456
f 956/2176/456 1779/2167/456 958/2177/456
f 958/2177/456 1779/2167/456 960/2178/456
f 960/2178/456 1779/2167/456 962/2179/456
f 962/2179/456 1779/2167/456 964/2180/456
f 964/2180/456 1779/2167/456 966/2181/456
f 966/2181/456 1779/2167/456 968/2182/456
f 968/2182/456 1779/2167/456 970/2166/456
f 1780/2183/448 1737/2184/448 1781/2185/448
f 1780/2183/448 1736/2186/448 1737/2184/448
f 1773/2150/448 1736/2186/448 1780/2183/448
f 1773/2150/448 1735/2149/448 1736/2186/448
f 1782/2187/208 1014/2188/208 1783/2189/208
f 1782/2187/208 1007/2190/208 1014/2188/208
f 1782/2187/208 1784/2191/208 1007/2190/208
f 1738/2192/944 1781/2185/932 1737/2184/932
f 1738/2192/944 1785/2193/944 1781/2185/932
f 1786/2194/463 1785/2193/944 1738/2192/944
f 1786/2194/463 1738/2192/944 1739/2195/463
f 1740/2196/97 1786/2194/463 1739/2195/463
f 1740/2196/97 1787/2197/97 1786/2194/463
f 1741/2198/464 1787/2197/97 1740/2196/97
f 1741/2198/464 1788/2199/464 1787/2197/97
f 1742/2200/945 1788/2199/464 1741/2198/464
f 1742/2200/945 1789/2201/945 1788/2199/464
f 1759/2202/941 1789/2201/945 1742/2200/945
f 1759/2202/941 1742/2200/945 1743/2203/941
f 1019/2204/1101 1014/1228/1102 1035/1216/1102
f 1019/2204/1101 1783/2205/1101 1014/1228/1102
f 1020/2206/941 1783/2205/1101 1019/2204/1101
f 1020/2206/941 1782/2207/941 1783/2205/1101
f 1021/2208/1103 1782/2207/941 1020/2206/941
f 1021/2208/1103 1784/2209/1104 1782/2207/941
f 1022/1230/1105 1784/2209/1104 1021/2208/1103
f 1022/1230/1105 1007/1232/1105 1784/2209/1104
f 1790/2210/208 1011/2211/208 1791/2212/208
f 1790/2210/208 1013/2213/208 1011/2211/208
f 1790/2210/208 1792/2214/208 1013/2213/208
f 1619/2215/154 1621/2216/154 1757/2217/154
f 1622/2218/154 1757/2217/154 1621/2216/154
f 1622/2218/154 1759/2219/154 1757/2217/154
f 1759/2219/154 1622/2218/154 1623/2220/154
f 1623/2220/154 1789/2221/154 1759/2219/154
f 1623/2220/154 1624/2222/154 1789/2221/154
f 1789/2221/154 1624/2222/154 1625/2223/154
f 1789/2221/154 1625/2223/154 1788/2224/154
f 1788/2224/154 1625/2223/154 1626/2225/154
f 1788/2224/154 1626/2225/154 1787/2226/154
f 1626/2225/154 1786/2227/154 1787/2226/154
f 1626/2225/154 1627/2228/154 1786/2227/154
f 1627/2228/154 1785/2229/154 1786/2227/154
f 1627/2228/154 1628/2230/154 1785/2229/154
f 1785/2229/154 1628/2230/154 1629/2231/154
f 1785/2229/154 1629/2231/154 1781/2232/154
f 1781/2232/154 1629/2231/154 1630/2233/154
f 1630/2233/154 1780/2234/154 1781/2232/154
f 1630/2233/154 1631/2235/154 1780/2234/154
f 1632/2236/154 1780/2234/154 1631/2235/154
f 1632/2236/154 1773/2237/154 1780/2234/154
f 1773/2237/154 1632/2236/154 1793/2238/154
f 1793/2238/154 1774/2239/154 1773/2237/154
f 1793/2238/154 1634/2240/154 1774/2239/154
f 1774/2239/154 1634/2240/154 1635/2241/154
f 1774/2239/154 1635/2241/154 1775/2242/154
f 1775/2242/154 1635/2241/154 1636/2243/154
f 1775/2242/154 1636/2243/154 1776/2244/154
f 1636/2243/154 1777/2245/154 1776/2244/154
f 1636/2243/154 1637/2246/154 1777/2245/154
f 1637/2246/154 1778/2247/154 1777/2245/154
f 1637/2246/154 1638/2248/154 1778/2247/154
f 1778/2247/154 1638/2248/154 1620/2249/154
f 1778/2247/154 1620/2249/154 1758/2250/154
f 1758/2250/154 1620/2249/154 1619/2215/154
f 1619/2215/154 1757/2217/154 1758/2250/154
f 1794/2251/1099 1580/1875/1100 1595/1876/1100
f 1794/2251/1099 1578/2252/1099 1580/1875/1100
f 1795/2253/948 1578/2252/1099 1794/2251/1099
f 1795/2253/948 1576/2254/948 1578/2252/1099
f 1795/2253/948 1575/2255/18 1576/2254/948
f 1795/2253/948 1796/2256/18 1575/2255/18
f 1796/2256/18 1573/2257/949 1575/2255/18
f 1796/2256/18 1797/2258/949 1573/2257/949
f 1797/2258/949 1571/2259/1098 1573/2257/949
f 1797/2258/949 1798/2260/1098 1571/2259/1098
f 1798/2260/1098 1568/1931/705 1571/2259/1098
f 1798/2260/1098 1597/1930/705 1568/1931/705
f 1028/2261/1106 1011/1224/1107 1027/1226/1107
f 1028/2261/1106 1791/2262/1106 1011/1224/1107
f 1030/2263/1100 1791/2262/1106 1028/2261/1106
f 1030/2263/1100 1790/2264/1100 1791/2262/1106
f 1792/2265/1108 1790/2264/1100 1030/2263/1100
f 1792/2265/1108 1030/2263/1100 1033/2266/1108
f 1034/1215/1109 1792/2265/1108 1033/2266/1108
f 1034/1215/1109 1013/1227/1109 1792/2265/1108
f 1799/2267/1110 1016/1188/1111 1015/1187/1111
f 1799/2267/1110 1029/2268/1112 1016/1188/1111
f 1800/2269/932 1029/2268/1112 1799/2267/1110
f 1800/2269/932 1031/2270/932 1029/2268/1112
f 1801/2271/1113 1031/2270/932 1800/2269/932
f 1801/2271/1113 1032/2272/1113 1031/2270/932
f 1018/1190/1114 1032/2272/1113 1801/2271/1113
f 1018/1190/1114 1017/1189/1114 1032/2272/1113
f 1147/1363/448 1129/2273/448 1131/1364/448
f 1147/1363/448 1802/2274/448 1129/2273/448
f 1149/1366/448 1802/2274/448 1147/1363/448
f 1149/1366/448 1803/2275/448 1802/2274/448
f 1127/2276/448 1803/2275/448 1149/1366/448
f 1127/2276/448 1149/1366/448 1125/1369/448
f 1804/2076/1115 1581/2082/1116 1579/2083/1117
f 1804/2076/1115 1582/2081/1118 1581/2082/1116
f 1804/2076/1115 1583/2080/1119 1582/2081/1118
f 1804/2076/1115 1548/2079/1120 1583/2080/1119
f 1804/2076/1115 1551/2078/1121 1548/2079/1120
f 1804/2076/1115 1552/2077/1122 1551/2078/1121
f 1804/2076/1115 1555/2075/1123 1552/2077/1122
f 1804/2061/1115 1557/2074/1124 1555/2075/1123
f 1804/2061/1115 1558/2073/1125 1557/2074/1124
f 1804/2061/1115 1560/2072/1126 1558/2073/1125
f 1804/2061/1115 1563/2071/1127 1560/2072/1126
f 1804/2061/1115 1564/2070/1128 1563/2071/1127
f 1804/2061/1115 1566/2069/1129 1564/2070/1128
f 1804/2061/1115 1567/2068/1130 1566/2069/1129
f 1804/2061/1115 1569/2067/1131 1567/2068/1130
f 1804/2061/1115 1570/2066/1132 1569/2067/1131
f 1804/2061/1115 1572/2065/1133 1570/2066/1132
f 1804/2061/1115 1574/2064/1134 1572/2065/1133
f 1804/2061/1115 1577/2062/1135 1574/2064/1134
f 1804/2061/1115 1579/2063/1117 1577/2062/1135
f 1805/2277/456 1806/1930/456 1807/1931/456
f 1805/2277/456 1808/1928/456 1806/1930/456
f 1809/1916/456 1808/1928/456 1805/2277/456
f 1809/1916/456 1810/1914/456 1808/1928/456
f 1811/2260/1099 1807/1931/1100 1806/1930/1100
f 1811/2260/1099 1812/2259/1099 1807/1931/1100
f 1813/2258/948 1812/2259/1099 1811/2260/1099
f 1813/2258/948 1814/2257/948 1812/2259/1099
f 1815/2256/18 1814/2257/948 1813/2258/948
f 1815/2256/18 1816/2255/18 1814/2257/948
f 1817/2254/949 1816/2255/18 1815/2256/18
f 1817/2254/949 1815/2256/18 1818/2253/949
f 1819/2251/1098 1817/2254/949 1818/2253/949
f 1819/2251/1098 1820/2252/1098 1817/2254/949
f 1547/1876/705 1820/2252/1098 1819/2251/1098
f 1547/1876/705 1546/1875/705 1820/2252/1098
f 1821/1925/944 1544/1926/932 1543/2278/932
f 1821/1925/944 1822/1924/944 1544/1926/932
f 1823/1922/463 1822/1924/944 1821/1925/944
f 1823/1922/463 1821/1925/944 1824/1923/463
f 1825/1921/97 1823/1922/463 1824/1923/463
f 1825/1921/97 1826/2279/97 1823/1922/463
f 1827/1919/464 1826/2279/97 1825/1921/97
f 1827/1919/464 1828/1918/464 1826/2279/97
f 1829/1917/945 1828/1918/464 1827/1919/464
f 1829/1917/945 1830/1915/945 1828/1918/464
f 1809/1916/941 1830/1915/945 1829/1917/945
f 1809/1916/941 1829/1917/945 1810/1914/941
f 1115/1339/448 1831/2280/448 1113/2281/448
f 1130/2282/448 1132/2283/448 1831/2280/448
f 1130/2282/448 1831/2280/448 1144/1360/448
f 1115/1339/448 1144/1360/448 1831/2280/448
f 1115/1339/448 1124/1338/448 1144/1360/448
f 1698/1894/154 1699/1893/154 1805/1892/154
f 1700/1891/154 1805/1892/154 1699/1893/154
f 1700/1891/154 1809/1889/154 1805/1892/154
f 1809/1889/154 1700/1891/154 1701/1890/154
f 1809/1889/154 1701/1890/154 1702/1887/154
f 1809/1889/154 1702/1887/154 1830/1888/154
f 1702/1887/154 1828/1886/154 1830/1888/154
f 1702/1887/154 1703/1885/154 1828/1886/154
f 1703/1885/154 1826/1883/154 1828/1886/154
f 1703/1885/154 1704/1884/154 1826/1883/154
f 1826/1883/154 1704/1884/154 1705/1882/154
f 1826/1883/154 1705/1882/154 1823/1881/154
f 1823/1881/154 1705/1882/154 1706/1879/154
f 1823/1881/154 1706/1879/154 1822/1880/154
f 1706/1879/154 1544/1873/154 1822/1880/154
f 1706/1879/154 1707/1878/154 1544/1873/154
f 1544/1873/154 1707/1878/154 1708/1877/154
f 1708/1877/154 1545/1874/154 1544/1873/154
f 1708/1877/154 1709/1909/154 1545/1874/154
f 1710/1908/154 1545/1874/154 1709/1909/154
f 1710/1908/154 1546/1875/154 1545/1874/154
f 1546/1875/154 1710/1908/154 1711/1907/154
f 1546/1875/154 1711/1907/154 1693/1906/154
f 1546/1875/154 1693/1906/154 1820/1905/154
f 1820/1905/154 1693/1906/154 1692/1904/154
f 1820/1905/154 1692/1904/154 1817/1903/154
f 1817/1903/154 1692/1904/154 1694/1901/154
f 1817/1903/154 1694/1901/154 1816/1902/154
f 1694/1901/154 1814/1900/154 1816/1902/154
f 1694/1901/154 1695/1899/154 1814/1900/154
f 1695/1899/154 1812/1898/154 1814/1900/154
f 1695/1899/154 1696/1897/154 1812/1898/154
f 1696/1897/154 1807/1895/154 1812/1898/154
f 1696/1897/154 1697/1896/154 1807/1895/154
f 1807/1895/154 1697/1896/154 1698/1894/154
f 1698/1894/154 1805/1892/154 1807/1895/154
f 1398/2284/154 1533/2285/154 1431/2286/154
f 1431/2286/154 1533/2285/154 1832/2287/154
f 1431/2286/154 1832/2287/154 1833/2288/154
f 1431/2286/154 1833/2288/154 1429/2289/154
f 1833/2288/154 1530/2290/154 1429/2289/154
f 1429/2289/154 1530/2290/154 1417/2291/154
f 1429/2289/154 1417/2291/154 1426/2292/154
f 1426/2292/154 1417/2291/154 1415/2293/154
f 1426/2292/154 1415/2293/154 1424/2294/154
f 1424/2294/154 1415/2293/154 1413/2295/154
f 1424/2294/154 1413/2295/154 1422/2296/154
f 1422/2296/154 1413/2295/154 1411/2297/154
f 1422/2296/154 1411/2297/154 1419/2298/154
f 1420/2299/154 1419/2298/154 1411/2297/154
f 1420/2299/154 1411/2297/154 1408/1687/154
f 1408/1687/154 1394/2300/154 1420/2299/154
f 1408/1687/154 1407/1686/154 1394/2300/154
f 1394/2300/154 1407/1686/154 1405/2301/154
f 1394/2300/154 1405/2301/154 1397/2302/154
f 1834/2303/154 1397/2302/154 1405/2301/154
f 1834/2303/154 1405/2301/154 1403/2304/154
f 1835/2305/154 1834/2303/154 1403/2304/154
f 1835/2305/154 1403/2304/154 1401/2306/154
f 1523/2307/154 1835/2305/154 1401/2306/154
f 1523/2307/154 1401/2306/154 1398/2284/154
f 1398/2284/154 1431/2286/154 1523/2307/154
f 1400/2308/208 1836/2309/208 1532/2310/208
f 1400/2308/208 1837/2311/208 1836/2309/208
f 1400/2308/208 1416/2312/208 1837/2311/208
f 1410/2313/208 1416/2312/208 1400/2308/208
f 1416/2312/208 1531/2314/208 1837/2311/208
f 1410/2313/208 1400/2308/208 1406/2315/208
f 1121/1333/448 1126/2316/448 1128/2317/448
f 1121/1333/448 1110/2318/448 1126/2316/448
f 1121/1333/448 1111/1335/1136 1110/2318/448
f 35/2319/97 27/2320/97 33/2321/97
f 35/2319/97 16/20/97 27/2320/97
f 35/2319/97 19/23/97 16/20/97
f 35/2319/97 115/2322/97 19/23/97
f 1838/2323/97 1142/1357/97 1139/1354/97
f 1838/2323/97 1839/2324/97 1142/1357/97
f 1136/1351/97 1839/2324/97 1838/2323/97
f 1136/1351/97 1838/2323/97 1137/1352/97
f 28/2325/97 20/24/97 107/2326/97
f 28/2325/97 23/27/97 20/24/97
f 28/2325/97 25/2327/97 23/27/97
f 28/2325/97 30/2328/97 25/2327/97
f 1840/2329/18 1138/2330/18 1135/2331/18
f 1840/2329/18 1841/2332/18 1138/2330/18
f 1141/1356/18 1841/2332/18 1840/2329/18
f 1141/1356/18 1140/1355/18 1841/2332/18
f 10/11/1137 24/28/1138 13/2333/1138
f 10/11/1137 21/25/1137 24/28/1138
f 10/11/1137 22/26/1139 21/25/1137
f 10/11/1137 9/12/1140 22/26/1139
f 1139/2334/456 1842/2335/456 1843/2336/456
f 1139/2334/456 1843/2336/456 1838/2337/456
f 1843/2336/456 1137/2338/456 1838/2337/456
f 1843/2336/456 1844/2339/456 1137/2338/456
f 1845/2340/456 1135/2341/456 1846/2342/456
f 1845/2340/456 1840/2343/456 1135/2341/456
f 1847/2344/456 1840/2343/456 1845/2340/456
f 1847/2344/456 1141/2345/456 1840/2343/456
f 1848/2346/97 1151/2347/97 1849/2348/97
f 1848/2346/97 1125/1340/97 1151/2347/97
f 1848/2346/97 1128/1343/97 1125/1340/97
f 1848/2346/97 1850/2349/97 1128/1343/97
f 1848/2346/97 1851/2350/97 1850/2349/97
f 1852/2351/1141 1853/2352/1142 1854/2353/1142
f 1852/2351/1141 1855/2354/1141 1853/2352/1142
f 1856/2355/18 1855/2354/1141 1852/2351/1141
f 1856/2355/18 1857/2356/18 1855/2354/1141
f 1858/2357/1143 1857/2356/18 1856/2355/18
f 1858/2357/1143 1859/2358/1143 1857/2356/18
f 1860/2359/1144 1859/2358/1143 1858/2357/1143
f 1860/2359/1144 1861/2360/1144 1859/2358/1143
f 1862/2361/18 1145/2362/18 1863/2363/18
f 1862/2361/18 1130/1345/18 1145/2362/18
f 1862/2361/18 1131/1346/18 1130/1345/18
f 1862/2361/18 1146/2364/18 1131/1346/18
f 1862/2361/18 1864/2365/18 1146/2364/18
f 1512/1813/97 1508/2366/97 1505/2367/97
f 1512/1813/97 1505/2367/97 1514/1815/97
f 1505/2367/97 1516/1820/97 1514/1815/97
f 1505/2367/97 1509/1823/97 1516/1820/97
f 1123/2368/154 1144/1360/154 1124/1338/154
f 1123/2368/154 1143/1358/154 1144/1360/154
f 1123/2368/154 1865/2369/154 1143/1358/154
f 1866/2370/154 1865/2369/154 1123/2368/154
f 1866/2370/154 1123/2368/154 1122/2371/154
f 1121/1333/154 1866/2370/154 1122/2371/154
f 1121/1333/154 1850/2372/154 1866/2370/154
f 1121/1333/154 1128/2317/154 1850/2372/154
f 1867/2373/1145 1463/2374/980 1461/2375/978
f 1867/2373/1145 1464/2376/981 1463/2374/980
f 1867/2373/1145 1466/2377/982 1464/2376/981
f 1867/2373/1145 1469/2378/983 1466/2377/982
f 1867/2373/1145 1471/2379/984 1469/2378/983
f 1867/2373/1145 1472/2380/965 1471/2379/984
f 1867/2373/1145 1474/2381/964 1472/2380/965
f 1867/2373/1145 1475/2382/966 1474/2381/964
f 1867/2373/1145 1440/2383/967 1475/2382/966
f 1867/2373/1145 1443/2384/1146 1440/2383/967
f 1867/2373/1145 1445/2385/969 1443/2384/1146
f 1867/2373/1145 1446/2386/1147 1445/2385/969
f 1867/2387/1145 1448/2388/971 1446/2386/1147
f 1867/2387/1145 1451/2389/1148 1448/2388/971
f 1867/2387/1145 1453/2390/1149 1451/2389/1148
f 1867/2387/1145 1454/2391/1150 1453/2390/1149
f 1867/2387/1145 1456/2392/975 1454/2391/1150
f 1867/2387/1145 1458/2393/976 1456/2392/975
f 1867/2387/1145 1459/2394/979 1458/2393/976
f 1867/2387/1145 1461/2395/978 1459/2394/979
f 1868/2396/208 1869/2397/208 1870/2398/208
f 1870/2398/208 1869/2397/208 1871/2399/208
f 1870/2398/208 1871/2399/208 1872/2400/208
f 1870/2398/208 1872/2400/208 1873/2401/208
f 1870/2398/208 1873/2401/208 1874/2402/208
f 1870/2398/208 1874/2402/208 1875/2403/208
f 1870/2398/208 1875/2403/208 1484/2404/208
f 1484/2404/208 1483/2405/208 1870/2398/208
f 1483/2405/208 1482/2406/208 1870/2398/208
f 1870/2398/208 1482/2406/208 1481/2407/208
f 1870/2398/208 1481/2407/208 1480/2408/208
f 1870/2398/208 1480/2408/208 1479/2409/208
f 1870/2398/208 1479/2409/208 1478/2410/208
f 1870/2398/208 1478/2410/208 1477/2411/208
f 1870/2398/208 1477/2411/208 1476/2412/208
f 1476/2412/208 1868/2396/208 1870/2398/208
f 1457/2413/448 1476/2414/448 1455/2415/448
f 1457/2413/448 1868/2416/448 1476/2414/448
f 1457/2413/448 1869/2417/448 1868/2416/448
f 1457/2413/448 1460/2418/448 1869/2417/448
f 1876/2419/1151 1046/2420/710 1045/2421/710
f 1876/2419/1151 1877/2422/1151 1046/2420/710
f 1164/1408/448 1877/2422/1151 1876/2419/1151
f 1164/1408/448 1157/1407/448 1877/2422/1152
f 1878/2423/97 1879/2424/97 1880/2425/97
f 1878/2423/97 1881/2426/97 1879/2424/97
f 1881/2426/97 1878/2423/97 1882/2427/97
f 1881/2426/97 1882/2427/97 1883/2428/97
f 1884/2429/97 1883/2428/97 1882/2427/97
f 1884/2429/97 1885/2430/97 1883/2428/97
f 1884/2429/97 1188/1438/97 1885/2430/97
f 1884/2429/97 1189/1439/97 1188/1438/97
f 1875/2431/1099 1473/1780/1100 1484/1782/1100
f 1875/2431/1099 1470/2432/1099 1473/1780/1100
f 1875/2431/1099 1468/2433/1153 1470/2432/1099
f 1875/2431/1099 1874/2434/948 1468/2433/1153
f 1874/2434/948 1467/2435/18 1468/2433/1153
f 1874/2434/948 1873/2436/18 1467/2435/18
f 1873/2436/18 1465/2437/949 1467/2435/18
f 1873/2436/18 1872/2438/949 1465/2437/949
f 1871/2439/1098 1465/2437/949 1872/2438/949
f 1871/2439/1098 1462/2440/1098 1465/2437/949
f 1871/2439/1098 1460/2418/705 1462/2440/1098
f 1871/2439/1098 1869/2417/705 1460/2418/705
f 1190/1440/97 1192/1442/97 1886/2441/97
f 1190/1440/97 1886/2441/97 1887/2442/97
f 1886/2441/97 1888/2443/97 1887/2442/97
f 1886/2441/97 1889/2444/97 1888/2443/97
f 1888/2443/97 1889/2444/97 1890/2445/97
f 1888/2443/97 1890/2445/97 1891/2446/97
f 1891/2446/97 1890/2445/97 1892/2447/97
f 1891/2446/97 1892/2447/97 1893/2448/97
f 1894/2449/18 1895/2450/18 1896/2451/18
f 1894/2449/18 1896/2451/18 1897/2452/18
f 1898/2453/18 1897/2452/18 1896/2451/18
f 1898/2453/18 1896/2451/18 1899/2454/18
f 1899/2454/18 1900/2455/18 1898/2453/18
f 1899/2454/18 1901/2456/18 1900/2455/18
f 1901/2456/18 1193/1443/18 1900/2455/18
f 1901/2456/18 1191/1441/18 1193/1443/18
f 1412/2457/208 1410/2458/208 1409/2459/208
f 1412/2457/208 1416/2460/208 1410/2458/208
f 1412/2457/208 1414/2461/208 1416/2460/208
f 1343/2462/97 1341/2463/97 1339/1603/97
f 1343/2462/97 1339/1603/97 1345/2464/97
f 1339/1603/97 1336/2465/97 1345/2464/97
f 1339/1603/97 1332/2466/97 1336/2465/97
f 1339/1603/97 1335/1597/97 1332/2466/97
f 1402/2467/208 1400/2468/208 1399/2469/208
f 1402/2467/208 1406/2470/208 1400/2468/208
f 1402/2467/208 1404/2471/208 1406/2470/208
f 1338/1602/18 1334/1598/18 1333/1595/18
f 1338/1602/18 1337/1601/18 1334/1598/18
f 1338/1602/18 1344/2472/18 1337/1601/18
f 1338/1602/18 1342/2473/18 1344/2472/18
f 1338/1602/18 1340/2474/18 1342/2473/18
f 1902/2475/1154 1523/1844/1155 1524/1845/1155
f 1902/2475/1154 1835/2476/1154 1523/1844/1155
f 1834/2477/1100 1835/2476/1154 1902/2475/1154
f 1834/2477/1100 1902/2475/1154 1903/2478/1100
f 1395/2479/928 1834/2477/1100 1903/2478/1100
f 1395/2479/928 1397/2480/929 1834/2477/1100
f 1367/2481/448 1365/2482/448 1904/2483/448
f 1365/2482/448 1363/2484/448 1904/2483/448
f 1363/2484/448 1361/2485/448 1904/2483/448
f 1361/2485/448 1359/2486/448 1904/2483/448
f 1359/2486/448 1357/2487/448 1904/2483/448
f 1357/2487/448 1355/2488/448 1904/2483/448
f 1355/2488/448 1352/2489/448 1904/2483/448
f 1352/2489/448 1351/2490/448 1904/2483/448
f 1351/2490/448 1349/2491/448 1904/2483/448
f 1349/2491/448 1346/2492/448 1904/2483/448
f 1346/2492/448 1377/2493/448 1904/2483/448
f 1377/2493/448 1375/2494/448 1904/2483/448
f 1375/2494/448 1372/2495/448 1904/2483/448
f 1372/2495/448 1371/2496/448 1904/2483/448
f 1371/2496/448 1369/2497/448 1904/2483/448
f 1369/2497/448 1367/2481/448 1904/2483/448
f 5590/7510/1295 5591/7511/941 5592/7512/1295
f 5590/7510/1295 5593/7513/4080 5591/7511/941
f 5593/7513/4080 5594/7514/1291 5591/7511/941
f 5593/7513/4080 5595/7515/1291 5594/7514/1291
f 5595/7515/1291 5596/7516/2031 5594/7514/1291
f 5595/7515/1291 5597/7517/2031 5596/7516/2031
f 5597/7517/2031 5598/7518/97 5596/7516/2031
f 5597/7517/2031 5599/7519/97 5598/7518/97
f 5600/7520/3733 5598/7518/97 5599/7519/97
f 5600/7520/3733 5601/7521/3733 5598/7518/97
f 5600/7520/3733 5602/7522/1706 5601/7521/3733
f 5600/7520/3733 5603/7523/1706 5602/7522/1706
f 5604/7524/18 5605/7525/4081 5606/7526/4081
f 5604/7524/18 5607/7527/18 5605/7525/4081
f 5604/7524/18 5608/7528/4082 5607/7527/18
f 5604/7524/18 5609/7529/4082 5608/7528/4082
f 5610/7530/4083 5608/7528/4082 5609/7529/4082
f 5610/7530/4083 5611/7531/1302 5608/7528/4082
f 5610/7530/4083 5612/7532/4084 5611/7531/1302
f 5610/7530/4083 5613/7533/4084 5612/7532/4084
f 5613/7533/4084 5614/7534/1250 5612/7532/4084
f 5613/7533/4084 5615/7535/1250 5614/7534/1250
f 5615/7535/1250 5616/7536/1297 5614/7534/1250
f 5615/7535/1250 5617/7537/1297 5616/7536/1297
f 5617/7537/1297 5618/7538/3 5616/7536/1297
f 5617/7537/1297 5619/7539/3 5618/7538/3
f 5620/7540/1296 5618/7538/3 5619/7539/3
f 5620/7540/1296 5621/7541/1296 5618/7538/3
f 5620/7540/1296 5592/7512/1295 5621/7541/1296
f 5620/7540/1296 5590/7510/1295 5592/7512/1295
f 5622/7542/4085 5602/7543/1706 5603/7544/1706
f 5622/7542/4085 5623/7545/4086 5602/7543/1706
f 5622/7542/4085 5624/7546/1630 5623/7545/4086
f 5622/7542/4085 5625/7547/1630 5624/7546/1630
f 5625/7547/1630 5626/7548/1262 5624/7546/1630
f 5625/7547/1630 5627/7549/1262 5626/7548/1262
f 5627/7549/1262 5628/7550/1318 5626/7548/1262
f 5627/7549/1262 5629/7551/1318 5628/7550/1318
f 5629/7551/1318 5630/7552/4087 5628/7550/1318
f 5629/7551/1318 5631/7553/1702 5630/7552/4087
f 5632/7554/1167 5630/7552/4087 5631/7553/1702
f 5632/7554/1167 5633/7555/1167 5630/7552/4087
f 5632/7554/1167 5634/7556/4088 5633/7555/1167
f 5632/7554/1167 5635/7557/1700 5634/7556/4088
f 5635/7557/1700 5636/7558/3741 5634/7556/4088
f 5635/7557/1700 5637/7559/4089 5636/7558/3741
f 5606/7526/4081 5636/7558/3741 5637/7559/4089
f 5606/7526/4081 5605/7525/4081 5636/7558/3741
f 5638/7560/4090 5632/7561/2441 5631/7562/4091
f 5638/7560/4090 5635/7563/4092 5632/7561/2441
f 5638/7560/4090 5639/7564/4092 5635/7563/4092
f 5639/7564/4092 5637/7565/4093 5635/7563/4092
f 5639/7564/4092 5640/7566/4093 5637/7565/4093
f 5640/7566/4093 5606/7567/1590 5637/7565/4093
f 5640/7566/4093 5641/7568/1590 5606/7567/1590
f 5641/7568/1590 5604/7569/4094 5606/7567/1590
f 5641/7568/1590 5642/7570/4094 5604/7569/4094
f 5642/7570/4094 5609/7571/1569 5604/7569/4094
f 5642/7570/4094 5643/7572/1569 5609/7571/1569
f 5644/7573/4095 5609/7571/1569 5643/7572/1569
f 5645/7574/4096 5646/7575/1568 5597/7576/1568
f 5646/7575/1568 5599/7577/4097 5597/7576/1568
f 5646/7575/1568 5647/7578/4097 5599/7577/4097
f 5648/7579/4098 5599/7577/4097 5647/7578/4097
f 5648/7579/4098 5600/7580/1575 5599/7577/4097
f 5649/7581/4099 5600/7580/1575 5648/7579/4098
f 5649/7581/4099 5603/7582/4099 5600/7580/1575
f 5650/7583/4100 5603/7582/4099 5649/7581/4099
f 5650/7583/4100 5622/7584/4100 5603/7582/4099
f 5651/7585/4101 5622/7584/4100 5650/7583/4100
f 5651/7585/4101 5625/7586/4101 5622/7584/4100
f 5651/7585/4101 5627/7587/4102 5625/7586/4101
f 5651/7585/4101 5652/7588/4102 5627/7587/4102
f 5652/7588/4102 5629/7589/4103 5627/7587/4102
f 5652/7588/4102 5653/7590/4103 5629/7589/4103
f 5653/7590/4103 5631/7562/4091 5629/7589/4103
f 5653/7590/4103 5654/7591/4091 5631/7562/4091
f 5638/7560/4090 5631/7562/4091 5654/7591/4091
f 5644/7573/4095 5610/7592/4095 5609/7571/1569
f 5655/7593/4104 5610/7592/4095 5644/7573/4095
f 5655/7593/4104 5613/7594/4104 5610/7592/4095
f 5655/7593/4104 5615/7595/2196 5613/7594/4104
f 5655/7593/4104 5656/7596/2196 5615/7595/2196
f 5656/7596/2196 5617/7597/4105 5615/7595/2196
f 5656/7596/2196 5657/7598/4105 5617/7597/4105
f 5657/7598/4105 5619/7599/4106 5617/7597/4105
f 5657/7598/4105 5658/7600/4106 5619/7599/4106
f 5659/7601/4107 5619/7599/4106 5658/7600/4106
f 5659/7601/4107 5620/7602/4107 5619/7599/4106
f 5660/7603/4108 5620/7602/4107 5659/7601/4107
f 5660/7603/4108 5590/7604/4108 5620/7602/4107
f 5660/7603/4108 5593/7605/4109 5590/7604/4108
f 5660/7603/4108 5661/7606/4109 5593/7605/4109
f 5661/7606/4109 5595/7607/4096 5593/7605/4109
f 5661/7606/4109 5645/7574/4096 5595/7607/4096
f 5645/7574/4096 5597/7576/1568 5595/7607/4096
f 5644/7573/4110 5643/7572/4111 5662/7608/154
f 5643/7572/4111 5642/7570/2057 5662/7608/154
f 5642/7570/2057 5641/7568/4112 5662/7608/154
f 5641/7568/4112 5640/7566/4113 5662/7608/154
f 5640/7566/4113 5639/7564/4114 5662/7608/154
f 5639/7564/4114 5638/7560/3905 5662/7608/154
f 5638/7560/3905 5654/7591/4115 5662/7608/154
f 5654/7591/4115 5653/7590/4116 5662/7608/154
f 5653/7590/4116 5652/7588/4117 5662/7608/154
f 5652/7588/4117 5651/7585/4118 5662/7608/154
f 5651/7585/4118 5650/7583/4119 5662/7608/154
f 5650/7583/4119 5649/7581/4120 5662/7608/154
f 5649/7581/4120 5648/7579/4121 5662/7608/154
f 5648/7579/4121 5647/7578/2046 5662/7608/154
f 5647/7578/2046 5646/7575/4122 5662/7608/154
f 5646/7575/4122 5645/7574/4123 5662/7608/154
f 5645/7574/4123 5661/7606/4124 5662/7608/154
f 5661/7606/4124 5660/7603/4125 5662/7608/154
f 5660/7603/4125 5659/7601/4126 5662/7608/154
f 5659/7601/4126 5658/7600/4127 5662/7608/154
f 5658/7600/4127 5657/7598/4128 5662/7608/154
f 5657/7598/4128 5656/7596/2246 5662/7608/154
f 5656/7596/2246 5655/7593/4129 5662/7608/154
f 5655/7593/4129 5644/7573/4110 5662/7608/154
usemtl models/npcs/turret/turret_frame01
f 1905/2498/1156 1906/2499/1156 1907/2500/1156
f 1908/2501/154 1909/2502/154 1910/2503/154
f 1908/2501/154 1911/2504/154 1909/2502/154
f 1912/2505/466 1910/2503/1157 1913/2506/1158
f 1912/2505/466 1908/2501/466 1910/2503/1157
f 1914/2507/1159 1915/2508/1159 1916/2509/1159
f 1914/2507/1159 1917/2510/1159 1915/2508/1159
f 1918/2511/3 1917/2512/3 1919/2513/3
f 1918/2511/3 1915/2514/1160 1917/2512/3
f 1920/2515/5 1921/2516/6 1922/2517/6
f 1920/2515/5 1923/2518/6 1921/2516/6
f 1920/2519/1161 1924/2520/1161 1925/2521/1161
f 1920/2519/1161 1922/2522/1161 1924/2520/1161
f 1926/2523/1162 1914/2524/1163 1927/2525/1164
f 1926/2523/1165 1917/2526/1165 1914/2524/1165
f 1924/2527/1166 1928/2528/1166 1929/2529/1166
f 1924/2527/1166 1922/2530/1166 1928/2528/1166
f 1930/2531/154 1931/2532/154 1932/2533/154
f 1930/2531/154 1933/2534/154 1931/2532/154
f 1936/2535/1167 1937/2536/1167 1938/2537/1167
f 1936/2535/1167 1939/2538/1167 1937/2536/1167
f 1939/2538/1167 1940/2539/1167 1937/2536/1167
f 1939/2538/1167 1941/2540/1167 1940/2539/1167
f 1942/2541/97 1943/2542/97 1944/2543/97
f 1942/2541/97 1945/2544/97 1943/2542/97
f 1942/2541/1168 1946/2545/1168 1945/2544/1168
f 1942/2541/1168 1947/2546/1168 1946/2545/1168
f 1947/2547/1169 1948/2548/1169 1949/2549/1169
f 1947/2547/1169 1942/2550/1169 1948/2548/1169
f 1946/2551/1170 1950/2552/1170 1945/2553/1170
f 1946/2551/1170 1951/2554/1170 1950/2552/1170
f 1939/2538/6 1936/2535/6 1943/2555/6
f 1939/2538/6 1943/2555/6 1945/2553/6
f 1945/2553/6 1941/2540/6 1939/2538/6
f 1945/2553/6 1950/2552/6 1941/2540/1171
f 1952/2556/1172 1930/2557/1172 1932/2558/1173
f 1952/2556/1172 1953/2559/1172 1930/2557/1172
f 1935/2560/1174 1954/2561/1174 1955/2562/1174
f 1935/2560/1174 1934/2563/1174 1954/2561/1174
f 1956/2564/1160 1957/2565/1160 1958/2566/1160
f 1956/2564/1160 1959/2567/1160 1957/2565/1160
f 1959/2567/1160 1960/2568/1160 1957/2565/1160
f 1959/2567/1160 1961/2569/1160 1960/2568/1160
f 1962/2570/1175 1963/2571/1175 1964/2572/1175
f 1962/2570/1175 1965/2573/1175 1963/2571/1175
f 1958/2574/97 1966/2575/97 1956/2564/97
f 1958/2574/97 1967/2576/97 1966/2575/97
f 1963/2577/1176 1968/2578/1176 1967/2579/1176
f 1963/2577/1176 1969/2580/1176 1968/2578/1176
f 1957/2565/1176 1967/2579/1176 1958/2566/1177
f 1957/2565/1176 1963/2577/1176 1967/2579/1176
f 1960/2568/1176 1963/2577/1176 1957/2565/1176
f 1960/2568/1176 1964/2581/1176 1963/2577/1176
f 1962/2570/18 1960/2582/18 1961/2569/18
f 1962/2570/18 1964/2583/18 1960/2582/18
f 1970/2584/1178 1971/2585/1176 1972/2586/18
f 1970/2584/1178 1972/2586/18 1973/2587/18
f 1970/2584/1178 1973/2587/18 1974/2588/18
f 1970/2584/1178 1974/2588/18 1975/2589/1179
f 1974/2588/18 1976/2590/1180 1975/2589/1179
f 1974/2588/18 1977/2591/18 1976/2590/1180
f 1978/2592/1181 1976/2590/1180 1977/2591/18
f 1978/2592/1181 1977/2591/18 1979/2593/18
f 1980/2594/18 1978/2592/1181 1979/2593/18
f 1981/2595/154 1980/2594/18 1979/2593/18
f 1981/2595/154 1979/2593/18 1982/2596/1182
f 1981/2595/154 1982/2596/1182 1983/2597/97
f 1983/2597/97 1982/2596/1182 1984/2598/1183
f 1983/2597/97 1984/2598/1183 1985/2599/97
f 1986/2600/97 1985/2599/97 1984/2598/1183
f 1976/2601/1180 1985/2599/97 1986/2600/97
f 1976/2601/1180 1986/2600/97 1975/2602/1179
f 1970/2603/1178 1975/2602/1179 1986/2600/97
f 1970/2603/1178 1986/2600/97 1987/2604/97
f 1988/2605/1184 1987/2604/97 1986/2600/97
f 1988/2605/1184 1989/2606/1185 1987/2604/97
f 1986/2600/97 1984/2598/1183 1988/2605/1184
f 1979/2593/18 1984/2598/1183 1982/2596/1182
f 1980/2594/18 1990/2607/4 1978/2592/1181
f 1981/2595/154 1983/2597/97 1991/2608/97
f 1978/2609/1181 1991/2608/97 1983/2597/97
f 1978/2609/1181 1983/2597/97 1985/2599/97
f 1978/2609/1181 1985/2599/97 1976/2601/1180
f 1978/2609/1181 1990/2610/4 1991/2608/97
f 1979/2593/18 1977/2591/18 1984/2598/1183
f 1984/2598/1183 1977/2591/18 1974/2588/18
f 1984/2598/1183 1974/2588/18 1988/2605/1184
f 1973/2587/18 1988/2605/1184 1974/2588/18
f 1973/2587/18 1989/2606/1185 1988/2605/1184
f 1973/2587/18 1992/2611/1186 1989/2606/1185
f 1992/2611/1186 1987/2604/97 1989/2606/1185
f 1992/2611/1186 1993/2612/97 1987/2604/97
f 1970/2603/1178 1987/2604/97 1993/2612/97
f 1970/2603/1178 1993/2612/97 1971/2613/1176
f 1994/2614/154 1971/2613/1176 1993/2612/97
f 1994/2614/154 1993/2612/97 1995/2615/97
f 1995/2615/97 1993/2612/97 1992/2611/1186
f 1995/2615/97 1992/2611/1186 1996/2616/4
f 1997/2617/18 1996/2616/4 1992/2611/1186
f 1997/2617/18 1992/2611/1186 1972/2586/18
f 1994/2618/154 1997/2617/18 1972/2586/18
f 1994/2618/154 1972/2586/18 1971/2585/1176
f 1973/2587/18 1972/2586/18 1992/2611/1186
f 1998/2619/1187 1999/2620/1188 2000/2621/1189
f 2001/2622/1190 1998/2619/1187 2002/2623/1191
f 2001/2622/1190 2003/2624/1192 1998/2619/1187
f 2003/2624/1192 1999/2620/1188 1998/2619/1187
f 2003/2624/1192 2004/2625/1193 1999/2620/1188
f 1999/2620/1188 2004/2625/1193 2005/2626/1193
f 1999/2620/1188 2005/2626/1193 2006/2627/1194
f 2006/2627/1194 2005/2626/1193 2007/2628/1192
f 2006/2627/1194 2007/2628/1192 2008/2629/1195
f 2007/2628/1192 2009/2630/1191 2008/2629/1195
f 2010/2631/1196 2008/2629/1195 2009/2630/1191
f 2010/2631/1196 2009/2630/1191 2011/2632/1197
f 2012/2633/1198 2010/2631/1196 2011/2632/1197
f 2012/2633/1198 2011/2632/1197 2013/2634/1198
f 2014/2635/1199 2012/2633/1198 2013/2634/1198
f 2014/2635/1199 2013/2634/1198 2015/2636/1200
f 2016/2637/1201 2014/2635/1199 2015/2636/1200
f 2016/2637/1201 2015/2636/1200 2017/2638/1202
f 2016/2637/1201 2017/2638/1202 2018/2639/1203
f 2019/2640/1204 2016/2637/1201 2020/2641/1205
f 2019/2640/1204 2014/2635/1199 2016/2637/1201
f 2021/2642/1198 2014/2635/1199 2019/2640/1204
f 2021/2642/1198 2012/2633/1198 2014/2635/1199
f 2022/2643/1206 2012/2633/1198 2021/2642/1198
f 2022/2643/1206 2010/2631/1196 2012/2633/1198
f 2016/2637/1201 2018/2639/1203 2023/2644/1207
f 2024/2645/1208 2016/2637/1201 2023/2644/1207
f 2024/2645/1208 2020/2641/1205 2016/2637/1201
f 2025/2646/1209 2020/2641/1205 2024/2645/1208
f 2025/2646/1209 2026/2647/1210 2020/2641/1205
f 2027/2648/1204 2020/2641/1205 2026/2647/1210
f 2027/2648/1204 2019/2640/1204 2020/2641/1205
f 2028/2649/1198 2019/2640/1204 2027/2648/1204
f 2028/2649/1198 2021/2642/1198 2019/2640/1204
f 2000/2621/1189 2021/2642/1198 2028/2649/1198
f 2000/2621/1189 2022/2643/1206 2021/2642/1198
f 1999/2620/1188 2022/2643/1206 2000/2621/1189
f 1999/2620/1188 2006/2627/1194 2022/2643/1206
f 2006/2627/1194 2010/2631/1196 2022/2643/1206
f 2006/2627/1194 2008/2629/1195 2010/2631/1196
f 2029/2650/1211 2024/2645/1208 2030/2651/1211
f 2029/2650/1211 2025/2646/1209 2024/2645/1208
f 2031/2652/1207 2025/2646/1209 2029/2650/1211
f 2031/2652/1207 2026/2647/1210 2025/2646/1209
f 2031/2652/1207 2032/2653/1212 2026/2647/1210
f 2032/2653/1212 2027/2648/1204 2026/2647/1210
f 2032/2653/1212 2033/2654/1213 2027/2648/1204
f 2033/2654/1213 2028/2649/1198 2027/2648/1204
f 2033/2654/1213 2034/2655/1198 2028/2649/1198
f 2034/2655/1198 2000/2621/1189 2028/2649/1198
f 2034/2655/1198 2035/2656/1196 2000/2621/1189
f 2036/2657/1198 2035/2656/1196 2034/2655/1198
f 2036/2657/1198 2037/2658/1197 2035/2656/1196
f 2038/2659/1198 2037/2658/1197 2036/2657/1198
f 2038/2659/1198 2039/2660/1214 2037/2658/1197
f 2031/2652/1207 2029/2650/1211 2040/2661/1211
f 2041/2662/1215 2042/2663/1211 2043/2664/1211
f 2041/2662/1215 2044/2665/1203 2042/2663/1211
f 2044/2665/1203 2040/2661/1211 2042/2663/1211
f 2044/2665/1203 2031/2652/1207 2040/2661/1211
f 2045/2666/1202 2031/2652/1207 2044/2665/1203
f 2045/2666/1202 2032/2653/1212 2031/2652/1207
f 2045/2666/1202 2033/2654/1213 2032/2653/1212
f 2045/2666/1202 2046/2667/1200 2033/2654/1213
f 2046/2667/1200 2034/2655/1198 2033/2654/1213
f 2046/2667/1200 2036/2657/1198 2034/2655/1198
f 2047/2668/1216 2044/2665/1203 2041/2662/1215
f 2047/2668/1216 2045/2666/1202 2044/2665/1203
f 2047/2668/1216 2046/2667/1200 2045/2666/1202
f 2047/2668/1216 2048/2669/1217 2046/2667/1200
f 2048/2669/1217 2036/2657/1198 2046/2667/1200
f 2048/2669/1217 2038/2659/1198 2036/2657/1198
f 1998/2619/1187 2000/2621/1189 2035/2656/1196
f 2037/2658/1197 1998/2619/1187 2035/2656/1196
f 2037/2658/1197 2002/2623/1191 1998/2619/1187
f 2039/2660/1214 2002/2623/1191 2037/2658/1197
f 2039/2660/1214 2049/2670/1218 2002/2623/1191
f 2050/2671/1219 2002/2623/1191 2049/2670/1218
f 2050/2671/1219 2001/2622/1190 2002/2623/1191
f 2043/2672/1211 2001/2622/1190 2050/2671/1219
f 2043/2672/1211 2042/2673/1211 2001/2622/1190
f 2042/2673/1211 2003/2624/1192 2001/2622/1190
f 2042/2673/1211 2040/2674/1211 2003/2624/1192
f 2040/2674/1211 2004/2625/1193 2003/2624/1192
f 2040/2674/1211 2029/2675/1211 2004/2625/1193
f 2004/2625/1193 2029/2675/1211 2030/2676/1211
f 2004/2625/1193 2030/2676/1211 2005/2626/1193
f 2005/2626/1193 2030/2676/1211 2051/2677/1211
f 2005/2626/1193 2051/2677/1211 2007/2628/1192
f 2051/2677/1211 2052/2678/1190 2007/2628/1192
f 2052/2678/1190 2053/2679/1219 2054/2680/1220
f 2055/2681/1211 2053/2679/1219 2052/2678/1190
f 2051/2677/1211 2055/2681/1211 2052/2678/1190
f 2055/2681/1211 2056/2682/1221 2053/2679/1219
f 2007/2628/1192 2052/2678/1190 2009/2630/1191
f 2052/2678/1190 2054/2680/1220 2009/2630/1191
f 2011/2632/1197 2009/2630/1191 2054/2680/1220
f 2011/2632/1197 2054/2680/1220 2057/2683/1214
f 2013/2634/1198 2011/2632/1197 2057/2683/1214
f 2013/2634/1198 2057/2683/1214 2058/2684/1198
f 2015/2636/1200 2013/2634/1198 2058/2684/1198
f 2015/2636/1200 2058/2684/1198 2059/2685/1217
f 2017/2638/1202 2015/2636/1200 2059/2685/1217
f 2017/2638/1202 2059/2685/1217 2060/2686/1222
f 2017/2638/1202 2060/2686/1222 2061/2687/1215
f 2017/2638/1202 2061/2687/1215 2018/2639/1203
f 2018/2639/1203 2061/2687/1215 2056/2688/1221
f 2018/2639/1203 2056/2688/1221 2055/2689/1211
f 2023/2644/1207 2018/2639/1203 2055/2689/1211
f 2023/2644/1207 2055/2689/1211 2051/2690/1211
f 2030/2651/1211 2023/2644/1207 2051/2690/1211
f 2030/2651/1211 2024/2645/1208 2023/2644/1207
f 2062/2691/1223 2063/2692/1224 2064/2693/1225
f 2062/2691/1223 2064/2693/1225 2065/2694/1226
f 2063/2692/1224 2066/2695/154 2067/2696/1227
f 2063/2692/1224 2067/2696/1227 2064/2693/1225
f 2068/2697/1228 2064/2693/1225 2067/2696/1227
f 2068/2697/1228 2069/2698/1229 2064/2693/1225
f 2065/2694/1226 2064/2693/1225 2069/2698/1229
f 2065/2694/1226 2069/2698/1229 2070/2699/1230
f 2071/2700/1231 2068/2697/1228 2072/2701/1232
f 2071/2700/1231 2069/2698/1229 2068/2697/1228
f 2071/2700/1231 2073/2702/1233 2069/2698/1229
f 2074/2703/1234 2069/2698/1229 2073/2702/1233
f 2074/2703/1234 2070/2699/1230 2069/2698/1229
f 2074/2703/1234 2075/2704/1235 2070/2699/1230
f 2065/2694/1226 2070/2699/1230 2075/2704/1235
f 2065/2694/1226 2075/2704/1235 2076/2705/1140
f 2076/2705/1140 2062/2691/1223 2065/2694/1226
f 2076/2705/1140 2077/2706/1236 2062/2691/1223
f 2074/2703/1234 2078/2707/1237 2075/2704/1235
f 2079/2708/1238 2080/2709/1239 2081/2710/1240
f 2079/2708/1238 2082/2711/1241 2080/2709/1239
f 2083/2712/1242 2082/2711/1241 2079/2708/1238
f 2083/2712/1242 2084/2713/1243 2082/2711/1241
f 2085/2714/1244 2084/2713/1243 2083/2712/1242
f 2085/2714/1244 2086/2715/1245 2084/2713/1243
f 2087/2716/1246 2086/2715/1245 2085/2714/1244
f 2087/2716/1246 2088/2717/1247 2086/2715/1245
f 2089/2718/1248 2088/2717/1247 2087/2716/1246
f 2089/2718/1248 2090/2719/1249 2088/2717/1247
f 1913/2720/1158 2090/2719/1249 2089/2718/1248
f 1913/2720/1158 1910/2721/1157 2090/2719/1249
f 2091/2722/1250 2092/2723/1250 2093/2724/1250
f 2091/2722/1250 2094/2725/1250 2092/2723/1250
f 2094/2725/1250 2091/2722/1250 2095/2726/1250
f 2094/2725/1250 2095/2726/1250 2096/2727/1250
f 1942/2550/3 2096/2727/3 1948/2548/3
f 1942/2550/3 2094/2725/3 2096/2727/3
f 2094/2725/3 1942/2550/3 1944/2728/3
f 2094/2725/3 1944/2728/3 2092/2723/3
f 1936/2729/1251 1944/2543/1251 1943/2542/1251
f 1936/2729/1251 2092/2730/1251 1944/2543/1251
f 1938/2731/1251 2092/2730/1251 1936/2729/1251
f 1938/2731/1251 2093/2732/1252 2092/2730/1251
f 1937/2536/18 2093/2724/18 1938/2537/18
f 1937/2536/18 2091/2722/18 2093/2724/18
f 1940/2539/18 2091/2722/18 1937/2536/18
f 1940/2539/18 2095/2726/18 2091/2722/18
f 2097/2733/1253 2098/2734/1254 2099/2735/1254
f 2100/2736/1255 2099/2735/1254 2098/2734/1254
f 2100/2736/1255 2101/2737/1254 2099/2735/1254
f 2100/2736/1255 2102/2738/1256 2101/2737/1254
f 2100/2736/1255 2098/2734/1254 2103/2739/1257
f 2104/2740/1258 2105/2741/1259 2097/2733/1253
f 2104/2740/1258 2097/2733/1253 2106/2742/1260
f 2097/2733/1253 2099/2735/1254 2106/2742/1260
f 2099/2735/1254 2107/2743/1261 2106/2742/1260
f 2099/2735/1254 2101/2737/1254 2107/2743/1261
f 2101/2737/1254 2108/2744/154 2107/2743/1261
f 2101/2737/1254 2109/2745/1262 2108/2744/154
f 2102/2738/1256 2109/2745/1262 2101/2737/1254
f 2102/2738/1256 2110/2746/1186 2109/2745/1262
f 2104/2740/1258 2106/2742/1260 2107/2743/1261
f 2104/2740/1258 2107/2743/1261 2111/2747/1263
f 2111/2747/1263 2107/2743/1261 2108/2744/154
f 2111/2747/1263 2108/2744/154 2112/2748/1264
f 1932/2558/1265 2113/2749/1265 1952/2556/1265
f 2114/2750/5 2115/2751/6 2116/2752/6
f 2114/2750/5 2117/2753/6 2115/2751/6
f 2118/2754/1266 2119/2755/1266 2120/2756/1266
f 2118/2754/1266 2120/2756/1266 2121/2757/1266
f 2121/2757/1266 2122/2758/1266 2118/2754/1266
f 2121/2757/1266 2123/2759/1266 2122/2758/1266
f 2123/2759/1266 2124/2760/1266 2122/2758/1266
f 2123/2759/1266 2125/2761/1266 2124/2760/1266
f 2126/2762/1160 2127/2763/3 2128/2764/3
f 2126/2762/1160 2129/2765/3 2127/2763/3
f 2130/2766/6 2131/2767/6 2132/2768/6
f 2124/2769/5 2131/2767/6 2130/2766/6
f 2124/2769/5 2130/2766/6 2133/2770/6
f 2122/2771/6 2124/2769/5 2133/2770/6
f 1953/2559/1267 2134/2772/1268 1930/2557/1269
f 2128/2773/1270 2135/2774/1271 2136/2775/1272
f 2128/2773/1270 2136/2775/1272 2131/2776/97
f 2128/2773/1270 2131/2776/97 2124/2777/97
f 2128/2773/1270 2124/2777/97 2125/2778/97
f 2128/2773/1270 2125/2778/97 2137/2779/97
f 2138/2780/97 2137/2779/97 2125/2778/97
f 2138/2780/97 2139/2781/97 2137/2779/97
f 2138/2780/97 2140/2782/97 2139/2781/97
f 2138/2780/97 2125/2778/97 2141/2783/97
f 2128/2773/1270 2137/2779/97 2126/2784/97
f 2129/2785/97 2142/2786/97 2143/2787/97
f 2129/2785/97 2143/2787/97 2144/2788/97
f 2129/2785/97 2144/2788/97 2127/2789/97
f 2145/2790/97 2127/2789/97 2144/2788/97
f 2145/2790/97 2146/2791/97 2127/2789/97
f 2143/2792/1273 2142/2793/1274 2147/2794/1274
f 2143/2792/1273 2147/2794/1274 2148/2795/1275
f 2148/2795/1275 2144/2796/3 2143/2792/1273
f 2149/2797/1276 2127/2798/1276 2146/2799/1277
f 2149/2797/1276 2146/2799/1278 2150/2800/1278
f 2145/2801/1279 2150/2800/1278 2146/2799/1278
f 2145/2801/1279 2151/2802/1280 2150/2800/1278
f 2151/2802/1280 2145/2801/1279 2144/2796/3
f 2151/2802/1280 2144/2796/3 2152/2803/3
f 2148/2795/1275 2152/2803/3 2144/2796/3
f 2148/2795/1275 2153/2804/1281 2152/2803/3
f 2151/2802/1280 2152/2803/3 2154/2805/1282
f 1934/2806/1283 2155/2807/1284 1954/2808/1285
f 2139/2809/1160 2156/2810/3 2137/2811/3
f 2139/2809/1160 2157/2812/3 2156/2810/3
f 2158/2813/3 2156/2810/3 2157/2812/3
f 2158/2813/3 2159/2814/3 2156/2810/3
f 2160/2815/3 2159/2814/3 2158/2813/3
f 2160/2815/3 2161/2816/3 2159/2814/3
f 2162/2817/1286 1954/2808/1287 2155/2807/1284
f 2163/2818/1288 1955/2819/1289 2164/2820/97
f 2164/2820/97 1955/2819/1289 1954/2808/1287
f 1954/2808/1287 2165/2821/1290 2164/2820/97
f 1954/2808/1287 2162/2817/1286 2165/2821/1290
f 2162/2817/1286 2166/2822/1291 2165/2821/1290
f 2162/2817/1286 2167/2823/1292 2166/2822/1291
f 2168/2824/1293 2166/2822/1291 2167/2823/1292
f 2168/2824/1293 2169/2825/1294 2166/2822/1291
f 2168/2824/1293 2170/2826/1295 2169/2825/1294
f 2168/2824/1293 2171/2827/1295 2170/2826/1295
f 2171/2827/1295 2172/2828/1296 2170/2826/1295
f 2171/2827/1295 2173/2829/1296 2172/2828/1296
f 2173/2829/1296 2174/2830/3 2172/2828/1296
f 2173/2829/1296 2175/2831/1160 2174/2830/3
f 2176/2832/1297 2174/2830/3 2175/2831/1160
f 2176/2832/1297 2177/2833/1297 2174/2830/3
f 2176/2832/1297 2178/2834/1298 2177/2833/1297
f 2176/2832/1297 2179/2835/1298 2178/2834/1298
f 2179/2835/1298 2180/2836/1299 2178/2834/1298
f 2179/2835/1298 2181/2837/1300 2180/2836/1299
f 2182/2838/1301 2180/2836/1299 2181/2837/1300
f 2182/2838/1301 2183/2839/1302 2180/2836/1299
f 2182/2838/1301 2184/2840/1303 2183/2839/1302
f 2182/2838/1301 2185/2841/1304 2184/2840/1303
f 2184/2840/1303 2185/2841/1304 1953/2559/1305
f 2185/2841/1304 2134/2772/1306 1953/2559/1305
f 2184/2840/1303 1953/2559/1305 2186/2842/18
f 2186/2842/18 1953/2559/1305 1952/2556/1307
f 2186/2842/18 1952/2556/1307 2187/2843/1308
f 2188/2844/1309 2187/2843/1308 1952/2556/1307
f 2189/2845/1310 2187/2843/1308 2188/2844/1309
f 2189/2845/1310 2190/2846/1311 2187/2843/1308
f 2188/2844/1309 1952/2556/1307 2113/2749/1312
f 2132/2847/97 2191/2848/97 2192/2849/97
f 2132/2847/97 2192/2849/97 2193/2850/97
f 2193/2850/97 2130/2851/97 2132/2847/97
f 2193/2850/97 2194/2852/97 2130/2851/97
f 2130/2853/1313 2114/2750/1313 2133/2854/1313
f 2130/2853/1313 2117/2753/1313 2114/2750/1313
f 2195/2855/1314 2191/2856/1315 2132/2857/1314
f 2195/2855/1314 2196/2858/1316 2191/2856/1315
f 2196/2858/1316 2192/2859/1317 2191/2856/1315
f 2196/2858/1316 2197/2860/1317 2192/2859/1317
f 2197/2860/1317 2193/2861/1318 2192/2859/1317
f 2197/2860/1317 2198/2862/6 2193/2861/1318
f 2199/2863/1319 2193/2861/1318 2198/2862/6
f 2199/2863/1319 2198/2862/1320 2200/2864/1319
f 2199/2863/1319 2194/2865/1319 2193/2861/1318
f 2197/2860/1317 2201/2866/1321 2198/2862/6
f 2202/2867/154 2203/2868/154 2204/2869/154
f 2202/2867/154 2205/2870/154 2203/2868/154
f 2202/2867/154 2206/2871/154 2205/2870/154
f 2205/2870/154 2206/2871/154 2207/2872/154
f 2207/2872/154 2206/2871/154 2208/2873/1322
f 2206/2871/154 2149/2874/154 2208/2873/1322
f 2206/2871/154 2127/2875/154 2149/2874/154
f 2128/2876/154 2127/2875/154 2206/2871/154
f 2128/2876/154 2206/2871/154 2135/2877/154
f 2136/2878/154 2135/2877/154 2206/2871/154
f 2136/2878/154 2206/2871/154 2202/2867/154
f 2131/2879/154 2136/2878/154 2202/2867/154
f 2131/2879/154 2202/2867/154 2132/2880/154
f 2202/2867/154 2195/2881/154 2132/2880/154
f 2202/2867/154 2209/2882/1322 2195/2881/154
f 2202/2867/154 2204/2869/154 2209/2882/1322
f 2210/2883/1184 2119/2755/1184 2118/2754/1184
f 2210/2883/1184 2211/2884/1184 2119/2755/1184
f 2212/2885/6 2121/2757/6 2120/2756/6
f 2212/2885/6 2213/2886/6 2121/2757/6
f 2213/2886/6 2123/2759/5 2121/2757/6
f 2213/2886/6 2214/2887/6 2123/2759/5
f 2141/2888/6 2123/2759/5 2214/2887/6
f 2141/2888/5 2125/2761/6 2123/2759/5
f 2215/2889/1295 2216/2890/1295 2217/2891/1295
f 2215/2889/1295 2218/2892/1295 2216/2890/1295
f 2217/2893/9 2219/2894/9 2220/2895/9
f 2217/2893/9 2216/2896/9 2219/2894/9
f 2221/2897/97 2215/2889/97 2222/2898/97
f 2221/2897/97 2218/2892/97 2215/2889/97
f 2220/2899/18 2223/2900/18 2224/2901/18
f 2220/2899/18 2219/2902/18 2223/2900/18
f 2225/2903/1323 2226/2904/1323 2227/2905/1323
f 2225/2903/1323 2228/2906/1323 2226/2904/1323
f 2225/2903/1324 2229/2907/1324 2228/2906/1324
f 2225/2903/1324 2230/2908/1324 2229/2907/1324
f 2231/2909/1325 2232/2910/1325 2233/2911/1325
f 2231/2909/1325 2234/2912/1325 2232/2910/1325
f 2235/2913/1326 2236/2914/1326 2237/2915/1326
f 2235/2913/1326 2237/2915/1326 2238/2916/1327
f 2239/2917/1327 2235/2913/1326 2238/2916/1327
f 2239/2917/1327 2240/2918/1327 2235/2913/1326
f 2231/2909/1323 2229/2907/1323 2230/2908/1323
f 2231/2909/1323 2233/2911/1323 2229/2907/1323
f 2239/2917/1328 2234/2912/1328 2240/2918/1328
f 2239/2917/1328 2232/2910/1328 2234/2912/1328
f 2241/2919/1329 2242/2920/1169 2243/2921/1169
f 2241/2919/1329 2244/2922/1330 2242/2920/1169
f 2245/2923/1331 2246/2924/1332 2243/2921/1169
f 2245/2923/1331 2243/2921/1169 2242/2920/1169
f 2247/2925/1333 2245/2923/1331 2242/2920/1169
f 2247/2925/1333 2242/2920/1169 2248/2926/1169
f 2244/2922/1330 2248/2926/1169 2242/2920/1169
f 2244/2922/1330 2249/2927/1334 2248/2926/1169
f 2250/2928/1335 2251/2929/1334 2252/2930/1336
f 2250/2928/1335 2252/2930/1336 2253/2931/1335
f 2253/2931/1335 2254/2932/1333 2250/2928/1335
f 2253/2931/1335 2255/2933/1337 2254/2932/1333
f 2255/2933/1337 2253/2931/1335 2256/2934/1338
f 2255/2933/1337 2256/2934/1338 2257/2935/1339
f 2258/2936/1340 2257/2935/1339 2256/2934/1338
f 2258/2936/1340 2256/2934/1338 2259/2937/1169
f 2258/2936/1340 2259/2937/1169 2260/2938/1169
f 2259/2937/1169 2261/2939/1341 2260/2938/1169
f 2262/2940/1335 2260/2938/1169 2261/2939/1341
f 2262/2940/1335 2261/2939/1341 2263/2941/1342
f 2263/2941/1342 2264/2942/1169 2262/2940/1335
f 2263/2941/1342 2265/2943/1343 2264/2942/1169
f 2241/2919/1329 2264/2942/1169 2265/2943/1343
f 2241/2919/1329 2243/2921/1169 2264/2942/1169
f 2266/2944/1344 2264/2942/1169 2243/2921/1169
f 2266/2944/1344 2243/2921/1169 2246/2924/1332
f 2258/2936/1340 2260/2938/1169 2267/2945/1345
f 2267/2945/1345 2260/2938/1169 2262/2940/1335
f 2267/2945/1345 2262/2940/1335 2268/2946/1223
f 2266/2944/1344 2268/2946/1223 2262/2940/1335
f 2266/2944/1344 2262/2940/1335 2264/2942/1169
f 2259/2937/1169 2269/2947/1346 2261/2939/1341
f 2259/2937/1169 2270/2948/1347 2269/2947/1346
f 2259/2937/1169 2256/2934/1338 2270/2948/1347
f 2253/2931/1335 2270/2948/1347 2256/2934/1338
f 2253/2931/1335 2252/2930/1336 2270/2948/1347
f 1966/2575/1186 1959/2567/4 1956/2564/4
f 1959/2567/4 1962/2570/1186 1961/2569/1186
f 1959/2567/4 1965/2573/4 1962/2570/1186
f 1966/2575/1186 1965/2573/4 1959/2567/4
f 1965/2573/4 1966/2575/1186 2271/2949/1186
f 1965/2573/4 2271/2949/1186 2272/2950/1186
f 2273/2951/1348 2274/2952/1349 2275/2953/154
f 2273/2951/1348 2276/2954/1350 2274/2952/1349
f 2276/2954/1350 2277/2955/1351 2274/2952/1349
f 2276/2954/1350 2278/2956/1352 2277/2955/1351
f 2279/2957/1353 2277/2955/1351 2278/2956/1352
f 2279/2957/1353 2280/2958/1324 2277/2955/1351
f 2281/2959/3 2282/2960/3 2283/2961/1354
f 2284/2962/3 2283/2961/1354 2282/2960/3
f 2284/2962/3 2285/2963/1355 2283/2961/1354
f 2286/2964/1356 2283/2961/1354 2285/2963/1355
f 2286/2964/1356 2287/2965/10 2283/2961/1354
f 2288/2966/1357 2289/2967/3 2290/2968/1160
f 2291/2969/3 2288/2966/1357 2290/2968/1160
f 2291/2969/3 2292/2970/1358 2288/2966/1357
f 2281/2959/3 2292/2970/1358 2291/2969/3
f 2281/2959/3 2293/2971/1359 2292/2970/1358
f 2281/2959/3 2283/2961/1354 2293/2971/1359
f 2294/2972/1356 2293/2971/1359 2283/2961/1354
f 2294/2972/1356 2283/2961/1354 2287/2965/10
f 2295/2973/1360 2294/2972/1356 2287/2965/10
f 2295/2973/1360 2287/2965/10 2296/2974/1361
f 2297/2975/1362 2296/2974/1361 2287/2965/10
f 2297/2975/1362 2287/2965/10 2286/2964/1356
f 2298/2976/18 2297/2975/1362 2286/2964/1356
f 2298/2976/18 2286/2964/1356 2299/2977/10
f 2299/2977/10 2286/2964/1356 2285/2963/1355
f 2299/2977/10 2285/2963/1355 2300/2978/97
f 2301/2979/3 2300/2978/97 2285/2963/1355
f 2301/2979/3 2285/2963/1355 2284/2962/3
f 2284/2962/3 2298/2980/18 2301/2979/3
f 2284/2962/3 2297/2981/1362 2298/2980/18
f 2297/2981/1362 2284/2962/3 2282/2960/3
f 2297/2981/1362 2282/2960/3 2296/2982/1361
f 2295/2983/1360 2296/2982/1361 2282/2960/3
f 2295/2983/1360 2282/2960/3 2281/2959/3
f 2295/2983/1360 2281/2959/3 2291/2969/3
f 2295/2983/1360 2291/2969/3 2302/2984/1363
f 2302/2984/1363 2291/2969/3 2290/2968/1160
f 2302/2984/1363 2290/2968/1160 2303/2985/1364
f 2304/2986/1344 2303/2985/1364 2290/2968/1160
f 2304/2986/1344 2290/2968/1160 2289/2967/3
f 2304/2986/1344 2289/2967/3 2305/2987/3
f 2306/2988/1365 2305/2987/3 2289/2967/3
f 2306/2988/1365 2307/2989/3 2305/2987/3
f 2306/2988/1365 2308/2990/1366 2307/2989/3
f 2308/2990/1366 2309/2991/1160 2307/2989/3
f 2308/2990/1366 2310/2992/97 2309/2991/1160
f 2304/2986/1344 2305/2987/3 2311/2993/1144
f 2312/2994/1367 2311/2993/1144 2305/2987/3
f 2312/2994/1367 2305/2987/3 2307/2989/3
f 2313/2995/18 2312/2994/1367 2307/2989/3
f 2313/2995/18 2307/2989/3 2309/2991/1160
f 2306/2988/1365 2289/2967/3 2314/2996/1368
f 2288/2966/1357 2314/2996/1368 2289/2967/3
f 2315/2997/10 2314/2996/1368 2288/2966/1357
f 2306/2988/1365 2314/2996/1368 2315/2997/10
f 2306/2988/1365 2315/2997/10 2316/2998/1369
f 2306/2988/1365 2316/2998/1369 2317/2999/1356
f 2306/2988/1365 2317/2999/1356 2308/2990/1366
f 2318/3000/1356 2310/2992/97 2308/2990/1366
f 2318/3000/1356 2308/2990/1366 2317/2999/1356
f 2313/3001/18 2318/3000/1356 2317/2999/1356
f 2313/3001/18 2317/2999/1356 2312/3002/1367
f 2316/2998/1369 2312/3002/1367 2317/2999/1356
f 2316/2998/1369 2311/3003/1144 2312/3002/1367
f 2316/2998/1369 2304/3004/1344 2311/3003/1144
f 2316/2998/1369 2315/2997/10 2304/3004/1344
f 2304/3004/1344 2315/2997/10 2319/3005/1356
f 2315/2997/10 2288/2966/1357 2319/3005/1356
f 2320/3006/10 2319/3005/1356 2288/2966/1357
f 2320/3006/10 2288/2966/1357 2292/2970/1358
f 2294/2972/1356 2320/3006/10 2292/2970/1358
f 2294/2972/1356 2292/2970/1358 2293/2971/1359
f 2304/3004/1344 2319/3005/1356 2303/3007/1364
f 2320/3006/10 2303/3007/1364 2319/3005/1356
f 2320/3006/10 2302/3008/1363 2303/3007/1364
f 2295/2973/1360 2302/3008/1363 2320/3006/10
f 2295/2973/1360 2320/3006/10 2294/2972/1356
f 2321/3009/1323 2322/3010/1370 2323/3011/1371
f 2321/3009/1323 2324/3012/1372 2322/3010/1370
f 2277/3013/1351 2324/3012/1372 2321/3009/1323
f 2277/3013/1351 2280/3014/1324 2324/3012/1372
f 2322/3010/1370 2325/3015/1373 2326/3016/1374
f 2322/3010/1370 2326/3016/1374 2323/3011/1371
f 2326/3016/1374 2327/3017/1375 2323/3011/1371
f 2321/3009/1323 2323/3011/1371 2327/3017/1375
f 2321/3009/1323 2327/3017/1375 2328/3018/1376
f 2277/3013/1351 2321/3009/1323 2328/3018/1376
f 2277/3013/1351 2328/3018/1376 2274/3019/1349
f 2329/3020/1377 2275/3021/154 2274/3019/1349
f 2329/3020/1377 2274/3019/1349 2328/3018/1376
f 2330/3022/1378 2329/3020/1377 2328/3018/1376
f 2330/3022/1378 2328/3018/1376 2327/3017/1375
f 2331/3023/1379 2330/3022/1378 2327/3017/1375
f 2326/3016/1374 2331/3023/1379 2327/3017/1375
f 2331/3023/1379 2332/3024/1380 2330/3022/1378
f 2333/3025/1381 2334/3026/4 2335/3027/97
f 2333/3025/1381 2336/3028/97 2337/3029/1180
f 2333/3025/1381 2338/3030/97 2336/3028/97
f 2333/3025/1381 2335/3027/97 2338/3030/97
f 2338/3030/97 2335/3027/97 2339/3031/154
f 2333/3032/1381 2340/3033/18 2334/3034/4
f 2333/3032/1381 2341/3035/18 2340/3033/18
f 2339/3031/154 2340/3033/18 2341/3035/18
f 2339/3031/154 2341/3035/18 2342/3036/1182
f 2338/3030/97 2339/3031/154 2342/3036/1182
f 2338/3030/97 2342/3036/1182 2343/3037/1382
f 2338/3030/97 2343/3037/1382 2336/3028/97
f 2344/3038/97 2336/3028/97 2343/3037/1382
f 2337/3029/1180 2336/3028/97 2344/3038/97
f 2337/3029/1180 2344/3038/97 2345/3039/14
f 2346/3040/1178 2345/3039/14 2344/3038/97
f 2346/3040/1178 2344/3038/97 2347/3041/97
f 2346/3040/1178 2347/3041/97 2348/3042/97
f 2349/3043/4 2348/3042/97 2347/3041/97
f 2349/3043/4 2347/3041/97 2350/3044/1383
f 2351/3045/18 2349/3043/4 2350/3044/1383
f 2351/3045/18 2350/3044/1383 2352/3046/1184
f 2351/3045/18 2352/3046/1184 2353/3047/18
f 2341/3035/18 2343/3037/1382 2342/3036/1182
f 2352/3046/1184 2350/3044/1383 2347/3041/97
f 2352/3046/1184 2347/3041/97 2344/3038/97
f 2344/3038/97 2343/3037/1382 2352/3046/1184
f 2346/3040/1178 2348/3042/97 2354/3048/154
f 2343/3037/1382 2353/3047/18 2352/3046/1184
f 2343/3037/1382 2355/3049/18 2353/3047/18
f 2341/3035/18 2355/3049/18 2343/3037/1382
f 2333/3032/1381 2355/3049/18 2341/3035/18
f 2333/3032/1381 2337/3050/1180 2355/3049/18
f 2353/3047/18 2355/3049/18 2337/3050/1180
f 2353/3047/18 2337/3050/1180 2345/3051/14
f 2346/3052/1178 2353/3047/18 2345/3051/14
f 2346/3052/1178 2351/3045/18 2353/3047/18
f 2346/3052/1178 2356/3053/18 2351/3045/18
f 2351/3045/18 2356/3053/18 2349/3043/4
f 2346/3052/1178 2354/3054/154 2356/3053/18
f 2357/3055/1351 2358/3056/1384 2359/3057/1349
f 2357/3055/1351 2360/3058/1323 2358/3056/1384
f 2361/3059/1385 2362/3060/154 2359/3057/1349
f 2361/3059/1385 2359/3057/1349 2358/3056/1384
f 2363/3061/4 2361/3059/1385 2358/3056/1384
f 2363/3061/4 2358/3056/1384 2364/3062/1386
f 2360/3058/1323 2364/3062/1386 2358/3056/1384
f 2360/3058/1323 2365/3063/1387 2364/3062/1386
f 2360/3058/1323 2366/3064/1328 2365/3063/1387
f 2360/3058/1323 2367/3065/1388 2366/3064/1328
f 2357/3055/1351 2367/3065/1388 2360/3058/1323
f 2357/3055/1351 2368/3066/1389 2367/3065/1388
f 2102/3067/1256 2369/3068/1390 2110/3069/1186
f 2102/3067/1256 2370/3070/1391 2369/3068/1390
f 2100/3071/1255 2370/3070/1391 2102/3067/1256
f 2100/3071/1255 2371/3072/1392 2370/3070/1391
f 2372/3073/1393 2371/3072/1392 2100/3071/1255
f 2372/3073/1393 2100/3071/1255 2103/3074/1257
f 2373/3075/1394 2374/3076/1374 2375/3077/1395
f 2373/3075/1394 2376/3078/1396 2374/3076/1374
f 2373/3075/1394 2377/3079/1397 2376/3078/1396
f 2378/3080/1398 2377/3079/1397 2373/3075/1394
f 2378/3080/1398 2379/3081/1399 2377/3079/1397
f 2378/3080/1398 2380/3082/1400 2379/3081/1399
f 2378/3080/1398 2381/3083/1352 2380/3082/1400
f 2381/3083/1352 2378/3080/1398 2382/3084/1401
f 2381/3083/1352 2382/3084/1401 2383/3085/1402
f 2384/3086/1348 2383/3085/1402 2382/3084/1401
f 2384/3086/1348 2382/3084/1401 2385/3087/1403
f 2386/3088/1404 2385/3087/1403 2382/3084/1401
f 2386/3088/1404 2382/3084/1401 2387/3089/1391
f 2388/3090/1380 2386/3088/1404 2387/3089/1391
f 2388/3090/1380 2387/3089/1391 2375/3077/1395
f 2373/3075/1394 2375/3077/1395 2387/3089/1391
f 2378/3080/1398 2373/3075/1394 2387/3089/1391
f 2378/3080/1398 2387/3089/1391 2382/3084/1401
f 2389/3091/1405 2390/3092/1405 2391/3093/1405
f 2389/3091/1405 2392/3094/1405 2390/3092/1405
f 2393/3095/1406 2394/3096/1406 2395/3097/1406
f 2393/3095/1406 2396/3098/1406 2394/3096/1406
f 2396/3099/1334 2392/3100/1334 2389/3091/1334
f 2396/3099/1334 2393/3101/1334 2392/3100/1334
f 2394/3102/4 2389/3091/4 2391/3093/4
f 2394/3102/4 2396/3099/4 2389/3091/4
f 2390/3103/1333 2394/3102/1333 2391/3093/1333
f 2390/3103/1333 2395/3104/1333 2394/3102/1333
f 2392/3094/154 2395/3097/154 2390/3092/154
f 2392/3094/154 2393/3095/154 2395/3097/154
f 2397/3105/1407 2398/3106/1408 2399/3107/1408
f 2397/3105/1407 2399/3107/1408 2400/3108/1409
f 2401/3109/1410 2397/3105/1407 2400/3108/1409
f 2401/3109/1410 2400/3108/1409 2402/3110/1410
f 2403/3111/1411 2401/3109/1410 2402/3110/1410
f 2403/3111/1411 2402/3110/1410 2404/3112/1412
f 2405/3113/1413 2403/3111/1411 2404/3112/1412
f 2405/3113/1413 2404/3112/1412 2406/3114/1414
f 2407/3115/1415 2405/3113/1413 2406/3114/1414
f 2407/3115/1415 2406/3114/1414 2408/3116/1415
f 2409/3117/1416 2407/3115/1415 2408/3116/1415
f 2409/3117/1416 2408/3116/1415 2410/3118/1417
f 2411/3119/1288 2409/3117/1416 2410/3118/1417
f 2411/3119/1288 2410/3118/1417 2412/3120/1288
f 2413/3121/1418 2411/3119/1288 2412/3120/1288
f 2413/3121/1418 2414/3122/1419 2411/3119/1288
f 2415/3123/1420 2414/3122/1419 2413/3121/1418
f 2415/3123/1420 2416/3124/1421 2414/3122/1419
f 2417/3125/1422 2416/3124/1421 2415/3123/1420
f 2417/3125/1422 2418/3126/1423 2416/3124/1421
f 2419/3127/1424 2418/3126/1423 2417/3125/1422
f 2419/3127/1424 2420/3128/1424 2418/3126/1423
f 2421/3129/1425 2420/3128/1424 2419/3127/1424
f 2421/3129/1425 2419/3127/1424 2422/3130/1425
f 2423/3131/1426 2421/3129/1425 2422/3130/1425
f 2423/3131/1426 2422/3130/1425 2424/3132/1426
f 2425/3133/1427 2423/3131/1426 2424/3132/1426
f 2425/3133/1427 2426/3134/1347 2423/3131/1426
f 2427/3135/154 2426/3134/1347 2425/3133/1427
f 2427/3135/154 2425/3133/1427 2428/3136/154
f 2429/3137/18 2430/3138/18 2431/3139/18
f 2429/3137/18 2432/3140/18 2430/3138/18
f 2433/3141/97 2434/3142/97 2435/3143/97
f 2433/3141/97 2436/3144/97 2434/3142/97
f 2432/3140/154 2436/3145/154 2433/3146/154
f 2432/3140/154 2429/3137/154 2436/3145/154
f 2437/3147/1428 2438/3148/1429 2439/3149/1428
f 2437/3147/1428 2440/3150/1429 2438/3148/1429
f 2440/3150/1429 2441/3151/1430 2438/3148/1429
f 2440/3150/1429 2442/3152/1430 2441/3151/1430
f 2443/3153/1431 2444/3154/1432 2445/3155/1431
f 2443/3153/1431 2446/3156/1432 2444/3154/1432
f 2446/3156/1432 2447/3157/1381 2444/3154/1432
f 2446/3156/1432 2448/3158/1381 2447/3157/1381
f 2448/3158/1381 2449/3159/4 2447/3157/1381
f 2448/3158/1381 2450/3160/4 2449/3159/4
f 2450/3160/4 2451/3161/1433 2449/3159/4
f 2450/3160/4 2452/3162/1434 2451/3161/1433
f 2452/3162/1434 2453/3163/1435 2451/3161/1433
f 2452/3162/1434 2454/3164/1435 2453/3163/1435
f 2454/3164/1435 2455/3165/1266 2453/3163/1435
f 2454/3164/1435 2456/3166/1266 2455/3165/1266
f 2456/3166/1266 2457/3167/1436 2455/3165/1266
f 2456/3166/1266 2458/3168/1436 2457/3167/1436
f 2458/3168/1436 2459/3169/1318 2457/3167/1436
f 2458/3168/1436 2460/3170/1318 2459/3169/1318
f 2460/3170/1318 2439/3149/1428 2459/3169/1318
f 2460/3170/1318 2437/3147/1428 2439/3149/1428
f 2442/3171/1430 2461/3172/1437 2441/3173/1430
f 2442/3171/1430 2462/3174/1437 2461/3172/1437
f 2462/3174/1437 2463/3175/154 2461/3172/1437
f 2462/3174/1437 2464/3176/154 2463/3175/154
f 2464/3176/154 2465/3177/1178 2463/3175/154
f 2464/3176/154 2466/3178/1178 2465/3177/1178
f 2466/3178/1178 2467/3179/1438 2465/3177/1178
f 2466/3178/1178 2468/3180/1438 2467/3179/1438
f 2468/3180/1438 2469/3181/1439 2467/3179/1438
f 2468/3180/1438 2470/3182/1439 2469/3181/1439
f 2470/3182/1439 2471/3183/14 2469/3181/1439
f 2470/3182/1439 2472/3184/14 2471/3183/14
f 2472/3184/14 2473/3185/1160 2471/3183/14
f 2472/3184/14 2474/3186/3 2473/3185/1160
f 2474/3186/3 2475/3187/1180 2473/3185/1160
f 2474/3186/3 2476/3188/1180 2475/3187/1180
f 2476/3188/1180 2445/3155/1431 2475/3187/1180
f 2476/3188/1180 2443/3153/1431 2445/3155/1431
f 2477/3189/1440 2478/3190/1441 2479/3191/1442
f 2477/3189/1440 2480/3192/1443 2478/3190/1441
f 2481/3193/1444 2482/3194/1444 2483/3195/1444
f 2481/3193/1444 2484/3196/1444 2482/3194/1444
f 2485/3197/1445 2486/3198/1445 2487/3199/1445
f 2485/3197/1445 2488/3200/1445 2486/3198/1445
f 2489/3201/229 2490/3202/229 2491/3203/229
f 2489/3201/229 2492/3204/229 2490/3202/229
f 2493/3205/1446 2494/3206/1446 2495/3207/1446
f 2493/3205/1446 2496/3208/1446 2494/3206/1446
f 2497/3209/1447 2498/3210/1448 2499/3211/1447
f 2497/3209/1447 2500/3212/1448 2498/3210/1448
f 2500/3212/1448 2501/3213/208 2498/3210/1448
f 2500/3212/1448 2502/3214/208 2501/3213/208
f 2502/3214/208 2503/3215/1449 2501/3213/208
f 2502/3214/208 2504/3216/1449 2503/3215/1449
f 2504/3217/1449 2505/3218/1450 2503/3219/1449
f 2504/3217/1449 2506/3220/1450 2505/3218/1450
f 2506/3220/1450 2507/3221/18 2505/3218/1450
f 2506/3220/1450 2508/3222/18 2507/3221/18
f 2508/3222/18 2509/3223/1451 2507/3221/18
f 2508/3222/18 2510/3224/1451 2509/3223/1451
f 2510/3224/1451 2511/3225/1452 2509/3223/1451
f 2510/3224/1451 2512/3226/1452 2511/3225/1452
f 2512/3226/1452 2513/3227/154 2511/3225/1452
f 2512/3226/1452 2514/3228/154 2513/3227/154
f 2514/3228/154 2515/3229/1453 2513/3227/154
f 2514/3228/154 2516/3230/1453 2515/3229/1453
f 2516/3230/1453 2517/3231/1454 2515/3229/1453
f 2516/3230/1453 2518/3232/1454 2517/3231/1454
f 2518/3232/1454 2519/3233/97 2517/3231/1454
f 2518/3232/1454 2520/3234/97 2519/3233/97
f 2520/3234/97 2499/3211/1447 2519/3233/97
f 2520/3234/97 2497/3209/1447 2499/3211/1447
f 2521/3235/1455 2522/3236/1455 2523/3237/1455
f 2521/3235/1455 2524/3238/1455 2522/3236/1455
f 2525/3239/222 2523/3237/222 2526/3240/222
f 2525/3239/222 2521/3235/222 2523/3237/222
f 2527/3241/218 2526/3240/218 2528/3242/218
f 2527/3241/218 2525/3239/218 2526/3240/218
f 2529/3243/18 2528/3242/18 2530/3244/18
f 2529/3243/18 2527/3241/18 2528/3242/18
f 2531/3245/1456 2530/3244/1456 2532/3246/1456
f 2531/3245/1456 2529/3243/1456 2530/3244/1456
f 2533/3247/1457 2532/3246/1457 2534/3248/1457
f 2533/3247/1457 2531/3245/1457 2532/3246/1457
f 2535/3249/199 2534/3248/199 2536/3250/199
f 2535/3249/199 2533/3247/199 2534/3248/199
f 2537/3251/185 2536/3250/185 2538/3252/185
f 2537/3251/185 2535/3249/185 2536/3250/185
f 2539/3253/97 2538/3252/97 2540/3254/97
f 2539/3253/97 2537/3251/97 2538/3252/97
f 2524/3255/1458 2540/3254/1458 2522/3256/1458
f 2524/3255/1458 2539/3253/1458 2540/3254/1458
f 2541/3235/1455 2542/3236/1455 2543/3237/1455
f 2541/3235/1455 2544/3238/1455 2542/3236/1455
f 2545/3239/222 2543/3237/222 2546/3240/222
f 2545/3239/222 2541/3235/222 2543/3237/222
f 2547/3241/218 2546/3240/218 2548/3242/218
f 2547/3241/218 2545/3239/218 2546/3240/218
f 2549/3243/18 2548/3242/18 2550/3244/18
f 2549/3243/18 2547/3241/18 2548/3242/18
f 2551/3245/1456 2550/3244/1456 2552/3246/1456
f 2551/3245/1456 2549/3243/1456 2550/3244/1456
f 2553/3247/1457 2552/3246/1457 2554/3248/1457
f 2553/3247/1457 2551/3245/1457 2552/3246/1457
f 2555/3249/199 2554/3248/199 2556/3250/199
f 2555/3249/199 2553/3247/199 2554/3248/199
f 2557/3251/185 2556/3250/185 2558/3252/185
f 2557/3251/185 2555/3249/185 2556/3250/185
f 2559/3253/97 2558/3252/97 2560/3254/97
f 2559/3253/97 2557/3251/97 2558/3252/97
f 2544/3255/1458 2560/3254/1458 2542/3256/1458
f 2544/3255/1458 2559/3253/1458 2560/3254/1458
f 2561/3257/1211 2562/3258/1459 2563/3259/1211
f 2561/3257/1211 2564/3260/1215 2562/3258/1459
f 2565/3261/1460 2562/3258/1459 2564/3260/1215
f 2565/3261/1460 2566/3262/1461 2562/3258/1459
f 2565/3261/1460 2567/3263/1462 2566/3262/1461
f 2565/3261/1460 2568/3264/1462 2567/3263/1462
f 2569/3265/1463 2567/3263/1462 2568/3264/1462
f 2569/3265/1463 2570/3266/1463 2567/3263/1462
f 2569/3265/1463 2571/3267/1464 2570/3266/1463
f 2569/3265/1463 2572/3268/1214 2571/3267/1464
f 2572/3268/1214 2573/3269/1465 2571/3267/1464
f 2572/3268/1214 2574/3270/1465 2573/3269/1465
f 2575/3271/1466 2573/3269/1465 2574/3270/1465
f 2575/3271/1466 2576/3272/1467 2573/3269/1465
f 2575/3271/1466 2563/3273/1211 2576/3272/1467
f 2575/3271/1466 2561/3274/1211 2563/3273/1211
f 2577/3275/208 2578/3276/208 2579/3277/208
f 2577/3275/208 2580/3278/208 2578/3276/208
f 2581/3279/1468 2582/3280/1469 2577/3281/1470
f 2581/3279/1468 2583/3282/1471 2582/3280/1469
f 2584/3283/1472 2582/3280/1469 2583/3282/1471
f 2584/3283/1472 2585/3284/1473 2582/3280/1469
f 2584/3283/1472 2586/3285/1474 2585/3284/1473
f 2584/3283/1472 2587/3286/1475 2586/3285/1474
f 2587/3286/1475 2588/3287/1476 2586/3285/1474
f 2587/3286/1475 2589/3288/1477 2588/3287/1476
f 2589/3288/1477 2590/3289/1478 2588/3287/1476
f 2589/3288/1477 2591/3290/1479 2590/3289/1478
f 2592/3291/1480 2590/3289/1478 2591/3290/1479
f 2592/3291/1480 2593/3292/1481 2590/3289/1478
f 2594/2504/1482 2577/3275/1483 2579/3277/1482
f 2594/2504/1482 2581/2502/1468 2577/3275/1470
f 2595/2721/154 2583/3282/154 2581/3279/154
f 2595/2721/154 2596/2719/154 2583/3282/154
f 2597/2717/154 2583/3282/154 2596/2719/154
f 2597/2717/154 2584/3283/154 2583/3282/154
f 2597/2717/154 2587/3286/1484 2584/3283/154
f 2597/2717/154 2598/2715/208 2587/3286/1484
f 2599/2713/1485 2587/3286/1484 2598/2715/208
f 2599/2713/1485 2589/3288/154 2587/3286/1484
f 2600/2711/154 2589/3288/154 2599/2713/1485
f 2600/2711/154 2591/3290/154 2589/3288/154
f 2600/2711/154 2592/3291/154 2591/3290/154
f 2600/2711/154 2601/2709/154 2592/3291/154
f 2602/2501/154 2581/2502/154 2594/2504/154
f 2602/2501/154 2595/2503/154 2581/2502/154
f 2580/2720/1486 2596/2719/1487 2595/2721/1488
f 2580/2720/1486 2603/2718/1489 2596/2719/1487
f 2603/2718/1489 2597/2717/1490 2596/2719/1487
f 2603/2718/1489 2604/2716/1491 2597/2717/1490
f 2604/2716/1491 2598/2715/1492 2597/2717/1490
f 2604/2716/1491 2605/2714/1493 2598/2715/1492
f 2606/2712/1494 2598/2715/1492 2605/2714/1493
f 2606/2712/1494 2599/2713/1495 2598/2715/1492
f 2606/2712/1494 2600/2711/1496 2599/2713/1495
f 2606/2712/1494 2607/2708/1497 2600/2711/1496
f 2607/2708/1497 2601/2709/1498 2600/2711/1496
f 2607/2708/1499 2608/2710/1500 2601/2709/1500
f 2578/2505/1501 2595/2503/1502 2602/2501/1501
f 2578/2505/1503 2580/2506/1486 2595/2503/1488
f 1913/3293/208 2609/3280/208 2610/3281/208
f 1913/3293/208 2089/3294/208 2609/3280/208
f 2609/3280/208 2089/3294/208 2087/3295/208
f 2609/3280/208 2087/3295/208 2611/3284/208
f 2087/3295/208 2612/3285/154 2611/3284/208
f 2087/3295/208 2085/3296/154 2612/3285/154
f 2612/3285/154 2085/3296/154 2083/3297/154
f 2612/3285/154 2083/3297/154 2613/3287/208
f 2613/3287/208 2083/3297/154 2079/3298/208
f 2613/3287/208 2079/3298/208 2614/3289/208
f 2079/3298/208 2615/3292/208 2614/3289/208
f 2079/3298/208 2081/3299/208 2615/3292/208
f 1912/3276/208 2610/3275/208 2616/3277/208
f 1912/3276/208 1913/3278/208 2610/3275/208
f 1911/2504/1504 2610/3275/1505 1909/2502/1506
f 1911/2504/1504 2616/3277/1504 2610/3275/1505
f 1922/2530/1507 2617/3300/1508 1928/2528/1509
f 1922/2530/1507 1921/3301/1509 2617/3300/1508
f 1919/3302/1510 1926/2523/1510 2618/3303/1510
f 1919/3302/1510 1917/2526/1510 1926/2523/1510
f 1966/3304/1511 1968/3305/1511 2271/2949/1511
f 1966/3304/1511 1967/3306/1511 1968/3305/1511
f 1963/3307/18 2272/2950/18 1969/3308/18
f 1963/3307/18 1965/3309/18 2272/2950/18
f 1969/3308/1175 2271/2949/1175 1968/3305/1175
f 1969/3308/1175 2272/2950/1175 2271/2949/1175
f 2619/3310/1253 2620/3311/1254 2621/3312/1254
f 2622/3313/1512 2621/3312/1254 2620/3311/1254
f 2622/3313/1512 2623/3314/1254 2621/3312/1254
f 2622/3313/1512 2624/3315/1513 2623/3314/1254
f 2622/3313/1512 2620/3311/1254 2625/3316/1514
f 2626/3317/1040 2627/3318/1259 2619/3310/1253
f 2626/3317/1040 2619/3310/1253 2628/3319/1260
f 2619/3310/1253 2621/3312/1254 2628/3319/1260
f 2621/3312/1254 2629/3320/1261 2628/3319/1260
f 2621/3312/1254 2623/3314/1254 2629/3320/1261
f 2623/3314/1254 2630/3321/154 2629/3320/1261
f 2623/3314/1254 2631/3322/1254 2630/3321/154
f 2631/3322/1254 2623/3314/1254 2624/3315/1513
f 2631/3322/1254 2624/3315/1513 2632/3323/1186
f 2626/3317/1040 2628/3319/1260 2629/3320/1261
f 2626/3317/1040 2629/3320/1261 2633/3324/1515
f 2633/3324/1515 2629/3320/1261 2630/3321/154
f 2633/3324/1515 2630/3321/154 2634/3325/1516
f 2624/3326/1513 2635/3327/1390 2632/3328/1186
f 2624/3326/1513 2636/3329/1391 2635/3327/1390
f 2622/3330/1512 2636/3329/1391 2624/3326/1513
f 2622/3330/1512 2637/3331/1392 2636/3329/1391
f 2638/3332/1517 2637/3331/1392 2622/3330/1512
f 2638/3332/1517 2622/3330/1512 2625/3333/1514
f 2639/3334/1518 2640/3335/1400 2641/3336/1519
f 2639/3334/1518 2642/3337/1520 2640/3335/1400
f 2643/3338/1256 2644/3339/4 2645/3340/1380
f 2643/3338/1256 2645/3340/1380 2646/3341/1521
f 2647/3342/1522 2646/3341/1521 2645/3340/1380
f 2647/3342/1522 2648/3343/1523 2646/3341/1521
f 2649/3344/1403 2648/3343/1523 2647/3342/1522
f 2649/3344/1403 2650/3345/1401 2648/3343/1523
f 2639/3334/1518 2648/3343/1523 2650/3345/1401
f 2639/3334/1518 2641/3336/1519 2648/3343/1523
f 2651/3346/1524 2648/3343/1523 2641/3336/1519
f 2651/3346/1524 2641/3336/1519 2640/3335/1400
f 2651/3346/1524 2640/3335/1400 2652/3347/1525
f 2652/3347/1525 2653/3348/1526 2651/3346/1524
f 2652/3347/1525 2654/3349/1527 2653/3348/1526
f 2651/3346/1524 2646/3341/1521 2648/3343/1523
f 2653/3348/1526 2646/3341/1521 2651/3346/1524
f 2653/3348/1526 2643/3338/1256 2646/3341/1521
f 2142/2793/1528 2161/2816/1528 2147/2794/1528
f 2142/2793/1528 2159/2814/1528 2161/2816/1528
f 2129/3350/1528 2159/2814/1528 2142/2793/1528
f 2156/2810/1528 2159/2814/1528 2129/3350/1528
f 2137/2811/1528 2156/2810/1528 2129/3350/1528
f 2137/2811/1528 2129/3350/1528 2126/3351/1528
f 2655/3352/18 2656/3353/18 2657/3354/18
f 2655/3352/18 2658/3355/18 2656/3353/18
f 2657/3356/1529 2659/3357/1529 2660/3358/1529
f 2657/3356/1529 2656/3359/1529 2659/3357/1529
f 2661/3360/1530 2662/3361/1530 2663/3362/1530
f 2661/3360/1530 2664/3363/1530 2662/3361/1530
f 2663/3362/1318 2665/3364/1318 2666/3365/1318
f 2663/3362/1318 2662/3361/1318 2665/3364/1318
f 2655/3366/6 2657/3356/6 2660/3358/6
f 2655/3366/6 2660/3358/6 2667/3367/6
f 2664/3363/1318 2655/3366/6 2667/3367/6
f 2664/3363/1318 2661/3360/1318 2655/3366/6
f 2667/3367/97 2659/3368/97 2668/3369/97
f 2667/3367/97 2660/3358/97 2659/3368/97
f 2661/3370/4 2663/3362/4 2666/3365/4
f 2661/3370/4 2666/3365/4 2669/3371/4
f 2658/3372/4 2661/3370/4 2669/3371/4
f 2658/3372/4 2655/3373/4 2661/3370/4
f 2665/3364/18 2669/3374/18 2666/3365/18
f 2665/3364/18 2670/3375/18 2669/3374/18
f 2671/3376/6 2672/3377/6 2673/3378/6
f 2671/3376/6 2674/3379/6 2672/3377/6
f 2673/3378/1530 2675/3380/1530 2676/3381/1530
f 2673/3378/1530 2672/3377/1530 2675/3380/1530
f 2676/3381/6 2677/3382/6 2678/3383/6
f 2676/3381/6 2675/3380/6 2677/3382/6
f 2679/3384/1531 2674/3379/1531 2671/3376/1531
f 2679/3384/1531 2680/3385/1531 2674/3379/1531
f 2681/3386/1297 2682/3387/1384 2683/3388/1297
f 2681/3386/1297 2684/3389/1384 2682/3387/1384
f 2685/3390/9 2682/3387/1384 2684/3389/1384
f 2685/3390/9 2684/3389/1384 2686/3391/9
f 2681/3392/97 2680/3385/97 2679/3384/97
f 2681/3392/97 2683/3393/97 2680/3385/97
f 2673/3394/4 2676/3381/1186 2678/3383/4
f 2673/3394/4 2678/3383/4 2686/3395/4
f 2684/3396/4 2673/3394/4 2686/3395/4
f 2684/3396/4 2671/3397/4 2673/3394/4
f 2684/3396/4 2679/3398/4 2671/3397/4
f 2684/3396/4 2681/3399/4 2679/3398/4
f 2685/3400/18 2678/3383/18 2677/3382/18
f 2685/3400/18 2686/3401/18 2678/3383/18
f 2687/3402/1530 2688/3403/1530 2689/3404/1530
f 2687/3402/1530 2690/3405/1530 2688/3403/1530
f 2688/3403/6 2691/3406/6 2692/3407/6
f 2688/3403/6 2690/3405/6 2691/3406/6
f 2693/3408/6 2687/3402/6 2689/3404/6
f 2693/3408/6 2694/3409/6 2687/3402/6
f 2695/3410/9 2696/3411/9 2697/3412/9
f 2695/3410/9 2698/3413/9 2696/3411/9
f 2693/3408/97 2695/3414/97 2694/3409/97
f 2693/3408/97 2698/3415/97 2695/3414/97
f 2689/3416/4 2688/3403/4 2692/3407/4
f 2689/3416/4 2692/3407/4 2696/3417/4
f 2698/3418/4 2689/3416/4 2696/3417/4
f 2698/3418/4 2693/3419/4 2689/3416/4
f 2697/3420/18 2692/3407/18 2691/3406/18
f 2697/3420/18 2696/3421/18 2692/3407/18
f 2118/3422/97 2133/3423/97 2210/3424/97
f 2118/3422/97 2122/3425/97 2133/3423/97
f 2236/3426/1324 2226/2904/1324 2237/3427/1324
f 2236/3426/1324 2227/2905/1324 2226/2904/1324
f 2225/3428/154 2236/2914/154 2235/2913/154
f 2225/3428/154 2227/3429/154 2236/2914/154
f 2231/3430/154 2240/2918/154 2234/3431/154
f 2231/3430/154 2235/2913/154 2240/2918/154
f 2231/3430/154 2225/3428/154 2235/2913/154
f 2231/3430/154 2230/3432/154 2225/3428/154
f 2117/2753/4 2199/3433/4 2115/2751/4
f 2117/2753/4 2194/3434/4 2199/3433/4
f 2117/2753/4 2130/3435/4 2194/3434/4
f 2699/3436/1532 2700/3437/1533 2701/3438/1534
f 2699/3436/1532 2702/3439/1535 2700/3437/1533
f 2703/3440/1536 2700/3437/1533 2702/3439/1535
f 2703/3440/1536 2704/3441/1537 2700/3437/1533
f 2705/3442/1538 2700/3437/1533 2704/3441/1537
f 2706/3443/1539 2707/3444/1540 2708/3445/1541
f 2708/3445/1541 2707/3444/1540 2709/3446/1542
f 2705/3442/1538 2709/3446/1542 2707/3444/1540
f 2705/3442/1538 2707/3444/1540 2710/3447/1543
f 2705/3442/1538 2710/3447/1543 2700/3437/1533
f 2711/3448/1544 2700/3437/1533 2710/3447/1543
f 2711/3448/1544 2701/3438/1534 2700/3437/1533
f 2712/3449/1545 2701/3438/1534 2711/3448/1544
f 2712/3449/1545 2713/3450/1340 2701/3438/1534
f 2714/3451/1546 2701/3438/1534 2713/3450/1340
f 2714/3451/1546 2699/3436/1532 2701/3438/1534
f 2699/3436/1532 2714/3451/1546 2715/3452/1547
f 2699/3436/1532 2715/3452/1547 2716/3453/1548
f 2716/3453/1548 2702/3439/1535 2699/3436/1532
f 2716/3453/1548 2717/3454/1549 2702/3439/1535
f 2717/3454/1549 2703/3440/1536 2702/3439/1535
f 2717/3454/1549 2718/3455/1550 2703/3440/1536
f 2706/3443/1539 2719/3456/1551 2707/3444/1540
f 2711/3448/1544 2710/3447/1543 2707/3444/1540
f 2711/3448/1544 2707/3444/1540 2719/3456/1551
f 2712/3449/1545 2711/3448/1544 2719/3456/1551
f 2712/3449/1545 2719/3456/1551 2720/3457/1552
f 2706/3443/1539 2720/3457/1552 2719/3456/1551
f 2706/3443/1539 2721/3458/1553 2720/3457/1552
f 2722/3459/1554 2721/3458/1553 2706/3443/1539
f 2723/3460/1555 2724/3461/1556 2725/3462/1557
f 2723/3460/1555 2726/3463/1558 2724/3461/1556
f 2708/3445/1541 2726/3463/1558 2723/3460/1555
f 2727/3464/1559 2726/3463/1558 2708/3445/1541
f 2727/3464/1559 2708/3445/1541 2728/3465/1560
f 2708/3445/1541 2709/3446/1542 2728/3465/1560
f 2724/3461/1556 2726/3463/1558 2727/3464/1559
f 2724/3461/1556 2727/3464/1559 2729/3466/1561
f 2724/3461/1556 2729/3466/1561 2730/3467/1562
f 2731/3468/1547 2732/3469/1563 2733/3470/1548
f 2733/3470/1548 2734/3471/1547 2731/3468/1547
f 2733/3470/1548 2735/3472/1564 2734/3471/1547
f 2735/3472/1564 2733/3470/1548 2736/3473/1565
f 2735/3472/1564 2736/3473/1565 2737/3474/1549
f 2738/3475/1550 2737/3474/1549 2736/3473/1565
f 2738/3475/1550 2736/3473/1565 2739/3476/1235
f 2730/3467/1562 2739/3476/1235 2736/3473/1565
f 2730/3467/1562 2736/3473/1565 2740/3477/1566
f 2724/3461/1556 2730/3467/1562 2740/3477/1566
f 2732/3469/1563 2724/3461/1556 2740/3477/1566
f 2732/3469/1563 2725/3462/1557 2724/3461/1556
f 2741/3478/1567 2725/3462/1557 2732/3469/1563
f 2741/3478/1567 2742/3479/1224 2725/3462/1557
f 2722/3459/1554 2725/3462/1557 2742/3479/1224
f 2722/3459/1554 2723/3460/1555 2725/3462/1557
f 2722/3459/1554 2706/3443/1539 2723/3460/1555
f 2708/3445/1541 2723/3460/1555 2706/3443/1539
f 2740/3477/1566 2733/3470/1548 2732/3469/1563
f 2740/3477/1566 2736/3473/1565 2733/3470/1548
f 2731/3468/1547 2741/3478/1567 2732/3469/1563
f 2114/2750/154 2210/3480/154 2133/3481/154
f 2114/2750/154 2211/3482/154 2210/3480/154
f 2114/2750/154 2116/2752/154 2211/3482/154
f 2743/3483/219 2744/3484/1568 2745/3485/1569
f 2743/3483/219 2746/3486/1570 2744/3484/1568
f 2744/3484/1568 2747/3487/1571 2745/3485/1569
f 2745/3485/1569 2747/3487/1571 2748/3488/1572
f 2745/3485/1569 2748/3488/1572 2749/3489/1573
f 2749/3489/1573 2743/3483/219 2745/3485/1569
f 2749/3489/1573 2750/3490/1574 2743/3483/219
f 2751/3491/1575 2752/3492/1576 2753/3493/187
f 2751/3491/1575 2753/3493/187 2754/3494/1577
f 2754/3494/1577 2755/3495/1578 2751/3491/1575
f 2754/3494/1577 2756/3496/1579 2755/3495/1578
f 2757/3497/1580 2756/3496/1579 2754/3494/1577
f 2757/3497/1580 2758/3498/1581 2756/3496/1579
f 2759/3499/1582 2758/3498/1581 2757/3497/1580
f 2759/3499/1582 2760/3500/1583 2758/3498/1581
f 2759/3499/1582 2761/3501/1584 2760/3500/1583
f 2761/3501/1584 2762/3502/1585 2760/3500/1583
f 2761/3501/1584 2763/3503/1586 2762/3502/1585
f 2748/3488/1572 2762/3502/1585 2763/3503/1586
f 2748/3488/1572 2747/3487/1571 2762/3502/1585
f 2762/3502/1585 2747/3487/1571 2764/3504/1587
f 2744/3484/1568 2764/3504/1587 2747/3487/1571
f 2765/3505/1588 2764/3504/1587 2744/3484/1568
f 2765/3505/1588 2744/3484/1568 2766/3506/1589
f 2746/3486/1570 2766/3506/1589 2744/3484/1568
f 2746/3486/1570 2767/3507/187 2766/3506/1589
f 2759/3499/1582 2757/3497/1580 2768/3508/1590
f 2769/3509/1591 2768/3508/1590 2757/3497/1580
f 2753/3493/187 2769/3509/1591 2757/3497/1580
f 2753/3493/187 2757/3497/1580 2754/3494/1577
f 2769/3509/1591 2770/3510/219 2768/3508/1590
f 2762/3502/1585 2764/3504/1587 2771/3511/1592
f 2760/3500/1583 2762/3502/1585 2771/3511/1592
f 2760/3500/1583 2771/3511/1592 2772/3512/1593
f 2758/3498/1581 2760/3500/1583 2772/3512/1593
f 2758/3498/1581 2772/3512/1593 2756/3496/1579
f 2772/3512/1593 2755/3495/1578 2756/3496/1579
f 2772/3512/1593 2773/3513/1594 2755/3495/1578
f 2773/3513/1594 2772/3512/1593 2771/3511/1592
f 2773/3513/1594 2771/3511/1592 2774/3514/1595
f 2771/3511/1592 2765/3505/1588 2774/3514/1595
f 2771/3511/1592 2764/3504/1587 2765/3505/1588
f 2775/3515/8 2776/3516/8 2777/3517/8
f 2775/3515/8 2778/3518/8 2776/3516/8
f 2779/3519/1596 2780/3520/1596 2781/3521/1596
f 2779/3519/1596 2782/3522/1596 2780/3520/1596
f 2776/3523/1597 2781/3521/1598 2777/3524/1598
f 2776/3523/1597 2779/3519/1597 2781/3521/1598
f 2783/3525/6 2780/3520/6 2782/3522/6
f 2783/3525/6 2784/3526/5 2780/3520/6
f 2775/3515/3 2785/3527/3 2778/3518/3
f 2775/3515/3 2786/3528/1160 2785/3527/3
f 2786/3528/1599 2787/3529/1600 2785/3527/1599
f 2786/3528/1599 2788/3530/1600 2787/3529/1600
f 2788/3530/1600 2789/3531/9 2787/3529/1600
f 2788/3530/1600 2790/3532/9 2789/3531/9
f 2791/3533/1318 2792/3534/1601 2793/3535/1318
f 2791/3533/1318 2794/3536/1601 2792/3534/1601
f 2794/3536/1601 2783/3525/1602 2792/3534/1601
f 2794/3536/1601 2784/3526/1602 2783/3525/1602
f 2793/3537/18 2787/3538/18 2789/3539/18
f 2793/3537/18 2792/3540/18 2787/3538/18
f 2787/3538/18 2792/3540/18 2783/3541/18
f 2787/3538/18 2783/3541/18 2785/3527/18
f 2783/3541/18 2778/3518/18 2785/3527/18
f 2783/3541/18 2782/3542/18 2778/3518/18
f 2776/3543/18 2778/3518/18 2782/3542/18
f 2776/3543/18 2782/3542/18 2779/3544/18
f 2790/3545/1603 2793/3535/1603 2789/3546/1603
f 2790/3545/1603 2791/3533/1603 2793/3535/1603
f 2795/3547/6 2796/3548/6 2797/3549/5
f 2795/3547/6 2798/3550/6 2796/3548/6
f 2799/3551/3 2800/3552/3 2801/3553/1160
f 2799/3551/3 2802/3554/3 2800/3552/3
f 2803/3555/1604 2804/3556/1604 2805/3557/1604
f 2803/3555/1604 2806/3558/1604 2804/3556/1604
f 2807/3559/1605 2808/3560/1605 2809/3561/1605
f 2807/3559/1605 2810/3562/1605 2808/3560/1605
f 2798/3550/1509 2805/3557/1509 2796/3548/1509
f 2798/3550/1509 2803/3555/1509 2805/3557/1509
f 2809/3561/1606 2802/3554/1606 2799/3551/1606
f 2809/3561/1606 2808/3560/1606 2802/3554/1606
f 2801/3553/1295 2811/3563/1295 2812/3564/1295
f 2801/3553/1295 2800/3552/1295 2811/3563/1295
f 2813/3565/1167 2795/3547/1167 2797/3549/1167
f 2813/3565/1167 2814/3566/1167 2795/3547/1167
f 2810/3562/1607 2804/3567/1607 2806/3568/1607
f 2810/3562/1607 2807/3559/1607 2804/3567/1607
f 2811/3569/154 2795/3547/154 2814/3570/154
f 2811/3569/154 2800/3571/154 2795/3547/154
f 2800/3571/154 2798/3550/154 2795/3547/154
f 2800/3571/154 2802/3572/154 2798/3550/154
f 2808/3573/154 2798/3550/154 2802/3572/154
f 2808/3573/154 2803/3574/154 2798/3550/154
f 2808/3573/154 2806/3575/154 2803/3574/154
f 2808/3573/154 2810/3576/154 2806/3575/154
f 2812/3564/1608 2814/3577/1608 2813/3578/1608
f 2812/3564/1608 2811/3563/1608 2814/3577/1608
f 2815/3579/6 2816/3580/6 2817/3581/6
f 2815/3579/6 2818/3582/5 2816/3580/6
f 2819/3583/3 2820/3584/3 2821/3585/3
f 2819/3583/3 2822/3586/1160 2820/3584/3
f 2823/3587/1609 2824/3588/1609 2825/3589/1609
f 2823/3587/1609 2826/3590/1609 2824/3588/1609
f 2827/3591/97 2826/3590/97 2828/3592/97
f 2827/3591/97 2824/3588/97 2826/3590/97
f 2827/3593/1610 2829/3594/1610 2830/3595/1610
f 2827/3593/1610 2828/3596/1610 2829/3594/1610
f 2823/3587/18 2830/3597/18 2829/3598/18
f 2823/3587/18 2825/3589/18 2830/3597/18
f 2817/3581/1611 2826/3590/1611 2823/3587/1611
f 2817/3581/1611 2816/3580/1611 2826/3590/1611
f 2828/3596/1612 2821/3585/1612 2829/3594/1612
f 2828/3596/1612 2819/3583/1612 2821/3585/1612
f 2822/3586/1613 2831/3599/1614 2820/3584/1610
f 2822/3586/1613 2832/3600/1615 2831/3599/1614
f 2832/3600/1615 2833/3601/1616 2831/3599/1614
f 2832/3600/1615 2834/3602/1616 2833/3601/1616
f 2835/3603/5 2836/3604/1316 2837/3605/5
f 2835/3603/5 2838/3606/1316 2836/3604/1315
f 2836/3604/1315 2838/3606/1316 2818/3582/1609
f 2836/3604/1315 2818/3582/1609 2815/3579/1609
f 2218/3607/4 2219/3608/4 2216/3609/4
f 2218/3607/4 2223/3610/4 2219/3608/4
f 2218/3607/4 2221/2897/4 2223/3610/4
f 2837/3605/18 2831/3611/18 2833/3612/18
f 2837/3605/18 2836/3604/18 2831/3611/18
f 2831/3611/18 2836/3604/18 2815/3579/18
f 2831/3611/18 2815/3579/18 2820/3584/18
f 2815/3579/18 2821/3585/18 2820/3584/18
f 2815/3579/18 2817/3581/18 2821/3585/18
f 2817/3581/18 2829/3613/18 2821/3585/18
f 2817/3581/18 2823/3614/18 2829/3613/18
f 2839/3615/6 2840/3616/5 2841/3617/6
f 2839/3615/6 2842/3618/6 2840/3616/5
f 2843/3619/1160 2844/3620/3 2845/3621/3
f 2843/3619/1160 2846/3622/3 2844/3620/3
f 2847/3623/1617 2848/3624/1617 2849/3625/1617
f 2847/3623/1617 2850/3626/1617 2848/3624/1617
f 2851/3627/97 2849/3625/97 2848/3624/97
f 2851/3627/97 2852/3628/97 2849/3625/97
f 2851/3629/1618 2853/3630/1618 2852/3631/1618
f 2851/3629/1618 2854/3632/1618 2853/3630/1618
f 2854/3633/18 2847/3623/18 2853/3634/18
f 2854/3633/18 2850/3626/18 2847/3623/18
f 2842/3618/1619 2849/3625/1620 2840/3616/1621
f 2842/3618/1619 2847/3623/1622 2849/3625/1620
f 2852/3631/1623 2846/3622/1623 2843/3619/1623
f 2852/3631/1623 2853/3630/1623 2846/3622/1623
f 2855/3635/7 2856/3636/7 2857/3637/7
f 2855/3635/7 2858/3638/7 2856/3636/7
f 2859/3639/1624 2860/3640/1624 2861/3641/1624
f 2859/3639/1624 2862/3642/1624 2860/3640/1624
f 2861/3641/1625 2856/3643/1625 2858/3644/1625
f 2861/3641/1625 2860/3640/1625 2856/3643/1625
f 2863/3645/3 2859/3639/3 2864/3646/1160
f 2863/3645/3 2862/3642/3 2859/3639/3
f 2859/3647/97 2861/3648/97 2858/3649/97
f 2859/3647/97 2858/3649/97 2855/3635/97
f 2855/3635/97 2864/3650/97 2859/3647/97
f 2855/3635/97 2865/3651/97 2864/3650/97
f 2866/3652/97 2864/3650/97 2865/3651/97
f 2866/3652/97 2867/3653/97 2864/3650/97
f 2866/3652/97 2868/3654/97 2867/3653/97
f 2866/3652/97 2869/3655/97 2868/3654/97
f 2869/3656/1528 2870/3657/1528 2868/3658/1528
f 2869/3656/1528 2871/3659/1528 2870/3657/1528
f 2872/3660/3 2873/3661/3 2874/3662/3
f 2872/3660/3 2875/3663/1160 2873/3661/3
f 2876/3664/6 2877/3665/6 2878/3666/6
f 2876/3664/6 2879/3667/5 2877/3665/6
f 2880/3668/1626 2881/3669/1626 2882/3670/1626
f 2880/3668/1626 2883/3671/1626 2881/3669/1626
f 2884/3672/1627 2885/3673/1627 2886/3674/1627
f 2884/3672/1627 2887/3675/1627 2885/3673/1627
f 2874/3662/1628 2883/3671/1628 2880/3668/1628
f 2874/3662/1628 2873/3661/1628 2883/3671/1628
f 2887/3675/1629 2878/3666/1629 2885/3673/1629
f 2887/3675/1629 2876/3664/1629 2878/3666/1629
f 2879/3667/1630 2888/3676/1630 2877/3665/1630
f 2879/3667/1630 2889/3677/1630 2888/3676/1630
f 2890/3678/1250 2872/3660/1250 2891/3679/1250
f 2890/3678/1250 2875/3663/1250 2872/3660/1250
f 2881/3680/4 2887/3681/4 2884/3682/4
f 2881/3680/4 2883/3683/4 2887/3681/4
f 2887/3681/4 2883/3683/4 2873/3661/4
f 2887/3681/4 2873/3661/4 2876/3684/4
f 2876/3684/4 2873/3661/4 2875/3663/4
f 2876/3684/4 2875/3663/4 2879/3685/4
f 2875/3663/4 2889/3686/4 2879/3685/4
f 2875/3663/4 2890/3678/4 2889/3686/4
f 2886/3674/1631 2881/3687/1631 2884/3672/1631
f 2886/3674/1631 2882/3688/1631 2881/3687/1631
f 2889/3677/1632 2891/3689/1632 2888/3676/1632
f 2889/3677/1632 2890/3690/1632 2891/3689/1632
f 2892/3691/3 2893/3692/3 2894/3693/1160
f 2892/3691/3 2895/3694/3 2893/3692/3
f 2896/3695/6 2897/3696/6 2898/3697/5
f 2896/3695/6 2899/3698/6 2897/3696/6
f 2900/3699/1618 2901/3700/1618 2902/3701/1618
f 2900/3699/1618 2903/3702/1618 2901/3700/1618
f 2904/3703/97 2902/3701/97 2901/3700/97
f 2904/3703/97 2905/3704/97 2902/3701/97
f 2904/3705/1617 2906/3706/1617 2905/3707/1617
f 2904/3705/1617 2907/3708/1617 2906/3706/1617
f 2907/3709/18 2900/3699/18 2906/3710/18
f 2907/3709/18 2903/3702/18 2900/3699/18
f 2895/3694/1278 2902/3701/1278 2893/3692/1278
f 2895/3694/1278 2900/3699/1278 2902/3701/1278
f 2905/3707/1633 2899/3698/1633 2896/3695/1633
f 2905/3707/1633 2906/3706/1633 2899/3698/1633
f 2908/3711/1277 2892/3691/1618 2894/3693/1618
f 2908/3711/1277 2894/3693/1618 2909/3712/1277
f 2910/3713/3 2908/3711/1277 2909/3712/1277
f 2910/3713/3 2911/3714/3 2908/3711/1277
f 2905/3715/97 2893/3692/97 2902/3716/97
f 2905/3715/97 2896/3717/97 2893/3692/97
f 2896/3717/97 2894/3693/97 2893/3692/97
f 2896/3717/97 2898/3718/97 2894/3693/97
f 2912/3719/97 2894/3693/97 2898/3718/97
f 2912/3719/97 2909/3712/97 2894/3693/97
f 2912/3719/97 2910/3713/97 2909/3712/97
f 2912/3719/97 2913/3720/97 2910/3713/97
f 2914/3721/3 2915/3722/1160 2916/3723/3
f 2914/3721/3 2917/3724/3 2915/3722/1160
f 2918/3725/5 2919/3726/6 2920/3727/6
f 2918/3725/5 2921/3728/6 2919/3726/6
f 2922/3729/1610 2923/3730/1610 2924/3731/1610
f 2922/3729/1610 2925/3732/1610 2923/3730/1610
f 2926/3733/97 2925/3732/97 2927/3734/97
f 2926/3733/97 2923/3730/97 2925/3732/97
f 2926/3735/1609 2928/3736/1609 2929/3737/1609
f 2926/3735/1609 2927/3738/1609 2928/3736/1609
f 2922/3729/18 2929/3739/18 2928/3740/18
f 2922/3729/18 2924/3731/18 2929/3739/18
f 2916/3723/1634 2925/3732/1615 2922/3729/1634
f 2916/3723/1634 2915/3722/1615 2925/3732/1615
f 2927/3738/1635 2920/3727/1601 2928/3736/1601
f 2927/3738/1635 2918/3725/1635 2920/3727/1601
f 2921/3728/1597 2930/3741/7 2919/3726/1597
f 2921/3728/1597 2931/3742/7 2930/3741/7
f 2931/3742/7 2932/3743/1636 2930/3741/7
f 2931/3742/7 2933/3744/1636 2932/3743/1636
f 2934/3745/3 2935/3746/1637 2936/3747/3
f 2934/3745/3 2937/3748/1624 2935/3746/1624
f 2937/3748/1624 2914/3721/1638 2935/3746/1624
f 2937/3748/1624 2917/3724/1638 2914/3721/1638
f 2936/3747/18 2930/3749/18 2932/3750/18
f 2936/3747/18 2935/3746/18 2930/3749/18
f 2914/3721/18 2930/3749/18 2935/3746/18
f 2914/3721/18 2919/3751/18 2930/3749/18
f 2914/3721/18 2920/3752/18 2919/3751/18
f 2914/3721/18 2916/3723/18 2920/3752/18
f 2916/3723/18 2928/3753/18 2920/3752/18
f 2916/3723/18 2922/3754/18 2928/3753/18
f 2495/3207/1639 2938/3755/1639 2939/3756/1639
f 2495/3207/1639 2494/3206/1639 2938/3755/1639
f 2940/3757/1640 2492/3204/1640 2489/3201/1640
f 2940/3757/1640 2941/3758/1640 2492/3204/1640
f 2939/3756/1641 2941/3758/1641 2940/3757/1641
f 2939/3756/1641 2938/3755/1641 2941/3758/1641
f 2487/3199/1642 2942/3759/1642 2943/3760/1642
f 2487/3199/1642 2486/3198/1642 2942/3759/1642
f 2943/3760/1643 2944/3761/1643 2945/3762/1643
f 2943/3760/1643 2942/3759/1643 2944/3761/1643
f 2491/3203/1644 2488/3763/1644 2485/3764/1644
f 2491/3203/1644 2490/3202/1644 2488/3763/1644
f 2496/3208/1645 2483/3195/1645 2482/3194/1646
f 2496/3208/1645 2493/3205/1645 2483/3195/1645
f 2945/3762/1647 2484/3196/1647 2481/3193/1647
f 2945/3762/1647 2944/3761/1647 2484/3196/1647
f 2852/3765/97 2840/3616/97 2849/3766/97
f 2852/3765/97 2843/3619/97 2840/3616/97
f 2843/3619/97 2841/3617/97 2840/3616/97
f 2843/3619/97 2845/3621/97 2841/3617/97
f 2946/3767/97 2841/3617/97 2845/3621/97
f 2946/3767/97 2947/3768/97 2841/3617/97
f 2946/3767/97 2948/3769/97 2947/3768/97
f 2946/3767/97 2949/3770/97 2948/3769/97
f 2950/3771/1305 2951/3772/1305 2952/3773/1305
f 2950/3771/1305 2953/3774/1305 2951/3772/1305
f 2950/3771/1305 2954/3775/1648 2953/3774/1305
f 2950/3771/1305 2955/3776/1648 2954/3775/1648
f 2950/3771/1305 2956/3777/1305 2955/3776/1648
f 2950/3771/1305 2957/3778/1305 2956/3777/1305
f 2950/3771/1305 2958/3779/1305 2957/3778/1305
f 2950/3771/1305 2959/3780/1648 2958/3779/1305
f 2950/3771/1305 2960/3781/1305 2959/3780/1648
f 2950/3771/1305 2952/3773/1305 2960/3781/1305
f 2082/2711/154 2961/3291/154 2080/2709/154
f 2082/2711/154 2962/3290/154 2961/3291/154
f 2963/3288/154 2962/3290/154 2082/2711/154
f 2963/3288/154 2082/2711/154 2084/2713/208
f 2964/3286/208 2963/3288/154 2084/2713/208
f 2964/3286/208 2084/2713/208 2086/2715/208
f 2088/2717/154 2964/3286/208 2086/2715/208
f 2088/2717/154 2965/3283/154 2964/3286/208
f 2966/3282/154 2965/3283/154 2088/2717/154
f 2966/3282/154 2088/2717/154 2090/2719/154
f 1910/2721/154 2966/3282/154 2090/2719/154
f 1910/2721/154 1909/3279/154 2966/3282/154
f 2492/3782/456 2488/3783/456 2490/3784/456
f 2492/3782/456 2486/3785/456 2488/3783/456
f 2941/3786/456 2486/3785/456 2492/3782/456
f 2938/3787/456 2486/3785/456 2941/3786/456
f 2938/3787/456 2942/3788/456 2486/3785/456
f 2494/3789/456 2942/3788/456 2938/3787/456
f 2494/3789/456 2944/3761/456 2942/3788/456
f 2496/3790/456 2944/3761/456 2494/3789/456
f 2496/3790/456 2484/3196/456 2944/3761/456
f 2496/3790/456 2482/3791/456 2484/3196/456
f 2215/3792/154 2224/3793/154 2222/2898/154
f 2215/3792/154 2220/2895/154 2224/3793/154
f 2215/3792/154 2217/2893/154 2220/2895/154
f 2493/3794/448 2481/3795/448 2483/3796/448
f 2493/3794/448 2945/3797/448 2481/3795/448
f 2945/3797/448 2493/3794/448 2495/3798/448
f 2495/3798/448 2943/3799/448 2945/3797/448
f 2495/3798/448 2939/3800/448 2943/3799/448
f 2939/3800/448 2487/3801/448 2943/3799/448
f 2939/3800/448 2940/3802/448 2487/3801/448
f 2487/3801/448 2940/3802/448 2489/3803/448
f 2489/3803/448 2485/3804/448 2487/3801/448
f 2489/3803/448 2491/3805/448 2485/3804/448
f 2233/3806/4 2228/3807/4 2229/3808/4
f 2228/3807/4 2237/2915/4 2226/3809/4
f 2228/3807/4 2238/2916/4 2237/2915/4
f 2233/3806/4 2238/2916/4 2228/3807/4
f 2233/3806/4 2239/2917/4 2238/2916/4
f 2233/3806/4 2232/3810/1649 2239/2917/4
f 2960/3811/1433 2967/3812/1650 2959/3813/1651
f 2960/3811/1433 2968/3814/1652 2967/3812/1650
f 2952/3815/1381 2968/3814/1652 2960/3811/1433
f 2952/3815/1381 2969/3816/1381 2968/3814/1652
f 2951/3817/1653 2969/3816/1381 2952/3815/1381
f 2951/3817/1653 2970/3818/1653 2969/3816/1381
f 2971/3819/1654 2970/3818/1653 2951/3817/1653
f 2971/3819/1654 2951/3817/1653 2953/3820/1655
f 2954/3821/1656 2971/3819/1654 2953/3820/1655
f 2954/3821/1656 2972/3822/1656 2971/3819/1654
f 2973/3823/1178 2972/3822/1656 2954/3821/1656
f 2973/3823/1178 2954/3821/1656 2955/3824/1178
f 2956/3825/1437 2973/3823/1178 2955/3824/1178
f 2956/3825/1437 2974/3826/1437 2973/3823/1178
f 2975/3827/1657 2974/3826/1437 2956/3825/1437
f 2975/3827/1657 2956/3825/1437 2957/3828/1657
f 2958/3829/1658 2975/3827/1657 2957/3828/1657
f 2958/3829/1658 2976/3830/1658 2975/3827/1657
f 2967/3831/1650 2976/3830/1658 2958/3829/1658
f 2967/3831/1650 2958/3829/1658 2959/3832/1651
f 2974/3833/1659 2975/3834/1660 2977/3835/1660
f 2975/3834/1660 2976/3836/1660 2977/3835/1660
f 2976/3836/1660 2967/3837/1660 2977/3835/1660
f 2967/3837/1660 2968/3838/1660 2977/3835/1660
f 2968/3838/1660 2969/3839/1660 2977/3835/1660
f 2969/3839/1660 2970/3840/1660 2977/3835/1660
f 2970/3840/1660 2971/3841/1659 2977/3835/1660
f 2971/3841/1659 2972/3842/1660 2977/3835/1660
f 2972/3842/1660 2973/3843/1659 2977/3835/1660
f 2973/3843/1659 2974/3833/1659 2977/3835/1660
f 2947/3768/1596 2839/3615/1661 2841/3617/1661
f 2947/3768/1596 2978/3844/1596 2839/3615/1661
f 2948/3769/5 2978/3844/1596 2947/3768/1596
f 2948/3769/5 2979/3845/5 2978/3844/1596
f 2980/3846/1662 2426/3847/1662 2981/3848/1662
f 2946/3849/8 2982/3850/1616 2949/3851/1616
f 2946/3849/8 2983/3852/8 2982/3850/1616
f 2845/3621/1663 2983/3852/8 2946/3849/8
f 2845/3621/1663 2844/3620/1663 2983/3852/8
f 2984/3853/1664 2985/3854/154 2986/3855/154
f 2984/3853/1664 1907/3856/1664 2985/3854/154
f 2984/3853/1664 2987/3857/1665 1907/3856/1664
f 2984/3853/1664 2988/3858/1665 2987/3857/1665
f 2989/3859/1666 2987/3857/1665 2988/3858/1665
f 2989/3859/1666 2990/3860/1666 2987/3857/1665
f 2991/3861/1667 2990/3860/1666 2989/3859/1666
f 2991/3861/1667 2992/3862/1667 2990/3860/1666
f 2991/3861/1667 2993/3863/1668 2992/3862/1667
f 2991/3861/1667 2994/3864/1669 2993/3863/1668
f 2994/3864/1669 2995/3865/1670 2993/3863/1668
f 2994/3864/1669 2996/3866/1670 2995/3865/1670
f 2996/3866/1670 2997/3867/1671 2995/3865/1670
f 2996/3866/1670 2998/3868/1672 2997/3867/1671
f 2998/3868/1672 2999/3869/1673 2997/3867/1671
f 2998/3868/1672 3000/3870/1673 2999/3869/1673
f 3001/3871/1674 2999/3869/1673 3000/3870/1673
f 3001/3871/1674 3002/3872/1675 2999/3869/1673
f 3003/3873/1255 3002/3872/1675 3001/3871/1674
f 3003/3873/1255 3004/3874/1255 3002/3872/1675
f 3005/3875/1676 3004/3874/1255 3003/3873/1255
f 3005/3875/1676 3006/3876/1677 3004/3874/1255
f 3007/3877/1678 3006/3876/1677 3005/3875/1676
f 3007/3877/1678 3008/3878/1679 3006/3876/1677
f 3009/3879/1680 3008/3878/1679 3007/3877/1678
f 3009/3879/1680 3010/3880/1680 3008/3878/1679
f 3011/3881/1681 3010/3880/1680 3009/3879/1680
f 3011/3881/1681 3012/3882/1682 3010/3880/1680
f 3013/3883/1683 3012/3882/1682 3011/3881/1681
f 3013/3883/1683 3014/3884/1683 3012/3882/1682
f 3013/3883/1683 2479/3191/4 3014/3884/1683
f 3013/3883/1683 2477/3189/4 2479/3191/4
f 2983/3885/18 2979/3845/18 2982/3886/18
f 2983/3885/18 2978/3844/18 2979/3845/18
f 2983/3885/18 2839/3615/18 2978/3844/18
f 2983/3885/18 2844/3887/18 2839/3615/18
f 2846/3888/18 2839/3615/18 2844/3887/18
f 2846/3888/18 2842/3618/18 2839/3615/18
f 2853/3889/18 2842/3618/18 2846/3888/18
f 2853/3889/18 2847/3890/18 2842/3618/18
f 2475/3891/18 2445/3892/18 3015/3893/18
f 2445/3892/18 2444/3894/18 3015/3893/18
f 2444/3894/18 2447/3895/18 3015/3893/18
f 2447/3895/18 2449/3896/18 3015/3893/18
f 2449/3896/18 2451/3897/18 3015/3893/18
f 2451/3897/18 2453/3898/18 3015/3893/18
f 2453/3898/18 2455/3899/18 3015/3893/18
f 2455/3899/18 2457/3900/18 3015/3893/18
f 2457/3900/18 2459/3901/18 3015/3893/18
f 2459/3901/18 2439/3902/18 3015/3893/18
f 2439/3902/18 2438/3903/18 3015/3893/18
f 2438/3903/18 2441/3904/18 3015/3893/18
f 2441/3904/18 2461/3905/18 3015/3893/18
f 2461/3905/18 2463/3906/18 3015/3893/18
f 2463/3906/18 2465/3907/18 3015/3893/18
f 2465/3907/18 2467/3908/18 3015/3893/18
f 2467/3908/18 2469/3909/18 3015/3893/18
f 2469/3909/18 2471/3910/18 3015/3893/18
f 2471/3910/18 2473/3911/18 3015/3893/18
f 2473/3911/18 2475/3891/18 3015/3893/18
f 2443/3912/97 2476/3913/97 3016/3914/97
f 2476/3913/97 2474/3915/97 3016/3914/97
f 2474/3915/97 2472/3916/97 3016/3914/97
f 2472/3916/97 2470/3917/97 3016/3914/97
f 2470/3917/97 2468/3918/97 3016/3914/97
f 2468/3918/97 2466/3919/97 3016/3914/97
f 2466/3919/97 2464/3920/97 3016/3914/97
f 2464/3920/97 2462/3921/97 3016/3914/97
f 2462/3921/97 2442/3922/97 3016/3914/97
f 2442/3922/97 2440/3923/97 3016/3914/97
f 2440/3923/97 2437/3924/97 3016/3914/97
f 2437/3924/97 2460/3925/97 3016/3914/97
f 2460/3925/97 2458/3926/97 3016/3914/97
f 2458/3926/97 2456/3927/97 3016/3914/97
f 2456/3927/97 2454/3928/97 3016/3914/97
f 2454/3928/97 2452/3929/97 3016/3914/97
f 2452/3929/97 2450/3930/97 3016/3914/97
f 2450/3930/97 2448/3931/97 3016/3914/97
f 2448/3931/97 2446/3932/97 3016/3914/97
f 2446/3932/97 2443/3912/97 3016/3914/97
f 2503/3933/456 2505/3934/456 3017/3935/456
f 2505/3934/456 2507/3936/456 3017/3935/456
f 2507/3936/456 2509/3937/456 3017/3935/456
f 2509/3937/456 2511/3938/456 3017/3935/456
f 2511/3938/456 2513/3939/456 3017/3935/456
f 2513/3939/456 2515/3940/456 3017/3935/456
f 2515/3940/456 2517/3941/456 3017/3935/456
f 2517/3941/456 2519/3942/456 3017/3935/456
f 2519/3942/456 2499/3943/456 3017/3935/456
f 2499/3943/456 2498/3944/456 3017/3935/456
f 2498/3944/456 2501/3945/456 3017/3935/456
f 2501/3945/456 2503/3933/456 3017/3935/456
f 2506/3946/448 2504/3947/448 3018/3948/448
f 2504/3947/448 2502/3949/448 3018/3948/448
f 2502/3949/448 2500/3950/448 3018/3948/448
f 2500/3950/448 2497/3951/448 3018/3948/448
f 2497/3951/448 2520/3952/448 3018/3948/448
f 2520/3952/448 2518/3953/448 3018/3948/448
f 2518/3953/448 2516/3954/448 3018/3948/448
f 2516/3954/448 2514/3955/448 3018/3948/448
f 2514/3955/448 2512/3956/448 3018/3948/448
f 2512/3956/448 2510/3957/448 3018/3948/448
f 2510/3957/448 2508/3958/448 3018/3948/448
f 2508/3958/448 2506/3946/448 3018/3948/448
f 2522/3959/456 2540/3960/456 3019/3961/456
f 2540/3960/456 2538/3962/456 3019/3961/456
f 2538/3962/456 2536/3963/456 3019/3961/456
f 2536/3963/456 2534/3964/456 3019/3961/456
f 2534/3964/456 2532/3965/456 3019/3961/456
f 2532/3965/456 2530/3966/456 3019/3961/456
f 2530/3966/456 2528/3967/456 3019/3961/456
f 2528/3967/456 2526/3968/456 3019/3961/456
f 2526/3968/456 2523/3969/456 3019/3961/456
f 2523/3969/456 2522/3959/456 3019/3961/456
f 2559/3970/448 2544/3971/448 3020/3972/448
f 2544/3971/448 2541/3973/448 3020/3972/448
f 2541/3973/448 2545/3974/448 3020/3972/448
f 2545/3974/448 2547/3975/448 3020/3972/448
f 2547/3975/448 2549/3976/448 3020/3972/448
f 2549/3976/448 2551/3977/448 3020/3972/448
f 2551/3977/448 2553/3978/448 3020/3972/448
f 2553/3978/448 2555/3979/448 3020/3972/448
f 2555/3979/448 2557/3980/448 3020/3972/448
f 2557/3980/448 2559/3970/448 3020/3972/448
f 2053/3981/18 2056/3982/1684 3021/3983/18
f 2056/3982/1684 2061/3984/18 3021/3983/18
f 2061/3984/18 2060/3985/682 3021/3983/18
f 2060/3985/682 2059/3986/18 3021/3983/18
f 2059/3986/18 2058/3987/1684 3021/3983/18
f 2058/3987/1684 2057/3988/18 3021/3983/18
f 2057/3988/18 2054/3989/18 3021/3983/18
f 2054/3989/18 2053/3981/18 3021/3983/18
f 2576/3990/18 2563/3991/18 3022/3992/18
f 2563/3991/18 2562/3993/1685 3022/3992/18
f 2562/3993/1685 2566/3994/18 3022/3992/18
f 2566/3994/18 2567/3995/18 3022/3992/18
f 2567/3995/18 2570/3996/18 3022/3992/18
f 2570/3996/18 2571/3997/682 3022/3992/18
f 2571/3997/682 2573/3998/682 3022/3992/18
f 2573/3998/682 2576/3990/18 3022/3992/18
f 2582/3280/208 2580/3293/208 2577/3281/208
f 2582/3280/208 2603/3294/208 2580/3293/208
f 2582/3280/208 2604/3295/208 2603/3294/208
f 2582/3280/208 2585/3284/208 2604/3295/208
f 2586/3285/208 2604/3295/208 2585/3284/208
f 2586/3285/208 2605/3296/154 2604/3295/208
f 2586/3285/208 2606/3297/154 2605/3296/154
f 2586/3285/208 2588/3287/208 2606/3297/154
f 2588/3287/208 2607/3298/208 2606/3297/154
f 2588/3287/208 2590/3289/208 2607/3298/208
f 2593/3292/208 2607/3298/208 2590/3289/208
f 2593/3292/208 2608/3299/208 2607/3298/208
f 2931/3999/97 2934/3745/97 2933/4000/97
f 2931/3999/97 2937/3748/97 2934/3745/97
f 2917/3724/97 2937/3748/97 2931/3999/97
f 2917/3724/97 2931/3999/97 2921/3728/97
f 2918/3725/97 2917/3724/97 2921/3728/97
f 2918/3725/97 2915/3722/97 2917/3724/97
f 2927/4001/97 2915/3722/97 2918/3725/97
f 2927/4001/97 2925/4002/97 2915/3722/97
f 3023/4003/18 2911/3714/18 3024/4004/18
f 3023/4003/18 2908/3711/18 2911/3714/18
f 3023/4003/18 2892/3691/18 2908/3711/18
f 3023/4003/18 2897/3696/18 2892/3691/18
f 2899/3698/18 2892/3691/18 2897/3696/18
f 2899/3698/18 2895/3694/18 2892/3691/18
f 2906/4005/18 2895/3694/18 2899/3698/18
f 2906/4005/18 2900/4006/18 2895/3694/18
f 2912/4007/1686 3024/4008/1175 2913/4009/1175
f 2912/4007/1686 3023/4010/1686 3024/4008/1175
f 2898/3697/1617 3023/4010/1686 2912/4007/1686
f 2898/3697/1617 2897/3696/1617 3023/4010/1686
f 2885/4011/154 2882/4012/154 2886/4013/154
f 2885/4011/154 2880/4014/154 2882/4012/154
f 2874/3662/154 2880/4014/154 2885/4011/154
f 2874/3662/154 2885/4011/154 2878/4015/154
f 2877/4016/154 2874/3662/154 2878/4015/154
f 2877/4016/154 2872/3660/154 2874/3662/154
f 2888/4017/154 2872/3660/154 2877/4016/154
f 2888/4017/154 2891/3679/154 2872/3660/154
f 2962/3290/1687 2615/3292/1688 2961/3291/1689
f 2962/3290/1687 2614/3289/1690 2615/3292/1688
f 2963/3288/1691 2614/3289/1690 2962/3290/1687
f 2963/3288/1691 2613/3287/1692 2614/3289/1690
f 2964/3286/1693 2613/3287/1692 2963/3288/1691
f 2964/3286/1693 2612/3285/1694 2613/3287/1692
f 2965/3283/1695 2612/3285/1694 2964/3286/1693
f 2965/3283/1695 2611/3284/1696 2612/3285/1694
f 2966/3282/1697 2611/3284/1696 2965/3283/1695
f 2966/3282/1697 2609/3280/1698 2611/3284/1696
f 1909/3279/1506 2609/3280/1698 2966/3282/1697
f 1909/3279/1506 2610/3281/1505 2609/3280/1698
f 3025/4018/1699 2190/4019/1311 2189/4020/1310
f 3025/4018/1699 3026/4021/1700 2190/4019/1311
f 3027/4022/1701 3026/4021/1700 3025/4018/1699
f 3027/4022/1701 3028/4023/1167 3026/4021/1700
f 3029/4024/1702 3028/4023/1167 3027/4022/1701
f 3029/4024/1702 3030/4025/1703 3028/4023/1167
f 3031/4026/1318 3030/4025/1703 3029/4024/1702
f 3031/4026/1318 3032/4027/6 3030/4025/1703
f 3031/4026/1318 3033/4028/1262 3032/4027/6
f 3031/4026/1318 3034/4029/1262 3033/4028/1262
f 3034/4029/1262 3035/4030/1630 3033/4028/1262
f 3034/4029/1262 3036/4031/1630 3035/4030/1630
f 3036/4031/1630 3037/4032/1704 3035/4030/1630
f 3036/4031/1630 3038/4033/1705 3037/4032/1704
f 3038/4033/1705 3039/4034/1706 3037/4032/1704
f 3038/4033/1705 3040/4035/1707 3039/4034/1706
f 3040/4035/1707 2163/2818/1288 3039/4034/1706
f 3040/4035/1707 3041/4036/1708 2163/2818/1288
f 2163/2818/1288 3041/4036/1708 1955/2819/1289
f 3041/4036/1708 3042/4037/1709 1955/2819/1289
f 3042/4037/1709 1935/4038/1710 1955/2819/1289
f 2165/4039/154 3043/4040/154 2164/4041/154
f 2164/4041/154 3043/4040/154 2163/4042/154
f 2163/4042/154 3043/4040/154 3039/4043/154
f 3039/4043/154 3043/4040/154 3037/4044/154
f 3037/4044/154 3043/4040/154 3035/4045/154
f 3035/4045/154 3043/4040/154 3033/4046/154
f 3033/4046/154 3043/4040/154 3032/4047/154
f 3032/4047/154 3043/4040/154 3030/4048/154
f 3030/4048/154 3043/4040/154 3028/4049/154
f 3028/4049/154 3043/4040/154 3026/4050/154
f 3026/4050/154 3043/4040/154 2190/4051/154
f 2190/4051/154 3043/4040/154 2187/4052/154
f 2187/4052/154 3043/4040/154 2186/4053/154
f 2186/4053/154 3043/4040/154 2184/4054/154
f 2184/4054/154 3043/4040/154 2183/4055/154
f 2183/4055/154 3043/4040/154 2180/4056/154
f 2180/4056/154 3043/4040/154 2178/4057/154
f 2178/4057/154 3043/4040/154 2177/4058/154
f 2177/4058/154 3043/4040/154 2174/4059/154
f 2174/4059/154 3043/4040/154 2172/4060/154
f 2172/4060/154 3043/4040/154 2170/4061/154
f 2170/4061/154 3043/4040/154 2169/4062/154
f 2169/4062/154 3043/4040/154 2166/4063/154
f 2166/4063/154 3043/4040/154 2165/4039/154
f 1924/2520/4 1916/2509/4 1925/2521/4
f 1924/2520/4 1914/2507/4 1916/2509/4
f 1929/2529/4 1914/2507/4 1924/2520/4
f 1929/2529/4 1927/2525/4 1914/2507/4
f 3044/4064/18 2870/4065/18 2871/4066/18
f 3044/4064/18 3045/4067/18 2870/4065/18
f 3044/4064/18 2863/4068/18 3045/4067/18
f 3044/4064/18 3046/4069/18 2863/4068/18
f 2857/3637/18 2863/4068/18 3046/4069/18
f 2857/3637/18 2862/4070/18 2863/4068/18
f 2856/4071/18 2862/4070/18 2857/3637/18
f 2856/4071/18 2860/4072/18 2862/4070/18
f 2863/3645/1711 2864/3646/1712 2867/4073/1623
f 2863/3645/1711 2867/4073/1623 3045/4074/1623
f 2868/3658/1160 3045/4074/1623 2867/4073/1623
f 2868/3658/1160 2870/3657/1160 3045/4074/1623
f 1923/2518/154 1918/2511/154 1919/2513/154
f 1923/2518/154 1919/2513/154 1921/2516/154
f 1919/2513/154 2617/3300/154 1921/2516/154
f 1919/2513/154 2618/3303/154 2617/3300/154
f 2866/4075/1713 2871/4076/10 2869/4077/10
f 2866/4075/1713 3044/4078/1714 2871/4076/10
f 2865/3651/1715 3044/4078/1714 2866/4075/1713
f 2865/3651/1715 3046/4069/1715 3044/4078/1714
f 2832/4079/97 2835/3603/97 2834/4080/97
f 2832/4079/97 2838/3606/97 2835/3603/97
f 2818/3582/97 2838/3606/97 2832/4079/97
f 2818/3582/97 2832/4079/97 2822/4081/97
f 2819/4082/97 2818/3582/97 2822/4081/97
f 2819/4082/97 2816/3580/97 2818/3582/97
f 2828/4083/97 2816/3580/97 2819/4082/97
f 2828/4083/97 2826/4084/97 2816/3580/97
f 2809/4085/4 2804/4086/4 2807/4087/4
f 2809/4085/4 2805/4088/4 2804/4086/4
f 2809/4085/4 2796/3548/4 2805/4088/4
f 2809/4085/4 2799/4089/4 2796/3548/4
f 2799/4089/4 2797/3549/4 2796/3548/4
f 2799/4089/4 2801/4090/4 2797/3549/4
f 2812/4091/4 2797/3549/4 2801/4090/4
f 2812/4091/4 2813/4092/4 2797/3549/4
f 2643/4093/1256 3047/4094/1716 2644/4095/4
f 2643/4093/1256 3048/4096/1717 3047/4094/1716
f 2653/4097/1526 3048/4096/1717 2643/4093/1256
f 2653/4097/1526 3049/4098/1718 3048/4096/1717
f 3050/4099/1719 3049/4098/1718 2653/4097/1526
f 3050/4099/1719 2653/4097/1526 2654/4100/1527
f 2788/4101/97 2791/4102/97 2790/4103/97
f 2788/4101/97 2794/4104/97 2791/4102/97
f 2784/4105/97 2794/4104/97 2788/4101/97
f 2784/4105/97 2788/4101/97 2786/3528/97
f 2775/3515/97 2784/4105/97 2786/3528/97
f 2775/3515/97 2780/4106/97 2784/4105/97
f 2777/4107/97 2780/4106/97 2775/3515/97
f 2777/4107/97 2781/4108/97 2780/4106/97
f 2687/4109/154 2691/3406/154 2690/3405/154
f 2687/4109/154 2697/3412/154 2691/3406/154
f 2687/4109/154 2695/3410/154 2697/3412/154
f 2687/4109/154 2694/4110/154 2695/3410/154
f 2659/4111/9 2656/3353/9 2658/3355/9
f 2659/4111/9 2658/3355/9 2668/4112/9
f 2658/3355/9 2670/4113/9 2668/4112/9
f 2658/3355/9 2669/4114/9 2670/4113/9
f 2672/4115/154 2677/3382/154 2675/3380/154
f 2672/4115/154 2685/3390/154 2677/3382/154
f 2672/4115/154 2682/3387/154 2685/3390/154
f 2672/4115/154 2674/4116/154 2682/3387/154
f 2680/4117/154 2682/3387/154 2674/4116/154
f 2680/4117/154 2683/3388/154 2682/3387/154
f 2664/4118/154 2665/3364/154 2662/3361/154
f 2664/4118/154 2670/4113/154 2665/3364/154
f 2664/4118/154 2668/4112/154 2670/4113/154
f 2664/4118/154 2667/4119/154 2668/4112/154
f 3040/7413/1707 3038/7414/1705 5500/7414/4060 5501/7413/4061
f 2162/7415/1286 2155/7416/1284 5497/7416/4062 5496/7415/4063
f 2155/2807/1284 1934/2806/1283 5499/2806/4064 5497/2807/4062
f 2168/7417/1293 2167/7418/1292 5495/7418/4065 5494/7417/4066
f 1935/4038/1710 3042/4037/1709 5503/4037/4067 5498/4038/4068
f 3042/7419/1709 3041/7420/1708 5502/7420/4069 5503/7419/4067
f 3041/7420/1708 3040/7413/1707 5501/7413/4061 5502/7420/4069
f 2167/7418/1292 2162/7415/1286 5496/7415/4063 5495/7418/4065
f 2188/7421/1309 2113/7422/1312 5504/7422/4070 5509/7421/4071
f 2182/7423/1301 2181/7424/1300 5506/7424/4072 5507/7423/4073
f 3025/7425/1699 2189/7426/1310 5510/7426/4074 5511/7425/4075
f 2189/7427/1310 2188/7421/1309 5509/7421/4071 5510/7427/4074
f 2134/7428/1306 2185/7429/1304 5508/7429/4076 5505/7428/4077
f 2185/7429/1304 2182/7423/1301 5507/7423/4073 5508/7429/4076
f 2113/7430/1312 2134/7431/1306 5505/7431/4077 5504/7430/4070
s 0
f 5555/7659/4157 5559/7660/4157 5792/7660/4157 5788/7659/4157
f 5575/7661/4158 5585/7662/4158 5818/7662/4158 5808/7661/4158
f 5515/7663/4159 5517/7664/4159 5750/7664/4159 5748/7663/4159
f 5518/7665/4160 5519/7666/4160 5752/7666/4160 5751/7665/4160
f 5580/7667/4161 5570/7668/4161 5803/7668/4161 5813/7667/4161
f 5554/7669/4160 5560/7670/4160 5793/7670/4160 5787/7669/4160
f 5519/7666/4160 5520/7671/4160 5753/7671/4160 5752/7666/4160
f 5560/7670/4160 5561/7672/4160 5794/7672/4160 5793/7670/4160
f 5520/7671/4160 5521/7673/4160 5754/7673/4160 5753/7671/4160
f 5561/7672/4160 5562/7674/4160 5795/7674/4160 5794/7672/4160
f 5521/7673/4160 5522/7675/4160 5755/7675/4160 5754/7673/4160
f 5529/7676/4157 5553/7677/4157 5786/7677/4157 5762/7676/4157
f 5562/7674/4160 5563/7678/4160 5796/7678/4160 5795/7674/4160
f 5564/7679/4162 5580/7667/4162 5813/7667/4162 5797/7679/4162
f 5522/7675/4160 5523/7680/4160 5756/7680/4160 5755/7675/4160
f 5569/7681/4163 5555/7659/4163 5788/7659/4163 5802/7681/4163
f 5541/7682/4164 5535/7683/4164 5768/7683/4164 5774/7682/4164
f 5563/7678/4160 5564/7679/4160 5797/7679/4160 5796/7678/4160
f 5513/7684/4163 5524/7685/4163 5757/7685/4163 5746/7684/4163
f 5558/7686/4165 5554/7669/4165 5787/7669/4165 5791/7686/4165
f 5585/7662/4166 5565/7687/4166 5798/7687/4166 5818/7662/4166
f 5565/7687/4163 5566/7688/4163 5799/7688/4163 5798/7687/4163
f 5553/7677/4167 5541/7682/4167 5774/7682/4167 5786/7677/4167
f 5524/7685/4163 5525/7689/4163 5758/7689/4163 5757/7685/4163
f 5557/7690/4164 5556/7691/4164 5789/7691/4164 5790/7690/4164
f 5566/7688/4163 5567/7692/4163 5800/7692/4163 5799/7688/4163
f 5525/7689/4163 5526/7693/4163 5759/7693/4163 5758/7689/4163
f 5523/7680/4160 5512/7694/4160 5745/7694/4160 5756/7680/4160
f 5567/7692/4163 5568/7695/4163 5801/7695/4163 5800/7692/4163
f 5526/7693/4163 5527/7696/4163 5760/7696/4163 5759/7693/4163
f 5559/7660/4167 5557/7690/4167 5790/7690/4167 5792/7660/4167
f 5517/7664/4166 5513/7684/4166 5746/7684/4166 5750/7664/4166
f 5568/7695/4163 5569/7681/4163 5802/7681/4163 5801/7695/4163
f 5570/7668/4168 5575/7661/4168 5808/7661/4168 5803/7668/4168
f 5527/7696/4163 5528/7697/4163 5761/7697/4163 5760/7696/4163
f 5516/7698/4169 5514/7699/4169 5747/7699/4169 5749/7698/4169
f 5528/7697/4163 5529/7676/4163 5762/7676/4163 5761/7697/4163
f 5556/7691/4170 5558/7686/4170 5791/7686/4170 5789/7691/4170
f 5514/7699/4168 5515/7663/4168 5748/7663/4168 5747/7699/4168
f 5535/7683/4171 5547/7700/4171 5780/7700/4171 5768/7683/4171
f 5512/7694/4162 5516/7698/4162 5749/7698/4162 5745/7694/4162
f 5547/7700/4165 5518/7665/4165 5751/7665/4165 5780/7700/4165
s 1
usemtl models/npcs/turret/turret_casing.001
f 3051/4120/1720 3052/4121/1720 3053/4122/1720
f 3054/4123/318 3051/4120/1721 3055/4124/318
f 3055/4124/318 3056/4125/1722 3054/4123/318
f 3055/4124/318 3057/4126/318 3056/4125/1723
f 3055/4124/318 3058/4127/1720 3057/4126/318
f 3051/4120/1721 3058/4127/1720 3055/4124/318
f 3051/4120/1721 3053/4122/1720 3058/4127/1720
f 3059/4128/1724 3060/4129/1725 3061/4130/1726
f 3059/4128/1724 3061/4130/1726 3062/4131/1727
f 3063/4132/1728 3062/4131/1727 3061/4130/1726
f 3063/4132/1728 3064/4133/1726 3062/4131/1727
f 3065/4134/1729 3066/4135/1730 3060/4129/1725
f 3065/4134/1729 3060/4129/1725 3059/4128/1724
f 3059/4128/1724 3067/4136/1731 3065/4134/1729
f 3059/4128/1724 3068/4137/1732 3067/4136/1731
f 3062/4131/1727 3068/4137/1732 3059/4128/1724
f 3062/4131/1727 3069/4138/1733 3068/4137/1732
f 3064/4133/1726 3069/4138/1733 3062/4131/1727
f 3064/4133/1726 3070/4139/1734 3069/4138/1733
f 3071/4140/1735 3069/4138/1733 3070/4139/1734
f 3071/4140/1736 3070/4139/1734 3072/4141/1736
f 3073/4142/1737 3069/4138/1733 3071/4140/1737
f 3073/4142/1737 3068/4137/1732 3069/4138/1733
f 3074/4143/1738 3068/4137/1739 3073/4142/1738
f 3074/4143/1740 3067/4136/1731 3068/4137/1732
f 3075/4144/1741 3076/4145/1742 3077/4146/1743
f 3067/4136/1731 3077/4146/1743 3076/4145/1742
f 3067/4136/1731 3076/4145/1742 3065/4134/1744
f 3074/4143/1745 3077/4146/1743 3067/4136/1731
f 3074/4143/1745 3078/4147/1745 3077/4146/1743
f 3078/4147/1746 3079/4148/1747 3080/4149/1748
f 3078/4147/1746 3080/4149/1748 3077/4146/1743
f 3075/4144/1741 3077/4146/1743 3080/4149/1748
f 3080/4149/1748 3081/4150/1749 3075/4144/1741
f 3075/4144/1741 3081/4150/1749 3082/4151/1750
f 3075/4144/1741 3082/4151/1750 3083/4152/1749
f 3076/4145/1742 3075/4144/1741 3083/4152/1749
f 3076/4145/1742 3083/4152/1749 3084/4153/1751
f 3084/4153/1751 3065/4134/1744 3076/4145/1742
f 3084/4153/1751 3066/4135/1752 3065/4134/1744
f 3080/4149/1748 3085/4154/1753 3081/4150/1749
f 3079/4148/1754 3085/4154/1753 3080/4149/1748
f 3079/4148/1754 3086/4155/1755 3085/4154/1753
f 3087/4156/1756 3088/4157/1757 3089/4158/1758
f 3087/4156/1756 3090/4159/1759 3088/4157/1757
f 3091/4160/1760 3092/4161/1760 3093/4162/1760
f 3091/4160/1761 3094/4163/1762 3092/4161/1761
f 3095/4164/1763 3096/4165/1764 3097/4166/1754
f 3095/4164/1763 3098/4167/1763 3096/4165/1764
f 3096/4165/1764 3099/4168/1765 3100/4169/1766
f 3096/4165/1767 3098/4167/1765 3099/4168/1765
f 3097/4166/1754 3090/4159/1748 3095/4164/1748
f 3097/4166/1754 3088/4157/1748 3090/4159/1748
f 3101/4170/1768 3099/4168/1769 3102/4171/1769
f 3101/4170/1768 3100/4169/1766 3099/4168/1769
f 3101/4170/1770 3103/4172/1771 3104/4173/1735
f 3101/4170/1772 3102/4171/1773 3103/4172/1773
f 3104/4173/1735 3093/4162/1733 3092/4161/1733
f 3104/4173/1736 3103/4172/1733 3093/4162/1733
f 3089/4174/1774 3091/4175/1774 3087/4176/1774
f 3089/4174/1774 3094/4177/1774 3091/4175/1774
f 3105/4178/1775 3106/4179/1775 3107/4180/1775
f 3105/4178/1775 3108/4181/1775 3106/4179/1775
f 3108/4181/1775 3109/4182/1775 3106/4179/1775
f 3108/4181/1775 3110/4183/1775 3109/4182/1775
f 3110/4183/1775 3111/4184/1775 3109/4182/1775
f 3112/4185/1776 3113/4186/1777 3114/4187/1778
f 3112/4185/1776 3115/4188/1779 3113/4186/1777
f 3115/4188/1779 3116/4189/1780 3113/4186/1777
f 3115/4188/1779 3117/4190/1781 3116/4189/1780
f 3117/4190/1781 3118/4191/1782 3116/4189/1780
f 3117/4190/1781 3119/4192/1783 3118/4191/1782
f 3120/4193/1784 3115/4188/1779 3112/4185/1776
f 3120/4193/1784 3121/4194/1785 3115/4188/1779
f 3117/4190/1781 3115/4188/1779 3121/4194/1785
f 3117/4190/1781 3121/4194/1785 3122/4195/1786
f 3122/4195/1786 3119/4192/1783 3117/4190/1781
f 3122/4195/1786 3123/4196/1787 3119/4192/1783
f 3124/4197/1788 3119/4192/1783 3123/4196/1787
f 3119/4192/1783 3124/4197/1788 3125/4198/1789
f 3119/4192/1783 3125/4198/1789 3118/4191/1782
f 3118/4191/1782 3125/4198/1789 3126/4199/1790
f 3118/4191/1782 3126/4199/1791 3127/4200/1792
f 3116/4189/1780 3118/4191/1782 3127/4200/1792
f 3116/4189/1780 3127/4200/1792 3128/4201/1793
f 3128/4201/1793 3113/4186/1777 3116/4189/1780
f 3128/4201/1793 3129/4202/1794 3113/4186/1777
f 3129/4202/1794 3114/4187/1778 3113/4186/1777
f 3129/4202/1794 3130/4203/1795 3114/4187/1778
f 3124/4197/1788 3123/4196/1787 3131/4204/1787
f 3132/4205/1796 3133/4206/1796 3134/4207/1796
f 3132/4205/1797 3134/4207/1796 3135/4208/1798
f 3135/4208/1798 3136/4209/1799 3132/4205/1797
f 3135/4208/1798 3137/4210/1799 3136/4209/1799
f 3138/4211/1800 3136/4209/1799 3137/4210/1799
f 3138/4211/1800 3139/4212/1800 3136/4209/1799
f 3139/4212/1800 3138/4211/1800 3105/4178/1801
f 3139/4212/1800 3105/4178/1801 3107/4180/1801
f 3140/4213/1802 3086/4155/1803 3141/4214/1803
f 3140/4213/1802 3085/4154/1802 3086/4155/1803
f 3142/4215/1802 3085/4154/1802 3140/4213/1802
f 3142/4215/1802 3081/4150/1802 3085/4154/1802
f 3143/4216/1804 3081/4150/1802 3142/4215/1802
f 3143/4216/1804 3082/4151/1805 3081/4150/1802
f 3143/4216/1804 3083/4152/1806 3082/4151/1805
f 3143/4216/1804 3144/4217/1807 3083/4152/1806
f 3144/4217/1807 3084/4153/1808 3083/4152/1806
f 3144/4217/1807 3145/4218/1808 3084/4153/1808
f 3145/4218/1808 3066/4135/1809 3084/4153/1808
f 3145/4218/1808 3146/4219/1810 3066/4135/1809
f 3135/4220/1811 3134/4221/1811 3131/4204/1811
f 3135/4220/1811 3131/4204/1811 3123/4196/1811
f 3137/4222/1811 3135/4220/1811 3123/4196/1811
f 3137/4222/1811 3123/4196/1811 3122/4195/1811
f 3121/4194/1811 3137/4222/1811 3122/4195/1811
f 3121/4194/1811 3138/4223/1811 3137/4222/1811
f 3120/4193/1811 3138/4223/1811 3121/4194/1811
f 3120/4193/1811 3105/4224/1811 3138/4223/1811
f 3120/4193/1811 3108/4225/1812 3105/4224/1811
f 3120/4193/1811 3112/4185/1813 3108/4225/1812
f 3112/4185/1813 3110/4226/1814 3108/4225/1812
f 3112/4185/1813 3114/4187/1814 3110/4226/1814
f 3114/4187/1814 3111/4227/1815 3110/4226/1814
f 3114/4187/1814 3130/4203/1815 3111/4227/1815
f 3147/4228/1816 3148/4229/1816 3149/4230/1816
f 3150/4231/1816 3148/4229/1816 3147/4228/1816
f 3150/4231/1816 3151/4232/1816 3148/4229/1816
f 3152/4233/1816 3151/4232/1816 3150/4231/1816
f 3152/4233/1816 3150/4231/1816 3153/4234/1816
f 3154/4235/1817 3155/4236/1817 3156/4237/1817
f 3154/4235/1817 3156/4237/1817 3157/4238/1818
f 3157/4238/1818 3158/4239/1817 3154/4235/1817
f 3157/4238/1818 3159/4240/1817 3158/4239/1817
f 3160/4241/1817 3158/4239/1817 3159/4240/1817
f 3160/4241/1817 3161/4242/1817 3158/4239/1817
f 3162/4243/1819 3161/4242/1817 3160/4241/1817
f 3162/4243/1819 3152/4244/1820 3161/4242/1817
f 3162/4243/1819 3151/4245/1821 3152/4244/1820
f 3162/4243/1819 3163/4246/1822 3151/4245/1821
f 3148/4247/1823 3151/4245/1821 3163/4246/1822
f 3148/4247/1823 3163/4246/1822 3164/4248/1823
f 3149/4249/1824 3148/4247/1823 3164/4248/1823
f 3149/4249/1824 3164/4248/1823 3165/4250/1824
f 3166/4251/1825 3167/4252/1826 3168/4253/1827
f 3166/4251/1825 3169/4254/1826 3167/4252/1826
f 3169/4254/1826 3166/4251/1825 3170/4255/1828
f 3169/4254/1826 3170/4255/1828 3171/4256/1829
f 3172/4257/1830 3168/4253/1827 3173/4258/1831
f 3172/4257/1830 3166/4251/1825 3168/4253/1827
f 3174/4259/1832 3166/4251/1825 3172/4257/1830
f 3174/4259/1832 3170/4255/1828 3166/4251/1825
f 3175/4260/1833 3170/4255/1828 3174/4259/1832
f 3175/4260/1833 3176/4261/1834 3170/4255/1828
f 3176/4261/1834 3171/4256/1829 3170/4255/1828
f 3176/4261/1834 3177/4262/1835 3171/4256/1829
f 3178/4263/1836 3173/4258/1831 3165/4264/1837
f 3178/4263/1836 3172/4257/1830 3173/4258/1831
f 3179/4265/1838 3172/4257/1830 3178/4263/1836
f 3179/4265/1838 3174/4259/1832 3172/4257/1830
f 3180/4266/1839 3174/4259/1832 3179/4265/1838
f 3180/4266/1839 3175/4260/1833 3174/4259/1832
f 3175/4260/1833 3180/4266/1839 3181/4267/1839
f 3175/4260/1833 3181/4267/1839 3182/4268/1840
f 3176/4261/1834 3175/4260/1833 3182/4268/1840
f 3176/4261/1834 3182/4268/1840 3183/4269/1834
f 3183/4269/1834 3177/4262/1835 3176/4261/1834
f 3183/4269/1834 3184/4270/1841 3177/4262/1835
f 3185/4271/1842 3133/4272/1842 3132/4273/1843
f 3185/4271/1842 3132/4273/1843 3186/4274/1842
f 3186/4274/1842 3132/4273/1843 3136/4275/1842
f 3186/4274/1842 3136/4275/1842 3187/4276/1842
f 3136/4275/1842 3188/4277/1842 3187/4276/1842
f 3136/4275/1842 3139/4278/1842 3188/4277/1842
f 3139/4278/1842 3189/4279/1844 3188/4277/1842
f 3139/4278/1842 3107/4280/1845 3189/4279/1844
f 3106/4281/1846 3189/4279/1844 3107/4280/1845
f 3106/4281/1846 3190/4282/1847 3189/4279/1844
f 3190/4282/1847 3106/4281/1846 3109/4283/1848
f 3190/4282/1847 3109/4283/1848 3191/4284/1848
f 3111/4285/1849 3191/4284/1848 3109/4283/1848
f 3111/4285/1849 3130/4286/1849 3191/4284/1848
f 3192/4287/1850 3193/4288/1851 3194/4289/1852
f 3192/4287/1850 3195/4290/1853 3193/4288/1851
f 3196/4291/1854 3195/4290/1853 3192/4287/1850
f 3196/4291/1854 3197/4292/1855 3195/4290/1853
f 3128/4293/1856 3195/4290/1853 3197/4292/1855
f 3128/4293/1856 3197/4292/1855 3129/4294/1857
f 3195/4290/1853 3128/4293/1856 3127/4295/1858
f 3195/4290/1853 3127/4295/1858 3193/4288/1851
f 3126/4296/1858 3193/4288/1851 3127/4295/1858
f 3126/4296/1858 3198/4297/1859 3193/4288/1851
f 3198/4297/1859 3194/4289/1852 3193/4288/1851
f 3198/4297/1859 3199/4298/1860 3194/4289/1852
f 3186/4274/1861 3194/4289/1852 3199/4298/1860
f 3194/4289/1852 3186/4274/1861 3187/4276/1862
f 3194/4289/1852 3187/4276/1862 3192/4287/1850
f 3192/4287/1850 3187/4276/1862 3188/4277/1863
f 3192/4287/1850 3188/4277/1863 3196/4291/1854
f 3196/4291/1854 3188/4277/1863 3189/4279/1863
f 3196/4291/1854 3189/4279/1863 3190/4282/1864
f 3190/4282/1864 3197/4292/1855 3196/4291/1854
f 3190/4282/1864 3191/4284/1865 3197/4292/1855
f 3129/4294/1857 3197/4292/1855 3191/4284/1865
f 3129/4294/1857 3191/4284/1865 3130/4286/1866
f 3186/4274/1861 3199/4298/1860 3185/4271/1861
f 3161/4299/1867 3152/4233/1868 3153/4234/1868
f 3161/4299/1867 3153/4234/1868 3200/4300/1867
f 3200/4300/1867 3158/4301/1869 3161/4299/1867
f 3200/4300/1867 3201/4302/1869 3158/4301/1869
f 3158/4301/1869 3201/4302/1869 3202/4303/1870
f 3158/4301/1869 3202/4303/1870 3154/4304/1870
f 3154/4304/1870 3202/4303/1870 3203/4305/1870
f 3154/4304/1870 3203/4305/1870 3155/4306/1870
f 3164/4248/1871 3178/4307/1872 3165/4250/1873
f 3164/4248/1871 3204/4308/1874 3178/4307/1872
f 3163/4246/1875 3204/4308/1874 3164/4248/1871
f 3163/4246/1875 3205/4309/1876 3204/4308/1874
f 3205/4309/1876 3163/4246/1875 3162/4243/1877
f 3205/4309/1876 3162/4243/1877 3160/4241/1878
f 3206/4310/1879 3205/4309/1876 3160/4241/1878
f 3206/4310/1879 3160/4241/1878 3159/4240/1880
f 3207/4311/1881 3206/4310/1879 3159/4240/1880
f 3207/4311/1881 3159/4240/1880 3157/4238/1882
f 3157/4238/1882 3208/4312/1883 3207/4311/1881
f 3157/4238/1882 3156/4237/1884 3208/4312/1883
f 3207/4311/1881 3208/4312/1883 3209/4313/1885
f 3207/4311/1881 3209/4313/1885 3210/4314/1886
f 3206/4310/1879 3207/4311/1881 3210/4314/1886
f 3206/4310/1879 3210/4314/1886 3211/4315/1887
f 3205/4309/1876 3206/4310/1879 3211/4315/1887
f 3205/4309/1876 3211/4315/1887 3204/4308/1874
f 3179/4316/1888 3204/4308/1874 3211/4315/1887
f 3179/4316/1888 3178/4307/1872 3204/4308/1874
f 3211/4315/1887 3180/4317/1889 3179/4316/1888
f 3211/4315/1887 3210/4314/1886 3180/4317/1889
f 3210/4314/1886 3181/4318/1890 3180/4317/1889
f 3210/4314/1886 3209/4313/1885 3181/4318/1890
f 3173/4258/1891 3149/4319/1892 3165/4264/1892
f 3173/4258/1891 3147/4320/1893 3149/4319/1892
f 3168/4253/1894 3147/4320/1893 3173/4258/1891
f 3168/4253/1894 3150/4321/1895 3147/4320/1893
f 3167/4252/1896 3150/4321/1895 3168/4253/1894
f 3167/4252/1896 3153/4322/1896 3150/4321/1895
f 3167/4252/1896 3200/4323/1897 3153/4322/1896
f 3167/4252/1896 3169/4254/1897 3200/4323/1897
f 3169/4254/1897 3201/4324/1897 3200/4323/1897
f 3169/4254/1897 3171/4256/1897 3201/4324/1897
f 3177/4262/1897 3201/4324/1897 3171/4256/1897
f 3177/4262/1897 3202/4325/1897 3201/4324/1897
f 3184/4270/1897 3202/4325/1897 3177/4262/1897
f 3184/4270/1897 3203/4326/1897 3202/4325/1897
f 3212/4327/1898 3213/4328/1898 3214/4329/1898
f 3215/4330/1899 3216/4331/1899 3217/4332/1616
f 3215/4330/1899 3217/4332/1616 3218/4333/1616
f 3218/4333/1616 3219/4334/1616 3215/4330/1616
f 3220/4333/1900 3221/4334/18 3222/4334/1901
f 3223/4335/1902 3224/4336/3 3225/4337/3
f 3223/4335/1902 3226/4338/1903 3224/4336/3
f 3226/4338/1903 3227/4339/3 3224/4336/3
f 3226/4338/1903 3228/4340/1904 3227/4339/3
f 3228/4340/1904 3229/4341/1905 3227/4339/3
f 3227/4339/3 3229/4341/1905 3230/4342/1905
f 3227/4339/3 3230/4342/1905 3231/4343/3
f 3230/4342/1905 3232/4344/1906 3231/4343/3
f 3230/4342/1905 3233/4345/1905 3232/4344/1906
f 3233/4345/1905 3222/4334/1616 3232/4344/1906
f 3233/4345/1905 3234/4346/1907 3222/4334/1616
f 3234/4346/1907 3215/4330/1908 3222/4334/1616
f 3234/4346/1907 3235/4347/1909 3215/4330/1908
f 3216/4331/1908 3215/4330/1908 3235/4347/1909
f 3216/4331/1908 3235/4347/1909 3236/4348/1910
f 3216/4331/1908 3236/4348/1910 3237/4349/1908
f 3238/4350/1343 3214/4329/1343 3213/4328/1343
f 3238/4350/1343 3225/4351/1343 3214/4329/1343
f 3238/4350/1343 3239/4352/1911 3225/4351/1343
f 3240/4353/18 3220/4354/18 3241/4355/18
f 3240/4353/18 3222/4356/18 3220/4354/18
f 3242/4357/4 3243/4358/4 3244/4359/4
f 3242/4357/4 3245/4360/4 3243/4358/4
f 3246/4361/1912 3245/4362/1913 3242/4363/1912
f 3246/4361/1912 3247/4364/1914 3245/4362/1913
f 3248/4365/3 3249/4366/1160 3250/4367/1160
f 3248/4365/3 3250/4367/1160 3246/4361/1160
f 3250/4367/1160 3247/4364/1914 3246/4361/1160
f 3250/4367/1160 3251/4368/1915 3247/4364/1914
f 3249/4366/1160 3251/4368/1915 3250/4367/1160
f 3249/4366/1160 3252/4369/1916 3251/4368/1915
f 3248/4365/3 3246/4361/1160 3242/4363/1160
f 3253/4370/18 3254/4371/18 3255/4372/18
f 3256/4373/1917 3257/4374/1918 3258/4375/1917
f 3256/4373/1917 3259/4376/1918 3257/4374/1918
f 3260/4377/1919 3257/4374/1918 3259/4376/1918
f 3260/4377/1919 3261/4378/1920 3257/4374/1918
f 3262/4379/1921 3263/4380/1922 3264/4381/1923
f 3262/4379/1921 3264/4381/1923 3265/4382/1924
f 3266/4383/1925 3262/4379/1921 3265/4382/1924
f 3267/4384/1926 3262/4379/1921 3266/4383/1925
f 3267/4384/1926 3266/4383/1925 3268/4385/1927
f 3267/4384/1926 3268/4385/1927 3269/4386/1928
f 3267/4384/1926 3269/4386/1928 3270/4387/1929
f 3271/4388/1930 3267/4384/1926 3270/4387/1929
f 3271/4388/1930 3272/4389/1930 3267/4384/1926
f 3264/4381/1931 3263/4380/1932 3273/4390/1933
f 3263/4380/1932 3274/4391/1934 3273/4390/1933
f 3272/4389/1935 3262/4379/1936 3267/4384/1935
f 3272/4389/1935 3275/4392/1937 3262/4379/1936
f 3263/4380/1938 3262/4379/1936 3275/4392/1937
f 3263/4380/1938 3275/4392/1937 3276/4393/1938
f 3263/4380/1938 3276/4393/1938 3277/4394/1938
f 3277/4394/1938 3276/4393/1938 3278/4395/1939
f 3277/4394/1938 3278/4395/1939 3279/4396/1940
f 3279/4396/1940 3278/4395/1939 3280/4397/1941
f 3279/4396/1940 3280/4397/1941 3281/4398/1941
f 3280/4397/1941 3253/4399/1941 3281/4398/1941
f 3282/4400/1941 3253/4399/1941 3280/4397/1941
f 3282/4400/1941 3283/4401/1941 3253/4399/1941
f 3282/4400/1941 3256/4373/1942 3283/4401/1941
f 3282/4400/1943 3259/4376/1944 3256/4373/1945
f 3282/4400/1943 3284/4402/1944 3259/4376/1944
f 3284/4402/1944 3260/4377/1946 3259/4376/1944
f 3284/4402/1944 3285/4403/1947 3260/4377/1946
f 3284/4402/1944 3286/4404/1948 3285/4403/1947
f 3286/4404/1948 3287/4405/1949 3285/4403/1947
f 3286/4404/1948 3288/4406/1950 3287/4405/1949
f 3288/4406/1950 3289/4407/1951 3287/4405/1949
f 3288/4406/1950 3290/4408/1952 3289/4407/1951
f 3290/4408/1952 3291/4409/1953 3289/4407/1951
f 3290/4408/1952 3292/4410/1954 3291/4409/1953
f 3292/4411/1954 3293/4412/1955 3291/4413/1953
f 3292/4411/1954 3294/4414/1956 3293/4412/1955
f 3294/4414/1956 3295/4415/1915 3293/4412/1955
f 3294/4414/1956 3296/4416/1957 3295/4415/1915
f 3296/4416/1957 3297/4417/1914 3295/4415/1915
f 3296/4416/1957 3298/4418/1958 3297/4417/1914
f 3299/4419/1719 3297/4417/1914 3298/4418/1958
f 3299/4419/1719 3298/4418/1958 3300/4420/1296
f 3301/4421/1959 3299/4419/1719 3300/4420/1296
f 3301/4421/1959 3302/4422/1960 3299/4419/1719
f 3303/4423/1961 3302/4422/1960 3301/4421/1959
f 3303/4423/1961 3304/4424/1962 3302/4422/1960
f 3305/4425/1963 3304/4424/1962 3303/4423/1961
f 3305/4425/1963 3306/4426/1964 3304/4424/1962
f 3240/4427/1599 3241/4428/1965 3307/4429/1966
f 3240/4427/1599 3307/4429/1966 3308/4430/1967
f 3222/4431/1968 3240/4427/1599 3308/4430/1967
f 3222/4431/1968 3308/4430/1969 3227/4432/1970
f 3224/4433/1971 3227/4432/1970 3308/4430/1969
f 3224/4433/1971 3308/4430/1969 3214/4329/1972
f 3309/4434/1973 3214/4329/1972 3308/4430/1969
f 3309/4434/1973 3212/4327/1974 3214/4329/1972
f 3224/4433/1971 3214/4329/1972 3225/4351/1975
f 3310/4435/1976 3311/4436/1381 3312/4437/1381
f 3313/4438/1977 3311/4436/1381 3310/4435/1976
f 3313/4438/1977 3314/4439/1978 3311/4436/1381
f 3314/4439/1978 3313/4438/1977 3315/4440/1979
f 3314/4439/1978 3315/4440/1979 3316/4441/1980
f 3212/4327/1981 3316/4441/1980 3315/4440/1979
f 3212/4327/1981 3309/4434/1973 3316/4441/1980
f 3317/4442/1982 3316/4441/1980 3309/4434/1973
f 3317/4442/1982 3309/4434/1973 3318/4443/1983
f 3318/4443/1983 3309/4434/1973 3308/4430/1969
f 3318/4443/1983 3308/4430/1969 3307/4429/1984
f 3319/4444/1985 3320/4445/1615 3321/4446/1986
f 3319/4444/1985 3312/4437/1381 3320/4445/1615
f 3311/4436/1381 3320/4445/1615 3312/4437/1381
f 3311/4436/1381 3322/4447/1987 3320/4445/1615
f 3311/4436/1381 3314/4439/1978 3322/4447/1987
f 3314/4439/1978 3317/4442/1982 3322/4447/1987
f 3314/4439/1978 3316/4441/1980 3317/4442/1982
f 3323/4448/1988 3324/4449/1717 3325/4450/1989
f 3323/4448/1988 3326/4451/1717 3324/4449/1717
f 3323/4448/1988 3327/4452/1990 3326/4451/1717
f 3323/4448/1988 3328/4453/1988 3327/4452/1990
f 3328/4453/1988 3329/4454/1991 3327/4452/1990
f 3328/4453/1988 3330/4455/1992 3329/4454/1991
f 3329/4454/1991 3330/4455/1992 3331/4456/1993
f 3331/4456/1993 3332/4457/1994 3329/4454/1991
f 3333/4458/1995 3332/4457/1994 3331/4456/1993
f 3333/4458/1995 3334/4459/1968 3332/4457/1994
f 3333/4458/1995 3335/4460/1996 3334/4459/1968
f 3335/4460/1996 3336/4461/1997 3334/4459/1968
f 3335/4460/1996 3337/4462/1998 3336/4461/1997
f 3337/4462/1998 3319/4444/1985 3336/4461/1997
f 3337/4462/1998 3338/4463/1999 3319/4444/1985
f 3338/4463/1999 3312/4437/1381 3319/4444/1985
f 3338/4463/1999 3339/4464/2000 3312/4437/1381
f 3310/4435/1976 3312/4437/1381 3339/4464/2000
f 3332/4457/1994 3334/4459/1968 3329/4454/1991
f 3334/4459/1968 3321/4446/2001 3329/4454/1991
f 3334/4459/1968 3336/4461/1997 3321/4446/2001
f 3336/4461/1997 3319/4444/1985 3321/4446/2001
f 3340/4465/2002 3306/4466/1964 3305/4467/1963
f 3340/4465/2002 3341/4468/2003 3306/4466/1964
f 3342/4469/2004 3341/4468/2003 3340/4465/2002
f 3342/4469/2004 3343/4470/2005 3341/4468/2003
f 3344/4471/2006 3343/4470/2005 3342/4469/2004
f 3344/4471/2006 3345/4472/2007 3343/4470/2005
f 3345/4472/2007 3344/4471/2006 3346/4473/2008
f 3345/4472/2007 3346/4473/2008 3347/4474/2009
f 3347/4474/2009 3346/4473/2008 3348/4475/2010
f 3325/4450/1989 3347/4474/2009 3348/4475/2010
f 3325/4450/1989 3348/4475/2010 3349/4476/2011
f 3349/4476/2011 3323/4448/1988 3325/4450/1989
f 3349/4476/2011 3350/4477/2012 3323/4448/1988
f 3350/4477/2012 3328/4453/1988 3323/4448/1988
f 3350/4477/2012 3351/4478/2013 3328/4453/1988
f 3351/4478/2013 3330/4455/1992 3328/4453/1988
f 3248/4479/2014 3330/4455/1992 3351/4478/2013
f 3248/4479/2014 3331/4456/1993 3330/4455/1992
f 3248/4479/2014 3242/4357/2015 3331/4456/1993
f 3333/4458/1995 3331/4456/1993 3242/4357/2015
f 3333/4458/1995 3242/4357/2015 3244/4359/2016
f 3325/4450/1989 3352/4480/2017 3347/4474/2009
f 3239/4481/1333 3353/4482/1331 3223/4483/1902
f 3239/4481/1333 3238/4484/1333 3353/4482/1331
f 3238/4484/1333 3354/4485/2018 3353/4482/1331
f 3238/4484/1333 3213/4486/2019 3354/4485/2018
f 3213/4486/2019 3355/4487/2020 3354/4485/2018
f 3213/4486/2019 3212/4488/2021 3355/4487/2020
f 3212/4488/2021 3356/4489/2022 3355/4487/2020
f 3212/4488/2021 3315/4490/2023 3356/4489/2022
f 3315/4490/2023 3357/4491/2024 3356/4489/2022
f 3315/4490/2023 3313/4492/1298 3357/4491/2024
f 3313/4492/1298 3358/4493/2025 3357/4491/2024
f 3313/4492/1298 3310/4494/1297 3358/4493/2025
f 3358/4493/2025 3310/4494/1297 3339/4495/3
f 3358/4493/2025 3339/4495/3 3359/4496/1623
f 3359/4496/1623 3339/4495/3 3338/4497/1296
f 3359/4496/1623 3338/4497/1296 3360/4498/2026
f 3360/4498/2026 3338/4497/1296 3337/4499/1295
f 3360/4498/2026 3337/4499/1295 3361/4500/2027
f 3335/4501/2028 3361/4500/2027 3337/4499/1295
f 3335/4501/2028 3362/4502/2029 3361/4500/2027
f 3362/4502/2029 3335/4501/2028 3333/4503/1291
f 3362/4502/2029 3333/4503/1291 3363/4504/2030
f 3363/4504/2030 3333/4503/1291 3244/4505/2031
f 3363/4504/2030 3244/4505/2031 3364/4506/2032
f 3364/4506/2032 3244/4505/2031 3243/4507/1328
f 3364/4506/2032 3243/4507/1328 3365/4508/2033
f 3365/4508/2033 3243/4507/1328 3245/4509/1913
f 3365/4508/2033 3245/4509/1913 3247/4510/1914
f 3366/4511/2034 3255/4512/2034 3254/4513/2034
f 3254/4513/2034 3367/4514/2035 3366/4511/2036
f 3367/4514/2035 3368/4515/1598 3366/4511/2036
f 3367/4514/2035 3369/4516/1598 3368/4515/1598
f 3370/4517/2037 3371/4518/2037 3372/4519/2037
f 3370/4517/2037 3373/4520/2038 3371/4518/2037
f 3370/4517/2037 3374/4521/2038 3373/4520/2038
f 3374/4521/2038 3375/4522/2038 3373/4520/2038
f 3375/4522/2038 3374/4521/2038 3376/4523/2038
f 3375/4522/2038 3376/4523/2038 3377/4524/2039
f 3254/4513/2034 3377/4524/2039 3376/4523/2038
f 3254/4513/2034 3376/4523/2038 3367/4514/2040
f 3373/4520/2038 3375/4522/2038 3378/4525/2039
f 3378/4526/97 3375/4527/97 3256/4528/97
f 3379/4529/2041 3380/4530/2042 3381/4531/2043
f 3379/4529/2041 3382/4532/2044 3380/4530/2042
f 3380/4530/2042 3382/4532/2044 3383/4533/2045
f 3380/4530/2042 3383/4533/2045 3384/4534/2046
f 3359/4535/1623 3385/4536/2047 3386/4537/2048
f 3387/4538/2049 3359/4535/1623 3386/4537/2048
f 3387/4538/2049 3386/4537/2048 3388/4539/1176
f 3387/4538/2049 3388/4539/1176 3389/4540/2050
f 3390/4541/2051 3387/4538/2049 3389/4540/2050
f 3390/4541/2051 3389/4540/2050 3391/4542/2052
f 3390/4541/2051 3391/4542/2052 3392/4543/1344
f 3390/4541/2051 3392/4543/1344 3393/4544/2053
f 3394/4545/2054 3393/4544/2053 3392/4543/1344
f 3394/4545/2054 3356/4546/2022 3393/4544/2053
f 3394/4545/2054 3355/4547/2020 3356/4546/2022
f 3383/4533/2045 3355/4547/2020 3394/4545/2054
f 3383/4533/2045 3354/4548/2018 3355/4547/2020
f 3383/4533/2045 3382/4532/2044 3354/4548/2018
f 3382/4532/2044 3353/4549/1331 3354/4548/2018
f 3382/4532/2044 3379/4529/2041 3353/4549/1331
f 3379/4529/2041 3223/4550/1902 3353/4549/1331
f 3379/4529/2041 3226/4551/1903 3223/4550/1902
f 3226/4551/1903 3379/4529/2041 3381/4531/2043
f 3226/4551/1903 3381/4531/2043 3228/4552/1904
f 3357/4553/2024 3393/4544/2053 3356/4546/2022
f 3357/4553/2024 3390/4541/2051 3393/4544/2053
f 3358/4554/2025 3390/4541/2051 3357/4553/2024
f 3358/4554/2025 3387/4538/2049 3390/4541/2051
f 3387/4538/2049 3358/4554/2025 3359/4535/1623
f 3384/4534/2055 3383/4533/2045 3394/4545/2054
f 3384/4534/2055 3394/4545/2054 3395/4555/2056
f 3394/4545/2054 3392/4543/1344 3395/4555/2056
f 3396/4556/2057 3251/4557/1915 3252/4558/1916
f 3396/4556/2057 3397/4559/2058 3251/4557/1915
f 3398/4560/2057 3397/4559/2058 3396/4556/2057
f 3398/4560/2057 3399/4561/2058 3397/4559/2058
f 3400/4562/2059 3399/4561/2058 3398/4560/2057
f 3400/4562/2059 3401/4563/2060 3399/4561/2058
f 3401/4563/2060 3400/4562/2059 3402/4564/2061
f 3401/4563/2060 3402/4564/2061 3403/4565/2062
f 3404/4566/2063 3403/4565/2062 3402/4564/2061
f 3403/4565/2062 3404/4566/2063 3363/4567/2030
f 3363/4567/2030 3404/4566/2063 3405/4568/2064
f 3405/4568/2064 3362/4569/2029 3363/4567/2030
f 3405/4568/2064 3406/4570/2065 3362/4569/2029
f 3406/4570/2065 3361/4571/2027 3362/4569/2029
f 3406/4570/2065 3407/4572/2066 3361/4571/2027
f 3360/4573/2026 3361/4571/2027 3407/4572/2066
f 3360/4573/2026 3407/4572/2066 3385/4536/2047
f 3359/4535/1623 3360/4573/2026 3385/4536/2047
f 3403/4565/2062 3363/4567/2030 3364/4574/2032
f 3364/4574/2032 3401/4563/2060 3403/4565/2062
f 3399/4561/2058 3401/4563/2060 3364/4574/2032
f 3399/4561/2058 3364/4574/2032 3365/4575/2033
f 3399/4561/2058 3365/4575/2033 3397/4559/2058
f 3397/4559/2058 3365/4575/2033 3247/4576/1914
f 3397/4559/2058 3247/4576/1914 3251/4557/1915
f 3385/4536/2047 3388/4539/1176 3386/4537/2048
f 3385/4536/2047 3408/4577/2067 3388/4539/1176
f 3407/4572/2066 3408/4577/2067 3385/4536/2047
f 3407/4572/2066 3409/4578/2068 3408/4577/2067
f 3407/4572/2066 3410/4579/1664 3409/4578/2068
f 3407/4572/2066 3406/4570/2065 3410/4579/1664
f 3411/4580/2069 3410/4579/1664 3406/4570/2065
f 3411/4580/2069 3406/4570/2065 3405/4568/2064
f 3404/4566/2063 3411/4580/2069 3405/4568/2064
f 3404/4566/2063 3412/4581/2070 3411/4580/2069
f 3404/4566/2063 3402/4564/2061 3412/4581/2070
f 3413/4582/2071 3414/4583/2072 3415/4584/2073
f 3414/4583/2072 3413/4582/2071 3416/4585/2074
f 3414/4583/2072 3416/4585/2074 3417/4586/2075
f 3418/4587/1232 3417/4586/2075 3416/4585/2074
f 3418/4587/1232 3419/4588/2076 3417/4586/2075
f 3414/4583/2072 3417/4586/2075 3420/4589/2077
f 3416/4585/2074 3421/4590/1610 3418/4587/1232
f 3419/4588/2076 3422/4591/2078 3423/4592/1343
f 3419/4588/2076 3423/4592/1343 3417/4586/2075
f 3424/4593/2079 3417/4586/2075 3423/4592/1343
f 3424/4593/2079 3420/4589/2077 3417/4586/2075
f 3425/4594/2080 3420/4589/2077 3424/4593/2079
f 3425/4594/2080 3414/4583/2072 3420/4589/2077
f 3426/4595/2081 3414/4583/2072 3425/4594/2080
f 3427/4596/2082 3414/4583/2072 3426/4595/2081
f 3427/4596/2082 3415/4584/2073 3414/4583/2072
f 3427/4596/2082 3428/4597/2083 3415/4584/2073
f 3428/4597/2083 3429/4598/2084 3415/4584/2073
f 3430/4599/2085 3431/4600/2086 3432/4601/2087
f 3421/4590/1610 3432/4601/2087 3431/4600/2086
f 3421/4590/1610 3433/4602/1186 3432/4601/2087
f 3416/4585/2074 3433/4602/1186 3421/4590/1610
f 3434/4603/2088 3433/4602/1186 3416/4585/2074
f 3434/4603/2088 3416/4585/2074 3413/4582/2071
f 3434/4603/2088 3413/4582/2071 3435/4604/2089
f 3413/4582/2071 3415/4584/2073 3435/4604/2089
f 3435/4604/2089 3415/4584/2073 3436/4605/2090
f 3429/4598/2084 3436/4605/2090 3415/4584/2073
f 3429/4598/2084 3437/4606/1976 3436/4605/2090
f 3437/4606/1976 3438/4607/2091 3436/4605/2090
f 3438/4607/2091 3439/4608/2092 3436/4605/2090
f 3438/4607/2091 3440/4609/2093 3439/4608/2092
f 3440/4609/2093 3441/4610/2094 3439/4608/2092
f 3441/4610/2094 3442/4611/2095 3439/4608/2092
f 3441/4610/2094 3443/4612/1435 3442/4611/2095
f 3443/4612/1435 3444/4613/1435 3442/4611/2095
f 3445/4614/2088 3439/4608/2092 3442/4611/2095
f 3434/4603/2088 3446/4615/2096 3433/4602/1186
f 3435/4604/2089 3436/4605/2090 3434/4603/2088
f 3434/4603/2088 3436/4605/2090 3439/4608/2092
f 3434/4603/2088 3439/4608/2092 3445/4614/2088
f 3434/4603/2088 3445/4614/2088 3446/4615/2096
f 3445/4614/2088 3442/4611/2095 3446/4615/2096
f 3442/4611/2095 3447/4616/2097 3446/4615/2096
f 3442/4611/2095 3448/4617/2098 3447/4616/2097
f 3448/4617/2098 3449/4618/2099 3447/4616/2097
f 3448/4617/2098 3450/4619/2100 3449/4618/2099
f 3450/4619/2100 3451/4620/2099 3449/4618/2099
f 3450/4619/2100 3452/4621/2101 3451/4620/2099
f 3453/4622/2102 3451/4620/2099 3452/4621/2101
f 3451/4620/2099 3453/4622/2102 3454/4623/2103
f 3454/4623/2103 3453/4622/2102 3455/4624/2104
f 3454/4623/2103 3455/4624/2104 3456/4625/2105
f 3457/4626/2106 3456/4625/2105 3455/4624/2104
f 3457/4626/2106 3458/4627/2107 3456/4625/2105
f 3458/4627/2107 3457/4626/2106 3459/4628/2108
f 3453/4622/2102 3452/4621/2101 3455/4624/2104
f 3433/4602/2109 3446/4615/2096 3447/4616/2097
f 3451/4620/2099 3447/4616/2097 3449/4618/2099
f 3451/4620/2099 3433/4602/1186 3447/4616/2097
f 3451/4620/2099 3432/4601/2087 3433/4602/1186
f 3451/4620/2099 3454/4623/2103 3432/4601/2087
f 3456/4625/2105 3432/4601/2087 3454/4623/2103
f 3456/4625/2105 3430/4599/2085 3432/4601/2087
f 3444/4613/1435 3448/4617/2098 3442/4611/2095
f 3444/4613/1435 3460/4629/1435 3448/4617/2098
f 3460/4629/1435 3461/4630/2110 3448/4617/2098
f 3461/4630/2111 3450/4619/2100 3448/4617/2098
f 3461/4630/2111 3462/4631/2111 3450/4619/2100
f 3462/4631/2111 3463/4632/2112 3450/4619/2100
f 3463/4632/2112 3452/4621/2101 3450/4619/2100
f 3463/4632/2112 3464/4633/2113 3452/4621/2101
f 3465/4634/2114 3452/4621/2101 3464/4633/2113
f 3465/4634/2114 3455/4624/2104 3452/4621/2101
f 3465/4634/2114 3466/4635/2115 3455/4624/2104
f 3466/4635/2115 3457/4626/2106 3455/4624/2104
f 3457/4626/2106 3466/4635/2115 3467/4636/2116
f 3457/4626/2106 3467/4636/2116 3459/4628/2108
f 3459/4628/2108 3467/4636/2116 3468/4637/2117
f 3459/4628/2108 3468/4637/2117 3469/4638/2118
f 3469/4638/2118 3468/4637/2117 3470/4639/2119
f 3469/4638/2118 3470/4639/2119 3471/4640/2120
f 3466/4635/2115 3465/4634/2114 3472/4641/2121
f 3466/4635/2115 3472/4641/2121 3467/4636/2116
f 3467/4636/2116 3472/4641/2121 3473/4642/2122
f 3467/4636/2116 3473/4642/2122 3468/4637/2117
f 3468/4637/2117 3473/4642/2122 3474/4643/2123
f 3468/4637/2117 3474/4643/2123 3470/4639/2119
f 3470/4639/2119 3474/4643/2123 3475/4644/2124
f 3470/4639/2119 3475/4644/2124 3476/4645/2125
f 3476/4645/2125 3475/4644/2124 3477/4646/2126
f 3476/4645/2125 3477/4646/2126 3478/4647/2127
f 3478/4647/2127 3477/4646/2126 3479/4648/2128
f 3478/4647/2127 3479/4648/2128 3480/4649/2129
f 3480/4649/2129 3479/4648/2128 3481/4650/1313
f 3480/4649/2129 3481/4650/1313 3482/4651/2130
f 3481/4650/1313 3483/4652/2131 3482/4651/2130
f 3482/4651/2130 3483/4652/2131 3484/4653/2132
f 3483/4652/2131 3485/4654/2133 3484/4653/2132
f 3484/4653/2132 3485/4654/2133 3486/4655/2134
f 3471/4640/2120 3470/4639/2119 3476/4645/2125
f 3471/4640/2120 3476/4645/2125 3487/4656/2135
f 3478/4647/2127 3487/4656/2135 3476/4645/2125
f 3478/4647/2127 3488/4657/2136 3487/4656/2135
f 3488/4657/2136 3478/4647/2127 3480/4649/2129
f 3488/4657/2136 3480/4649/2129 3489/4658/2137
f 3489/4658/2137 3480/4649/2129 3482/4651/2130
f 3489/4658/2137 3482/4651/2130 3490/4659/1167
f 3482/4651/2130 3484/4653/2132 3490/4659/1167
f 3490/4659/1167 3484/4653/2132 3491/4660/2138
f 3484/4653/2132 3486/4655/2134 3491/4660/2138
f 3491/4660/2138 3486/4655/2134 3492/4661/2139
f 3486/4655/2134 3493/4662/2140 3492/4661/2139
f 3492/4661/2139 3493/4662/2140 3494/4663/2141
f 3493/4662/2140 3495/4664/2142 3494/4663/2141
f 3496/4665/2143 3494/4663/2141 3495/4664/2142
f 3497/4666/2144 3496/4665/2143 3495/4664/2142
f 3497/4666/2144 3495/4664/2142 3498/4667/2145
f 3458/4627/2107 3459/4628/2108 3499/4668/2146
f 3499/4668/2146 3459/4628/2108 3469/4638/2118
f 3499/4668/2146 3469/4638/2118 3500/4669/2147
f 3500/4669/2147 3469/4638/2118 3471/4640/2120
f 3500/4669/2147 3471/4640/2120 3501/4670/2148
f 3501/4670/2148 3471/4640/2120 3487/4656/2135
f 3501/4670/2148 3487/4656/2135 3502/4671/2149
f 3488/4657/2136 3502/4671/2149 3487/4656/2135
f 3488/4657/2136 3503/4672/2150 3502/4671/2149
f 3503/4672/2150 3488/4657/2136 3489/4658/2137
f 3503/4672/2150 3489/4658/2137 3504/4673/2151
f 3504/4673/2151 3489/4658/2137 3490/4659/1167
f 3504/4673/2151 3490/4659/1167 3505/4674/2152
f 3490/4659/1167 3491/4660/2138 3505/4674/2152
f 3505/4674/2152 3491/4660/2138 3506/4675/2153
f 3491/4660/2138 3492/4661/2139 3506/4675/2153
f 3506/4675/2153 3492/4661/2139 3507/4676/2154
f 3492/4661/2139 3494/4663/2141 3507/4676/2154
f 3508/4677/2155 3507/4676/2154 3494/4663/2141
f 3496/4665/2143 3508/4677/2155 3494/4663/2141
f 3505/4674/2152 3506/4675/2153 3509/4678/2156
f 3510/4679/2157 3505/4674/2152 3509/4678/2156
f 3510/4679/2157 3504/4673/2151 3505/4674/2152
f 3511/4680/2158 3504/4673/2151 3510/4679/2157
f 3511/4680/2158 3503/4672/2150 3504/4673/2151
f 3503/4672/2150 3511/4680/2158 3512/4681/2159
f 3503/4672/2150 3512/4681/2159 3502/4671/2149
f 3513/4682/2160 3502/4671/2149 3512/4681/2159
f 3513/4682/2160 3501/4670/2148 3502/4671/2149
f 3514/4683/1995 3501/4670/2148 3513/4682/2160
f 3514/4683/1995 3500/4669/2147 3501/4670/2148
f 3515/4684/2161 3500/4669/2147 3514/4683/1995
f 3515/4684/2161 3499/4668/2146 3500/4669/2147
f 3516/4685/2162 3499/4668/2146 3515/4684/2161
f 3516/4685/2162 3458/4627/2107 3499/4668/2146
f 3458/4627/2107 3516/4685/2162 3456/4625/2105
f 3456/4625/2105 3516/4685/2162 3517/4686/2163
f 3456/4625/2105 3517/4686/2163 3430/4599/2085
f 3506/4675/2153 3507/4676/2154 3518/4687/2164
f 3509/4678/2156 3506/4675/2153 3518/4687/2164
f 3509/4678/2156 3518/4687/2164 3519/4688/2165
f 3520/4689/2166 3509/4678/2156 3519/4688/2165
f 3520/4689/2166 3510/4679/2157 3509/4678/2156
f 3510/4679/2157 3520/4689/2166 3521/4690/2167
f 3510/4679/2157 3521/4690/2167 3511/4680/2158
f 3522/4691/2168 3511/4680/2158 3521/4690/2167
f 3522/4691/2168 3512/4681/2159 3511/4680/2158
f 3523/4692/2169 3512/4681/2159 3522/4691/2168
f 3523/4692/2169 3513/4682/2160 3512/4681/2159
f 3524/4693/2170 3513/4682/2160 3523/4692/2169
f 3524/4693/2170 3514/4683/1995 3513/4682/2160
f 3525/4694/2171 3514/4683/1995 3524/4693/2170
f 3525/4694/2171 3515/4684/2161 3514/4683/1995
f 3526/4695/2172 3515/4684/2161 3525/4694/2171
f 3526/4695/2172 3516/4685/2162 3515/4684/2161
f 3516/4685/2162 3526/4695/2172 3517/4686/2163
f 3526/4695/2172 3430/4599/2085 3517/4686/2163
f 3526/4695/2172 3527/4696/2173 3430/4599/2085
f 3527/4696/2173 3526/4695/2172 3525/4694/2171
f 3527/4696/2173 3525/4694/2171 3528/4697/2174
f 3528/4697/2174 3525/4694/2171 3524/4693/2170
f 3528/4697/2174 3524/4693/2170 3529/4698/2175
f 3529/4698/2175 3524/4693/2170 3523/4692/2169
f 3529/4698/2175 3523/4692/2169 3530/4699/2176
f 3530/4699/2176 3523/4692/2169 3522/4691/2168
f 3530/4699/2176 3522/4691/2168 3531/4700/2177
f 3531/4700/2177 3522/4691/2168 3521/4690/2167
f 3531/4700/2177 3521/4690/2167 3532/4701/2178
f 3532/4701/2178 3521/4690/2167 3520/4689/2166
f 3532/4701/2178 3520/4689/2166 3533/4702/2179
f 3533/4702/2179 3520/4689/2166 3519/4688/2165
f 3533/4702/2179 3519/4688/2165 3534/4703/2180
f 3535/4704/1260 3534/4703/2180 3519/4688/2165
f 3535/4704/1260 3519/4688/2165 3518/4687/2164
f 3536/4705/2181 3535/4704/1260 3518/4687/2164
f 3536/4705/2181 3518/4687/2164 3507/4676/2154
f 3508/4677/2155 3536/4705/2181 3507/4676/2154
f 3537/4706/2182 3538/4707/2183 3534/4703/2180
f 3539/4708/2184 3534/4703/2180 3538/4707/2183
f 3539/4708/2184 3533/4702/2179 3534/4703/2180
f 3540/4709/2185 3533/4702/2179 3539/4708/2184
f 3540/4709/2185 3532/4701/2178 3533/4702/2179
f 3541/4710/2186 3532/4701/2178 3540/4709/2185
f 3541/4710/2186 3531/4700/2177 3532/4701/2178
f 3542/4711/2187 3531/4700/2177 3541/4710/2186
f 3542/4711/2187 3530/4699/2176 3531/4700/2177
f 3543/4712/2188 3530/4699/2176 3542/4711/2187
f 3543/4712/2188 3529/4698/2175 3530/4699/2176
f 3544/4713/2189 3529/4698/2175 3543/4712/2188
f 3544/4713/2189 3528/4697/2174 3529/4698/2175
f 3545/4714/1983 3528/4697/2174 3544/4713/2189
f 3545/4714/1983 3527/4696/2173 3528/4697/2174
f 3527/4696/2173 3545/4714/1983 3546/4715/2190
f 3527/4696/2173 3546/4715/2190 3430/4599/2085
f 3430/4599/2085 3546/4715/2190 3431/4600/2086
f 3547/4716/1403 3548/4717/2191 3549/4718/2192
f 3548/4717/2191 3550/4719/1261 3549/4718/2192
f 3548/4717/2191 3551/4720/1264 3550/4719/1261
f 3551/4720/1264 3552/4721/2193 3550/4719/1261
f 3551/4720/1264 3553/4722/2194 3552/4721/2193
f 3553/4722/2194 3554/4723/2195 3552/4721/2193
f 3553/4722/2194 3555/4724/1515 3554/4723/2195
f 3555/4724/1515 3497/4666/2144 3554/4723/2195
f 3555/4724/1515 3556/4725/2196 3497/4666/2144
f 3556/4725/2196 3496/4665/2143 3497/4666/2144
f 3556/4725/2196 3557/4726/2197 3496/4665/2143
f 3557/4726/2197 3508/4677/2155 3496/4665/2143
f 3557/4726/2197 3558/4727/2198 3508/4677/2155
f 3558/4727/2198 3536/4705/2181 3508/4677/2155
f 3558/4727/2198 3559/4728/2199 3536/4705/2181
f 3559/4728/2199 3535/4704/1260 3536/4705/2181
f 3559/4728/2199 3537/4706/2182 3535/4704/1260
f 3537/4706/2182 3534/4703/2180 3535/4704/1260
f 3554/4723/2195 3497/4666/2144 3498/4667/2145
f 3554/4723/2195 3498/4667/2145 3560/4729/2200
f 3552/4721/2193 3554/4723/2195 3560/4729/2200
f 3552/4721/2193 3560/4729/2200 3561/4730/2201
f 3550/4719/1261 3552/4721/2193 3561/4730/2201
f 3550/4719/1261 3561/4730/2201 3562/4731/2202
f 3549/4718/2192 3550/4719/1261 3562/4731/2202
f 3549/4718/2192 3562/4731/2202 3563/4732/2203
f 3564/4733/2204 3549/4718/2192 3563/4732/2203
f 3564/4733/2204 3563/4732/2203 3565/4734/2205
f 3565/4734/2205 3566/4735/2204 3564/4733/2204
f 3565/4734/2205 3567/4736/2206 3566/4735/2204
f 3567/4736/2206 3568/4737/2204 3566/4735/2204
f 3567/4736/2206 3569/4738/2206 3568/4737/2204
f 3570/4739/2207 3569/4738/2206 3567/4736/2206
f 3570/4739/2207 3571/4740/2208 3569/4738/2206
f 3572/4741/2209 3571/4740/2208 3570/4739/2207
f 3572/4741/2209 3573/4742/2207 3571/4740/2208
f 3570/4739/2207 3567/4736/2206 3565/4734/2205
f 3574/4743/2210 3410/4744/1664 3411/4745/2069
f 3575/4746/2211 3574/4743/2210 3411/4745/2069
f 3575/4746/2211 3411/4745/2069 3412/4747/2070
f 3573/4742/2207 3575/4746/2211 3412/4747/2070
f 3573/4742/2207 3412/4747/2070 3402/4748/2061
f 3402/4748/2061 3571/4740/2208 3573/4742/2207
f 3402/4748/2061 3400/4749/2059 3571/4740/2208
f 3400/4749/2059 3569/4738/2206 3571/4740/2208
f 3400/4749/2059 3398/4750/2057 3569/4738/2206
f 3569/4738/2206 3398/4750/2057 3396/4751/2057
f 3569/4738/2206 3396/4751/2057 3568/4737/2204
f 3568/4737/2204 3396/4751/2057 3252/4752/1916
f 3568/4737/2204 3252/4752/1916 3576/4753/1403
f 3566/4735/2204 3568/4737/2204 3576/4753/1403
f 3566/4735/2204 3576/4753/1403 3577/4754/1403
f 3577/4754/1403 3564/4733/2204 3566/4735/2204
f 3577/4754/1403 3547/4716/1403 3564/4733/2204
f 3547/4716/1403 3549/4718/2192 3564/4733/2204
f 3575/4746/2211 3573/4742/2207 3572/4741/2209
f 3575/4746/2211 3572/4741/2209 3578/4755/2212
f 3574/4743/2210 3575/4746/2211 3578/4755/2212
f 3574/4743/2210 3578/4755/2212 3579/4756/2213
f 3579/4756/2213 3580/4757/2214 3574/4743/2210
f 3579/4756/2213 3581/4758/2215 3580/4757/2214
f 3582/4759/2216 3580/4757/2214 3581/4758/2215
f 3582/4759/2216 3581/4758/2215 3583/4760/2217
f 3582/4759/2216 3583/4760/2217 3584/4761/1598
f 3584/4761/1598 3583/4760/2217 3585/4762/2218
f 3584/4761/1598 3585/4762/2218 3586/4763/2219
f 3587/4764/2220 3586/4763/2219 3585/4762/2218
f 3587/4764/2220 3588/4765/2221 3586/4763/2219
f 3587/4764/2220 3589/4766/2222 3588/4765/2221
f 3589/4766/2222 3590/4767/2223 3588/4765/2221
f 3589/4766/2222 3591/4768/2224 3590/4767/2223
f 3591/4768/2224 3592/4769/2225 3590/4767/2223
f 3591/4768/2224 3593/4770/2226 3592/4769/2225
f 3584/4761/1598 3586/4763/2219 3594/4771/1598
f 3574/4743/2210 3580/4757/2214 3410/4744/1664
f 3409/4772/2068 3410/4744/1664 3580/4757/2214
f 3409/4772/2068 3580/4757/2214 3582/4759/2216
f 3409/4772/2068 3582/4759/2216 3595/4773/1598
f 3582/4759/2216 3584/4761/1598 3595/4773/1598
f 3596/4774/1598 3595/4773/1598 3584/4761/1598
f 3596/4774/1598 3584/4761/1598 3594/4771/1598
f 3597/4775/1598 3596/4774/1598 3594/4771/1598
f 3586/4763/2219 3597/4775/1598 3594/4771/1598
f 3586/4763/2219 3588/4765/2221 3597/4775/1598
f 3588/4765/2221 3598/4776/2227 3597/4775/1598
f 3588/4765/2221 3599/4777/2228 3598/4776/2227
f 3599/4777/2228 3600/4778/2228 3598/4776/2227
f 3599/4777/2228 3601/4779/2229 3600/4778/2228
f 3601/4779/2229 3391/4780/2052 3600/4778/2228
f 3601/4779/2229 3392/4781/1344 3391/4780/2052
f 3602/4782/2230 3392/4781/1344 3601/4779/2229
f 3602/4782/2230 3395/4783/2056 3392/4781/1344
f 3409/4772/2068 3595/4773/1598 3408/4784/2067
f 3408/4784/2067 3595/4773/1598 3596/4774/1598
f 3408/4784/2067 3596/4774/1598 3388/4785/1176
f 3389/4786/2050 3388/4785/1176 3596/4774/1598
f 3389/4786/2050 3596/4774/1598 3603/4787/2231
f 3391/4780/2052 3389/4786/2050 3603/4787/2231
f 3391/4780/2052 3603/4787/2231 3600/4778/2228
f 3598/4776/2227 3600/4778/2228 3603/4787/2231
f 3598/4776/2227 3603/4787/2231 3597/4775/1598
f 3597/4775/1598 3603/4787/2231 3596/4774/1598
f 3604/4788/2232 3605/4789/2233 3606/4790/2234
f 3604/4788/2232 3606/4790/2234 3607/4791/2235
f 3607/4791/2235 3608/4792/2236 3604/4788/2232
f 3607/4791/2235 3609/4793/2230 3608/4792/2236
f 3609/4793/2230 3599/4777/2228 3608/4792/2236
f 3599/4777/2228 3609/4793/2230 3602/4782/2230
f 3599/4777/2228 3602/4782/2230 3601/4779/2229
f 3590/4767/2223 3599/4777/2228 3588/4765/2221
f 3590/4767/2223 3592/4769/2225 3599/4777/2228
f 3592/4769/2225 3608/4792/2236 3599/4777/2228
f 3592/4769/2225 3610/4794/2225 3608/4792/2236
f 3610/4794/2225 3611/4795/2237 3608/4792/2236
f 3611/4795/2237 3604/4788/2232 3608/4792/2236
f 3611/4795/2237 3612/4796/2238 3604/4788/2232
f 3612/4796/2238 3613/4797/2239 3604/4788/2232
f 3604/4788/2232 3613/4797/2239 3605/4789/2233
f 3613/4797/2239 3614/4798/2240 3605/4789/2233
f 3614/4798/2240 3615/4799/2241 3605/4789/2233
f 3593/4770/2226 3610/4794/2225 3592/4769/2225
f 3593/4770/2226 3616/4800/2242 3610/4794/2225
f 3616/4800/2242 3611/4795/2237 3610/4794/2225
f 3616/4800/2242 3617/4801/2243 3611/4795/2237
f 3617/4801/2243 3612/4796/2238 3611/4795/2237
f 3617/4801/2243 3618/4802/2244 3612/4796/2238
f 3618/4802/2244 3613/4797/2239 3612/4796/2238
f 3618/4802/2244 3619/4803/2245 3613/4797/2239
f 3619/4803/2245 3614/4798/2240 3613/4797/2239
f 3619/4803/2245 3620/4804/2246 3614/4798/2240
f 3620/4804/2246 3615/4799/2241 3614/4798/2240
f 3620/4804/2246 3621/4805/2247 3615/4799/2241
f 3621/4805/2247 3622/4806/2248 3615/4799/2241
f 3621/4805/2247 3623/4807/2249 3622/4806/2248
f 3623/4807/2249 3624/4808/2250 3622/4806/2248
f 3623/4807/2249 3625/4809/2251 3624/4808/2250
f 3626/4810/1346 3624/4808/2250 3625/4809/2251
f 3626/4810/1346 3625/4809/2251 3627/4811/1347
f 3235/4812/1909 3626/4810/1346 3627/4811/1347
f 3235/4812/1909 3627/4811/1347 3236/4813/1910
f 3602/4782/2230 3384/4814/2055 3395/4783/2056
f 3602/4782/2230 3628/4815/2235 3384/4814/2055
f 3628/4815/2235 3602/4782/2230 3609/4793/2230
f 3628/4815/2235 3609/4793/2230 3629/4816/2252
f 3629/4816/2252 3609/4793/2230 3607/4791/2235
f 3607/4791/2235 3630/4817/2253 3629/4816/2252
f 3607/4791/2235 3606/4790/2234 3630/4817/2253
f 3630/4817/2253 3606/4790/2234 3631/4818/2254
f 3605/4789/2233 3631/4818/2254 3606/4790/2234
f 3605/4789/2233 3632/4819/2255 3631/4818/2254
f 3605/4789/2233 3615/4799/2241 3632/4819/2255
f 3615/4799/2241 3622/4806/2248 3632/4819/2255
f 3622/4806/2248 3624/4808/2250 3632/4819/2255
f 3624/4808/2250 3633/4820/2256 3632/4819/2255
f 3624/4808/2250 3626/4810/1346 3633/4820/2256
f 3234/4821/1907 3633/4820/2256 3626/4810/1346
f 3234/4821/1907 3626/4810/1346 3235/4812/1909
f 3233/4822/1905 3633/4820/2256 3234/4821/1907
f 3634/4823/2257 3233/4822/1905 3230/4824/1905
f 3233/4822/1905 3634/4823/2257 3633/4820/2256
f 3632/4819/2255 3633/4820/2256 3634/4823/2257
f 3632/4819/2255 3634/4823/2257 3631/4818/2254
f 3635/4825/2257 3631/4818/2254 3634/4823/2257
f 3634/4823/2257 3230/4824/1905 3635/4825/2257
f 3229/4826/1905 3635/4825/2257 3230/4824/1905
f 3229/4826/1905 3636/4827/2258 3635/4825/2257
f 3228/4828/1904 3636/4827/2258 3229/4826/1905
f 3228/4828/1904 3381/4829/2043 3636/4827/2258
f 3637/4830/2254 3636/4827/2258 3381/4829/2043
f 3637/4830/2254 3381/4829/2043 3380/4831/2042
f 3630/4817/2254 3636/4827/2258 3637/4830/2254
f 3630/4817/2254 3635/4825/2257 3636/4827/2258
f 3635/4825/2257 3630/4817/2254 3631/4818/2254
f 3380/4831/2042 3384/4814/2046 3628/4815/2259
f 3380/4831/2042 3628/4815/2259 3637/4830/2259
f 3629/4816/2252 3637/4830/2259 3628/4815/2259
f 3629/4816/2252 3630/4817/2253 3637/4830/2259
f 3581/4758/2215 3579/4756/2213 3638/4832/2260
f 3578/4755/2212 3638/4832/2260 3579/4756/2213
f 3578/4755/2212 3639/4833/2261 3638/4832/2260
f 3639/4833/2261 3578/4755/2212 3572/4741/2209
f 3639/4833/2261 3572/4741/2209 3640/4834/2262
f 3640/4834/2262 3572/4741/2209 3570/4739/2207
f 3640/4834/2262 3570/4739/2207 3641/4835/2263
f 3570/4739/2207 3565/4734/2205 3641/4835/2263
f 3641/4835/2263 3565/4734/2205 3642/4836/2264
f 3565/4734/2205 3563/4732/2265 3642/4836/2264
f 3583/4760/2217 3643/4837/2266 3585/4762/2218
f 3581/4758/2215 3643/4837/2266 3583/4760/2217
f 3643/4837/2266 3581/4758/2215 3638/4832/2260
f 3643/4837/2266 3638/4832/2260 3644/4838/2266
f 3644/4838/2266 3638/4832/2260 3639/4833/2261
f 3644/4838/2266 3639/4833/2261 3645/4839/2267
f 3645/4839/2267 3639/4833/2261 3640/4834/2262
f 3645/4839/2267 3640/4834/2262 3646/4840/2268
f 3646/4840/2268 3640/4834/2262 3641/4835/2263
f 3646/4840/2268 3641/4835/2263 3647/4841/2269
f 3648/4842/2270 3647/4841/2269 3641/4835/2263
f 3649/4843/2271 3648/4842/2270 3641/4835/2263
f 3649/4843/2271 3641/4835/2263 3642/4836/2264
f 3650/4844/2272 3649/4843/2271 3642/4836/2264
f 3650/4844/2272 3642/4836/2264 3563/4732/2265
f 3650/4844/2272 3563/4732/2265 3651/4845/2273
f 3563/4732/2265 3562/4731/2202 3651/4845/2273
f 3652/4846/2274 3648/4842/2270 3653/4847/2275
f 3652/4846/2274 3647/4841/2269 3648/4842/2270
f 3654/4848/2276 3647/4841/2269 3652/4846/2274
f 3654/4848/2276 3646/4840/2268 3647/4841/2269
f 3655/4849/2277 3646/4840/2268 3654/4848/2276
f 3655/4849/2277 3645/4839/2267 3646/4840/2268
f 3656/4850/2278 3645/4839/2267 3655/4849/2277
f 3656/4850/2278 3644/4838/2266 3645/4839/2267
f 3657/4851/2279 3644/4838/2266 3656/4850/2278
f 3657/4851/2279 3643/4837/2266 3644/4838/2266
f 3658/4852/2280 3643/4837/2266 3657/4851/2279
f 3658/4852/2280 3585/4762/2218 3643/4837/2266
f 3587/4764/2220 3585/4762/2218 3658/4852/2280
f 3485/4654/2133 3659/4853/2281 3486/4655/2134
f 3486/4655/2134 3659/4853/2281 3493/4662/2140
f 3659/4853/2281 3660/4854/2282 3493/4662/2140
f 3493/4662/2140 3660/4854/2282 3495/4664/2142
f 3660/4854/2282 3498/4667/2145 3495/4664/2142
f 3660/4854/2282 3661/4855/2283 3498/4667/2145
f 3661/4855/2283 3560/4729/2200 3498/4667/2145
f 3661/4855/2283 3662/4856/2284 3560/4729/2200
f 3662/4856/2284 3561/4730/2201 3560/4729/2200
f 3662/4856/2284 3663/4857/2285 3561/4730/2201
f 3663/4857/2285 3562/4731/2202 3561/4730/2201
f 3663/4857/2285 3651/4845/2273 3562/4731/2202
f 3664/4858/2286 3651/4845/2273 3663/4857/2285
f 3664/4858/2286 3650/4844/2272 3651/4845/2273
f 3665/4859/2287 3650/4844/2272 3664/4858/2286
f 3665/4859/2287 3649/4843/2271 3650/4844/2272
f 3653/4847/2275 3649/4843/2271 3665/4859/2287
f 3653/4847/2275 3648/4842/2270 3649/4843/2271
f 3481/4650/1313 3666/4860/2288 3483/4652/2131
f 3666/4860/2288 3667/4861/2289 3483/4652/2131
f 3483/4652/2131 3667/4861/2289 3485/4654/2133
f 3667/4861/2289 3668/4862/2290 3485/4654/2133
f 3485/4654/2133 3668/4862/2290 3659/4853/2281
f 3668/4862/2290 3669/4863/2291 3659/4853/2281
f 3659/4853/2281 3669/4863/2291 3660/4854/2282
f 3669/4863/2291 3661/4855/2283 3660/4854/2282
f 3669/4863/2291 3670/4864/2292 3661/4855/2283
f 3670/4864/2292 3662/4856/2284 3661/4855/2283
f 3670/4864/2292 3671/4865/2293 3662/4856/2284
f 3671/4865/2293 3663/4857/2285 3662/4856/2284
f 3671/4865/2293 3664/4858/2286 3663/4857/2285
f 3672/4866/2294 3664/4858/2286 3671/4865/2293
f 3672/4866/2294 3665/4859/2287 3664/4858/2286
f 3673/4867/2295 3665/4859/2287 3672/4866/2294
f 3673/4867/2295 3653/4847/2275 3665/4859/2287
f 3674/4868/2296 3653/4847/2275 3673/4867/2295
f 3674/4868/2296 3652/4846/2274 3653/4847/2275
f 3666/4860/2288 3675/4869/2297 3667/4861/2289
f 3675/4869/2297 3676/4870/2298 3667/4861/2289
f 3667/4861/2289 3676/4870/2298 3668/4862/2290
f 3676/4870/2298 3677/4871/2299 3668/4862/2290
f 3668/4862/2290 3677/4871/2299 3669/4863/2291
f 3677/4871/2299 3670/4864/2292 3669/4863/2291
f 3677/4871/2299 3678/4872/2300 3670/4864/2292
f 3678/4872/2300 3671/4865/2293 3670/4864/2292
f 3678/4872/2300 3672/4866/2294 3671/4865/2293
f 3679/4873/2301 3672/4866/2294 3678/4872/2300
f 3679/4873/2301 3673/4867/2295 3672/4866/2294
f 3680/4874/2302 3673/4867/2295 3679/4873/2301
f 3680/4874/2302 3674/4868/2296 3673/4867/2295
f 3675/4869/2297 3681/4875/2303 3676/4870/2298
f 3681/4875/2303 3682/4876/2304 3676/4870/2298
f 3676/4870/2298 3682/4876/2304 3677/4871/2299
f 3682/4876/2304 3678/4872/2300 3677/4871/2299
f 3682/4876/2304 3679/4873/2301 3678/4872/2300
f 3683/4877/2305 3679/4873/2301 3682/4876/2304
f 3683/4877/2305 3680/4874/2302 3679/4873/2301
f 3681/4875/2303 3683/4877/2305 3682/4876/2304
f 3684/4878/2306 3685/4879/2306 3277/4394/2306
f 3277/4394/2306 3685/4879/2306 3274/4391/2307
f 3277/4394/2308 3274/4391/2307 3263/4380/2307
f 3686/4880/2309 3684/4878/2309 3277/4394/2309
f 3368/4515/2310 3687/4881/2311 3688/4882/2311
f 3368/4515/2310 3369/4516/2310 3687/4881/2311
f 3689/4883/10 3690/4884/1356 3691/4885/1356
f 3689/4883/10 3692/4886/10 3690/4884/1356
f 3690/4884/1658 3687/4881/1658 3369/4516/1658
f 3690/4884/1658 3692/4886/1658 3687/4881/1658
f 3693/4887/1170 3694/4888/1254 3695/4889/1254
f 3693/4887/1170 3696/4890/1170 3694/4888/1254
f 3693/4887/1170 3697/4891/1327 3696/4890/1170
f 3693/4887/1170 3698/4892/1327 3697/4891/1327
f 3698/4892/1327 3699/4893/2312 3697/4891/1327
f 3698/4892/1327 3691/4885/2313 3699/4893/2312
f 3691/4885/2313 3700/4894/6 3699/4893/2312
f 3691/4885/2313 3690/4884/6 3700/4894/6
f 3701/4895/2314 3700/4894/6 3690/4884/6
f 3701/4895/2314 3690/4884/6 3369/4516/1658
f 3701/4895/2314 3369/4516/1658 3367/4514/1405
f 3701/4895/2314 3367/4514/1405 3461/4896/1405
f 3367/4514/1405 3462/4897/2315 3461/4896/1405
f 3367/4514/1405 3376/4523/2315 3462/4897/2315
f 3463/4898/2316 3462/4897/2315 3376/4523/2315
f 3463/4898/2316 3376/4523/2315 3374/4521/2316
f 3702/4899/2317 3463/4898/2315 3374/4521/2315
f 3702/4899/2317 3374/4521/2315 3370/4517/2318
f 3702/4899/2317 3370/4517/2318 3372/4519/2319
f 3702/4899/2317 3372/4519/2319 3703/4900/2319
f 3688/4882/2320 3704/4901/2320 3368/4902/2320
f 3688/4882/2320 3705/4903/2320 3704/4901/2320
f 3704/4901/2321 3706/4904/2321 3686/4905/2321
f 3704/4901/2321 3705/4903/2321 3706/4904/2321
f 3217/4906/2322 3707/4907/2322 3708/4908/2322
f 3217/4906/2322 3216/4909/2322 3707/4907/2322
f 3709/4910/2323 3710/4911/2323 3711/4912/2323
f 3709/4910/2323 3708/4913/2323 3710/4911/2323
f 3712/4914/2324 3709/4910/2324 3711/4912/2324
f 3712/4914/2324 3713/4915/2324 3709/4910/2324
f 3220/4354/4 3714/4916/4 3241/4355/4
f 3220/4354/4 3715/4917/4 3714/4916/4
f 3716/4918/4 3714/4916/4 3715/4917/4
f 3716/4918/4 3715/4917/4 3217/4906/4
f 3716/4918/4 3217/4906/4 3708/4908/4
f 3716/4918/4 3708/4908/4 3709/4919/4
f 3716/4918/4 3709/4919/4 3713/4920/4
f 3716/4918/4 3713/4920/4 3714/4916/4
f 3352/4480/2325 3325/4450/2325 3324/4449/2325
f 3687/4881/1598 3705/4903/1598 3688/4882/1598
f 3687/4881/1598 3692/4886/1598 3705/4903/1598
f 3705/4903/1598 3692/4886/1598 3689/4883/1598
f 3705/4903/1598 3689/4883/1598 3706/4904/2231
f 3239/4921/1655 3223/4335/1655 3225/4337/1655
f 3375/4527/1656 3283/4922/1656 3256/4528/1656
f 3375/4527/1656 3377/4923/1656 3283/4922/1656
f 3377/4923/1656 3253/4370/1656 3283/4922/1656
f 3377/4923/1656 3254/4371/1656 3253/4370/1656
f 3304/4924/2326 3717/4925/2326 3718/4926/2327
f 3304/4924/2326 3306/4927/2328 3717/4925/2326
f 3306/4927/2328 3719/4928/2329 3717/4925/2326
f 3306/4927/2328 3341/4929/2329 3719/4928/2329
f 3341/4929/2329 3720/4930/2330 3719/4928/2329
f 3341/4929/2329 3343/4931/2331 3720/4930/2330
f 3343/4931/2331 3721/4932/2332 3720/4930/2330
f 3343/4931/2331 3345/4933/2333 3721/4932/2332
f 3721/4932/2332 3345/4933/2333 3347/4934/2330
f 3721/4932/2332 3347/4934/2330 3722/4935/2330
f 3723/4936/2334 3703/4900/2334 3372/4519/2334
f 3723/4936/2334 3372/4519/2334 3724/4937/2334
f 3725/4938/2334 3723/4936/2334 3724/4937/2334
f 3725/4938/2334 3473/4939/2334 3723/4936/2334
f 3726/4940/2327 3473/4939/2334 3725/4938/2334
f 3726/4940/2327 3727/4941/2327 3473/4939/2334
f 3728/4942/2326 3727/4941/2327 3726/4940/2327
f 3728/4942/2326 3729/4943/2326 3727/4941/2327
f 3730/4944/2326 3729/4943/2326 3728/4942/2326
f 3730/4944/2326 3731/4945/2328 3729/4943/2326
f 3732/4946/2326 3731/4945/2328 3730/4944/2326
f 3732/4946/2326 3733/4947/2326 3731/4945/2328
f 3481/4948/2327 3733/4947/2326 3732/4946/2326
f 3481/4948/2327 3732/4946/2326 3734/4949/2327
f 3481/4948/2327 3734/4949/2327 3302/4950/2328
f 3481/4948/2326 3302/4950/2327 3735/4951/2326
f 3302/4950/2327 3718/4926/2327 3735/4951/2326
f 3302/4950/2327 3304/4924/2326 3718/4926/2327
f 3736/4952/3 3272/4953/3 3271/4954/3
f 3737/4955/18 3738/4956/18 3739/4957/18
f 3737/4955/18 3740/4958/18 3738/4956/18
f 3741/4959/4 3742/4960/4 3743/4961/4
f 3741/4959/4 3744/4962/4 3742/4960/4
f 3744/4963/2335 3745/4964/2314 3742/4965/1658
f 3744/4963/2335 3746/4966/2336 3745/4964/2314
f 3747/4967/1318 3748/4968/2337 3749/4969/2338
f 3747/4967/1318 3750/4970/5 3748/4968/2337
f 3750/4970/5 3746/4966/2336 3748/4968/2337
f 3750/4970/5 3745/4964/6 3746/4966/2336
f 3751/4971/1318 3745/4964/6 3750/4970/5
f 3751/4971/1318 3742/4965/5 3745/4964/6
f 3751/4971/1318 3750/4970/5 3747/4967/1318
f 3752/4972/2339 3753/4973/2340 3754/4974/2341
f 3755/4975/2342 3753/4973/2340 3752/4972/2339
f 3756/4976/1930 3757/4977/2343 3758/4978/1930
f 3756/4976/1930 3759/4979/2344 3757/4977/2343
f 3757/4977/2343 3759/4979/2344 3760/4980/2345
f 3757/4977/2343 3760/4980/2346 3761/4981/2347
f 3757/4977/2343 3761/4981/2347 3762/4982/2348
f 3757/4977/2343 3762/4982/2348 3763/4983/2349
f 3762/4982/2348 3764/4984/2350 3763/4983/2349
f 3763/4983/2349 3764/4984/2350 3755/4975/2342
f 3763/4983/2349 3755/4975/2342 3752/4972/2342
f 3260/4377/1548 3285/4403/1548 3261/4378/1548
f 3765/4985/1652 3766/4986/2351 3767/4987/1433
f 3765/4985/1652 3768/4988/2352 3766/4986/2351
f 3769/4989/2353 3768/4988/2352 3765/4985/1652
f 3770/4990/2354 3768/4988/2352 3769/4989/2353
f 3770/4990/2354 3771/4991/2355 3768/4988/2352
f 3772/4992/2099 3771/4991/2355 3770/4990/2354
f 3773/4993/2356 3769/4989/2353 3774/4994/2357
f 3773/4993/2356 3770/4990/2354 3769/4989/2353
f 3775/4995/2358 3770/4990/2354 3773/4993/2356
f 3775/4995/2358 3772/4992/2099 3770/4990/2354
f 3775/4995/2358 3776/4996/2359 3772/4992/2099
f 3776/4996/2359 3771/4991/2355 3772/4992/2099
f 3771/4991/2355 3776/4996/2359 3777/4997/2095
f 3778/4998/2360 3771/4991/2355 3777/4997/2095
f 3778/4998/2360 3779/4999/2361 3771/4991/2355
f 3780/5000/1976 3779/4999/2361 3778/4998/2360
f 3780/5000/1976 3781/5001/2362 3779/4999/2361
f 3782/5002/2362 3781/5001/2362 3780/5000/1976
f 3782/5002/2362 3780/5000/1976 3783/5003/2363
f 3783/5003/2363 3784/5004/2364 3785/5005/2365
f 3775/4995/2358 3743/4961/2366 3742/4960/2367
f 3775/4995/2358 3742/4960/2367 3776/4996/2359
f 3751/5006/2368 3776/4996/2359 3742/4960/2367
f 3777/4997/2095 3776/4996/2359 3751/5006/2368
f 3777/4997/2095 3751/5006/2368 3786/5007/2369
f 3786/5007/2369 3778/4998/2360 3777/4997/2095
f 3787/5008/2370 3778/4998/2360 3786/5007/2369
f 3787/5008/2370 3780/5000/1976 3778/4998/2360
f 3788/5009/2371 3780/5000/1976 3787/5008/2370
f 3788/5009/2371 3783/5003/2363 3780/5000/1976
f 3783/5003/2363 3788/5009/2371 3789/5010/2372
f 3783/5003/2363 3789/5010/2372 3784/5004/2364
f 3790/5011/2373 3784/5004/2364 3789/5010/2372
f 3790/5011/2373 3791/5012/2374 3784/5004/2364
f 3790/5011/2373 3792/5013/2375 3791/5012/2374
f 3792/5013/2375 3793/5014/2376 3791/5012/2374
f 3792/5013/2375 3794/5015/2377 3793/5014/2376
f 3794/5015/2377 3795/5016/2378 3793/5014/2376
f 3794/5015/2377 3796/5017/2379 3795/5016/2378
f 3796/5017/2379 3797/5018/2380 3795/5016/2378
f 3796/5017/2379 3798/5019/2381 3797/5018/2380
f 3253/4399/1918 3255/5020/1918 3799/5021/2382
f 3253/4399/1918 3799/5021/2382 3281/4398/2383
f 3800/5022/1280 3281/4398/2383 3799/5021/2382
f 3800/5022/1280 3279/4396/1279 3281/4398/2383
f 3686/4880/1279 3279/4396/1279 3800/5022/1280
f 3686/4880/1279 3277/4394/1279 3279/4396/1279
f 3577/5023/1403 3576/5024/1403 3801/5025/3
f 3556/5026/2196 3802/5027/2384 3803/5028/2385
f 3555/5029/1515 3802/5027/2384 3556/5026/2196
f 3555/5029/1515 3804/5030/2386 3802/5027/2384
f 3553/5031/2194 3804/5030/2386 3555/5029/1515
f 3553/5031/2194 3805/5032/2387 3804/5030/2386
f 3551/5033/1264 3805/5032/2387 3553/5031/2194
f 3551/5033/1264 3806/5034/1616 3805/5032/2387
f 3548/5035/2191 3806/5034/1616 3551/5033/1264
f 3548/5035/2191 3807/5036/1616 3806/5034/1616
f 3547/5037/1403 3807/5036/1616 3548/5035/2191
f 3547/5037/1403 3808/5038/2388 3807/5036/1616
f 3577/5023/1403 3808/5038/2388 3547/5037/1403
f 3577/5023/1403 3809/5039/3 3808/5038/2388
f 3577/5023/1403 3801/5025/3 3809/5039/3
f 3801/5025/3 3351/5040/3 3809/5039/3
f 3801/5025/3 3248/5041/3 3351/5040/3
f 3801/5025/3 3249/5042/1160 3248/5041/3
f 3576/5024/1403 3249/5042/1160 3801/5025/3
f 3576/5024/1403 3252/5043/1916 3249/5042/1160
f 3806/5034/1616 3346/5044/2008 3805/5032/2387
f 3806/5034/1616 3348/5045/2010 3346/5044/2008
f 3807/5036/1616 3348/5045/2010 3806/5034/1616
f 3807/5036/1616 3349/5046/1616 3348/5045/2010
f 3808/5038/2388 3349/5046/1616 3807/5036/1616
f 3808/5038/2388 3350/5047/2389 3349/5046/1616
f 3809/5039/3 3350/5047/2389 3808/5038/2388
f 3809/5039/3 3351/5040/3 3350/5047/2389
f 3810/5048/2390 3298/5049/1958 3296/5050/1957
f 3810/5048/2390 3811/5051/2391 3298/5049/1958
f 3811/5051/2391 3300/5052/1296 3298/5049/1958
f 3811/5051/2391 3812/5053/2392 3300/5052/1296
f 3813/5054/2393 3300/5052/1296 3812/5053/2392
f 3813/5054/2393 3301/5055/1959 3300/5052/1296
f 3814/5056/2394 3301/5055/1959 3813/5054/2393
f 3814/5056/2394 3303/5057/1961 3301/5055/1959
f 3815/5058/2395 3303/5057/1961 3814/5056/2394
f 3815/5058/2395 3305/5059/1963 3303/5057/1961
f 3803/5028/2385 3305/5059/1963 3815/5058/2395
f 3803/5028/2385 3340/5060/2002 3305/5059/1963
f 3802/5027/2384 3340/5060/2002 3803/5028/2385
f 3802/5027/2384 3342/5061/2004 3340/5060/2002
f 3804/5030/2386 3342/5061/2004 3802/5027/2384
f 3804/5030/2386 3344/5062/2006 3342/5061/2004
f 3805/5032/2387 3344/5062/2006 3804/5030/2386
f 3805/5032/2387 3346/5044/2008 3344/5062/2006
f 3543/5063/2188 3542/5064/2187 3816/5065/2396
f 3542/5064/2187 3817/5066/2397 3816/5065/2396
f 3542/5064/2187 3541/5067/2186 3817/5066/2397
f 3541/5067/2186 3810/5048/2390 3817/5066/2397
f 3541/5067/2186 3540/5068/2185 3810/5048/2390
f 3540/5068/2185 3811/5051/2391 3810/5048/2390
f 3540/5068/2185 3539/5069/2184 3811/5051/2391
f 3539/5069/2184 3812/5053/2392 3811/5051/2391
f 3539/5069/2184 3538/5070/2183 3812/5053/2392
f 3537/5071/2182 3812/5053/2392 3538/5070/2183
f 3537/5071/2182 3813/5054/2393 3812/5053/2392
f 3559/5072/2199 3813/5054/2393 3537/5071/2182
f 3559/5072/2199 3814/5056/2394 3813/5054/2393
f 3558/5073/2198 3814/5056/2394 3559/5072/2199
f 3558/5073/2198 3815/5058/2395 3814/5056/2394
f 3557/5074/2197 3815/5058/2395 3558/5073/2198
f 3557/5074/2197 3803/5028/2385 3815/5058/2395
f 3556/5026/2196 3803/5028/2385 3557/5074/2197
f 3276/5075/1160 3818/5076/3 3278/5077/3
f 3280/5078/1160 3278/5077/3 3818/5076/3
f 3280/5078/1160 3818/5076/3 3819/5079/1160
f 3282/5080/3 3280/5078/1160 3819/5079/1160
f 3282/5080/3 3819/5079/1160 3820/5081/1160
f 3282/5080/3 3820/5081/1160 3284/5082/1160
f 3820/5081/1160 3286/5083/2398 3284/5082/1160
f 3820/5081/1160 3821/5084/2399 3286/5083/2398
f 3821/5084/2399 3288/5085/1950 3286/5083/2398
f 3821/5084/2399 3822/5086/1281 3288/5085/1950
f 3822/5086/1281 3290/5087/1952 3288/5085/1950
f 3822/5086/1281 3823/5088/2400 3290/5087/1952
f 3823/5088/2400 3292/5089/1954 3290/5087/1952
f 3823/5088/2400 3816/5065/2396 3292/5089/1954
f 3816/5065/2396 3294/5090/1956 3292/5089/1954
f 3816/5065/2396 3817/5066/2397 3294/5090/1956
f 3817/5066/2397 3296/5050/1957 3294/5090/1956
f 3817/5066/2397 3810/5048/2390 3296/5050/1957
f 3272/5091/3 3736/5092/3 3824/5093/3
f 3272/5091/3 3824/5093/3 3825/5094/3
f 3272/5091/3 3825/5094/3 3275/5095/3
f 3275/5095/3 3825/5094/3 3826/5096/1160
f 3275/5095/3 3826/5096/1160 3276/5075/1160
f 3276/5075/1160 3826/5096/1160 3818/5076/3
f 3826/5096/1160 3421/5097/1610 3818/5076/3
f 3819/5079/1160 3818/5076/3 3421/5097/1610
f 3819/5079/1160 3421/5097/1610 3431/5098/2086
f 3431/5098/2086 3820/5081/1160 3819/5079/1160
f 3431/5098/2086 3546/5099/2190 3820/5081/1160
f 3546/5099/2190 3821/5084/2399 3820/5081/1160
f 3546/5099/2190 3545/5100/1983 3821/5084/2399
f 3545/5100/1983 3822/5086/1281 3821/5084/2399
f 3545/5100/1983 3544/5101/2189 3822/5086/1281
f 3544/5101/2189 3823/5088/2400 3822/5086/1281
f 3544/5101/2189 3543/5063/2188 3823/5088/2400
f 3543/5063/2188 3816/5065/2396 3823/5088/2400
f 3826/5096/1160 3418/5102/1232 3421/5097/1610
f 3825/5094/3 3418/5102/1232 3826/5096/1160
f 3825/5094/3 3419/5103/2076 3418/5102/1232
f 3422/5104/2078 3419/5103/2076 3825/5094/3
f 3422/5104/2078 3825/5094/3 3824/5093/3
f 3827/5105/1347 3828/5106/1347 3829/5107/1347
f 3828/5106/1347 3830/5108/2401 3829/5107/1347
f 3828/5106/1347 3831/5109/2401 3830/5108/2401
f 3831/5109/2401 3832/5110/2402 3830/5108/2401
f 3831/5109/2401 3833/5111/2402 3832/5110/2402
f 3833/5111/2402 3834/5112/2403 3832/5110/2402
f 3833/5111/2402 3269/5113/2403 3834/5112/2403
f 3269/5113/2403 3835/5114/2404 3834/5112/2403
f 3269/5113/2403 3268/5115/2405 3835/5114/2404
f 3268/5115/2405 3836/5116/2406 3835/5114/2404
f 3268/5115/2405 3266/5117/2406 3836/5116/2406
f 3266/5117/2406 3837/5118/2407 3836/5116/2406
f 3266/5117/2406 3838/5119/2408 3837/5118/2407
f 3838/5119/2408 3839/5120/2409 3837/5118/2407
f 3838/5119/2408 3264/5121/2409 3839/5120/2409
f 3766/4986/2410 3840/5122/1433 3767/4987/1433
f 3766/4986/2410 3841/5123/2411 3840/5122/1433
f 3841/5123/2412 3842/5124/2413 3840/5122/1433
f 3843/5125/2414 3842/5124/2413 3841/5123/2415
f 3843/5125/2414 3844/5126/2082 3842/5124/2413
f 3845/5127/1650 3740/5128/2416 3737/5129/2417
f 3845/5127/1650 3737/5129/2417 3846/5130/2418
f 3847/5131/2419 3845/5127/1650 3846/5130/2418
f 3847/5131/2419 3846/5130/2418 3848/5132/2420
f 3848/5132/2420 3843/5125/2414 3847/5131/2419
f 3848/5132/2420 3844/5126/2082 3843/5125/2414
f 3844/5126/2082 3848/5132/2420 3849/5133/2421
f 3844/5126/2082 3849/5133/2421 3850/5134/2422
f 3850/5134/2422 3842/5124/2413 3844/5126/2082
f 3850/5134/2422 3851/5135/2423 3842/5124/2413
f 3840/5122/1433 3842/5124/2413 3851/5135/2423
f 3840/5122/1433 3851/5135/2423 3852/5136/1988
f 3767/4987/1433 3840/5122/1433 3852/5136/1988
f 3767/4987/1433 3852/5136/1988 3853/5137/1638
f 3854/5138/2424 3767/4987/1433 3853/5137/1638
f 3854/5138/2424 3765/4985/1652 3767/4987/1433
f 3774/4994/2357 3765/4985/1652 3854/5138/2424
f 3774/4994/2357 3769/4989/2353 3765/4985/1652
f 3848/5132/2420 3855/5139/2425 3849/5133/2426
f 3848/5132/2420 3846/5130/2418 3855/5139/2425
f 3846/5130/2418 3856/5140/2427 3855/5139/2425
f 3846/5130/2418 3857/5141/2428 3856/5140/2427
f 3739/5142/2354 3857/5141/2429 3846/5130/2418
f 3739/5142/2354 3846/5130/2418 3737/5129/2417
f 3858/5143/11 3787/5144/2430 3786/5145/1356
f 3858/5143/11 3859/5146/2431 3787/5144/2430
f 3859/5146/2431 3788/5147/1175 3787/5144/2430
f 3859/5146/2431 3860/5148/1636 3788/5147/1175
f 3860/5148/1636 3789/5149/2372 3788/5147/1175
f 3860/5148/1636 3861/5150/1636 3789/5149/2372
f 3861/5150/1636 3790/5151/2373 3789/5149/2372
f 3861/5150/1636 3862/5152/2432 3790/5151/2373
f 3862/5152/2432 3792/5153/2375 3790/5151/2373
f 3862/5152/2432 3863/5154/2433 3792/5153/2375
f 3863/5154/2433 3794/5155/2377 3792/5153/2375
f 3863/5154/2433 3864/5156/2434 3794/5155/2377
f 3864/5156/2434 3796/5157/2379 3794/5155/2377
f 3864/5156/2434 3865/5158/2435 3796/5157/2379
f 3865/5158/2435 3798/5159/2381 3796/5157/2379
f 3865/5158/2435 3866/5160/2436 3798/5159/2381
f 3866/5160/2436 3867/5161/2437 3798/5159/2381
f 3866/5160/2436 3868/5162/2438 3867/5161/2437
f 3868/5162/2438 3869/5163/2439 3867/5161/2437
f 3868/5162/2438 3870/5164/2440 3869/5163/2439
f 3870/5164/2440 3871/5165/1262 3869/5163/2439
f 3865/5158/2435 3864/5156/2434 3872/5166/2441
f 3865/5158/2435 3872/5166/2441 3873/5167/2442
f 3866/5160/2436 3865/5158/2435 3873/5167/2442
f 3866/5160/2436 3873/5167/2442 3874/5168/2443
f 3868/5162/2438 3866/5160/2436 3874/5168/2443
f 3868/5162/2438 3874/5168/2443 3875/5169/2444
f 3870/5164/2440 3868/5162/2438 3875/5169/2444
f 3870/5164/2440 3875/5169/2444 3876/5170/2153
f 3877/5171/2445 3870/5164/2440 3876/5170/2153
f 3870/5164/2440 3877/5171/2445 3871/5165/1262
f 3878/5172/2446 3871/5165/1262 3877/5171/2445
f 3878/5172/2446 3879/5173/2447 3871/5165/1262
f 3880/5174/2448 3879/5173/2447 3878/5172/2446
f 3880/5174/2448 3881/5175/2449 3879/5173/2447
f 3882/5176/2450 3881/5175/2449 3880/5174/2448
f 3882/5176/2450 3883/5177/2451 3881/5175/2449
f 3884/5178/2452 3883/5177/2451 3882/5176/2450
f 3884/5178/2452 3885/5179/2453 3883/5177/2451
f 3886/5180/1318 3887/5181/2454 3888/5182/1617
f 3889/5183/5 3887/5181/2454 3886/5180/1318
f 3889/5183/5 3890/5184/2455 3887/5181/2454
f 3891/5185/2456 3890/5184/2455 3889/5183/5
f 3891/5185/2456 3892/5186/2419 3890/5184/2455
f 3892/5186/2419 3891/5185/2456 3893/5187/2457
f 3892/5186/2419 3893/5187/2457 3894/5188/2117
f 3894/5188/2117 3893/5187/2457 3895/5189/2458
f 3894/5188/2117 3895/5189/2458 3896/5190/2459
f 3896/5190/2459 3895/5189/2458 3884/5178/2452
f 3896/5190/2459 3884/5178/2452 3897/5191/2460
f 3897/5191/2460 3884/5178/2452 3882/5176/2450
f 3897/5191/2460 3882/5176/2450 3898/5192/2461
f 3898/5192/2461 3882/5176/2450 3880/5174/2448
f 3898/5192/2461 3880/5174/2448 3899/5193/2462
f 3899/5193/2462 3880/5174/2448 3878/5172/2446
f 3899/5193/2462 3878/5172/2446 3900/5194/2463
f 3900/5194/2463 3878/5172/2446 3877/5171/2445
f 3900/5194/2463 3877/5171/2445 3901/5195/2156
f 3877/5171/2445 3876/5170/2153 3901/5195/2156
f 3895/5189/2458 3885/5179/2453 3884/5178/2452
f 3895/5189/2458 3902/5196/2464 3885/5179/2453
f 3893/5187/2457 3902/5196/2464 3895/5189/2458
f 3893/5187/2457 3903/5197/2465 3902/5196/2464
f 3891/5185/2456 3903/5197/2465 3893/5187/2457
f 3891/5185/2456 3904/5198/2456 3903/5197/2465
f 3904/5198/2456 3891/5185/2456 3889/5183/5
f 3904/5198/2456 3889/5183/5 3905/5199/5
f 3906/5200/6 3905/5199/5 3889/5183/5
f 3906/5200/6 3889/5183/5 3886/5180/1318
f 3906/5200/6 3886/5180/1318 3907/5201/1318
f 3907/5201/1318 3886/5180/1318 3908/5202/1320
f 3886/5180/1318 3888/5182/1617 3908/5202/1320
f 3888/5182/1617 3909/5203/6 3908/5202/1320
f 3888/5182/1617 3910/5204/2466 3909/5203/6
f 3911/5205/5 3909/5203/6 3910/5204/2466
f 3911/5205/5 3910/5204/2466 3912/5206/2467
f 3913/5207/6 3911/5205/5 3912/5206/2467
f 3907/5201/1318 3908/5202/1320 3914/5208/1320
f 3908/5202/1320 3915/5209/1318 3914/5208/1320
f 3908/5202/1320 3909/5203/6 3915/5209/1318
f 3916/5210/5 3915/5209/1318 3909/5203/6
f 3916/5210/5 3909/5203/6 3911/5205/5
f 3911/5205/5 3758/5211/6 3916/5210/5
f 3911/5205/5 3913/5207/6 3758/5211/6
f 3913/5207/6 3912/5206/2467 3917/5212/2468
f 3918/5213/2365 3913/5207/6 3917/5212/2468
f 3918/5213/2365 3919/5214/6 3913/5207/6
f 3919/5214/6 3758/5211/6 3913/5207/6
f 3919/5214/6 3920/5215/1318 3758/5211/6
f 3921/5216/2469 3922/5217/1980 3923/5218/2470
f 3921/5216/2469 3923/5218/2470 3924/5219/2471
f 3924/5219/2471 3925/5220/2472 3921/5216/2469
f 3921/5216/2469 3925/5220/2472 3926/5221/2473
f 3927/5222/2474 3926/5221/2473 3925/5220/2472
f 3927/5222/2474 3928/5223/2475 3926/5221/2473
f 3925/5220/2472 3924/5219/2471 3927/5222/2474
f 3929/5224/2476 3930/5225/2477 3931/5226/2478
f 3922/5217/1980 3930/5225/2477 3929/5224/2476
f 3922/5217/1980 3921/5216/2469 3930/5225/2477
f 3930/5225/2477 3921/5216/2469 3932/5227/2479
f 3921/5216/2469 3933/5228/2480 3932/5227/2479
f 3921/5216/2469 3926/5221/2473 3933/5228/2480
f 3926/5221/2473 3910/5229/2466 3933/5228/2480
f 3926/5221/2473 3912/5230/2467 3910/5229/2466
f 3917/5231/2468 3912/5230/2467 3926/5221/2473
f 3917/5231/2468 3926/5221/2473 3928/5223/2475
f 3917/5231/2468 3928/5223/2475 3918/5232/2365
f 3933/5228/2480 3910/5229/2466 3888/5233/1617
f 3934/5234/2481 3935/5235/2482 3887/5236/2454
f 3888/5233/1617 3887/5236/2454 3935/5235/2482
f 3888/5233/1617 3935/5235/2482 3936/5237/1443
f 3933/5228/2480 3888/5233/1617 3936/5237/1443
f 3937/5238/2483 3933/5228/2480 3936/5237/1443
f 3937/5238/2483 3932/5227/2479 3933/5228/2480
f 3937/5238/2483 3938/5239/2484 3932/5227/2479
f 3930/5225/2477 3932/5227/2479 3938/5239/2484
f 3939/5240/2485 3930/5225/2477 3938/5239/2484
f 3931/5226/2478 3930/5225/2477 3939/5240/2485
f 3931/5226/2478 3939/5240/2485 3940/5241/1988
f 3940/5241/1988 3939/5240/2485 3941/5242/2486
f 3941/5242/2486 3939/5240/2485 3942/5243/2487
f 3941/5242/2486 3942/5243/2487 3943/5244/2488
f 3943/5244/2488 3942/5243/2487 3944/5245/2489
f 3944/5245/2489 3942/5243/2487 3945/5246/1992
f 3944/5245/2489 3945/5246/1992 3946/5247/1432
f 3946/5247/1432 3945/5246/1992 3947/5248/1432
f 3942/5243/2487 3939/5240/2485 3937/5238/2483
f 3939/5240/2485 3938/5239/2484 3937/5238/2483
f 3945/5246/1992 3942/5243/2487 3948/5249/2483
f 3942/5243/2487 3937/5238/2483 3948/5249/2483
f 3937/5238/2483 3949/5250/2483 3948/5249/2483
f 3937/5238/2483 3936/5237/1443 3949/5250/2483
f 3945/5246/1992 3948/5249/2483 3949/5250/2483
f 3950/5251/1994 3951/5252/2490 3952/5253/2491
f 3950/5251/1994 3935/5235/2482 3951/5252/2490
f 3950/5251/1994 3936/5237/1443 3935/5235/2482
f 3950/5251/1994 3953/5254/2492 3936/5237/1443
f 3950/5251/1994 3954/5255/1994 3953/5254/2492
f 3934/5234/2481 3955/5256/2493 3956/5257/2494
f 3957/5258/2495 3934/5234/2481 3956/5257/2494
f 3957/5258/2495 3935/5235/2482 3934/5234/2481
f 3957/5258/2495 3951/5252/2490 3935/5235/2482
f 3951/5252/2490 3957/5258/2495 3958/5259/2496
f 3951/5252/2490 3958/5259/2496 3952/5253/2491
f 3959/5260/2497 3952/5253/2491 3958/5259/2496
f 3959/5260/2497 3950/5251/1994 3952/5253/2491
f 3950/5251/1994 3959/5260/2497 3960/5261/2498
f 3950/5251/1994 3960/5261/2498 3954/5255/1994
f 3954/5255/1994 3960/5261/2498 3961/5262/2499
f 3954/5255/1994 3961/5262/2499 3953/5254/2492
f 3945/5246/1992 3953/5254/2492 3961/5262/2499
f 3945/5246/1992 3949/5250/2483 3953/5254/2492
f 3936/5237/2500 3953/5254/2492 3949/5250/2483
f 3947/5248/1432 3945/5246/1992 3961/5262/2499
f 3947/5248/1432 3961/5262/2499 3962/5263/1432
f 3962/5263/1432 3961/5262/2499 3963/5264/2501
f 3963/5264/2501 3961/5262/2499 3960/5261/2498
f 3963/5264/2501 3960/5261/2498 3964/5265/2502
f 3964/5265/2502 3960/5261/2498 3965/5266/2503
f 3965/5266/2503 3960/5261/2498 3959/5260/2497
f 3965/5266/2503 3959/5260/2497 3966/5267/2504
f 3958/5259/2496 3966/5267/2504 3959/5260/2497
f 3958/5259/2496 3967/5268/2505 3966/5267/2504
f 3968/5269/2506 3967/5268/2505 3958/5259/2496
f 3968/5269/2506 3969/5270/2507 3967/5268/2505
f 3968/5269/2506 3970/5271/2508 3969/5270/2507
f 3970/5271/2508 3971/5272/2509 3969/5270/2507
f 3970/5271/2508 3972/5273/2510 3971/5272/2509
f 3972/5273/2510 3973/5274/2511 3971/5272/2509
f 3972/5273/2510 3974/5275/2512 3973/5274/2511
f 3974/5275/2512 3975/5276/2513 3973/5274/2511
f 3976/5277/2514 3968/5269/2506 3958/5259/2496
f 3976/5277/2514 3970/5271/2508 3968/5269/2506
f 3976/5277/2514 3958/5259/2496 3957/5258/2495
f 3977/5278/2515 3976/5277/2514 3957/5258/2495
f 3977/5278/2515 3978/5279/2516 3976/5277/2514
f 3976/5277/2514 3978/5279/2516 3970/5271/2508
f 3978/5279/2516 3972/5273/2510 3970/5271/2508
f 3979/5280/2517 3974/5275/2512 3972/5273/2510
f 3978/5279/2516 3979/5280/2517 3972/5273/2510
f 3980/5281/2518 3979/5280/2517 3978/5279/2516
f 3977/5278/2515 3980/5281/2518 3978/5279/2516
f 3981/5282/2519 3980/5281/2518 3977/5278/2515
f 3981/5282/2519 3977/5278/2515 3957/5258/2495
f 3957/5258/2495 3956/5257/2494 3981/5282/2519
f 3982/5283/2520 3983/5284/2521 3984/5285/2522
f 3984/5285/2522 3983/5284/2521 3985/5286/1250
f 3983/5284/2521 3986/5287/2523 3985/5286/1250
f 3987/5288/2524 3985/5286/1250 3986/5287/2523
f 3987/5288/2524 3986/5287/2523 3988/5289/2525
f 3988/5289/2525 3989/5290/2526 3987/5288/2524
f 3988/5289/2525 3990/5291/2527 3989/5290/2526
f 3991/5292/2528 3989/5290/2526 3990/5291/2527
f 3991/5292/2528 3990/5291/2527 3992/5293/2529
f 3993/5294/2530 3991/5292/2528 3992/5293/2529
f 3993/5294/2530 3992/5293/2529 3974/5275/2512
f 3979/5280/2517 3993/5294/2530 3974/5275/2512
f 3994/5295/2531 3993/5294/2530 3979/5280/2517
f 3980/5281/2518 3994/5295/2531 3979/5280/2517
f 3995/5296/2532 3994/5295/2531 3980/5281/2518
f 3981/5282/2519 3995/5296/2532 3980/5281/2518
f 3955/5256/2493 3995/5296/2532 3981/5282/2519
f 3955/5256/2493 3981/5282/2519 3956/5257/2494
f 3984/5285/2522 3985/5286/1250 3996/5297/2533
f 3997/5298/2534 3996/5297/2533 3985/5286/1250
f 3997/5298/2534 3985/5286/1250 3987/5288/2524
f 3998/5299/2535 3997/5298/2534 3987/5288/2524
f 3998/5299/2535 3987/5288/2524 3989/5290/2526
f 3999/5300/2536 3998/5299/2535 3989/5290/2526
f 3999/5300/2536 3989/5290/2526 3991/5292/2528
f 4000/5301/2537 3999/5300/2536 3991/5292/2528
f 4000/5301/2537 3991/5292/2528 3993/5294/2530
f 3994/5295/2531 4000/5301/2537 3993/5294/2530
f 4001/5302/2358 4000/5301/2537 3994/5295/2531
f 3995/5296/2532 4001/5302/2358 3994/5295/2531
f 4002/5303/2538 4001/5302/2358 3995/5296/2532
f 3955/5256/2493 4002/5303/2538 3995/5296/2532
f 4003/5304/1340 4002/5303/2538 3955/5256/2493
f 3934/5234/2481 4003/5304/1340 3955/5256/2493
f 4004/5305/2184 3996/5297/2533 3997/5298/2534
f 4005/5306/2539 4004/5305/2184 3997/5298/2534
f 4005/5306/2539 3997/5298/2534 3998/5299/2535
f 4006/5307/2540 4005/5306/2539 3998/5299/2535
f 4006/5307/2540 3998/5299/2535 3999/5300/2536
f 4007/5308/2541 4006/5307/2540 3999/5300/2536
f 4007/5308/2541 3999/5300/2536 4000/5301/2537
f 4001/5302/2358 4007/5308/2541 4000/5301/2537
f 4008/5309/2542 4007/5308/2541 4001/5302/2358
f 4002/5303/2538 4008/5309/2542 4001/5302/2358
f 4009/5310/2543 4008/5309/2542 4002/5303/2538
f 4003/5304/1340 4009/5310/2543 4002/5303/2538
f 4004/5305/2184 4005/5306/2539 4010/5311/2544
f 4011/5312/2545 4010/5311/2544 4005/5306/2539
f 4011/5312/2545 4005/5306/2539 4006/5307/2540
f 4012/5313/2546 4011/5312/2545 4006/5307/2540
f 4012/5313/2546 4006/5307/2540 4007/5308/2541
f 4008/5309/2542 4012/5313/2546 4007/5308/2541
f 4013/5314/2547 4012/5313/2546 4008/5309/2542
f 4009/5310/2543 4013/5314/2547 4008/5309/2542
f 4014/5315/2548 4010/5311/2544 4011/5312/2545
f 4015/5316/2549 4014/5315/2548 4011/5312/2545
f 4015/5316/2549 4011/5312/2545 4012/5313/2546
f 4013/5314/2547 4015/5316/2549 4012/5313/2546
f 4016/5317/2182 3996/5297/2533 4017/5318/2183
f 4004/5305/2184 4017/5318/2183 3996/5297/2533
f 4018/5319/2550 4017/5318/2183 4004/5305/2184
f 4004/5305/2184 4010/5311/2544 4018/5319/2550
f 4019/5320/2551 4018/5319/2550 4010/5311/2544
f 4014/5315/2548 4019/5320/2551 4010/5311/2544
f 4019/5320/2551 4014/5315/2548 3898/5321/2461
f 4014/5315/2548 3897/5322/2460 3898/5321/2461
f 4014/5315/2548 4015/5316/2549 3897/5322/2460
f 4015/5316/2549 3896/5323/2459 3897/5322/2460
f 4015/5316/2549 4013/5314/2547 3896/5323/2459
f 4013/5314/2547 3894/5324/2117 3896/5323/2459
f 4013/5314/2547 4009/5310/2543 3894/5324/2117
f 4009/5310/2543 3892/5325/2419 3894/5324/2117
f 4009/5310/2543 4003/5304/1340 3892/5325/2419
f 3890/5326/2455 3892/5325/2419 4003/5304/1340
f 3890/5326/2455 4003/5304/1340 3934/5234/2481
f 3934/5234/2481 3887/5236/2454 3890/5326/2455
f 4020/5327/2552 4021/5328/2553 4022/5329/2554
f 4021/5328/2553 4020/5327/2552 4023/5330/2555
f 4021/5328/2553 4023/5330/2555 4024/5331/2556
f 4024/5331/2556 4023/5330/2555 4025/5332/2557
f 4024/5331/2556 4025/5332/2557 4026/5333/2558
f 4026/5333/2558 4025/5332/2557 4027/5334/2559
f 4026/5333/2558 4027/5334/2559 4028/5335/2560
f 4028/5335/2560 4027/5334/2559 4029/5336/2561
f 4028/5335/2560 4029/5336/2561 4030/5337/2562
f 4030/5337/2562 4029/5336/2561 4031/5338/2563
f 4030/5337/2562 4031/5338/2563 4032/5339/2564
f 4032/5339/2564 4031/5338/2563 4033/5340/2565
f 4032/5339/2564 4033/5340/2565 4034/5341/2566
f 4034/5341/2566 4033/5340/2565 4016/5317/2182
f 4034/5341/2566 4016/5317/2182 4035/5342/2567
f 4035/5342/2567 4016/5317/2182 4017/5318/2183
f 4035/5342/2567 4017/5318/2183 4036/5343/2568
f 4018/5319/2550 4036/5343/2568 4017/5318/2183
f 4037/5344/2569 4034/5341/2566 4038/5345/2044
f 4038/5345/2044 4034/5341/2566 4035/5342/2567
f 4038/5345/2044 4035/5342/2567 4039/5346/1553
f 4039/5346/1553 4035/5342/2567 4036/5343/2568
f 4039/5346/1553 4036/5343/2568 4040/5347/1547
f 4041/5348/1552 4040/5347/1547 4036/5343/2568
f 4041/5348/1552 4036/5343/2568 4018/5319/2550
f 4019/5320/2551 4041/5348/1552 4018/5319/2550
f 3875/5349/2444 4039/5346/1553 3876/5350/2153
f 3876/5350/2153 4039/5346/1553 4040/5347/1547
f 3876/5350/2153 4040/5347/1547 3901/5351/2156
f 4040/5347/1547 3900/5352/2463 3901/5351/2156
f 4040/5347/1547 4041/5348/1552 3900/5352/2463
f 4041/5348/1552 3899/5353/2462 3900/5352/2463
f 4041/5348/1552 4019/5320/2551 3899/5353/2462
f 4019/5320/2551 3898/5321/2461 3899/5353/2462
f 4042/5354/2570 4043/5355/2050 4044/5356/2571
f 4044/5356/2571 4043/5355/2050 4045/5357/2572
f 4044/5356/2571 4045/5357/2572 4046/5358/2573
f 4046/5358/2573 4045/5357/2572 4047/5359/1332
f 4046/5358/2573 4047/5359/1332 4048/5360/2574
f 4048/5360/2574 4047/5359/1332 4049/5361/1224
f 4048/5360/2574 4049/5361/1224 4050/5362/2575
f 4050/5362/2575 4049/5361/1224 4051/5363/2576
f 4050/5362/2575 4051/5363/2576 4052/5364/2301
f 4052/5364/2301 4051/5363/2576 4053/5365/2577
f 4052/5364/2301 4053/5365/2577 3872/5366/2441
f 3872/5366/2441 4053/5365/2577 4054/5367/2578
f 3872/5366/2441 4054/5367/2578 3873/5368/2442
f 3873/5368/2442 4054/5367/2578 4037/5344/2569
f 3873/5368/2442 4037/5344/2569 3874/5369/2443
f 3874/5369/2443 4037/5344/2569 4038/5345/2044
f 3874/5369/2443 4038/5345/2044 3875/5349/2444
f 3875/5349/2444 4038/5345/2044 4039/5346/1553
f 4055/5370/2579 4056/5371/2050 4057/5372/2050
f 4058/5373/2580 4056/5371/2050 4055/5370/2579
f 4058/5373/2580 4043/5355/2050 4056/5371/2050
f 4022/5329/2581 4043/5355/2050 4058/5373/2580
f 4022/5329/2581 4045/5357/2572 4043/5355/2050
f 4021/5328/2553 4045/5357/2572 4022/5329/2581
f 4021/5328/2553 4047/5359/1332 4045/5357/2572
f 4047/5359/1332 4021/5328/2553 4024/5331/2556
f 4047/5359/1332 4024/5331/2556 4049/5361/1224
f 4049/5361/1224 4024/5331/2556 4026/5333/2558
f 4049/5361/1224 4026/5333/2558 4051/5363/2576
f 4051/5363/2576 4026/5333/2558 4028/5335/2560
f 4051/5363/2576 4028/5335/2560 4053/5365/2577
f 4053/5365/2577 4028/5335/2560 4030/5337/2562
f 4053/5365/2577 4030/5337/2562 4054/5367/2578
f 4054/5367/2578 4030/5337/2562 4032/5339/2564
f 4054/5367/2578 4032/5339/2564 4037/5344/2569
f 4037/5344/2569 4032/5339/2564 4034/5341/2566
f 4059/5374/2582 4060/5375/2583 4061/5376/2584
f 4062/5377/2585 4060/5375/2583 4059/5374/2582
f 4062/5377/2585 4063/5378/2586 4060/5375/2583
f 4064/5379/2587 4063/5378/2586 4062/5377/2585
f 4064/5379/2587 4065/5380/2588 4063/5378/2586
f 4064/5379/2587 4066/5381/2589 4065/5380/2588
f 4065/5380/2588 4066/5381/2589 4067/5382/2590
f 4067/5382/2590 4066/5381/2589 4058/5373/2580
f 4058/5373/2580 4068/5383/2591 4067/5382/2590
f 4058/5373/2580 4055/5370/2579 4068/5383/2591
f 4068/5383/2591 4055/5370/2579 4069/5384/2579
f 4055/5370/2579 4057/5372/2050 4069/5384/2579
f 4069/5384/2579 4057/5372/2050 4070/5385/2057
f 4057/5372/2050 3749/5386/2338 4070/5385/2057
f 4057/5372/2050 4071/5387/1227 3749/5386/2338
f 4071/5387/1227 4057/5372/2050 4056/5371/2050
f 4071/5387/1227 4056/5371/2050 4042/5354/2570
f 4042/5354/2570 4056/5371/2050 4043/5355/2050
f 4068/5383/2591 4069/5384/2579 4072/5388/2592
f 4069/5384/2579 4073/5389/2057 4072/5388/2592
f 4069/5384/2579 4074/5390/2057 4073/5389/2057
f 4069/5384/2579 4070/5385/2057 4074/5390/2057
f 4072/5388/2592 4073/5389/2057 4075/5391/2061
f 4076/5392/2593 4077/5393/2594 4078/5394/2595
f 4079/5395/2596 4076/5392/2593 4078/5394/2595
f 4079/5395/2596 4078/5394/2595 4080/5396/2597
f 4067/5382/2590 4079/5395/2596 4080/5396/2597
f 4079/5395/2596 4067/5382/2590 4068/5383/2591
f 4079/5395/2596 4068/5383/2591 4081/5397/1938
f 4081/5397/1938 4068/5383/2591 4072/5388/2592
f 4081/5397/1938 4072/5388/2592 4082/5398/2598
f 4072/5388/2592 4075/5391/2061 4082/5398/2598
f 4083/5399/2061 4082/5398/2598 4075/5391/2061
f 4083/5399/2061 4084/5400/2599 4082/5398/2598
f 4085/5401/2069 4084/5400/2599 4083/5399/2061
f 4085/5401/2069 4086/5402/2600 4084/5400/2599
f 4086/5402/2600 4085/5401/2069 4087/5403/1347
f 4086/5402/2600 4087/5403/1347 4088/5404/2601
f 4089/5405/2256 4088/5404/2601 4087/5403/1347
f 4089/5405/2256 4090/5406/2602 4088/5404/2601
f 4089/5405/2256 4091/5407/1625 4090/5406/2602
f 4081/5397/1938 4076/5392/2593 4079/5395/2596
f 4081/5397/1938 4092/5408/2603 4076/5392/2593
f 4093/5409/2604 4076/5392/2593 4092/5408/2603
f 4076/5392/2593 4093/5409/2604 4077/5393/2594
f 4093/5409/2604 4094/5410/2594 4077/5393/2594
f 4090/5406/2602 4095/5411/1625 4096/5412/2602
f 4090/5406/2602 4096/5412/2602 4097/5413/2604
f 4090/5406/2602 4097/5413/2604 4088/5404/2601
f 4098/5414/2605 4088/5404/2601 4097/5413/2604
f 4098/5414/2605 4086/5402/2600 4088/5404/2601
f 4090/5406/2602 4091/5407/1625 4095/5411/1625
f 4099/5415/1625 4095/5411/1625 4091/5407/1625
f 4099/5415/1625 4100/5416/1625 4095/5411/1625
f 4099/5415/1625 4101/5417/1625 4100/5416/1625
f 4102/5418/2606 4100/5416/1625 4101/5417/1625
f 4102/5418/2606 4095/5411/1625 4100/5416/1625
f 4102/5418/2606 4103/5419/2607 4095/5411/1625
f 4095/5411/1625 4103/5419/2607 4096/5412/2602
f 4096/5412/2602 4103/5419/2607 4094/5410/2594
f 4096/5412/2602 4094/5410/2594 4097/5413/2604
f 4093/5409/2604 4097/5413/2604 4094/5410/2594
f 4097/5413/2604 4093/5409/2604 4098/5414/2605
f 4093/5409/2604 4092/5408/2603 4098/5414/2605
f 4086/5402/2600 4098/5414/2605 4092/5408/2603
f 4086/5402/2600 4092/5408/2603 4084/5400/2599
f 4084/5400/2599 4092/5408/2603 4081/5397/1938
f 4084/5400/2599 4081/5397/1938 4082/5398/2598
f 4099/5415/1625 4104/5420/1625 4101/5417/1625
f 4099/5415/1625 4105/5421/2204 4104/5420/1625
f 4104/5420/1625 4105/5421/2204 4106/5422/2608
f 4107/5423/2609 4080/5396/2597 4108/5424/2610
f 4080/5396/2597 4109/5425/2611 4108/5424/2610
f 4080/5396/2597 4078/5394/2595 4109/5425/2611
f 4078/5394/2595 4110/5426/2612 4109/5425/2611
f 4078/5394/2595 4077/5393/2594 4110/5426/2612
f 4077/5393/2594 4111/5427/2613 4110/5426/2612
f 4077/5393/2594 4094/5410/2594 4111/5427/2613
f 4094/5410/2594 4112/5428/2613 4111/5427/2613
f 4094/5410/2594 4103/5419/2607 4112/5428/2613
f 4103/5419/2607 4113/5429/2614 4112/5428/2613
f 4103/5419/2607 4102/5418/2606 4113/5429/2614
f 4113/5429/2614 4102/5418/2606 4114/5430/2615
f 4102/5418/2606 4101/5417/1625 4114/5430/2615
f 4114/5430/2615 4101/5417/1625 4115/5431/2616
f 4115/5431/2616 4101/5417/1625 4104/5420/1625
f 4115/5431/2616 4104/5420/1625 4116/5432/2617
f 4104/5420/1625 4106/5422/2608 4116/5432/2617
f 4106/5422/2608 4117/5433/2618 4116/5432/2617
f 4118/5434/2617 4114/5430/2615 4115/5431/2616
f 4116/5432/2617 4118/5434/2617 4115/5431/2616
f 4116/5432/2617 4117/5433/2618 4118/5434/2617
f 4118/5434/2617 4117/5433/2618 4119/5435/2619
f 4118/5434/2617 4119/5435/2619 4120/5436/2620
f 4121/5437/2621 4118/5434/2617 4120/5436/2620
f 4121/5437/2621 4120/5436/2620 4122/5438/1941
f 4121/5437/2621 4122/5438/1941 4123/5439/2622
f 4124/5440/2623 4123/5439/2622 4122/5438/1941
f 4124/5440/2623 4125/5441/2624 4123/5439/2622
f 4123/5439/2622 4125/5441/2624 4126/5442/2625
f 4126/5442/2625 4125/5441/2624 4127/5443/2626
f 4127/5443/2626 4125/5441/2624 4128/5444/2627
f 4129/5445/2628 4121/5437/2621 4123/5439/2622
f 4129/5445/2628 4123/5439/2622 4130/5446/2629
f 4130/5446/2629 4123/5439/2622 4126/5442/2625
f 4106/5422/2608 4131/5447/1349 4117/5433/2618
f 4131/5447/1349 4119/5435/2619 4117/5433/2618
f 4131/5447/1349 4132/5448/2630 4119/5435/2619
f 4119/5435/2619 4132/5448/2630 4133/5449/2630
f 4119/5435/2619 4133/5449/2630 4134/5450/1941
f 4120/5436/2620 4119/5435/2619 4134/5450/1941
f 4120/5436/2620 4134/5450/1941 4135/5451/2631
f 4135/5451/2631 4122/5438/1941 4120/5436/2620
f 4122/5438/1941 4135/5451/2631 4136/5452/2632
f 4122/5438/1941 4136/5452/2632 4124/5440/2623
f 4136/5452/2632 4137/5453/2633 4124/5440/2623
f 4137/5453/2633 4125/5441/2624 4124/5440/2623
f 4137/5453/2633 4138/5454/2634 4125/5441/2624
f 4125/5441/2624 4138/5454/2634 4128/5444/2627
f 4128/5444/2627 4138/5454/2634 4139/5455/2635
f 4140/5456/2636 4128/5444/2627 4139/5455/2635
f 4140/5456/2636 4139/5455/2635 4141/5457/2637
f 4141/5457/2637 4139/5455/2635 4142/5458/2638
f 4139/5455/2635 4138/5454/2634 4142/5458/2638
f 4142/5458/2638 4143/5459/2068 4144/5460/2639
f 4142/5458/2638 4138/5454/2634 4143/5459/2068
f 4145/5461/2640 4143/5459/2068 4138/5454/2634
f 4145/5461/2640 4138/5454/2634 4137/5453/2633
f 4137/5453/2633 4146/5462/2641 4145/5461/2640
f 4137/5453/2633 4136/5452/2633 4146/5462/2641
f 4136/5452/2633 4147/5463/2642 4146/5462/2641
f 4136/5452/2633 4148/5464/2633 4147/5463/2642
f 4144/5460/2639 4149/5465/2643 4150/5466/2644
f 4144/5460/2639 4143/5459/2068 4149/5465/2643
f 4143/5459/2068 4151/5467/1522 4149/5465/2643
f 4143/5459/2068 4145/5461/2640 4151/5467/1522
f 4145/5461/2640 4152/5468/1522 4151/5467/1522
f 4145/5461/2640 4146/5462/2641 4152/5468/1522
f 4153/5469/1522 4152/5468/1522 4146/5462/2641
f 4153/5469/1522 4146/5462/2641 4147/5463/2642
f 4154/5470/2645 4153/5469/1522 4147/5463/2642
f 4154/5470/2645 4147/5463/2642 4155/5471/2042
f 4148/5464/2633 4155/5471/2042 4147/5463/2642
f 4148/5464/2633 4156/5472/2046 4155/5471/2042
f 4141/5457/2637 4142/5458/2638 4157/5473/2646
f 4157/5473/2646 4142/5458/2638 4144/5460/2639
f 4157/5473/2646 4144/5460/2639 4158/5474/1664
f 4158/5474/1664 4144/5460/2639 4150/5466/2644
f 4158/5474/1664 4150/5466/2644 4159/5475/2647
f 4135/5451/2631 4148/5464/2623 4136/5452/2632
f 4135/5451/2631 4134/5450/2623 4148/5464/2623
f 4134/5450/2623 4156/5472/2046 4148/5464/2623
f 4134/5450/2623 4133/5449/2042 4156/5472/2046
f 4160/5476/2648 4161/5477/2648 4162/5478/1664
f 4163/5479/2649 4162/5478/1664 4161/5477/2648
f 4163/5479/2649 4164/5480/2649 4162/5478/1664
f 4165/5481/2650 4164/5480/2649 4163/5479/2649
f 4165/5481/2650 4166/5482/2651 4164/5480/2649
f 4167/5483/2652 4166/5482/2651 4165/5481/2650
f 4167/5483/2652 3760/5484/2653 4166/5482/2651
f 4168/5485/2654 3760/5484/2653 4167/5483/2652
f 4168/5485/2654 3761/5486/2655 3760/5484/2653
f 4169/5487/2656 3761/5486/2655 4168/5485/2654
f 4169/5487/2656 3762/5488/2657 3761/5486/2655
f 4170/5489/2658 3762/5488/2657 4169/5487/2656
f 4170/5489/2659 4171/5490/2660 3762/5488/2656
f 4172/5491/2658 4171/5490/2660 4170/5489/2659
f 4172/5491/2658 3755/5492/2661 4171/5490/2660
f 4173/5493/2662 4174/5494/2663 4175/5495/2662
f 4173/5493/2662 4176/5496/2662 4174/5494/2663
f 4177/5497/2664 4176/5496/2664 4173/5498/2664
f 4177/5497/2664 4178/5499/2664 4176/5496/2664
f 4177/5497/2665 4179/5500/2665 4178/5499/2665
f 4177/5497/2665 4180/5501/2665 4179/5500/2665
f 4181/5502/2322 4182/5503/2322 4183/5504/2322
f 4181/5502/2322 4184/5505/2322 4182/5503/2322
f 4185/5506/2666 4186/5507/2666 4184/5508/2666
f 4185/5506/2666 4187/5509/2666 4186/5507/2666
f 4188/5510/1376 4185/5506/1376 4189/5511/1376
f 4188/5510/1376 4187/5509/1376 4185/5506/1376
f 4190/5512/2616 4191/5513/1625 4192/5514/1625
f 4190/5512/2616 4192/5514/1625 4193/5515/2616
f 4193/5515/2616 4194/5516/2667 4190/5512/2616
f 4193/5515/2616 3754/5517/2668 4194/5516/2667
f 3754/5517/2668 4195/5518/2669 4194/5516/2667
f 3754/5517/2668 4196/5519/2670 4195/5518/2669
f 4196/5519/2670 4172/5491/2671 4195/5518/2669
f 4196/5519/2670 3755/5492/2671 4172/5491/2671
f 4197/5520/1406 4198/5521/1169 4199/5522/1169
f 4197/5520/1406 4199/5522/1169 4200/5523/1406
f 4201/5524/1654 4197/5520/1406 4200/5523/1406
f 4201/5524/1654 4202/5525/1654 4197/5520/1406
f 4203/5526/3 4202/5525/1654 4201/5524/1654
f 4203/5526/3 4204/5527/3 4202/5525/1654
f 4204/5527/3 4203/5526/3 4205/5528/1912
f 4204/5527/3 4205/5528/1912 4206/5529/1912
f 4206/5529/1912 4205/5528/1912 4207/5530/1323
f 4206/5529/1912 4207/5530/1323 4208/5531/1323
f 4208/5531/1323 4207/5530/1323 4209/5532/2672
f 4208/5531/1323 4209/5532/2672 4210/5533/2672
f 4210/5533/2672 4209/5532/2672 4211/5534/2672
f 4210/5533/2672 4211/5534/2672 4212/5535/2672
f 4211/5534/2672 4213/5536/2673 4212/5535/2672
f 4211/5534/2672 3785/5537/2673 4213/5536/2673
f 3784/5538/2674 4213/5536/2673 3785/5537/2673
f 3784/5538/2674 4214/5539/2674 4213/5536/2673
f 4215/5540/1673 4216/5541/2675 4217/5542/1673
f 4215/5540/1673 4218/5543/2675 4216/5541/2675
f 4218/5543/2675 4219/5544/2676 4216/5541/2675
f 4218/5543/2675 4220/5545/2676 4219/5544/2676
f 4219/5544/2676 4220/5545/2676 4221/5546/1913
f 4219/5544/2676 4221/5546/1913 4222/5547/1913
f 4222/5547/1913 4221/5546/1913 4182/5548/1295
f 4222/5547/1913 4182/5548/1295 4223/5549/1295
f 4182/5548/1295 4224/5550/1606 4223/5549/1295
f 4182/5548/1295 4186/5507/1606 4224/5550/1606
f 4186/5507/1606 4225/5551/2677 4224/5550/1606
f 4186/5507/1606 4187/5509/2677 4225/5551/2677
f 4225/5551/2677 4187/5509/2677 4226/5552/1296
f 4225/5551/2677 4226/5552/1296 4227/5553/1296
f 4227/5553/1296 4226/5552/1296 4228/5554/2678
f 4227/5553/1296 4228/5554/2678 4229/5555/2678
f 4199/5522/1169 4229/5555/2678 4228/5554/2678
f 4199/5522/1169 4198/5521/1169 4229/5555/2678
f 4186/5507/1606 4182/5548/1606 4184/5508/1606
f 3684/5556/2679 3689/4883/2680 3691/4885/2680
f 3684/5556/2679 3706/4904/2680 3689/4883/2680
f 3684/5556/2679 3686/5557/2680 3706/4904/2680
f 4230/5558/90 4231/5559/2681 4232/5560/2681
f 4230/5558/90 4233/5561/2682 4231/5559/2681
f 4234/5562/2683 4235/5563/2684 4233/5563/2684
f 4234/5562/2683 4236/5562/2683 4235/5563/2684
f 4237/5564/2685 4236/5562/2685 4234/5562/2685
f 4237/5564/2685 4238/5564/2685 4236/5562/2685
f 4239/5565/2686 4237/5564/2686 4240/5565/2686
f 4239/5565/2686 4238/5564/2686 4237/5564/2686
f 4241/5566/2687 4240/5565/2687 4242/5566/2687
f 4241/5566/2687 4239/5565/2687 4240/5565/2687
f 4243/5567/2688 4242/5566/2689 4244/5567/2688
f 4243/5567/2688 4241/5566/2688 4242/5566/2689
f 4231/5559/2690 4235/5561/2684 4245/5568/2691
f 4231/5559/2690 4233/5561/2684 4235/5561/2684
f 4246/5569/2692 4243/5570/2688 4244/5570/2688
f 4246/5569/2692 4247/5569/2693 4243/5570/2688
f 4248/5571/2694 4246/5569/2695 4244/5570/2696
f 4248/5571/2694 4249/5572/88 4246/5569/2695
f 4230/5573/36 4234/5562/36 4233/5563/36
f 4230/5573/36 4250/5574/36 4234/5562/36
f 4250/5574/36 4237/5564/36 4234/5562/36
f 4250/5574/36 4251/5575/36 4237/5564/36
f 4252/5576/36 4237/5564/36 4251/5575/36
f 4252/5576/36 4240/5565/36 4237/5564/36
f 4240/5565/36 4252/5576/36 4253/5577/36
f 4240/5565/36 4253/5577/36 4242/5566/36
f 4248/5578/36 4242/5566/36 4253/5577/36
f 4248/5578/36 4244/5567/36 4242/5566/36
f 4248/5578/36 4253/5577/36 4254/5579/36
f 4255/5580/2697 4256/5581/2697 4257/5582/2697
f 4255/5580/2697 4249/5583/2697 4256/5581/2697
f 4258/5584/2698 4257/5582/2698 4259/5585/2698
f 4258/5584/2698 4255/5580/2698 4257/5582/2698
f 4260/5586/2699 4259/5585/2699 4261/5587/2700
f 4260/5586/2699 4258/5584/2700 4259/5585/2699
f 4262/5588/2701 4261/5587/2702 4263/5589/2701
f 4262/5588/2701 4260/5586/2701 4261/5587/2702
f 4264/5590/2703 4263/5589/2703 4265/5591/2704
f 4264/5590/2703 4262/5588/2703 4263/5589/2703
f 4245/5568/88 4243/5570/88 4247/5569/88
f 4245/5568/88 4235/5561/88 4243/5570/88
f 4266/5592/167 4264/5593/167 4267/5594/167
f 4266/5592/167 4268/5595/2705 4264/5593/167
f 4230/5596/98 4269/5597/98 4250/5598/98
f 4230/5596/98 4232/5599/98 4269/5597/98
f 4232/5599/98 4270/5600/98 4269/5597/98
f 4232/5599/98 4271/5601/98 4270/5600/98
f 4271/5601/98 4272/5602/98 4270/5600/98
f 4271/5601/98 4273/5603/98 4272/5602/98
f 4273/5603/98 4274/5604/98 4272/5602/98
f 4273/5603/98 4275/5605/98 4274/5604/98
f 4275/5605/98 4276/5606/98 4274/5604/98
f 4275/5605/98 4277/5607/98 4276/5606/98
f 4277/5607/98 4278/5608/99 4276/5606/98
f 4277/5607/98 4268/5609/98 4278/5608/99
f 4268/5609/98 4279/5610/98 4278/5608/99
f 4268/5609/98 4266/5611/98 4279/5610/98
f 4267/5612/25 4280/5613/2706 4266/5614/2707
f 4280/5613/2706 4267/5612/25 4281/5615/2708
f 4280/5613/2706 4281/5615/2708 4282/5616/25
f 4280/5613/2706 4282/5616/25 4283/5617/2706
f 4266/5614/2707 4280/5613/2706 4283/5617/2706
f 4266/5614/2707 4283/5617/2706 4284/5618/2706
f 4266/5614/2706 4284/5618/2706 4279/5619/2706
f 3714/5620/2709 3713/4915/2709 3712/4914/2709
f 4285/5621/2710 4286/5622/2711 4287/5623/2712
f 4285/5621/2710 4288/5624/2713 4286/5622/2711
f 4288/5624/2714 4289/5625/2715 4286/5622/2714
f 4288/5624/2714 4290/5626/2716 4289/5625/2715
f 4290/5626/2716 4291/5627/2715 4289/5625/2715
f 4290/5626/2716 4292/5628/2717 4291/5627/2715
f 4292/5628/2717 4293/5629/2718 4291/5627/2715
f 4292/5628/2717 4294/5630/2719 4293/5629/2718
f 4295/5631/2720 4293/5629/2718 4294/5630/2719
f 4295/5631/2720 4296/5632/2721 4293/5629/2718
f 4247/5569/98 4296/5632/2721 4295/5631/2720
f 4247/5569/98 4246/5569/98 4296/5632/2721
f 4297/5633/4 3237/5634/4 4298/5635/4
f 4297/5633/4 3216/4909/4 3237/5634/4
f 4297/5633/4 3707/4907/4 3216/4909/4
f 4297/5633/4 4299/5636/1378 3707/4907/4
f 4300/5637/2722 4301/5638/2723 4302/5639/2724
f 4300/5637/2722 4303/5640/2725 4301/5638/2723
f 4303/5640/2725 4304/5641/2726 4301/5638/2723
f 4303/5640/2725 4305/5642/2727 4304/5641/2726
f 4305/5642/2727 4306/5643/2728 4304/5641/2726
f 4305/5642/2727 4307/5644/2729 4306/5643/2728
f 4308/5645/2730 4306/5643/2728 4307/5644/2729
f 4308/5645/2730 4307/5644/2729 4309/5646/324
f 4309/5646/324 4307/5644/2729 4310/5647/2731
f 4309/5646/324 4310/5647/2731 4311/5648/2732
f 4311/5648/2732 4310/5647/2731 4312/5649/2733
f 4311/5648/2732 4312/5649/2733 4313/5650/2734
f 4313/5650/2734 4312/5649/2733 4314/5651/2735
f 4313/5650/2734 4314/5651/2735 4315/5652/330
f 4315/5652/330 4314/5651/2735 4316/5653/2736
f 4317/5654/2737 4316/5653/2736 4314/5651/2735
f 4318/5655/2738 4316/5653/2736 4317/5654/2737
f 4319/5656/2739 4318/5655/2738 4317/5654/2737
f 4320/5657/2740 4318/5655/2738 4319/5656/2739
f 4321/5658/2741 4320/5657/2740 4319/5656/2739
f 4315/5652/330 4316/5653/2736 4322/5659/2742
f 4322/5659/2742 4316/5653/2736 4323/5660/2743
f 4318/5655/2738 4323/5660/2743 4316/5653/2736
f 4324/5661/2744 4323/5660/2743 4318/5655/2738
f 4320/5657/2740 4324/5661/2744 4318/5655/2738
f 4322/5659/2742 4323/5660/2743 4325/5662/2745
f 4325/5662/2745 4323/5660/2743 4326/5663/2746
f 4324/5661/2744 4326/5663/2746 4323/5660/2743
f 4325/5662/2745 4326/5663/2746 4327/5664/2747
f 4321/5658/2741 4319/5656/2739 4328/5665/2748
f 4328/5665/2748 4319/5656/2739 4329/5666/2749
f 4319/5656/2739 4317/5654/2737 4329/5666/2749
f 4329/5666/2749 4317/5654/2737 4330/5667/2750
f 4317/5654/2737 4314/5651/2735 4330/5667/2750
f 4330/5667/2750 4314/5651/2735 4312/5649/2733
f 4330/5667/2750 4312/5649/2733 4331/5668/2751
f 4331/5668/2751 4312/5649/2733 4310/5647/2731
f 4331/5668/2751 4310/5647/2731 4332/5669/2752
f 4332/5669/2752 4310/5647/2731 4307/5644/2729
f 4332/5669/2752 4307/5644/2729 4305/5642/2727
f 4333/5670/2753 4332/5669/2752 4305/5642/2727
f 4333/5670/2753 4305/5642/2727 4303/5640/2725
f 4334/5671/2754 4333/5670/2753 4303/5640/2725
f 4334/5671/2754 4303/5640/2725 4300/5637/2722
f 4328/5665/2748 4329/5666/2749 4335/5672/2755
f 4335/5672/2755 4329/5666/2749 4336/5673/2756
f 4329/5666/2749 4330/5667/2750 4336/5673/2756
f 4336/5673/2756 4330/5667/2750 4331/5668/2751
f 4336/5673/2756 4331/5668/2751 4337/5674/2757
f 4337/5674/2757 4331/5668/2751 4332/5669/2752
f 4337/5674/2757 4332/5669/2752 4333/5670/2753
f 4261/5675/2758 4337/5674/2757 4333/5670/2753
f 4261/5675/2758 4333/5670/2753 4334/5671/2754
f 4335/5672/2755 4336/5673/2756 4338/5676/2759
f 4338/5676/2759 4336/5673/2756 4337/5674/2757
f 4338/5676/2759 4337/5674/2757 4261/5675/2758
f 3710/4911/1629 3708/4913/1629 3707/5677/1629
f 4339/5678/2760 3237/5679/1288 4340/5680/1288
f 4339/5678/2760 4298/5681/2761 3237/5679/1288
f 4341/5682/2762 4298/5681/2761 4339/5678/2760
f 4341/5682/2762 4297/5683/2762 4298/5681/2761
f 4341/5682/2762 4299/5684/1511 4297/5683/2762
f 4341/5682/2762 4342/5685/1511 4299/5684/1511
f 4342/5685/1511 3707/5677/1630 4299/5684/1511
f 4342/5685/1511 3620/5686/1630 3707/5677/1630
f 3619/5687/2763 3707/5677/1630 3620/5686/1630
f 3619/5687/2763 3710/4911/1629 3707/5677/1630
f 3618/5688/2326 3710/4911/1629 3619/5687/2763
f 3618/5688/2326 3711/4912/2326 3710/4911/1629
f 3618/5688/2326 4343/5689/1262 3711/4912/2326
f 3618/5688/2326 3617/5690/1262 4343/5689/1262
f 3617/5690/1262 4344/5691/1254 4343/5689/1262
f 3617/5690/1262 3616/5692/1254 4344/5691/1254
f 4345/5693/1170 4344/5691/1254 3616/5692/1254
f 4345/5693/1170 3616/5692/1254 4346/5694/1170
f 4345/5693/1170 4346/5694/1170 4347/5695/1327
f 4345/5693/1170 4347/5695/1327 4348/5696/1327
f 4349/5697/2313 4348/5696/1327 4347/5695/1327
f 4349/5697/2313 4347/5695/1327 4350/5698/2313
f 4351/5699/6 4349/5697/2313 4350/5698/2313
f 4351/5699/6 4350/5698/2313 4352/5700/6
f 4352/5700/6 4353/5701/1658 4351/5699/6
f 4352/5700/6 4354/5702/1658 4353/5701/1658
f 4354/5702/1658 4355/5703/1405 4353/5701/1658
f 4354/5702/1658 4356/5704/1405 4355/5703/1405
f 4356/5704/1405 4357/5705/2315 4355/5703/1405
f 4356/5704/1405 4358/5706/2315 4357/5705/2315
f 4358/5706/2315 4359/5707/2315 4357/5705/2315
f 4358/5706/2315 4360/5708/2315 4359/5707/2315
f 4361/5709/2317 4359/5707/2315 4360/5708/2315
f 4361/5709/2317 3352/5710/2318 4359/5707/2315
f 4361/5709/2317 3347/4934/2764 3352/5710/2318
f 4361/5709/2317 3722/4935/2764 3347/4934/2764
f 4362/5711/852 1283/5712/853 1280/5713/850
f 4362/5711/852 4363/5714/852 1283/5712/853
f 4363/5714/852 1285/5715/855 1283/5712/853
f 4363/5714/852 4364/5716/2765 1285/5715/855
f 4364/5716/2765 1287/5717/857 1285/5715/855
f 4364/5716/2765 4365/5718/857 1287/5717/857
f 4365/5718/857 1289/5719/858 1287/5717/857
f 4365/5718/857 4366/5720/858 1289/5719/858
f 4367/5721/859 1289/5719/858 4366/5720/858
f 4367/5721/859 1206/5722/859 1289/5719/858
f 4368/5723/757 1291/5724/861 1278/5725/757
f 4368/5723/757 4369/5726/860 1291/5724/861
f 4370/5727/2766 1291/5724/861 4369/5726/860
f 4370/5727/2766 1292/5728/862 1291/5724/861
f 4371/5729/864 1292/5728/862 4370/5727/2766
f 4371/5729/864 1294/5730/864 1292/5728/862
f 4372/5731/865 1294/5730/864 4371/5729/864
f 4372/5731/865 1296/5732/865 1294/5730/864
f 4373/5733/2767 1296/5732/865 4372/5731/865
f 4373/5733/2767 1298/5734/867 1296/5732/865
f 4374/5735/2768 1298/5734/867 4373/5733/2767
f 4374/5735/2768 1300/5736/869 1298/5734/867
f 4375/5737/871 1300/5736/869 4374/5735/2768
f 4375/5737/871 1302/5738/871 1300/5736/869
f 4376/5739/872 1302/5738/871 4375/5737/871
f 4376/5739/872 1304/5740/872 1302/5738/871
f 4376/5739/872 1280/5713/850 1304/5740/872
f 4376/5739/872 4362/5711/852 1280/5713/850
f 4343/5689/2769 3712/4914/2769 3711/4912/2769
f 4377/5741/825 1253/5742/827 1234/5743/825
f 4377/5741/825 4378/5744/2770 1253/5742/827
f 4378/5744/2770 1255/5745/829 1253/5742/827
f 4378/5744/2770 4379/5746/829 1255/5745/829
f 4379/5746/829 1257/5747/830 1255/5745/829
f 4379/5746/829 4380/5748/830 1257/5747/830
f 4380/5748/830 1259/5749/832 1257/5747/830
f 4380/5748/830 4381/5750/832 1259/5749/832
f 4381/5750/832 1261/5751/834 1259/5749/832
f 4381/5750/832 4382/5752/834 1261/5751/834
f 4382/5752/834 1263/5753/836 1261/5751/834
f 4382/5752/834 4383/5754/2771 1263/5753/836
f 4383/5754/2771 1265/5755/838 1263/5753/836
f 4383/5754/2771 4384/5756/838 1265/5755/838
f 4385/5757/839 1265/5755/838 4384/5756/838
f 4385/5757/839 1266/5758/839 1265/5755/838
f 4386/5759/2772 1266/5758/839 4385/5757/839
f 4386/5759/2772 1268/5760/841 1266/5758/839
f 4387/5761/2773 1268/5760/841 4386/5759/2772
f 4387/5761/2773 1270/5762/843 1268/5760/841
f 4388/5763/845 1270/5762/843 4387/5761/2773
f 4388/5763/845 1272/5764/845 1270/5762/843
f 4389/5765/847 1272/5764/845 4388/5763/845
f 4389/5765/847 1274/5766/847 1272/5764/845
f 4390/5767/2774 1274/5766/847 4389/5765/847
f 4390/5767/2774 1276/5768/848 1274/5766/847
f 4368/5723/849 1276/5768/848 4390/5767/2774
f 4368/5723/849 1278/5769/849 1276/5768/848
f 3327/5770/2775 4357/5705/2776 4359/5707/2777
f 3327/5770/2775 4359/5707/2777 3326/5771/2778
f 4359/5707/2777 3324/5772/2112 3326/5771/2778
f 4359/5707/2777 3352/5710/2776 3324/5772/2112
f 4343/5689/1976 3714/5620/1976 3712/4914/1976
f 4343/5689/1976 3241/5773/2360 3714/5620/1976
f 4343/5689/1976 3307/5774/2779 3241/5773/2360
f 4343/5689/1976 4344/5691/2091 3307/5774/2779
f 4344/5691/2091 3318/5775/2095 3307/5774/2779
f 4344/5691/2091 4345/5693/2095 3318/5775/2095
f 4345/5693/2095 3317/5776/2095 3318/5775/2095
f 4345/5693/2095 4348/5696/2095 3317/5776/2095
f 4348/5696/2095 3322/5777/2095 3317/5776/2095
f 4348/5696/2095 4349/5697/2095 3322/5777/2095
f 4349/5697/2095 3320/5778/2780 3322/5777/2095
f 4349/5697/2095 4351/5699/2781 3320/5778/2780
f 4353/5701/2098 3320/5778/2780 4351/5699/2781
f 4353/5701/2098 3321/5779/2098 3320/5778/2780
f 3321/5779/2098 4353/5701/2098 4355/5703/2782
f 3321/5779/2098 4355/5703/2782 3329/5780/2783
f 4357/5705/2776 3329/5780/2783 4355/5703/2782
f 4357/5705/2776 3327/5770/2775 3329/5780/2783
f 4391/5781/782 1197/5782/784 1194/5783/782
f 4391/5781/782 4392/5784/784 1197/5782/784
f 4392/5784/784 1199/5785/786 1197/5782/784
f 4392/5784/784 4393/5786/786 1199/5785/786
f 4393/5786/786 1201/5787/788 1199/5785/786
f 4393/5786/786 4394/5788/2784 1201/5787/788
f 4394/5788/2784 1203/5789/790 1201/5787/788
f 4394/5788/2784 4395/5790/789 1203/5789/790
f 4396/5791/791 1203/5789/790 4395/5790/789
f 4396/5791/791 1204/5792/791 1203/5789/790
f 4367/5721/792 1209/5793/794 1206/5794/792
f 4367/5721/792 4397/5795/794 1209/5793/794
f 4398/5796/795 1209/5793/794 4397/5795/794
f 4398/5796/795 1210/5797/795 1209/5793/794
f 4399/5798/797 1210/5797/795 4398/5796/795
f 4399/5798/797 1212/5799/796 1210/5797/795
f 4399/5798/797 1215/5800/799 1212/5799/796
f 4399/5798/797 4400/5801/799 1215/5800/799
f 4400/5801/799 1217/5802/801 1215/5800/799
f 4400/5801/799 4401/5803/801 1217/5802/801
f 4401/5803/801 1219/5804/803 1217/5802/801
f 4401/5803/801 4402/5805/2785 1219/5804/803
f 4402/5805/2785 1221/5806/804 1219/5804/803
f 4402/5805/2785 4403/5807/804 1221/5806/804
f 4403/5807/804 1223/5808/805 1221/5806/804
f 4403/5807/804 4404/5809/2786 1223/5808/805
f 4404/5809/2786 1194/5783/782 1223/5808/805
f 4404/5809/2786 4391/5781/782 1194/5783/782
f 4405/5810/807 1227/5811/809 1224/5812/807
f 4405/5810/807 4406/5813/807 1227/5811/809
f 4406/5813/807 1229/5814/810 1227/5811/809
f 4406/5813/807 4407/5815/810 1229/5814/810
f 4407/5815/810 1231/5816/811 1229/5814/810
f 4407/5815/810 4408/5817/2787 1231/5816/811
f 4408/5817/2787 1233/5818/2788 1231/5816/811
f 4408/5817/2787 4409/5819/2788 1233/5818/2788
f 4377/5741/751 1233/5818/2788 4409/5819/2788
f 4377/5741/751 1234/5820/751 1233/5818/2788
f 4396/5791/998 1237/5821/813 1204/5792/813
f 4396/5791/998 4410/5822/998 1237/5821/813
f 4411/5823/814 1237/5821/813 4410/5822/998
f 4411/5823/814 1238/5824/814 1237/5821/813
f 4412/5825/816 1238/5824/814 4411/5823/814
f 4412/5825/816 1240/5826/815 1238/5824/814
f 4413/5827/817 1240/5826/815 4412/5825/816
f 4413/5827/817 1242/5828/817 1240/5826/815
f 4414/5829/819 1242/5828/817 4413/5827/817
f 4414/5829/819 1244/5830/819 1242/5828/817
f 4415/5831/2789 1244/5830/819 4414/5829/819
f 4415/5831/2789 1246/5832/820 1244/5830/819
f 4415/5831/2789 1249/5833/822 1246/5832/820
f 4415/5831/2789 4416/5834/822 1249/5833/822
f 4416/5834/822 1251/5835/824 1249/5833/822
f 4416/5834/822 4417/5836/2790 1251/5835/824
f 4417/5836/2790 1224/5812/807 1251/5835/824
f 4417/5836/2790 4405/5810/807 1224/5812/807
f 3698/4892/2227 3684/5556/1598 3691/4885/1598
f 3698/4892/2227 4418/5837/2791 3684/5556/1598
f 3693/4887/2792 4418/5837/2791 3698/4892/2227
f 3693/4887/2792 3274/5838/2793 4418/5837/2791
f 3274/5838/2793 3693/4887/2792 3695/4889/2794
f 3274/5838/2793 3695/4889/2794 4419/5839/2794
f 3839/5120/2794 4419/5839/2794 3695/4889/2794
f 3839/5120/2794 3264/5121/2794 4419/5839/2794
f 3829/5840/1288 4420/5841/2795 3827/5842/1288
f 3829/5840/1288 4421/5843/2795 4420/5841/2795
f 3830/5844/2760 4421/5843/2795 3829/5840/1288
f 3830/5844/2760 4422/5845/2761 4421/5843/2795
f 3832/5846/2762 4422/5845/2761 3830/5844/2760
f 3832/5846/2762 4423/5847/2762 4422/5845/2761
f 3832/5846/2762 4424/5848/1511 4423/5847/2762
f 3832/5846/2762 3834/5112/1511 4424/5848/1511
f 3834/5112/1511 4425/5849/1630 4424/5848/1511
f 3834/5112/1511 3835/5114/1630 4425/5849/1630
f 3835/5114/1630 4426/5850/2763 4425/5849/1630
f 3835/5114/1630 3836/5116/2763 4426/5850/2763
f 3837/5118/2328 4426/5850/2763 3836/5116/2763
f 3837/5118/2328 4427/5851/2328 4426/5850/2763
f 3839/5120/1262 4427/5851/2328 3837/5118/2328
f 3839/5120/1262 3437/5852/1262 4427/5851/2328
f 3695/4889/1254 3437/5852/1262 3839/5120/1262
f 3695/4889/1254 3694/4888/1254 3437/5852/1262
f 3849/5133/2474 3855/5139/2474 4428/5853/2474
f 4429/5854/2796 4430/5855/2797 4431/5856/2798
f 4432/5857/2799 4429/5854/2796 4431/5856/2798
f 4432/5857/2799 4433/5858/2800 4429/5854/2796
f 4434/5859/2801 4433/5858/2800 4432/5857/2799
f 4434/5859/2801 4435/5860/2802 4433/5858/2800
f 4436/5861/2803 4435/5860/2802 4434/5859/2801
f 4436/5861/2803 4437/5862/2804 4435/5860/2802
f 4437/5862/2804 4436/5861/2803 4438/5863/2805
f 4437/5862/2804 4438/5863/2805 4439/5864/2806
f 4438/5863/2805 4440/5865/2807 4439/5864/2806
f 4438/5863/2805 4441/5866/2808 4440/5865/2807
f 4441/5866/2808 4442/5867/2809 4440/5865/2807
f 4441/5866/2808 4443/5868/2810 4442/5867/2809
f 4444/5869/2811 4442/5867/2809 4443/5868/2810
f 4444/5869/2811 4445/5870/2812 4442/5867/2809
f 4445/5870/2812 4444/5869/2811 4446/5871/2813
f 4445/5870/2812 4446/5871/2813 4447/5872/2814
f 4446/5871/2813 4448/5873/2815 4447/5872/2814
f 4446/5871/2813 4449/5874/2816 4448/5873/2815
f 4449/5874/2816 4450/5875/2817 4448/5873/2815
f 4449/5874/2816 4451/5876/2818 4450/5875/2817
f 4452/5877/2819 4450/5875/2817 4451/5876/2818
f 4452/5877/2819 4451/5876/2818 4453/5878/2820
f 4454/5879/2821 4452/5877/2819 4453/5878/2820
f 4454/5879/2821 4453/5878/2820 4455/5880/2822
f 4456/5881/2823 4454/5879/2821 4455/5880/2822
f 4456/5881/2823 4457/5882/2824 4454/5879/2821
f 4457/5882/2824 4456/5881/2823 4458/5883/2825
f 4457/5882/2824 4458/5883/2825 4459/5884/2826
f 4460/5885/2823 4459/5884/2826 4458/5883/2825
f 4460/5885/2823 4461/5886/2827 4459/5884/2826
f 4461/5886/2827 4460/5885/2823 4462/5887/2828
f 4461/5886/2827 4462/5887/2828 4463/5888/2829
f 4462/5887/2828 4464/5889/2830 4463/5888/2829
f 4462/5887/2828 4465/5890/2831 4464/5889/2830
f 4465/5890/2831 4466/5891/913 4464/5889/2830
f 4465/5890/2831 4467/5892/2832 4466/5891/913
f 4466/5891/913 4467/5892/2832 4468/5893/2833
f 4466/5891/913 4468/5893/2833 4469/5894/2834
f 4469/5894/2834 4468/5893/2833 4470/5895/2835
f 4469/5894/2834 4470/5895/2835 4471/5896/2836
f 4470/5895/2835 4472/5897/2837 4471/5896/2836
f 4470/5895/2835 4473/5898/2838 4472/5897/2837
f 4473/5898/2838 4474/5899/2839 4472/5897/2837
f 4473/5898/2838 4475/5900/2840 4474/5899/2839
f 4475/5900/2840 4476/5901/2841 4474/5899/2839
f 4475/5900/2840 4430/5855/2797 4476/5901/2841
f 4429/5854/2796 4476/5901/2841 4430/5855/2797
f 4477/5902/2842 4478/5903/2843 4479/5904/2844
f 4479/5904/2844 4478/5903/2843 4480/5905/2845
f 4479/5904/2844 4480/5905/2845 4481/5906/2846
f 4481/5906/2846 4480/5905/2845 4482/5907/2847
f 4480/5905/2845 4483/5908/2848 4482/5907/2847
f 4483/5908/2848 4484/5909/2849 4482/5907/2847
f 4483/5908/2848 4485/5910/2850 4484/5909/2849
f 4485/5910/2850 4486/5911/2851 4484/5909/2849
f 4485/5910/2850 4487/5912/2852 4486/5911/2851
f 4478/5903/2843 4488/5913/2853 4480/5905/2845
f 4480/5905/2845 4488/5913/2853 4483/5908/2848
f 4488/5913/2853 4489/5914/2854 4483/5908/2848
f 4489/5914/2854 4485/5910/2850 4483/5908/2848
f 4489/5914/2854 4490/5915/2855 4485/5910/2850
f 4490/5915/2855 4487/5912/2852 4485/5910/2850
f 4490/5915/2855 4491/5916/2856 4487/5912/2852
f 4481/5906/2846 4482/5907/2847 4492/5917/2857
f 4482/5907/2847 4493/5918/2858 4492/5917/2857
f 4482/5907/2847 4484/5909/2849 4493/5918/2858
f 4484/5909/2849 4494/5919/2859 4493/5918/2858
f 4484/5909/2849 4486/5911/2851 4494/5919/2859
f 4486/5911/2851 4495/5920/2860 4494/5919/2859
f 4486/5911/2851 4496/5921/2861 4495/5920/2860
f 4487/5912/2852 4496/5921/2861 4486/5911/2851
f 4487/5912/2852 4497/5922/2862 4496/5921/2861
f 4491/5916/2856 4497/5922/2862 4487/5912/2852
f 4491/5916/2856 4498/5923/2863 4497/5922/2862
f 4499/5924/2864 4479/5904/2844 4500/5925/2865
f 4500/5925/2865 4479/5904/2844 4481/5906/2846
f 4500/5925/2865 4481/5906/2846 4501/5926/2866
f 4501/5926/2866 4481/5906/2846 4492/5917/2857
f 4501/5926/2866 4492/5917/2857 4502/5927/2867
f 4492/5917/2857 4503/5928/2868 4502/5927/2867
f 4492/5917/2857 4493/5918/2858 4503/5928/2868
f 4493/5918/2858 4504/5929/2869 4503/5928/2868
f 4493/5918/2858 4494/5919/2859 4504/5929/2869
f 4494/5919/2859 4505/5930/2870 4504/5929/2869
f 4494/5919/2859 4495/5920/2860 4505/5930/2870
f 4495/5920/2860 4506/5931/2871 4505/5930/2870
f 4495/5920/2860 4507/5932/2872 4506/5931/2871
f 4496/5921/2861 4507/5932/2872 4495/5920/2860
f 4496/5921/2861 4508/5933/2873 4507/5932/2872
f 4497/5922/2862 4508/5933/2873 4496/5921/2861
f 4497/5922/2862 4509/5934/2874 4508/5933/2873
f 4498/5923/2863 4509/5934/2874 4497/5922/2862
f 4498/5923/2863 4510/5935/2875 4509/5934/2874
f 4511/5936/2876 4502/5927/2867 4512/5937/2877
f 4502/5927/2867 4513/5938/2878 4512/5937/2877
f 4502/5927/2867 4503/5928/2868 4513/5938/2878
f 4503/5928/2868 4514/5939/2879 4513/5938/2878
f 4503/5928/2868 4504/5929/2869 4514/5939/2879
f 4504/5929/2869 4515/5940/2880 4514/5939/2879
f 4504/5929/2869 4505/5930/2870 4515/5940/2880
f 4505/5930/2870 4516/5941/2881 4515/5940/2880
f 4505/5930/2870 4506/5931/2871 4516/5941/2881
f 4506/5931/2871 4517/5942/2882 4516/5941/2881
f 4506/5931/2871 4518/5943/2883 4517/5942/2882
f 4507/5932/2872 4518/5943/2883 4506/5931/2871
f 4507/5932/2872 4519/5944/2884 4518/5943/2883
f 4508/5933/2873 4519/5944/2884 4507/5932/2872
f 4508/5933/2873 4520/5945/2885 4519/5944/2884
f 4509/5934/2874 4520/5945/2885 4508/5933/2873
f 4509/5934/2874 4521/5946/2886 4520/5945/2885
f 4510/5935/2875 4521/5946/2886 4509/5934/2874
f 4522/5947/2887 4523/5948/2888 4524/5949/2889
f 4522/5947/2887 4524/5949/2889 4525/5950/2890
f 4525/5950/2890 4524/5949/2889 4511/5936/2876
f 4525/5950/2890 4511/5936/2876 4526/5951/2891
f 4526/5951/2891 4511/5936/2876 4512/5937/2877
f 4526/5951/2891 4512/5937/2877 4527/5952/2892
f 4512/5937/2877 4528/5953/2893 4527/5952/2892
f 4512/5937/2877 4513/5938/2878 4528/5953/2893
f 4513/5938/2878 4529/5954/2894 4528/5953/2893
f 4513/5938/2878 4514/5939/2879 4529/5954/2894
f 4514/5939/2879 4530/5955/2895 4529/5954/2894
f 4514/5939/2879 4515/5940/2880 4530/5955/2895
f 4515/5940/2880 4531/5956/2896 4530/5955/2895
f 4515/5940/2880 4516/5941/2881 4531/5956/2896
f 4516/5941/2881 4532/5957/2897 4531/5956/2896
f 4516/5941/2881 4517/5942/2882 4532/5957/2897
f 4517/5942/2882 4533/5958/2898 4532/5957/2897
f 4517/5942/2882 4534/5959/2899 4533/5958/2898
f 4530/5955/2895 4531/5956/2896 4388/5960/2900
f 4530/5955/2895 4388/5960/2900 4387/5961/2901
f 4529/5954/2894 4530/5955/2895 4387/5961/2901
f 4529/5954/2894 4387/5961/2901 4386/5962/2902
f 4528/5953/2893 4529/5954/2894 4386/5962/2902
f 4528/5953/2893 4386/5962/2902 4385/5963/2903
f 4527/5952/2892 4528/5953/2893 4385/5963/2903
f 4527/5952/2892 4385/5963/2903 4384/5964/2904
f 4383/5965/2905 4527/5952/2892 4384/5964/2904
f 4383/5965/2905 4526/5951/2891 4527/5952/2892
f 4382/5966/2906 4526/5951/2891 4383/5965/2905
f 4382/5966/2906 4525/5950/2890 4526/5951/2891
f 4381/5967/2907 4525/5950/2890 4382/5966/2906
f 4381/5967/2907 4522/5947/2887 4525/5950/2890
f 4380/5968/2908 4522/5947/2887 4381/5967/2907
f 4380/5968/2908 4535/5969/2909 4522/5947/2887
f 4379/5970/2910 4535/5969/2909 4380/5968/2908
f 4379/5970/2910 4536/5971/2911 4535/5969/2909
f 4537/5972/2912 4375/5973/2913 4374/5974/2914
f 4537/5972/2912 4374/5974/2914 4538/5975/2915
f 4538/5975/2915 4374/5974/2914 4373/5976/2916
f 4538/5975/2915 4373/5976/2916 4539/5977/2917
f 4539/5977/2917 4373/5976/2916 4372/5978/2918
f 4539/5977/2917 4372/5978/2918 4540/5979/2919
f 4540/5979/2919 4372/5978/2918 4371/5980/2920
f 4540/5979/2919 4371/5980/2920 4541/5981/2921
f 4541/5981/2921 4371/5980/2920 4370/5982/2922
f 4541/5981/2921 4370/5982/2922 4534/5959/2899
f 4534/5959/2899 4370/5982/2922 4369/5983/2923
f 4534/5959/2899 4369/5983/2923 4533/5958/2898
f 4533/5958/2898 4369/5983/2923 4368/5984/2924
f 4533/5958/2898 4368/5984/2924 4390/5985/2925
f 4532/5957/2897 4533/5958/2898 4390/5985/2925
f 4532/5957/2897 4390/5985/2925 4389/5986/2926
f 4531/5956/2896 4532/5957/2897 4389/5986/2926
f 4531/5956/2896 4389/5986/2926 4388/5960/2900
f 4518/5943/2883 4534/5959/2899 4517/5942/2882
f 4518/5943/2883 4541/5981/2921 4534/5959/2899
f 4519/5944/2884 4541/5981/2921 4518/5943/2883
f 4519/5944/2884 4540/5979/2919 4541/5981/2921
f 4520/5945/2885 4540/5979/2919 4519/5944/2884
f 4520/5945/2885 4539/5977/2917 4540/5979/2919
f 4521/5946/2886 4539/5977/2917 4520/5945/2885
f 4521/5946/2886 4538/5975/2915 4539/5977/2917
f 4542/5987/2927 4538/5975/2915 4521/5946/2886
f 4542/5987/2927 4537/5972/2912 4538/5975/2915
f 4543/5988/2928 4537/5972/2912 4542/5987/2927
f 4543/5988/2928 4544/5989/2929 4537/5972/2912
f 4543/5988/2928 4545/5990/2930 4544/5989/2929
f 4543/5988/2928 4546/5991/2931 4545/5990/2930
f 4546/5991/2931 4547/5992/2932 4545/5990/2930
f 4546/5991/2931 4548/5993/2933 4547/5992/2932
f 4548/5993/2933 4549/5994/2934 4547/5992/2932
f 4548/5993/2933 4550/5995/2935 4549/5994/2934
f 4510/5935/2875 4542/5987/2927 4521/5946/2886
f 4551/5996/2936 4542/5987/2927 4510/5935/2875
f 4551/5996/2936 4543/5988/2928 4542/5987/2927
f 4551/5996/2936 4552/5997/2937 4543/5988/2928
f 4553/5998/2938 4543/5988/2928 4552/5997/2937
f 4553/5998/2938 4546/5991/2931 4543/5988/2928
f 4553/5998/2938 4554/5999/2939 4546/5991/2931
f 4554/5999/2939 4548/5993/2933 4546/5991/2931
f 4554/5999/2939 4555/6000/2940 4548/5993/2933
f 4555/6000/2940 4550/5995/2935 4548/5993/2933
f 4555/6000/2940 4556/6001/2941 4550/5995/2935
f 4556/6001/2941 4557/6002/2942 4550/5995/2935
f 4556/6001/2941 4558/6003/2943 4557/6002/2942
f 4559/6004/2944 4558/6003/2943 4556/6001/2941
f 4559/6004/2944 4560/6005/2945 4558/6003/2943
f 4561/6006/2946 4554/5999/2939 4553/5998/2938
f 4561/6006/2946 4562/6007/2947 4554/5999/2939
f 4562/6007/2947 4555/6000/2940 4554/5999/2939
f 4562/6007/2947 4563/6008/2948 4555/6000/2940
f 4563/6008/2948 4556/6001/2941 4555/6000/2940
f 4563/6008/2948 4559/6004/2944 4556/6001/2941
f 4550/5995/2935 4564/6009/2949 4549/5994/2934
f 4550/5995/2935 4557/6002/2942 4564/6009/2949
f 4557/6002/2942 4565/6010/2950 4564/6009/2949
f 4557/6002/2942 4566/6011/2951 4565/6010/2950
f 4558/6003/2943 4566/6011/2951 4557/6002/2942
f 4558/6003/2943 4567/6012/2952 4566/6011/2951
f 4560/6005/2945 4567/6012/2952 4558/6003/2943
f 4560/6005/2945 4568/6013/2953 4567/6012/2952
f 4569/6014/2954 4568/6013/2953 4560/6005/2945
f 4570/6015/2955 4569/6014/2954 4560/6005/2945
f 4570/6015/2955 4560/6005/2945 4559/6004/2944
f 4571/6016/2956 4570/6015/2955 4559/6004/2944
f 4571/6016/2956 4559/6004/2944 4563/6008/2948
f 4572/6017/2957 4571/6016/2956 4563/6008/2948
f 4572/6017/2957 4563/6008/2948 4562/6007/2947
f 4573/6018/2958 4572/6017/2957 4562/6007/2947
f 4573/6018/2958 4562/6007/2947 4561/6006/2946
f 4448/5873/2959 4573/6018/2958 4561/6006/2946
f 4452/5877/2960 4573/6018/2958 4450/5875/2958
f 4448/5873/2959 4450/5875/2958 4573/6018/2958
f 4454/5879/2961 4574/6019/2960 4452/5877/2960
f 4452/5877/2960 4574/6019/2960 4573/6018/2958
f 4574/6019/2960 4572/6017/2957 4573/6018/2958
f 4567/6012/2952 4399/6020/2962 4398/6021/2963
f 4567/6012/2952 4398/6021/2963 4566/6011/2951
f 4566/6011/2951 4398/6021/2963 4397/6022/2964
f 4566/6011/2951 4397/6022/2964 4565/6010/2950
f 4565/6010/2950 4397/6022/2964 4367/6023/2965
f 4565/6010/2950 4367/6023/2965 4366/5424/2965
f 4564/6009/2949 4565/6010/2950 4366/5424/2965
f 4564/6009/2949 4366/5424/2965 4365/5425/2966
f 4549/5994/2934 4564/6009/2949 4365/5425/2966
f 4549/5994/2934 4365/5425/2966 4364/5426/2967
f 4547/5992/2932 4549/5994/2934 4364/5426/2967
f 4547/5992/2932 4364/5426/2967 4363/5427/2968
f 4545/5990/2930 4547/5992/2932 4363/5427/2968
f 4545/5990/2930 4363/5427/2968 4362/5428/2969
f 4544/5989/2929 4545/5990/2930 4362/5428/2969
f 4544/5989/2929 4362/5428/2969 4376/6024/2970
f 4544/5989/2929 4376/6024/2970 4375/5973/2913
f 4544/5989/2929 4375/5973/2913 4537/5972/2912
f 4575/6025/2971 4576/6026/2972 4577/6027/2973
f 4575/6025/2971 4578/6028/2974 4576/6026/2972
f 4578/6028/2974 4579/6029/2975 4576/6026/2972
f 4578/6028/2974 4580/6030/2976 4579/6029/2975
f 4580/6030/2976 4581/6031/2977 4579/6029/2975
f 4580/6030/2976 4582/6032/2978 4581/6031/2977
f 4582/6032/2978 4583/6033/2979 4581/6031/2977
f 4582/6032/2978 4584/6034/2980 4583/6033/2979
f 4584/6034/2980 4585/6035/2981 4583/6033/2979
f 4584/6034/2980 4586/6036/2982 4585/6035/2981
f 4585/6035/2981 4586/6036/2982 4587/6037/2983
f 4586/6036/2982 4588/6038/2984 4587/6037/2983
f 4587/6037/2983 4588/6038/2984 4569/6014/2954
f 4588/6038/2984 4589/6039/2985 4569/6014/2954
f 4569/6014/2954 4589/6039/2985 4568/6013/2953
f 4589/6039/2985 4400/6040/2986 4568/6013/2953
f 4568/6013/2953 4400/6040/2986 4399/6020/2962
f 4568/6013/2953 4399/6020/2962 4567/6012/2952
f 4590/6041/2987 4578/6028/2974 4575/6025/2971
f 4590/6041/2987 4591/6042/2988 4578/6028/2974
f 4591/6042/2988 4580/6030/2976 4578/6028/2974
f 4591/6042/2988 4592/6043/2989 4580/6030/2976
f 4592/6043/2989 4582/6032/2978 4580/6030/2976
f 4592/6043/2989 4593/6044/2990 4582/6032/2978
f 4593/6044/2990 4584/6034/2980 4582/6032/2978
f 4593/6044/2990 4594/6045/2991 4584/6034/2980
f 4594/6045/2991 4586/6036/2982 4584/6034/2980
f 4594/6045/2991 4595/6046/2992 4586/6036/2982
f 4586/6036/2982 4595/6046/2992 4588/6038/2984
f 4596/6047/2993 4577/6027/2973 4597/6048/2994
f 4596/6047/2993 4575/6025/2971 4577/6027/2973
f 4598/6049/2995 4575/6025/2971 4596/6047/2993
f 4598/6049/2995 4590/6041/2987 4575/6025/2971
f 4599/6050/2996 4590/6041/2987 4598/6049/2995
f 4599/6050/2996 4600/6051/2997 4590/6041/2987
f 4600/6051/2997 4591/6042/2988 4590/6041/2987
f 4600/6051/2997 4601/6052/2998 4591/6042/2988
f 4601/6052/2998 4592/6043/2989 4591/6042/2988
f 4601/6052/2998 4602/6053/2999 4592/6043/2989
f 4602/6053/2999 4593/6044/2990 4592/6043/2989
f 4602/6053/2999 4603/6054/3000 4593/6044/2990
f 4603/6054/3000 4594/6045/2991 4593/6044/2990
f 4603/6054/3000 4604/6055/3001 4594/6045/2991
f 4604/6055/3001 4595/6046/2992 4594/6045/2991
f 4604/6055/3001 4605/6056/3002 4595/6046/2992
f 4595/6046/2992 4605/6056/3002 4606/6057/3003
f 4595/6046/2992 4606/6057/3003 4588/6038/2984
f 4588/6038/2984 4606/6057/3003 4589/6039/2985
f 4392/6058/3004 4603/6054/3000 4602/6053/2999
f 4392/6058/3004 4391/6059/3005 4603/6054/3000
f 4391/6059/3005 4604/6055/3001 4603/6054/3000
f 4391/6059/3005 4404/6060/3006 4604/6055/3001
f 4404/6060/3006 4605/6056/3002 4604/6055/3001
f 4404/6060/3006 4403/6061/3007 4605/6056/3002
f 4605/6056/3002 4403/6061/3007 4402/6062/3003
f 4605/6056/3002 4402/6062/3003 4606/6057/3003
f 4606/6057/3003 4402/6062/3003 4401/6063/3008
f 4606/6057/3003 4401/6063/3008 4589/6039/2985
f 4589/6039/2985 4401/6063/3008 4400/6040/2986
f 4414/6064/3009 4607/6065/3010 4415/6066/3011
f 4414/6064/3009 4608/6067/3012 4607/6065/3010
f 4413/6068/3013 4608/6067/3012 4414/6064/3009
f 4413/6068/3013 4597/6048/2994 4608/6067/3012
f 4412/6069/3014 4597/6048/2994 4413/6068/3013
f 4412/6069/3014 4596/6047/2993 4597/6048/2994
f 4411/6070/3015 4596/6047/2993 4412/6069/3014
f 4411/6070/3015 4598/6049/2995 4596/6047/2993
f 4410/6071/3016 4598/6049/2995 4411/6070/3015
f 4410/6071/3016 4599/6050/2996 4598/6049/2995
f 4396/6072/3016 4599/6050/2996 4410/6071/3016
f 4396/6072/3016 4395/6073/3017 4599/6050/2996
f 4395/6073/3017 4600/6051/2997 4599/6050/2996
f 4395/6073/3017 4394/5272/3018 4600/6051/2997
f 4394/5272/3018 4601/6052/2998 4600/6051/2997
f 4394/5272/3018 4393/5274/3019 4601/6052/2998
f 4393/5274/3019 4602/6053/2999 4601/6052/2998
f 4393/5274/3019 4392/6058/3004 4602/6053/2999
f 4587/6037/2983 4569/6014/2954 4570/6015/2955
f 4609/6074/3020 4587/6037/2983 4570/6015/2955
f 4585/6035/2981 4587/6037/2983 4609/6074/3020
f 4610/6075/3021 4585/6035/2981 4609/6074/3020
f 4583/6033/2979 4585/6035/2981 4610/6075/3021
f 4583/6033/2979 4610/6075/3021 4611/6076/3022
f 4581/6031/2977 4583/6033/2979 4611/6076/3022
f 4581/6031/2977 4611/6076/3022 4612/6077/3023
f 4579/6029/2975 4581/6031/2977 4612/6077/3023
f 4579/6029/2975 4612/6077/3023 4613/6078/3024
f 4576/6026/2972 4579/6029/2975 4613/6078/3024
f 4576/6026/2972 4613/6078/3024 4614/6079/3025
f 4577/6027/2973 4576/6026/2972 4614/6079/3025
f 4577/6027/2973 4614/6079/3025 4615/6080/3026
f 4597/6048/2994 4577/6027/2973 4615/6080/3026
f 4597/6048/2994 4615/6080/3026 4608/6067/3012
f 4608/6067/3012 4615/6080/3026 4616/6081/3027
f 4608/6067/3012 4616/6081/3027 4607/6065/3010
f 4610/6075/3021 4609/6074/3020 4617/6082/3028
f 4618/6083/1912 4610/6075/3021 4617/6082/3028
f 4618/6083/1912 4611/6076/3022 4610/6075/3021
f 4618/6083/1912 4619/6084/3029 4611/6076/3022
f 4619/6084/3029 4612/6077/3023 4611/6076/3022
f 4619/6084/3029 4620/6085/3030 4612/6077/3023
f 4620/6085/3030 4613/6078/3024 4612/6077/3023
f 4620/6085/3030 4621/6086/3031 4613/6078/3024
f 4621/6086/3031 4614/6079/3025 4613/6078/3024
f 4621/6086/3031 4622/6087/3032 4614/6079/3025
f 4622/6087/3032 4615/6080/3026 4614/6079/3025
f 4622/6087/3032 4616/6081/3027 4615/6080/3026
f 4622/6087/3032 4623/6088/3033 4616/6081/3027
f 4624/6089/3034 4625/6090/3035 4616/6081/3027
f 4624/6089/3034 4616/6081/3027 4623/6088/3033
f 4469/5894/3034 4624/6089/3034 4623/6088/3033
f 4469/5894/3034 4623/6088/3033 4466/5891/3032
f 4464/5889/3032 4466/5891/3032 4623/6088/3033
f 4464/5889/3032 4623/6088/3033 4622/6087/3032
f 4622/6087/3032 4463/5888/3031 4464/5889/3032
f 4621/6086/3031 4463/5888/3031 4622/6087/3032
f 4621/6086/3031 4461/5886/3036 4463/5888/3031
f 4461/5886/3036 4621/6086/3031 4620/6085/3030
f 4461/5886/3036 4620/6085/3030 4459/5884/3030
f 4457/5882/3037 4459/5884/3030 4620/6085/3030
f 4457/5882/3037 4620/6085/3030 4619/6084/3029
f 4454/5879/2961 4457/5882/3037 4619/6084/3029
f 4454/5879/2961 4619/6084/3029 4618/6083/1912
f 4454/5879/2961 4618/6083/1912 4574/6019/2960
f 4618/6083/1912 4617/6082/3028 4574/6019/2960
f 4574/6019/2960 4617/6082/3028 4572/6017/2957
f 4617/6082/3028 4571/6016/2956 4572/6017/2957
f 4617/6082/3028 4609/6074/3020 4571/6016/2956
f 4609/6074/3020 4570/6015/2955 4571/6016/2956
f 4624/6089/3034 4469/5894/3034 4471/5896/3038
f 4626/6091/3039 4625/6090/3035 4627/6092/3040
f 4624/6089/3034 4627/6092/3040 4625/6090/3035
f 4628/6093/3038 4627/6092/3040 4624/6089/3034
f 4624/6089/3034 4471/5896/3038 4628/6093/3038
f 4628/6093/3038 4471/5896/3038 4472/5897/3041
f 4629/6094/3042 4626/6091/3039 4630/6095/3043
f 4626/6091/3039 4627/6092/3040 4630/6095/3043
f 4630/6095/3043 4627/6092/3040 4631/6096/3044
f 4628/6093/3038 4631/6096/3044 4627/6092/3040
f 4632/6097/3045 4631/6096/3044 4628/6093/3038
f 4472/5897/3041 4632/6097/3045 4628/6093/3038
f 4472/5897/3041 4474/5899/3045 4632/6097/3045
f 4476/5901/3046 4632/6097/3045 4474/5899/3045
f 4633/6098/3047 4629/6094/3042 4634/6099/3048
f 4629/6094/3042 4630/6095/3043 4634/6099/3048
f 4634/6099/3048 4630/6095/3043 4635/6100/3049
f 4630/6095/3043 4631/6096/3044 4635/6100/3049
f 4635/6100/3049 4631/6096/3044 4636/6101/3050
f 4632/6097/3045 4636/6101/3050 4631/6096/3044
f 4637/6102/3051 4636/6101/3050 4632/6097/3045
f 4476/5901/3046 4637/6102/3051 4632/6097/3045
f 4429/5854/1654 4637/6102/3051 4476/5901/3046
f 4637/6102/3051 4638/6103/3052 4636/6101/3050
f 4639/6104/3053 4636/6101/3050 4638/6103/3052
f 4635/6100/3049 4636/6101/3050 4639/6104/3053
f 4640/6105/3054 4635/6100/3049 4639/6104/3053
f 4634/6099/3048 4635/6100/3049 4640/6105/3054
f 4641/6106/3055 4634/6099/3048 4640/6105/3054
f 4633/6098/3047 4634/6099/3048 4641/6106/3055
f 4642/6107/3056 4633/6098/3047 4641/6106/3055
f 4642/6107/3056 4641/6106/3055 4643/6108/3057
f 4644/6109/3058 4642/6107/3056 4643/6108/3057
f 4644/6109/3058 4643/6108/3057 4645/6110/3059
f 4645/6110/3059 4643/6108/3057 4499/5924/2864
f 4645/6110/3059 4499/5924/2864 4523/5948/2888
f 4523/5948/2888 4499/5924/2864 4500/5925/2865
f 4523/5948/2888 4500/5925/2865 4524/5949/2889
f 4524/5949/2889 4500/5925/2865 4501/5926/2866
f 4524/5949/2889 4501/5926/2866 4511/5936/2876
f 4511/5936/2876 4501/5926/2866 4502/5927/2867
f 4646/6111/3060 4551/5996/2936 4510/5935/2875
f 4646/6111/3060 4510/5935/2875 4498/5923/2863
f 4647/6112/3061 4646/6111/3060 4498/5923/2863
f 4647/6112/3061 4498/5923/2863 4491/5916/2856
f 4648/6113/3062 4647/6112/3061 4491/5916/2856
f 4648/6113/3062 4491/5916/2856 4490/5915/2855
f 4649/6114/1654 4648/6113/3062 4490/5915/2855
f 4649/6114/1654 4490/5915/2855 4489/5914/2854
f 4649/6114/1654 4489/5914/2854 4638/6103/3052
f 4488/5913/2853 4638/6103/3052 4489/5914/2854
f 4639/6104/3053 4638/6103/3052 4488/5913/2853
f 4478/5903/2843 4639/6104/3053 4488/5913/2853
f 4640/6105/3054 4639/6104/3053 4478/5903/2843
f 4477/5902/2842 4640/6105/3054 4478/5903/2843
f 4641/6106/3055 4640/6105/3054 4477/5902/2842
f 4643/6108/3057 4641/6106/3055 4477/5902/2842
f 4643/6108/3057 4477/5902/2842 4499/5924/2864
f 4499/5924/2864 4477/5902/2842 4479/5904/2844
f 4561/6006/2946 4447/5872/2946 4448/5873/2959
f 4561/6006/2946 4553/5998/2938 4447/5872/2946
f 4447/5872/2946 4553/5998/2938 4445/5870/3063
f 4445/5870/3063 4553/5998/2938 4552/5997/2937
f 4445/5870/3063 4552/5997/2937 4442/5867/3063
f 4440/5865/3064 4442/5867/3063 4552/5997/2937
f 4440/5865/3064 4552/5997/2937 4551/5996/2936
f 4551/5996/2936 4439/5864/3060 4440/5865/3064
f 4646/6111/3060 4439/5864/3060 4551/5996/2936
f 4437/5862/3065 4439/5864/3060 4646/6111/3060
f 4437/5862/3065 4646/6111/3060 4647/6112/3061
f 4437/5862/3065 4647/6112/3061 4435/5860/3061
f 4433/5858/3062 4435/5860/3061 4647/6112/3061
f 4433/5858/3062 4647/6112/3061 4648/6113/3062
f 4429/5854/1654 4433/5858/3062 4648/6113/3062
f 4429/5854/1654 4648/6113/3062 4649/6114/1654
f 4429/5854/1654 4649/6114/1654 4637/6102/3051
f 4649/6114/1654 4638/6103/3052 4637/6102/3051
f 4470/6115/2835 4650/6116/3066 4473/6117/2838
f 4470/6115/2835 4651/6118/3067 4650/6116/3066
f 4468/6119/2833 4651/6118/3067 4470/6120/2835
f 4468/6119/2833 4652/6121/3068 4651/6118/3067
f 4467/6122/2832 4652/6121/3068 4468/6119/2833
f 4467/6122/2832 4653/6123/3069 4652/6121/3068
f 4652/6121/3068 4653/6123/3069 4654/6124/154
f 4652/6121/3068 4654/6124/154 4655/6125/3070
f 4652/6121/3068 4655/6125/3070 4656/6126/766
f 4652/6121/3068 4656/6126/766 4651/6118/3067
f 4651/6118/3067 4656/6126/766 4657/6127/3071
f 4651/6118/3067 4657/6127/3071 4650/6116/3066
f 4658/6128/3072 4650/6116/3066 4657/6127/3071
f 4473/6117/2838 4650/6116/3066 4658/6128/3072
f 4473/6117/2838 4658/6128/3072 4475/6129/2840
f 4658/6128/3072 4430/6130/2797 4475/6129/2840
f 4658/6128/3072 4659/6131/3073 4430/6130/2797
f 4431/6132/2798 4430/6130/2797 4659/6131/3073
f 4431/6132/2798 4659/6131/3073 4660/6133/3073
f 4661/6134/3074 4431/6132/2798 4660/6133/3073
f 4662/6135/3075 4661/6134/3074 4660/6133/3073
f 4662/6135/3075 4432/6136/2799 4661/6134/3074
f 4661/6134/3074 4432/6136/2799 4431/6132/2798
f 4662/6135/3075 4663/6137/3076 4664/6138/3077
f 4662/6135/3075 4665/6139/18 4663/6137/3076
f 4662/6135/3075 4660/6133/3073 4665/6139/18
f 4665/6139/18 4660/6133/3073 4659/6131/3073
f 4665/6139/18 4659/6131/3073 4666/6140/18
f 4658/6128/3072 4666/6140/18 4659/6131/3073
f 4658/6128/3072 4657/6127/3071 4666/6140/18
f 4662/6135/3075 4434/6141/2801 4432/6136/2799
f 4436/6142/2803 4434/6141/2801 4662/6135/3075
f 4436/6142/2803 4662/6135/3075 4664/6138/3077
f 4664/6138/3077 4438/6143/2805 4436/6142/2803
f 4664/6138/3077 4667/6144/3078 4438/6143/2805
f 4667/6144/3078 4664/6138/3077 4663/6137/3076
f 4667/6144/3078 4663/6137/3076 4668/6145/925
f 4669/6146/3079 4667/6144/3078 4668/6145/925
f 4669/6146/3079 4668/6145/925 4670/6147/3080
f 4669/6146/3079 4670/6147/3080 4671/6148/208
f 4669/6146/3079 4671/6148/208 4672/6149/765
f 4669/6146/3079 4672/6149/765 4443/6150/2810
f 4669/6146/3079 4443/6150/2810 4441/6151/2808
f 4667/6144/3078 4669/6146/3079 4441/6151/2808
f 4667/6144/3078 4441/6151/2808 4438/6152/2805
f 4673/6153/1168 3856/5140/1683 4674/6154/1683
f 4673/6153/1168 3855/5139/1168 3856/5140/1683
f 4673/6153/1168 4428/5853/1168 3855/5139/1168
f 4444/6155/2811 4675/6156/3081 4446/6157/2813
f 4444/6155/2811 4676/6158/3082 4675/6156/3081
f 4676/6158/3082 4444/6155/2811 4443/6159/2810
f 4676/6158/3082 4443/6159/2810 4672/6160/765
f 4676/6158/3082 4672/6160/765 4671/6161/208
f 4676/6158/3082 4671/6161/208 4677/6162/3083
f 4676/6158/3082 4677/6162/3083 4678/6163/187
f 4676/6158/3082 4678/6163/187 4675/6156/3081
f 4675/6156/3081 4678/6163/187 4679/6164/3084
f 4675/6156/3081 4679/6164/3084 4680/6165/3085
f 4446/6157/2813 4675/6156/3081 4680/6165/3085
f 4446/6157/2813 4680/6165/3085 4449/6166/2816
f 4449/6166/2816 4680/6165/3085 4681/6167/3086
f 4449/6166/2816 4681/6167/3086 4451/6168/2818
f 4453/6169/2820 4451/6168/2818 4681/6167/3086
f 4453/6169/2820 4681/6167/3086 4682/6170/3087
f 4681/6167/3086 4683/6171/3088 4682/6170/3087
f 4455/6172/2822 4682/6170/3087 4683/6171/3088
f 4684/6173/3089 4455/6172/2822 4683/6171/3088
f 4684/6173/3089 4456/6174/2823 4455/6172/2822
f 4455/6172/2822 4453/6169/2820 4682/6170/3087
f 4685/6175/3090 4686/6176/3091 4687/6177/3092
f 4685/6175/3090 4688/6178/97 4686/6176/3091
f 4685/6175/3090 4684/6173/3089 4688/6178/97
f 4684/6173/3089 4689/6179/97 4688/6178/97
f 4684/6173/3089 4683/6171/3088 4689/6179/97
f 4681/6167/3086 4689/6179/97 4683/6171/3088
f 4681/6167/3086 4679/6164/3084 4689/6179/97
f 4681/6167/3086 4680/6165/3085 4679/6164/3084
f 4456/6174/2823 4684/6173/3089 4685/6175/3090
f 4456/6174/2823 4685/6175/3090 4458/6180/2825
f 4460/6181/2823 4458/6180/2825 4685/6175/3090
f 4460/6181/2823 4685/6175/3090 4687/6177/3092
f 4687/6177/3092 4462/6182/2828 4460/6181/2823
f 4687/6177/3092 4690/6183/3093 4462/6182/2828
f 4690/6183/3093 4687/6177/3092 4686/6176/3091
f 4690/6183/3093 4686/6176/3091 4691/6184/920
f 4692/6185/3094 4690/6183/3093 4691/6184/920
f 4692/6185/3094 4691/6184/920 4693/6186/3095
f 4692/6185/3094 4693/6186/3095 4654/6187/154
f 4692/6185/3094 4654/6187/154 4653/6188/3069
f 4692/6185/3094 4653/6188/3069 4467/6189/2832
f 4692/6185/3094 4467/6189/2832 4465/6190/2831
f 4690/6183/3093 4692/6185/3094 4465/6190/2831
f 4690/6183/3093 4465/6190/2831 4462/6182/2828
f 1050/6191/713 1056/6192/3096 1051/6193/711
f 1050/6191/713 4694/6194/3097 1056/6192/3096
f 1056/6192/3096 4694/6194/3097 1057/6195/3098
f 1057/6195/3098 4694/6194/3097 1060/6196/3099
f 1060/6196/3099 4694/6194/3097 1047/6197/3100
f 1317/6198/3101 1050/6191/713 1049/6199/712
f 1317/6198/3101 4694/6194/3097 1050/6191/713
f 1317/6198/3101 1318/6200/3102 4694/6194/3097
f 1318/6200/3102 1320/6201/3103 4694/6194/3097
f 1320/6201/3103 1321/6202/3101 4694/6194/3097
f 1322/6203/3104 4694/6194/3097 1321/6202/3101
f 1322/6203/3104 4695/6204/3105 4694/6194/3097
f 4695/6204/3105 1047/6197/3100 4694/6194/3097
f 4695/6204/3106 4696/6205/3107 1047/6197/3100
f 4697/6206/18 4698/6207/1684 4699/6208/18
f 1074/6209/729 1655/6210/3108 1075/6211/730
f 1074/6209/729 4700/6212/3109 1655/6210/3108
f 1655/6210/3108 4700/6212/3109 1654/6213/3110
f 1654/6213/3110 4700/6212/3109 1652/6214/3111
f 1652/6214/3111 4700/6212/3109 1651/6215/3111
f 4700/6212/3109 1650/6216/3112 1651/6215/3111
f 4700/6212/3109 4701/6217/3113 1650/6216/3112
f 1044/6218/3114 4701/6217/3113 4700/6212/3109
f 1044/6218/3114 4702/6219/3115 4701/6217/3113
f 1074/6209/729 1069/6220/3116 1068/6221/3117
f 1074/6209/729 1068/6221/3117 4700/6212/3109
f 1068/6221/3117 1065/6222/3118 4700/6212/3109
f 1065/6222/3118 1063/6223/3119 4700/6212/3109
f 1063/6223/3119 1044/6218/3114 4700/6212/3109
f 1091/6224/735 1088/6225/3120 1089/6226/3121
f 1091/6224/735 4703/6227/735 1088/6225/3120
f 4703/6227/735 1085/6228/3122 1088/6225/3120
f 4703/6227/735 1083/6229/3123 1085/6228/3122
f 1092/6230/735 4703/6227/735 1091/6224/735
f 1105/6231/3124 1102/6232/3125 1104/6233/3126
f 1105/6231/3124 4703/6227/735 1102/6232/3125
f 1105/6231/3124 1307/6234/3124 4703/6227/735
f 1307/6234/3124 1306/6235/3127 4703/6227/735
f 1306/6235/3127 1331/6236/735 4703/6227/735
f 1331/6236/735 1330/6237/743 4703/6227/735
f 1330/6237/743 1329/6238/3128 4703/6227/735
f 1329/6238/3128 1080/6239/3128 4703/6227/735
f 1080/6239/3128 1083/6229/3123 4703/6227/735
f 1080/6239/3128 1082/6240/3129 1083/6229/3123
f 1102/6232/3125 4703/6227/735 1097/6241/3130
f 1096/6242/3131 1097/6241/3130 4703/6227/735
f 1096/6242/3131 4703/6227/735 1092/6230/735
f 1096/6242/3131 1092/6230/735 1094/6243/3121
f 1328/6244/3132 1327/6245/3133 4704/6246/3134
f 1327/6245/3133 1663/6247/3135 4704/6246/3134
f 1663/6247/3135 1664/6248/3136 4704/6246/3134
f 1664/6248/3136 4705/6249/3137 4704/6246/3134
f 1664/6248/3136 1665/6250/3138 4705/6249/3137
f 1665/6250/3138 1666/6251/3138 4705/6249/3137
f 1666/6251/3138 4706/6252/3139 4705/6249/3137
f 1666/6251/3138 1667/6253/3138 4706/6252/3139
f 1328/6244/3132 1099/6254/3140 1098/6255/3140
f 1328/6244/3132 4704/6246/3134 1099/6254/3140
f 1099/6254/3140 4704/6246/3134 1086/6256/3134
f 1086/6256/3134 4704/6246/3134 1087/6257/3141
f 1087/6257/3141 4704/6246/3134 1090/6258/3142
f 1090/6258/3142 4704/6246/3134 1079/6259/3143
f 4705/6249/3137 1079/6259/3143 4704/6246/3134
f 4705/6249/3137 1077/6260/3143 1079/6259/3143
f 4706/6252/3139 1077/6260/3143 4705/6249/3137
f 4706/6252/3139 1176/6261/3143 1077/6260/3143
f 1099/6254/3140 1086/6256/3134 1084/6262/3144
f 1106/6263/3145 1308/6264/3146 1107/6265/3145
f 1106/6263/3145 4707/6266/3147 1308/6264/3146
f 1308/6264/3146 4707/6266/3147 1/6267/3148
f 1/6267/3148 4707/6266/3147 2/6268/3149
f 2/6268/3149 4707/6266/3147 1316/6269/3150
f 1316/6269/3150 4707/6266/3147 4708/6270/3151
f 1316/6269/3150 4708/6270/3151 1315/6271/3152
f 4708/6270/3151 1314/6272/3153 1315/6271/3152
f 4709/6273/3154 1314/6272/3153 4708/6270/3151
f 4709/6273/3154 1313/6274/3152 1314/6272/3153
f 1106/6263/3145 1101/6275/3145 1100/6276/3147
f 1106/6263/3145 1100/6276/3147 4707/6266/3147
f 1100/6276/3147 1095/6277/3155 4707/6266/3147
f 1095/6277/3155 1093/6278/3155 4707/6266/3147
f 1093/6278/3155 1076/6279/3156 4707/6266/3147
f 1076/6279/3156 4708/6270/3151 4707/6266/3147
f 1076/6279/3156 1078/6280/3156 4708/6270/3151
f 1078/6280/3156 4709/6273/3154 4708/6270/3151
f 1078/6280/3156 1177/6281/3157 4709/6273/3154
f 641/6191/511 843/6198/3158 644/6199/514
f 641/6191/511 4710/6194/3159 843/6198/3158
f 843/6198/3158 4710/6194/3159 844/6200/3160
f 844/6200/3160 4710/6194/3159 846/6201/3161
f 846/6201/3161 4710/6194/3159 849/6202/3158
f 4710/6194/3159 850/6203/3162 849/6202/3158
f 4710/6194/3159 4711/6204/3163 850/6203/3162
f 664/6197/3164 4711/6204/3163 4710/6194/3159
f 664/6197/3164 669/6205/3165 4711/6204/3163
f 641/6191/511 643/6193/3166 647/6192/3167
f 641/6191/511 647/6192/3167 4710/6194/3159
f 647/6192/3167 646/6195/3168 4710/6194/3159
f 646/6195/3168 666/6196/3168 4710/6194/3159
f 666/6196/3168 664/6197/3164 4710/6194/3159
f 671/6209/530 657/6221/3169 655/6220/3170
f 671/6209/530 4712/6212/3171 657/6221/3169
f 657/6221/3169 4712/6212/3171 658/6222/3172
f 658/6222/3172 4712/6212/3171 661/6223/3172
f 661/6223/3172 4712/6212/3171 663/6218/3173
f 918/6210/3174 671/6209/530 672/6211/531
f 918/6210/3174 4712/6212/3171 671/6209/530
f 918/6210/3174 901/6213/3175 4712/6212/3171
f 901/6213/3175 900/6214/3176 4712/6212/3171
f 900/6214/3176 905/6215/3176 4712/6212/3171
f 906/6216/3177 4712/6212/3171 905/6215/3176
f 906/6216/3177 4713/6217/3178 4712/6212/3171
f 4713/6217/3178 663/6218/3173 4712/6212/3171
f 4713/6217/3178 670/6219/3179 663/6218/3173
f 4714/6282/3180 4699/6283/3180 4698/6284/3180
f 4715/6285/2602 4173/5493/1625 4175/5495/1625
f 4715/6285/2602 4714/6282/2602 4173/5493/1625
f 4699/6283/3180 4714/6282/2602 4715/6285/2602
f 4699/6283/3180 4715/6285/3181 4716/6286/3182
f 4699/6283/3180 4716/6286/3182 4717/6287/3183
f 4718/6288/3183 4717/6287/3183 4716/6286/3182
f 4718/6288/3183 4716/6286/3182 4719/6289/3183
f 4719/6289/3183 4720/6290/3183 4718/6288/3183
f 4721/6291/3184 4720/6290/3183 4719/6289/3183
f 4721/6291/3184 4722/6292/3185 4720/6290/3183
f 4721/6291/3184 4723/6293/3186 4722/6292/3185
f 4720/6290/3183 4724/6294/3183 4718/6288/3183
f 4724/6295/97 4725/6296/97 4718/6297/97
f 673/6254/3187 883/6244/3188 676/6255/3189
f 673/6254/3187 4726/6298/3190 883/6244/3188
f 883/6244/3188 4726/6298/3190 884/6245/3191
f 884/6245/3191 4726/6298/3190 899/6247/1069
f 899/6247/1069 4726/6298/3190 898/6248/3192
f 4726/6298/3190 897/6250/3193 898/6248/3192
f 4726/6298/3190 4727/6249/3194 897/6250/3193
f 897/6250/3193 4727/6249/3194 895/6299/3195
f 895/6299/3195 4727/6249/3194 4728/6252/3196
f 895/6299/3195 4728/6252/3196 893/6253/3195
f 673/6254/3187 675/6262/3197 679/6256/3198
f 673/6254/3187 679/6256/3198 4726/6298/3190
f 679/6256/3198 678/6257/3199 4726/6298/3190
f 678/6257/3199 698/6258/3200 4726/6298/3190
f 698/6258/3200 696/6259/3201 4726/6298/3190
f 696/6259/3201 4727/6249/3194 4726/6298/3190
f 696/6259/3201 701/6260/3201 4727/6249/3194
f 701/6260/3201 4728/6252/3196 4727/6249/3194
f 701/6260/3201 775/6261/3202 4728/6252/3196
f 876/6264/1092 875/6267/1092 4729/6300/3203
f 875/6267/1092 877/6268/3204 4729/6300/3203
f 877/6268/3204 873/6269/3205 4729/6300/3203
f 871/6271/3206 4729/6300/3203 873/6269/3205
f 871/6271/3206 4730/6270/3207 4729/6300/3203
f 4730/6270/3207 871/6271/3206 869/6301/3208
f 869/6301/3208 4731/6273/3209 4730/6270/3207
f 869/6301/3208 867/6274/3210 4731/6273/3209
f 876/6264/1092 703/6263/3211 704/6265/3212
f 876/6264/1092 4729/6300/3203 703/6263/3211
f 703/6263/3211 4729/6300/3203 689/6276/3213
f 689/6276/3213 4729/6300/3203 690/6277/3214
f 690/6277/3214 4729/6300/3203 693/6278/3215
f 693/6278/3215 4729/6300/3203 695/6279/3216
f 4730/6270/3207 695/6279/3216 4729/6300/3203
f 4730/6270/3207 702/6280/3216 695/6279/3216
f 702/6280/3216 4730/6270/3207 4731/6273/3209
f 702/6280/3216 4731/6273/3209 776/6281/3217
f 703/6263/3211 689/6276/3213 687/6275/3218
f 1768/6302/626 1769/6303/1094 4732/6304/3219
f 1768/6302/626 4732/6304/3219 4733/6305/3220
f 1767/6306/1093 1768/6302/626 4733/6305/3220
f 1767/6306/1093 4733/6305/3220 4734/6307/3221
f 1766/6308/1091 1767/6306/1093 4734/6307/3221
f 1766/6308/1091 4734/6307/3221 4735/6309/3222
f 1765/6310/1090 1766/6308/1091 4735/6309/3222
f 1765/6310/1090 4735/6309/3222 4736/6311/1090
f 4737/6312/1088 1765/6310/1090 4736/6311/1090
f 4737/6312/1088 815/6313/1088 1765/6310/1090
f 1764/6314/1087 1718/6315/609 4738/6316/609
f 1764/6314/1087 4738/6316/609 4739/6317/3223
f 4740/6318/3224 1764/6314/1087 4739/6317/3223
f 4740/6318/3224 1763/6319/1085 1764/6314/1087
f 4741/6320/3225 1763/6319/1085 4740/6318/3224
f 4741/6320/3225 1762/6321/1084 1763/6319/1085
f 4742/6322/1081 1762/6321/1084 4741/6320/3225
f 4742/6322/1081 1761/6323/1082 1762/6321/1084
f 4743/6324/3226 1761/6323/1082 4742/6322/1081
f 4743/6324/3226 1760/6325/1081 1761/6323/1082
f 4744/6326/1081 1760/6325/1081 4743/6324/3226
f 4744/6326/1081 1772/6327/1082 1760/6325/1081
f 1771/6328/1096 1772/6327/1082 4744/6326/1081
f 1771/6328/1096 4744/6326/1081 4745/6329/1096
f 1770/6330/1096 1771/6328/1096 4745/6329/1096
f 1770/6330/1096 4745/6329/1096 4746/6331/1096
f 1769/6303/1094 1770/6330/1096 4746/6331/1096
f 1769/6303/1094 4746/6331/1096 4732/6304/3219
f 4192/6332/3227 4747/6333/3227 4748/6334/3227
f 3754/4974/3228 4748/6334/3227 4747/6333/3227
f 3754/4974/3228 4747/6333/3227 3752/4972/3229
f 813/6335/584 815/6336/586 4737/6312/3230
f 813/6335/584 4737/6312/3230 4749/6337/584
f 811/6338/583 813/6335/584 4749/6337/584
f 811/6338/583 4749/6337/584 4750/6339/3231
f 809/6340/581 811/6338/583 4750/6339/3231
f 809/6340/581 4750/6339/3231 4751/6341/581
f 806/6342/580 809/6340/581 4751/6341/581
f 806/6342/580 4751/6341/581 4752/6343/3232
f 807/6344/579 806/6342/580 4752/6343/3232
f 807/6344/579 4752/6343/3232 4753/6345/3233
f 833/6346/599 807/6344/579 4753/6345/3233
f 833/6346/599 4753/6345/3233 4754/6347/599
f 832/6348/598 833/6346/599 4754/6347/599
f 832/6348/598 4754/6347/599 4755/6349/598
f 4756/6350/597 832/6348/598 4755/6349/598
f 4756/6350/597 830/6351/597 832/6348/598
f 4757/6352/595 830/6351/597 4756/6350/597
f 4757/6352/595 828/6353/595 830/6351/597
f 4758/6354/593 828/6353/595 4757/6352/595
f 4758/6354/593 826/6355/593 828/6353/595
f 4759/6356/3234 826/6355/593 4758/6354/593
f 4759/6356/3234 824/6357/591 826/6355/593
f 4760/6358/3235 824/6357/591 4759/6356/3234
f 4760/6358/3235 822/6359/590 824/6357/591
f 4761/6360/588 822/6359/590 4760/6358/3235
f 4761/6360/588 820/6361/588 822/6359/590
f 4762/6362/587 820/6361/588 4761/6360/588
f 4762/6362/587 817/6363/587 820/6361/588
f 4763/6364/3236 4764/6365/3237 4765/6366/3238
f 4765/6366/3238 4764/6365/3237 4766/6367/3239
f 4765/6366/3238 4766/6367/3239 4767/6368/3240
f 4768/6369/3241 4767/6368/3240 4766/6367/3239
f 4768/6369/3241 4766/6367/3239 4769/6370/3242
f 4769/6370/3242 4770/6371/3243 4768/6369/3241
f 4769/6370/3242 4771/6372/3244 4770/6371/3243
f 4771/6372/3244 4772/6373/3245 4770/6371/3243
f 4771/6372/3244 4773/6374/3246 4772/6373/3245
f 4773/6374/3246 4774/6375/3247 4772/6373/3245
f 4773/6374/3246 4775/6376/3248 4774/6375/3247
f 4776/6377/3249 4774/6375/3247 4775/6376/3248
f 4776/6377/3249 4777/6378/3250 4774/6375/3247
f 4777/6378/3250 4776/6377/3249 4778/6379/3251
f 4777/6378/3250 4778/6379/3251 4779/6380/3252
f 4779/6380/3252 4778/6379/3251 4780/6381/3249
f 4779/6380/3252 4780/6381/3249 4781/6382/3253
f 4781/6382/3253 4780/6381/3249 4782/6383/3254
f 4781/6382/3253 4782/6383/3254 4783/6384/3255
f 4784/6385/3256 4783/6384/3255 4782/6383/3254
f 4784/6385/3256 4782/6383/3254 4785/6386/3257
f 4786/6387/3258 4784/6385/3256 4785/6386/3257
f 4786/6387/3258 4785/6386/3257 4787/6388/3259
f 4786/6387/3258 4787/6388/3259 4788/6389/3260
f 4786/6387/3258 4788/6389/3260 4789/6390/3261
f 4789/6390/3261 4788/6389/3260 4790/6391/3262
f 4789/6390/3261 4790/6391/3262 4791/6392/3263
f 4792/6393/3264 4791/6392/3263 4790/6391/3262
f 4792/6393/3264 4790/6391/3262 4793/6394/3265
f 4793/6394/3265 4794/6395/3266 4792/6393/3264
f 4793/6394/3265 4795/6396/3267 4794/6395/3266
f 4796/6397/3268 4794/6395/3266 4795/6396/3267
f 4796/6397/3268 4795/6396/3267 4797/6398/3269
f 4797/6398/3269 4798/6399/3270 4796/6397/3268
f 4797/6398/3269 4799/6400/3271 4798/6399/3270
f 4800/6401/3272 4798/6399/3270 4799/6400/3271
f 4800/6401/3272 4801/6402/3273 4798/6399/3270
f 4802/6403/3274 4801/6402/3273 4800/6401/3272
f 4802/6403/3274 4803/6404/3275 4801/6402/3273
f 4803/6404/3275 4802/6403/3274 4804/6405/3272
f 4803/6404/3275 4804/6405/3272 4805/6406/3276
f 4805/6406/3276 4804/6405/3272 4806/6407/3277
f 4805/6406/3276 4806/6407/3277 4807/6408/3263
f 4808/6409/3278 4807/6408/3263 4806/6407/3277
f 4808/6409/3278 4806/6407/3277 4809/6410/3279
f 4809/6410/3279 4763/6364/3236 4808/6409/3278
f 4809/6410/3279 4810/6411/3280 4763/6364/3236
f 4763/6364/3236 4810/6411/3280 4764/6365/3237
f 4811/6412/3281 4803/6404/3281 4805/6406/3282
f 4811/6412/3281 4801/6402/3283 4803/6404/3281
f 4812/6413/3284 4813/6414/3283 4811/6412/3281
f 4811/6412/3281 4813/6414/3283 4801/6402/3283
f 4813/6414/3283 4798/6399/3285 4801/6402/3283
f 4812/6413/3284 4814/6415/3286 4815/6416/3287
f 4814/6415/3286 4812/6413/3284 4811/6412/3281
f 4814/6415/3286 4811/6412/3281 4816/6417/3288
f 4811/6412/3281 4805/6406/3282 4816/6417/3288
f 4816/6417/3288 4805/6406/3282 4807/6408/3288
f 4817/6418/3289 4763/6364/3290 4765/6366/3291
f 4808/6409/3290 4763/6364/3290 4817/6418/3289
f 4808/6409/3290 4817/6418/3289 4818/6419/3290
f 4807/6408/3288 4808/6409/3290 4818/6419/3290
f 4816/6417/3288 4807/6408/3288 4818/6419/3290
f 4819/6420/3292 4816/6417/3288 4818/6419/3290
f 4819/6420/3292 4814/6415/3286 4816/6417/3288
f 4814/6415/3286 4819/6420/3292 4820/6421/3293
f 4814/6415/3286 4820/6421/3293 4815/6416/3287
f 4815/6416/3287 4820/6421/3293 4821/6422/3294
f 4772/6373/3295 4822/6423/3296 4770/6371/3296
f 4822/6423/3296 4768/6369/3297 4770/6371/3296
f 4822/6423/3296 4823/6424/3298 4768/6369/3297
f 4768/6369/3297 4823/6424/3298 4767/6368/3298
f 4823/6424/3298 4824/6425/3291 4767/6368/3298
f 4824/6425/3291 4765/6366/3291 4767/6368/3298
f 4817/6418/3289 4765/6366/3291 4824/6425/3291
f 4824/6425/3291 4825/6426/3299 4817/6418/3289
f 4818/6419/3290 4817/6418/3289 4825/6426/3299
f 4818/6419/3290 4825/6426/3299 4826/6427/3300
f 4818/6419/3290 4826/6427/3300 4819/6420/3292
f 4819/6420/3292 4826/6427/3300 4827/6428/3301
f 4819/6420/3292 4827/6428/3301 4820/6421/3293
f 4820/6421/3293 4827/6428/3301 4828/6429/3302
f 4820/6421/3293 4828/6429/3302 4821/6422/3294
f 4821/6422/3294 4828/6429/3302 4829/6430/3303
f 4821/6422/3294 4829/6430/3303 4830/6431/3304
f 4831/6432/3305 4821/6422/3294 4830/6431/3304
f 4832/6433/3306 4833/6434/3307 4834/6435/3308
f 4822/6423/3296 4834/6435/3308 4833/6434/3307
f 4822/6423/3296 4833/6434/3307 4823/6424/3298
f 4823/6424/3298 4833/6434/3307 4835/6436/3309
f 4823/6424/3298 4835/6436/3309 4824/6425/3291
f 4824/6425/3291 4835/6436/3309 4836/6437/3310
f 4824/6425/3291 4836/6437/3310 4825/6426/3299
f 4837/6438/3311 4838/6439/3312 4839/6440/3313
f 4838/6439/3312 4840/6441/3314 4839/6440/3313
f 4839/6440/3313 4840/6441/3314 4832/6433/3306
f 4840/6441/3314 4833/6434/3307 4832/6433/3306
f 4840/6441/3314 4835/6436/3309 4833/6434/3307
f 4841/6442/3315 4835/6436/3309 4840/6441/3314
f 4841/6442/3315 4836/6437/3310 4835/6436/3309
f 4838/6439/3312 4841/6442/3315 4840/6441/3314
f 4842/6443/3316 4843/6444/3317 4837/6438/3311
f 4843/6444/3317 4838/6439/3312 4837/6438/3311
f 4843/6444/3317 4844/6445/3318 4838/6439/3312
f 4844/6445/3318 4841/6442/3315 4838/6439/3312
f 4844/6445/3318 4845/6446/3319 4841/6442/3315
f 4845/6446/3319 4836/6437/3310 4841/6442/3315
f 4845/6446/3319 4846/6447/3320 4836/6437/3310
f 4846/6447/3320 4825/6426/3299 4836/6437/3310
f 4846/6447/3320 4847/6448/3321 4825/6426/3299
f 4825/6426/3299 4847/6448/3321 4848/6449/3322
f 4825/6426/3299 4848/6449/3322 4826/6427/3300
f 4826/6427/3300 4848/6449/3322 4849/6450/3323
f 4826/6427/3300 4849/6450/3323 4827/6428/3301
f 4827/6428/3301 4849/6450/3323 4850/6451/3324
f 4827/6428/3301 4850/6451/3324 4828/6429/3302
f 4828/6429/3302 4850/6451/3324 4851/6452/3325
f 4828/6429/3302 4851/6452/3325 4829/6430/3303
f 4829/6430/3303 4851/6452/3325 4852/6453/3326
f 4847/6448/3321 4744/4764/3327 4743/4852/3328
f 4745/4766/3329 4744/4764/3327 4847/6448/3321
f 4745/4766/3329 4847/6448/3321 4846/6447/3320
f 4746/4768/3330 4745/4766/3329 4846/6447/3320
f 4746/4768/3330 4846/6447/3320 4845/6446/3319
f 4732/4770/3331 4746/4768/3330 4845/6446/3319
f 4732/4770/3331 4845/6446/3319 4844/6445/3318
f 4733/4800/3332 4732/4770/3331 4844/6445/3318
f 4733/4800/3332 4844/6445/3318 4843/6444/3317
f 4734/4801/3333 4733/4800/3332 4843/6444/3317
f 4734/4801/3333 4843/6444/3317 4842/6443/3316
f 4735/4802/3334 4734/4801/3333 4842/6443/3316
f 4735/4802/3334 4842/6443/3316 4853/6454/3335
f 4736/4803/3336 4735/4802/3334 4853/6454/3335
f 4736/4803/3336 4853/6454/3335 4854/6455/3337
f 4737/6456/3338 4736/4803/3336 4854/6455/3337
f 4737/6456/3338 4854/6455/3337 4749/6457/3339
f 4749/6457/3339 4854/6455/3337 4855/6458/3340
f 4856/6459/3341 4839/6440/3313 4857/6460/3342
f 4837/6438/3311 4839/6440/3313 4856/6459/3341
f 4858/6461/3343 4837/6438/3311 4856/6459/3341
f 4842/6443/3316 4837/6438/3311 4858/6461/3343
f 4853/6454/3335 4842/6443/3316 4858/6461/3343
f 4859/6462/3344 4860/6463/3345 4861/6464/3346
f 4860/6463/3345 4862/6465/3347 4861/6464/3346
f 4860/6463/3345 4863/6466/3348 4862/6465/3347
f 4863/6466/3348 4864/6467/3349 4862/6465/3347
f 4863/6466/3348 4865/6468/3350 4864/6467/3349
f 4865/6468/3350 4866/6469/3351 4864/6467/3349
f 4865/6468/3350 4867/6470/3352 4866/6469/3351
f 4866/6469/3351 4867/6470/3352 4868/6471/3353
f 4869/6472/3354 4868/6471/3353 4867/6470/3352
f 4870/6473/3355 4868/6471/3353 4869/6472/3354
f 4871/6474/3356 4870/6473/3355 4869/6472/3354
f 4857/6460/3342 4870/6473/3355 4871/6474/3356
f 4872/6475/3357 4857/6460/3342 4871/6474/3356
f 4856/6459/3341 4857/6460/3342 4872/6475/3357
f 4873/6476/3358 4856/6459/3341 4872/6475/3357
f 4858/6461/3343 4856/6459/3341 4873/6476/3358
f 4874/6477/3359 4858/6461/3343 4873/6476/3358
f 4853/6454/3335 4858/6461/3343 4874/6477/3359
f 4874/6477/3359 4873/6476/3358 4875/6478/3360
f 4875/6478/3360 4873/6476/3358 4876/6479/3361
f 4873/6476/3358 4872/6475/3357 4876/6479/3361
f 4876/6479/3361 4872/6475/3357 4877/6480/3362
f 4872/6475/3357 4871/6474/3356 4877/6480/3362
f 4877/6480/3362 4871/6474/3356 4878/6481/3363
f 4871/6474/3356 4869/6472/3354 4878/6481/3363
f 4878/6481/3363 4869/6472/3354 4879/6482/3364
f 4869/6472/3354 4867/6470/3352 4879/6482/3364
f 4880/6483/3365 4879/6482/3364 4867/6470/3352
f 4880/6483/3365 4867/6470/3352 4865/6468/3350
f 4881/6484/3366 4880/6483/3365 4865/6468/3350
f 4881/6484/3366 4865/6468/3350 4863/6466/3348
f 4882/6485/3367 4881/6484/3366 4863/6466/3348
f 4882/6485/3367 4863/6466/3348 4860/6463/3345
f 4883/6486/3368 4882/6485/3367 4860/6463/3345
f 4883/6486/3368 4860/6463/3345 4859/6462/3344
f 4884/6487/3369 4883/6486/3368 4859/6462/3344
f 4875/6478/3360 4876/6479/3361 4885/6488/3370
f 4885/6488/3370 4876/6479/3361 4886/6489/3371
f 4876/6479/3361 4877/6480/3362 4886/6489/3371
f 4886/6489/3371 4877/6480/3362 4887/6490/3372
f 4877/6480/3362 4878/6481/3363 4887/6490/3372
f 4887/6490/3372 4878/6481/3363 4888/6491/3373
f 4878/6481/3363 4879/6482/3364 4888/6491/3373
f 4889/6492/3374 4888/6491/3373 4879/6482/3364
f 4889/6492/3374 4879/6482/3364 4880/6483/3365
f 4890/6493/3375 4889/6492/3374 4880/6483/3365
f 4890/6493/3375 4880/6483/3365 4881/6484/3366
f 4891/6494/3376 4890/6493/3375 4881/6484/3366
f 4891/6494/3376 4881/6484/3366 4882/6485/3367
f 4892/6495/3377 4891/6494/3376 4882/6485/3367
f 4892/6495/3377 4882/6485/3367 4883/6486/3368
f 4893/6496/3378 4892/6495/3377 4883/6486/3368
f 4893/6496/3378 4883/6486/3368 4884/6487/3369
f 4894/6497/3379 4892/6495/3377 4893/6496/3378
f 4894/6497/3379 4895/6498/3380 4892/6495/3377
f 4895/6498/3380 4891/6494/3376 4892/6495/3377
f 4895/6498/3380 4896/6499/3381 4891/6494/3376
f 4896/6499/3381 4890/6493/3375 4891/6494/3376
f 4896/6499/3381 4897/6500/3382 4890/6493/3375
f 4897/6500/3382 4889/6492/3374 4890/6493/3375
f 4897/6500/3382 4898/6501/3383 4889/6492/3374
f 4898/6501/3383 4888/6491/3373 4889/6492/3374
f 4898/6501/3383 4899/6502/3384 4888/6491/3373
f 4887/6490/3372 4888/6491/3373 4899/6502/3384
f 4900/6503/3385 4887/6490/3372 4899/6502/3384
f 4886/6489/3371 4887/6490/3372 4900/6503/3385
f 4901/6504/3386 4886/6489/3371 4900/6503/3385
f 4885/6488/3370 4886/6489/3371 4901/6504/3386
f 4901/6504/3386 4900/6503/3385 4902/6505/3387
f 4902/6505/3387 4900/6503/3385 4903/6506/3388
f 4900/6503/3385 4899/6502/3384 4903/6506/3388
f 4904/6507/3389 4903/6506/3388 4899/6502/3384
f 4904/6507/3389 4899/6502/3384 4898/6501/3383
f 4905/6508/3390 4904/6507/3389 4898/6501/3383
f 4905/6508/3390 4898/6501/3383 4897/6500/3382
f 4906/6509/3391 4905/6508/3390 4897/6500/3382
f 4906/6509/3391 4897/6500/3382 4896/6499/3381
f 4907/6510/3392 4906/6509/3391 4896/6499/3381
f 4907/6510/3392 4896/6499/3381 4895/6498/3380
f 4908/6511/3393 4907/6510/3392 4895/6498/3380
f 4908/6511/3393 4895/6498/3380 4894/6497/3379
f 4902/6505/3387 4903/6506/3388 4909/6512/3394
f 4910/6513/3395 4909/6512/3394 4903/6506/3388
f 4910/6513/3395 4903/6506/3388 4904/6507/3389
f 4911/6514/3396 4910/6513/3395 4904/6507/3389
f 4911/6514/3396 4904/6507/3389 4905/6508/3390
f 4912/6515/3397 4911/6514/3396 4905/6508/3390
f 4912/6515/3397 4905/6508/3390 4906/6509/3391
f 4913/6516/3398 4912/6515/3397 4906/6509/3391
f 4913/6516/3398 4906/6509/3391 4907/6510/3392
f 4914/6517/3399 4913/6516/3398 4907/6510/3392
f 4914/6517/3399 4907/6510/3392 4908/6511/3393
f 4854/6455/3337 4853/6454/3335 4874/6477/3359
f 4854/6455/3337 4874/6477/3359 4855/6458/3340
f 4855/6458/3340 4874/6477/3359 4875/6478/3360
f 4855/6458/3340 4875/6478/3360 4915/6518/3400
f 4915/6518/3400 4875/6478/3360 4885/6488/3370
f 4915/6518/3400 4885/6488/3370 4916/6519/3401
f 4916/6519/3401 4885/6488/3370 4901/6504/3386
f 4916/6519/3401 4901/6504/3386 4917/6520/3402
f 4917/6520/3402 4901/6504/3386 4902/6505/3387
f 4917/6520/3402 4902/6505/3387 4918/6521/3403
f 4918/6521/3403 4902/6505/3387 4909/6512/3394
f 4918/6521/3403 4909/6512/3394 4919/6522/3404
f 4920/6523/3405 4919/6522/3404 4909/6512/3394
f 4920/6523/3405 4909/6512/3394 4910/6513/3395
f 4921/6524/3406 4920/6523/3405 4910/6513/3395
f 4921/6524/3406 4910/6513/3395 4911/6514/3396
f 4922/6525/3407 4921/6524/3406 4911/6514/3396
f 4922/6525/3407 4911/6514/3396 4912/6515/3397
f 4749/6457/3339 4855/6458/3340 4750/6526/3408
f 4750/6526/3408 4855/6458/3340 4915/6518/3400
f 4750/6526/3408 4915/6518/3400 4751/6527/3409
f 4751/6527/3409 4915/6518/3400 4916/6519/3401
f 4751/6527/3409 4916/6519/3401 4752/6528/3410
f 4752/6528/3410 4916/6519/3401 4917/6520/3402
f 4752/6528/3410 4917/6520/3402 4753/6529/3411
f 4753/6529/3411 4917/6520/3402 4918/6521/3403
f 4753/6529/3411 4918/6521/3403 4754/6530/3412
f 4754/6530/3412 4918/6521/3403 4919/6522/3404
f 4754/6530/3412 4919/6522/3404 4755/6531/3413
f 4756/6532/3414 4755/6531/3413 4919/6522/3404
f 4756/6532/3414 4919/6522/3404 4920/6523/3405
f 4757/6533/3415 4756/6532/3414 4920/6523/3405
f 4757/6533/3415 4920/6523/3405 4921/6524/3406
f 4758/6534/3416 4757/6533/3415 4921/6524/3406
f 4758/6534/3416 4921/6524/3406 4922/6525/3407
f 4759/6535/3417 4758/6534/3416 4922/6525/3407
f 4759/6535/3417 4922/6525/3407 4923/6536/3418
f 4760/6537/3419 4759/6535/3417 4923/6536/3418
f 4760/6537/3419 4923/6536/3418 4924/6538/3420
f 4761/6539/3421 4760/6537/3419 4924/6538/3420
f 4761/6539/3421 4924/6538/3420 4925/6540/3422
f 4762/6541/3423 4761/6539/3421 4925/6540/3422
f 4762/6541/3423 4925/6540/3422 4926/6542/3424
f 4926/6542/3424 4925/6540/3422 4927/6543/3425
f 4926/6542/3424 4927/6543/3425 4928/4598/3426
f 4928/4598/3426 4927/6543/3425 4929/6544/3427
f 4928/4598/3426 4929/6544/3427 4930/4606/3428
f 4930/4606/3428 4929/6544/3427 4931/6545/3429
f 4930/4606/3428 4931/6545/3429 4932/4607/3430
f 4932/4607/3430 4931/6545/3429 4933/6546/3431
f 4932/4607/3430 4933/6546/3431 4934/4609/3432
f 4934/4609/3432 4933/6546/3431 4935/6547/3433
f 4934/4609/3432 4935/6547/3433 4936/4610/3434
f 4923/6536/3418 4922/6525/3407 4912/6515/3397
f 4923/6536/3418 4912/6515/3397 4913/6516/3398
f 4924/6538/3420 4923/6536/3418 4913/6516/3398
f 4924/6538/3420 4913/6516/3398 4914/6517/3399
f 4925/6540/3422 4924/6538/3420 4914/6517/3399
f 4925/6540/3422 4914/6517/3399 4927/6543/3425
f 4927/6543/3425 4914/6517/3399 4908/6511/3393
f 4927/6543/3425 4908/6511/3393 4929/6544/3427
f 4929/6544/3427 4908/6511/3393 4894/6497/3379
f 4929/6544/3427 4894/6497/3379 4931/6545/3429
f 4931/6545/3429 4894/6497/3379 4893/6496/3378
f 4931/6545/3429 4893/6496/3378 4933/6546/3431
f 4933/6546/3431 4893/6496/3378 4884/6487/3369
f 4933/6546/3431 4884/6487/3369 4935/6547/3433
f 4884/6487/3369 4859/6462/3344 4937/6548/3435
f 4935/6547/3433 4884/6487/3369 4937/6548/3435
f 4935/6547/3433 4937/6548/3435 4938/6549/3436
f 4936/4610/3434 4935/6547/3433 4938/6549/3436
f 4936/4610/3434 4938/6549/3436 4939/4612/3437
f 4939/4612/3437 4938/6549/3436 4940/6550/3438
f 4939/4612/3437 4940/6550/3438 4941/4613/3439
f 4940/6550/3438 4942/4629/3440 4941/4613/3439
f 4940/6550/3438 4943/6551/3441 4942/4629/3440
f 4943/6551/3441 4944/4630/3442 4942/4629/3440
f 4943/6551/3441 4945/6552/3443 4944/4630/3442
f 4945/6552/3443 4946/4631/3444 4944/4630/3442
f 4945/6552/3443 4947/6553/3445 4946/4631/3444
f 4947/6553/3445 4948/4632/3446 4946/4631/3444
f 4947/6553/3445 4949/6554/3447 4948/4632/3446
f 4949/6554/3447 4950/6555/3448 4948/4632/3446
f 4949/6554/3447 4951/6556/3449 4950/6555/3448
f 4951/6556/3449 4952/4634/3448 4950/6555/3448
f 4953/6557/3450 4954/6558/3451 4955/6559/3452
f 4955/6559/3452 4954/6558/3451 4956/6560/3453
f 4955/6559/3452 4956/6560/3453 4957/6561/3454
f 4957/6561/3454 4956/6560/3453 4951/6556/3449
f 4957/6561/3454 4951/6556/3449 4949/6554/3447
f 4958/6562/3455 4957/6561/3454 4949/6554/3447
f 4958/6562/3455 4949/6554/3447 4947/6553/3445
f 4959/6563/3456 4958/6562/3455 4947/6553/3445
f 4959/6563/3456 4947/6553/3445 4945/6552/3443
f 4960/6564/3457 4959/6563/3456 4945/6552/3443
f 4960/6564/3457 4945/6552/3443 4943/6551/3441
f 4961/6565/3458 4960/6564/3457 4943/6551/3441
f 4961/6565/3458 4943/6551/3441 4940/6550/3438
f 4938/6549/3436 4961/6565/3458 4940/6550/3438
f 4938/6549/3436 4937/6548/3435 4961/6565/3458
f 4962/6566/3459 4961/6565/3458 4937/6548/3435
f 4962/6566/3459 4937/6548/3435 4859/6462/3344
f 4859/6462/3344 4861/6464/3346 4962/6566/3459
f 4962/6566/3459 4963/6567/3460 4961/6565/3458
f 4964/6568/3461 4961/6565/3458 4963/6567/3460
f 4964/6568/3461 4960/6564/3457 4961/6565/3458
f 4964/6568/3461 4965/6569/3462 4960/6564/3457
f 4965/6569/3462 4959/6563/3456 4960/6564/3457
f 4965/6569/3462 4966/6570/3463 4959/6563/3456
f 4966/6570/3463 4958/6562/3455 4959/6563/3456
f 4966/6570/3463 4967/6571/3464 4958/6562/3455
f 4967/6571/3464 4957/6561/3454 4958/6562/3455
f 4967/6571/3464 4955/6559/3452 4957/6561/3454
f 4968/6572/3465 4955/6559/3452 4967/6571/3464
f 4968/6572/3465 4953/6557/3450 4955/6559/3452
f 4969/6573/3466 4953/6557/3450 4968/6572/3465
f 4969/6573/3466 4970/6574/3467 4953/6557/3450
f 4971/6575/3468 4970/6574/3467 4969/6573/3466
f 4971/6575/3468 4972/6576/3469 4970/6574/3467
f 4973/6577/576 4972/6576/3469 4971/6575/3468
f 4973/6577/576 4974/6578/3470 4972/6576/3469
f 4975/6579/3471 4965/6569/3462 4964/6568/3461
f 4975/6579/3471 4976/6580/3472 4965/6569/3462
f 4976/6580/3472 4966/6570/3463 4965/6569/3462
f 4976/6580/3472 4977/6581/3473 4966/6570/3463
f 4977/6581/3473 4967/6571/3464 4966/6570/3463
f 4977/6581/3473 4968/6572/3465 4967/6571/3464
f 4978/6582/3474 4968/6572/3465 4977/6581/3473
f 4978/6582/3474 4969/6573/3466 4968/6572/3465
f 4979/6583/3475 4969/6573/3466 4978/6582/3474
f 4979/6583/3475 4971/6575/3468 4969/6573/3466
f 4980/6584/3476 4971/6575/3468 4979/6583/3475
f 4980/6584/3476 4973/6577/576 4971/6575/3468
f 4980/6584/3476 4981/6585/3477 4973/6577/576
f 4980/6584/3476 4982/6586/3478 4981/6585/3477
f 4982/6586/3478 4983/6587/3479 4981/6585/3477
f 4982/6586/3478 4984/6588/3480 4983/6587/3479
f 4984/6588/3480 4831/6432/3305 4983/6587/3479
f 4973/6577/576 4985/6589/3481 4974/6578/3470
f 4973/6577/576 4981/6585/3477 4985/6589/3481
f 4981/6585/3477 4986/6590/3482 4985/6589/3481
f 4981/6585/3477 4983/6587/3479 4986/6590/3482
f 4983/6587/3479 4987/6591/3483 4986/6590/3482
f 4983/6587/3479 4831/6432/3305 4987/6591/3483
f 4831/6432/3305 4830/6431/3304 4987/6591/3483
f 4988/6592/3484 4976/6580/3472 4975/6579/3471
f 4988/6592/3484 4989/6593/3485 4976/6580/3472
f 4989/6593/3485 4977/6581/3473 4976/6580/3472
f 4989/6593/3485 4978/6582/3474 4977/6581/3473
f 4990/6594/3486 4978/6582/3474 4989/6593/3485
f 4990/6594/3486 4979/6583/3475 4978/6582/3474
f 4991/6595/3487 4979/6583/3475 4990/6594/3486
f 4991/6595/3487 4980/6584/3476 4979/6583/3475
f 4991/6595/3487 4982/6586/3478 4980/6584/3476
f 4991/6595/3487 4992/6596/3488 4982/6586/3478
f 4992/6596/3488 4984/6588/3480 4982/6586/3478
f 4993/6597/3489 4989/6593/3485 4988/6592/3484
f 4993/6597/3489 4990/6594/3486 4989/6593/3485
f 4994/6598/3285 4990/6594/3486 4993/6597/3489
f 4994/6598/3285 4991/6595/3487 4990/6594/3486
f 4992/6596/3488 4991/6595/3487 4994/6598/3285
f 4815/6416/3287 4821/6422/3294 4831/6432/3305
f 4984/6588/3480 4815/6416/3287 4831/6432/3305
f 4812/6413/3284 4815/6416/3287 4984/6588/3480
f 4992/6596/3488 4812/6413/3284 4984/6588/3480
f 4812/6413/3284 4992/6596/3488 4813/6414/3283
f 4992/6596/3488 4994/6598/3285 4813/6414/3283
f 4813/6414/3283 4994/6598/3285 4798/6399/3285
f 4798/6399/3285 4994/6598/3285 4993/6597/3489
f 4798/6399/3285 4993/6597/3489 4796/6397/3489
f 4796/6397/3489 4993/6597/3489 4988/6592/3484
f 4796/6397/3489 4988/6592/3484 4794/6395/3484
f 4988/6592/3484 4792/6393/3490 4794/6395/3484
f 4988/6592/3484 4975/6579/3471 4792/6393/3490
f 4975/6579/3471 4791/6392/3471 4792/6393/3490
f 4975/6579/3471 4964/6568/3461 4791/6392/3471
f 4964/6568/3461 4789/6390/3461 4791/6392/3471
f 4963/6567/3460 4789/6390/3461 4964/6568/3461
f 4963/6567/3460 4786/6387/3461 4789/6390/3461
f 4963/6567/3460 4784/6385/3459 4786/6387/3461
f 4963/6567/3460 4962/6566/3459 4784/6385/3459
f 4962/6566/3459 4783/6384/3346 4784/6385/3459
f 4962/6566/3459 4861/6464/3346 4783/6384/3346
f 4861/6464/3346 4781/6382/3491 4783/6384/3346
f 4862/6465/3347 4781/6382/3491 4861/6464/3346
f 4862/6465/3347 4779/6380/3492 4781/6382/3491
f 4862/6465/3347 4777/6378/3349 4779/6380/3492
f 4862/6465/3347 4864/6467/3349 4777/6378/3349
f 4864/6467/3349 4774/6375/3493 4777/6378/3349
f 4864/6467/3349 4866/6469/3351 4774/6375/3493
f 4774/6375/3493 4866/6469/3351 4995/6599/3494
f 4866/6469/3351 4868/6471/3353 4995/6599/3494
f 4995/6599/3494 4868/6471/3353 4834/6435/3308
f 4870/6473/3355 4834/6435/3308 4868/6471/3353
f 4832/6433/3306 4834/6435/3308 4870/6473/3355
f 4857/6460/3342 4832/6433/3306 4870/6473/3355
f 4839/6440/3313 4832/6433/3306 4857/6460/3342
f 4995/6599/3494 4834/6435/3308 4822/6423/3296
f 4772/6373/3295 4995/6599/3494 4822/6423/3296
f 4774/6375/3493 4995/6599/3494 4772/6373/3295
f 4180/6600/3495 4747/6333/3495 4192/6332/3495
f 4996/6601/3496 4997/6602/18 4998/6603/3071
f 4996/6601/3496 4999/6604/3497 4997/6602/18
f 5000/6605/18 4997/6602/18 4999/6604/3497
f 5000/6605/18 4999/6604/3497 5001/6606/3498
f 5002/6607/3499 5000/6605/18 5001/6606/3498
f 5002/6607/3499 5003/6608/3076 5000/6605/18
f 5002/6607/3499 5004/6609/3500 5003/6608/3076
f 4787/6610/3259 4785/6611/3257 5005/6612/3501
f 4787/6610/3259 5005/6612/3501 5006/6613/3502
f 5005/6612/3501 5007/6614/154 5006/6613/3502
f 5005/6612/3501 5008/6615/3070 5007/6614/154
f 5009/6616/219 5008/6615/3070 5005/6612/3501
f 5009/6616/219 5005/6612/3501 5010/6617/3503
f 4998/6603/3071 5009/6616/219 5010/6617/3503
f 4998/6603/3071 5010/6617/3503 5011/6618/3504
f 4996/6601/3496 4998/6603/3071 5011/6618/3504
f 4780/6619/3249 4996/6601/3496 5011/6618/3504
f 4780/6619/3249 4778/6620/3251 4996/6601/3496
f 4776/6621/3249 4996/6601/3496 4778/6620/3251
f 4776/6621/3249 4999/6604/3497 4996/6601/3496
f 4999/6604/3497 4776/6621/3249 4775/6622/3248
f 4999/6604/3497 4775/6622/3248 5001/6606/3498
f 5012/6623/3499 5001/6606/3498 4775/6622/3248
f 5002/6607/3499 5001/6606/3498 5012/6623/3499
f 5002/6607/3499 5012/6623/3499 4773/6624/3246
f 5012/6623/3499 4775/6622/3248 4773/6624/3246
f 4785/6611/3257 5010/6617/3503 5005/6612/3501
f 4785/6611/3257 4782/6625/3254 5010/6617/3503
f 4782/6625/3254 5011/6618/3504 5010/6617/3503
f 4782/6625/3254 4780/6619/3249 5011/6618/3504
f 5002/6607/3499 4773/6624/3246 4771/6626/3244
f 5002/6607/3499 4771/6626/3244 4769/6627/3242
f 5002/6607/3499 4769/6627/3242 5004/6609/3500
f 4766/6628/3239 5004/6609/3500 4769/6627/3242
f 4766/6628/3239 5013/6629/3505 5004/6609/3500
f 5013/6629/3505 5003/6608/3076 5004/6609/3500
f 5013/6629/3505 5014/6630/925 5003/6608/3076
f 5015/6631/3506 5014/6630/925 5013/6629/3505
f 5015/6631/3506 5016/6632/3080 5014/6630/925
f 5017/6633/208 5016/6632/3080 5015/6631/3506
f 5017/6633/208 5015/6631/3506 5018/6634/3507
f 4810/6635/3280 5018/6634/3507 5015/6631/3506
f 4810/6635/3280 5015/6631/3506 4764/6636/3237
f 4764/6636/3237 5015/6631/3506 5013/6629/3505
f 4764/6636/3237 5013/6629/3505 4766/6628/3239
f 5019/6637/3508 5020/6638/18 5021/6638/3509
f 5019/6637/1636 5022/6639/1636 5021/6638/1175
f 5022/6639/1636 5019/6637/1636 4181/6640/1636
f 5022/6639/1175 4181/6640/1175 4183/6641/1175
f 3857/6642/1318 5023/6643/3510 3856/6644/6
f 3857/6642/1318 5024/6645/3511 5023/6643/3510
f 3857/6642/1318 4154/6646/2645 5024/6645/3511
f 4154/6646/2645 3857/6642/1318 4153/6647/1522
f 3857/6642/1318 4152/6648/1522 4153/6647/1522
f 3857/6642/1318 5025/6649/1356 4152/6648/1522
f 4152/6648/1522 5025/6649/1356 5026/6650/1356
f 4152/6648/1522 5026/6650/1356 4151/6651/1522
f 4151/6651/1522 5026/6650/1356 5021/6638/1636
f 4151/6651/1522 5021/6638/1636 4149/6652/2643
f 4149/6652/2643 5021/6638/1636 5022/6639/3512
f 4149/6652/2643 5022/6639/3512 4150/6653/2644
f 4183/6641/3513 4150/6653/2644 5022/6639/3512
f 4183/6641/3513 4159/6654/2647 4150/6653/2644
f 4183/6641/3513 4215/6655/3512 4159/6654/2647
f 5027/6656/3514 5028/6657/3515 5029/6658/3516
f 5027/6656/3514 5030/6659/3517 5028/6657/3515
f 5031/6660/3518 5030/6659/3517 5027/6656/3514
f 5031/6660/3518 5032/6661/3519 5030/6659/3517
f 5031/6660/3518 5033/6662/3520 5032/6661/3519
f 5031/6660/3518 5034/6663/3521 5033/6662/3520
f 5034/6663/3521 5035/6664/3522 5033/6662/3520
f 5034/6663/3521 5036/6665/3523 5035/6664/3522
f 5037/6666/3524 5036/6665/3523 5034/6663/3521
f 5037/6666/3524 5038/6667/3525 5036/6665/3523
f 5039/6668/3526 5038/6667/3525 5037/6666/3524
f 5040/6669/3527 5039/6668/3526 5037/6666/3524
f 5040/6669/3527 5037/6666/3524 5041/6670/3528
f 5040/6669/3527 5041/6670/3528 5042/6671/3529
f 5041/6670/3528 5027/6656/3514 5042/6671/3529
f 5041/6670/3528 5031/6660/3518 5027/6656/3514
f 5041/6670/3528 5034/6663/3521 5031/6660/3518
f 5041/6670/3528 5037/6666/3524 5034/6663/3521
f 5033/6662/3520 5043/6672/3530 5044/6673/3531
f 5033/6662/3520 5035/6664/3522 5043/6672/3530
f 5035/6664/3522 5045/6674/3532 5043/6672/3530
f 5035/6664/3522 5046/6675/3533 5045/6674/3532
f 5036/6665/3523 5046/6675/3533 5035/6664/3522
f 5036/6665/3523 5047/6676/3534 5046/6675/3533
f 5038/6667/3525 5047/6676/3534 5036/6665/3523
f 5038/6667/3525 5048/6677/3535 5047/6676/3534
f 5049/6678/3536 5048/6677/3535 5038/6667/3525
f 5039/6668/3526 5049/6678/3536 5038/6667/3525
f 5050/6679/3537 5049/6678/3536 5039/6668/3526
f 5051/6680/1445 5050/6679/3537 5039/6668/3526
f 5051/6680/1445 5039/6668/3526 5040/6669/3527
f 5051/6680/1445 5040/6669/3527 5052/6681/3538
f 5040/6669/3527 5042/6671/3529 5052/6681/3538
f 5052/6681/3538 5042/6671/3529 5053/6682/3539
f 5042/6671/3529 5029/6658/3516 5053/6682/3539
f 5042/6671/3529 5027/6656/3514 5029/6658/3516
f 5054/6683/3540 5055/6684/3541 5049/6678/3536
f 5050/6679/3537 5054/6683/3540 5049/6678/3536
f 5056/6685/3542 5054/6683/3540 5050/6679/3537
f 5057/6686/3543 5056/6685/3542 5050/6679/3537
f 5055/6684/3541 5058/6687/3544 5059/6688/3545
f 5060/6689/3546 5058/6687/3544 5055/6684/3541
f 5054/6683/3540 5060/6689/3546 5055/6684/3541
f 5061/6690/3547 5060/6689/3546 5054/6683/3540
f 5056/6685/3542 5061/6690/3547 5054/6683/3540
f 5060/6689/3546 5062/6691/3548 5058/6687/3544
f 5063/6692/3549 5062/6691/3548 5060/6689/3546
f 5061/6690/3547 5063/6692/3549 5060/6689/3546
f 5063/6692/3549 5064/6693/3550 5062/6691/3548
f 5057/6686/3543 5050/6679/3537 5051/6680/1445
f 5057/6686/3543 5051/6680/1445 5065/6694/3551
f 5051/6680/1445 5052/6681/3538 5065/6694/3551
f 5065/6694/3551 5052/6681/3538 5066/6695/3552
f 5052/6681/3538 5053/6682/3539 5066/6695/3552
f 5066/6695/3552 5053/6682/3539 5067/6696/3553
f 5053/6682/3539 5068/6697/3554 5067/6696/3553
f 5053/6682/3539 5029/6658/3516 5068/6697/3554
f 5029/6658/3516 5069/6698/3555 5068/6697/3554
f 5029/6658/3516 5028/6657/3515 5069/6698/3555
f 5028/6657/3515 5070/6699/3556 5069/6698/3555
f 5028/6657/3515 5071/6700/3557 5070/6699/3556
f 5030/6659/3517 5071/6700/3557 5028/6657/3515
f 5030/6659/3517 5072/6701/3558 5071/6700/3557
f 5032/6661/3519 5072/6701/3558 5030/6659/3517
f 5032/6661/3519 5073/6702/3559 5072/6701/3558
f 5032/6661/3519 5044/6673/3531 5073/6702/3559
f 5032/6661/3519 5033/6662/3520 5044/6673/3531
f 5057/6686/3543 5065/6694/3551 5074/6703/3560
f 5074/6703/3560 5065/6694/3551 5075/6704/3561
f 5065/6694/3551 5066/6695/3552 5075/6704/3561
f 5075/6704/3561 5066/6695/3552 5076/6705/3562
f 5066/6695/3552 5067/6696/3553 5076/6705/3562
f 5074/6703/3560 5075/6704/3561 5077/6706/3563
f 5077/6706/3563 5075/6704/3561 5078/6707/3564
f 5075/6704/3561 5076/6705/3562 5078/6707/3564
f 5077/6706/3563 5078/6707/3564 5079/6708/3565
f 5079/6708/3565 5080/6709/3566 5081/6710/3567
f 5079/6708/3565 5078/6707/3564 5080/6709/3566
f 5078/6707/3564 5082/6711/3568 5080/6709/3566
f 5078/6707/3564 5076/6705/3562 5082/6711/3568
f 5076/6705/3562 5083/6712/3569 5082/6711/3568
f 5076/6705/3562 5067/6696/3553 5083/6712/3569
f 5067/6696/3553 5084/6713/3570 5083/6712/3569
f 5067/6696/3553 5068/6697/3554 5084/6713/3570
f 5068/6697/3554 5085/6714/3571 5084/6713/3570
f 5068/6697/3554 5069/6698/3555 5085/6714/3571
f 5069/6698/3555 5086/6715/3572 5085/6714/3571
f 5069/6698/3555 5070/6699/3556 5086/6715/3572
f 5070/6699/3556 5087/6716/3573 5086/6715/3572
f 5070/6699/3556 5088/6717/3574 5087/6716/3573
f 5071/6700/3557 5088/6717/3574 5070/6699/3556
f 5071/6700/3557 5089/6718/3575 5088/6717/3574
f 5072/6701/3558 5089/6718/3575 5071/6700/3557
f 5072/6701/3558 5090/6719/3576 5089/6718/3575
f 5073/6702/3559 5090/6719/3576 5072/6701/3558
f 5073/6702/3559 5091/6720/1647 5090/6719/3576
f 5073/6702/3559 5092/6721/3577 5091/6720/1647
f 5073/6702/3559 5044/6673/3531 5092/6721/3577
f 5044/6673/3531 5093/6722/3578 5092/6721/3577
f 5044/6673/3531 5043/6672/3530 5093/6722/3578
f 5043/6672/3530 5094/6723/3579 5093/6722/3578
f 5043/6672/3530 5045/6674/3532 5094/6723/3579
f 5045/6674/3532 5095/6724/3580 5094/6723/3579
f 5045/6674/3532 5096/6725/3581 5095/6724/3580
f 5046/6675/3533 5096/6725/3581 5045/6674/3532
f 5046/6675/3533 5097/6726/3582 5096/6725/3581
f 5047/6676/3534 5097/6726/3582 5046/6675/3533
f 5047/6676/3534 5098/6727/3583 5097/6726/3582
f 5048/6677/3535 5098/6727/3583 5047/6676/3534
f 5048/6677/3535 5059/6688/3545 5098/6727/3583
f 5055/6684/3541 5059/6688/3545 5048/6677/3535
f 5049/6678/3536 5055/6684/3541 5048/6677/3535
f 3785/5005/3584 3782/5002/3584 3783/5003/3584
f 5099/6728/3585 5100/6729/3586 5101/6730/3586
f 5099/6728/3585 5102/6731/3585 5100/6729/3586
f 5103/6732/3585 5102/6731/3585 5104/6733/3585
f 5103/6732/3585 5105/6734/3585 5102/6731/3585
f 5100/6729/3587 5102/6731/3585 5105/6734/3585
f 5099/6728/3585 5101/6730/3588 5106/6735/3585
f 5106/6735/3585 5107/6736/3585 5099/6728/3585
f 5106/6735/3585 5108/6737/3585 5107/6736/3585
f 5109/6738/3589 5100/6729/3589 5110/6739/3589
f 5109/6738/3589 5101/6730/3589 5100/6729/3589
f 5111/6740/3590 5112/6741/3590 5113/6742/3590
f 5111/6740/3590 5114/6743/3590 5112/6741/3590
f 5115/6744/3591 5116/6745/3591 5117/6746/3592
f 5118/6747/3593 5116/6745/3591 5115/6744/3591
f 5119/6748/3591 5118/6747/3593 5115/6744/3591
f 5119/6748/3591 5115/6744/3591 5120/6749/3591
f 5115/6744/3593 5117/6746/3591 5121/6750/3594
f 4674/6751/2312 3856/6644/2312 5023/6643/2312
f 5104/6752/3595 5122/6753/3596 5103/6754/3595
f 5104/6752/3595 5123/6755/3596 5122/6753/3596
f 5123/6755/3596 5124/6756/3597 5122/6753/3596
f 5123/6755/3596 5125/6757/3598 5124/6756/3597
f 5125/6757/3598 5126/6758/3599 5124/6756/3597
f 5125/6757/3598 5127/6759/3599 5126/6758/3599
f 5127/6759/3599 5128/6760/3600 5126/6758/3599
f 5127/6759/3599 5129/6761/3600 5128/6760/3600
f 5129/6761/3600 5130/6762/3601 5128/6760/3600
f 5129/6761/3600 5131/6763/3602 5130/6762/3601
f 5131/6763/3602 5132/6764/241 5130/6762/3601
f 5131/6763/3602 5133/6765/241 5132/6764/241
f 5133/6765/241 5120/6749/3603 5132/6764/241
f 5133/6765/241 5119/6748/3603 5120/6749/3603
f 5114/6743/3604 5134/6766/3604 5112/6741/3604
f 5114/6743/3604 5135/6767/3604 5134/6766/3604
f 5135/6767/3604 5136/6768/3605 5134/6766/3604
f 5135/6767/3604 5137/6769/3606 5136/6768/3605
f 5137/6769/3606 5138/6770/3607 5136/6768/3605
f 5137/6769/3606 5139/6771/3607 5138/6770/3607
f 5139/6771/3607 5140/6772/456 5138/6770/3607
f 5139/6771/3607 5141/6773/456 5140/6772/456
f 5141/6773/456 5109/6738/456 5140/6772/456
f 5141/6773/456 5142/6774/3608 5109/6738/456
f 5106/6735/3589 5109/6738/456 5142/6774/1645
f 5106/6735/3589 5101/6730/456 5109/6738/456
f 5143/6775/3609 5108/6737/3589 5106/6735/3589
f 5143/6775/3609 5106/6735/3589 5142/6774/1645
f 5144/6776/1639 5143/6775/3609 5142/6774/1645
f 5144/6776/1639 5142/6774/1645 5141/6773/1639
f 5145/6777/1641 5144/6776/1639 5141/6773/1639
f 5145/6777/1641 5141/6773/1639 5139/6771/1641
f 5146/6778/3610 5145/6777/1641 5139/6771/1641
f 5146/6778/3610 5139/6771/1641 5137/6769/3611
f 5147/6779/3612 5146/6778/3610 5137/6769/3611
f 5147/6779/3612 5137/6769/3611 5135/6767/3613
f 5148/6780/3614 5147/6779/3612 5135/6767/3613
f 5148/6780/3614 5135/6767/3613 5114/6743/3615
f 5149/6781/3616 5148/6780/3614 5114/6743/3615
f 5149/6781/3616 5114/6743/3615 5150/6782/3616
f 5111/6740/3615 5150/6782/3616 5114/6743/3615
f 5111/6740/3615 5115/6783/3616 5150/6782/3616
f 5110/6739/448 5100/6729/448 5105/6734/3589
f 5110/6739/448 5105/6734/3589 5151/6784/1646
f 5103/6732/3589 5151/6784/1646 5105/6734/3589
f 5103/6732/3589 5122/6785/3617 5151/6784/1646
f 5124/6786/1639 5151/6784/1646 5122/6785/3617
f 5124/6786/1639 5152/6787/1639 5151/6784/1646
f 5124/6786/1639 5153/6788/1641 5152/6787/1639
f 5124/6786/1639 5126/6789/1641 5153/6788/1641
f 5126/6789/1641 5154/6790/3611 5153/6788/1641
f 5126/6789/1641 5128/6791/3610 5154/6790/3611
f 5128/6791/3610 5155/6792/3618 5154/6790/3611
f 5128/6791/3610 5130/6793/3612 5155/6792/3618
f 5130/6793/3612 5111/6740/3615 5155/6792/3618
f 5130/6793/3612 5132/6794/3615 5111/6740/3615
f 5132/6794/3615 5115/6783/3616 5111/6740/3615
f 5132/6794/3615 5120/6795/3616 5115/6783/3616
f 5152/6787/448 5110/6739/448 5151/6784/448
f 5152/6787/448 5156/6796/448 5110/6739/448
f 5152/6787/448 5157/6797/3619 5156/6796/448
f 5152/6787/448 5153/6788/3619 5157/6797/3619
f 5153/6788/3619 5158/6798/3619 5157/6797/3619
f 5153/6788/3619 5154/6790/3619 5158/6798/3619
f 5154/6790/3619 5159/6799/3620 5158/6798/3619
f 5154/6790/3619 5155/6792/3619 5159/6799/3620
f 5155/6792/3619 5113/6742/3621 5159/6799/3620
f 5155/6792/3619 5111/6740/3619 5113/6742/3621
f 5160/6800/3622 5161/6801/3623 5162/6800/3622
f 5160/6800/3622 5163/6801/3623 5161/6801/3623
f 5164/6802/3624 5162/6800/3624 5165/6802/3624
f 5164/6802/3624 5160/6800/3624 5162/6800/3624
f 5164/6802/3625 5166/6803/3625 5167/6803/3625
f 5164/6802/3625 5165/6802/3625 5166/6803/3625
f 5168/6804/3626 5166/6803/3626 5169/6804/3626
f 5168/6804/3626 5167/6803/3626 5166/6803/3626
f 5168/6804/3627 5170/6805/3627 5171/6805/3627
f 5168/6804/3627 5169/6804/3627 5170/6805/3627
f 5161/6806/3623 5172/6807/3628 5173/6808/3628
f 5161/6806/3623 5163/6806/3623 5172/6807/3628
f 5174/6809/3627 5170/6810/3627 5175/6809/3627
f 5174/6809/3627 5171/6810/3627 5170/6810/3627
f 5176/6811/299 5168/6804/3629 5171/6805/299
f 5176/6811/299 5177/6812/3629 5168/6804/3629
f 5177/6812/3629 5167/6803/299 5168/6804/3629
f 5177/6812/3629 5178/6813/299 5167/6803/299
f 5178/6813/299 5164/6802/299 5167/6803/299
f 5178/6813/299 5179/6814/299 5164/6802/299
f 5180/6815/299 5164/6802/299 5179/6814/299
f 5180/6815/299 5160/6800/299 5164/6802/299
f 5160/6800/299 5180/6815/299 5181/6816/299
f 5160/6800/299 5181/6816/299 5163/6801/299
f 5176/6811/299 5182/6817/299 5177/6812/3629
f 5183/6818/3630 5184/6819/3630 5185/6820/3630
f 5183/6818/3630 5186/6821/3630 5184/6819/3630
f 5187/6822/3631 5186/6821/3631 5183/6818/3631
f 5187/6822/3632 5188/6823/3632 5186/6821/3632
f 5189/6824/3633 5188/6823/3633 5187/6822/3633
f 5189/6824/3634 5190/6825/3634 5188/6823/3634
f 5191/6826/3635 5190/6825/3635 5189/6824/3635
f 5191/6826/3635 5192/6827/3635 5190/6825/3636
f 5193/6828/3637 5192/6827/3637 5191/6826/3637
f 5193/6828/3638 5194/6829/3638 5192/6827/3638
f 5173/6808/3639 5170/6810/3640 5161/6806/3639
f 5173/6808/3639 5175/6809/3639 5170/6810/3640
f 5195/6830/3641 5196/6831/3642 5197/6832/3641
f 5195/6830/3641 5198/6833/3643 5196/6831/3642
f 5198/6833/3643 5199/6834/3644 5196/6831/3642
f 5198/6833/3643 5200/6835/3645 5199/6834/3644
f 5200/6835/3645 5201/6836/501 5199/6834/3644
f 5200/6835/3645 5202/6837/501 5201/6836/501
f 5202/6837/501 5203/6838/503 5201/6836/501
f 5202/6837/501 5204/6839/3646 5203/6838/503
f 5203/6838/503 5204/6839/3646 5175/6809/3647
f 5203/6838/503 5175/6809/3647 5173/6808/3648
f 3920/6840/1318 3756/6841/6 3758/6842/6
f 3051/6843/3649 5193/6844/3649 5205/6845/3649
f 3051/6843/3649 3054/6846/500 5193/6844/3649
f 5205/6847/497 3052/6848/497 3051/6849/497
f 5205/6847/497 5206/6850/497 3052/6848/497
f 5207/6851/494 5206/6850/497 5205/6847/497
f 5207/6851/494 5208/6852/494 5206/6850/497
f 5209/6853/497 5208/6852/494 5207/6851/494
f 5209/6853/497 5210/6854/497 5208/6852/494
f 5211/6855/497 5210/6854/497 5209/6853/497
f 5211/6855/497 5212/6856/497 5210/6854/497
f 5213/6857/497 5212/6856/497 5211/6855/497
f 5213/6857/497 5214/6858/497 5212/6856/497
f 5215/6859/497 5214/6858/497 5213/6857/497
f 5215/6859/497 5216/6860/497 5214/6858/497
f 5181/6861/497 5216/6860/497 5215/6859/497
f 5181/6861/497 5180/6862/497 5216/6860/497
f 5217/6863/3650 5218/6864/3650 5219/6865/3650
f 5197/6832/3651 5220/6866/3652 5195/6830/3653
f 5197/6832/3651 5221/6867/3654 5220/6866/3652
f 5222/6868/3655 5211/6869/501 5209/6870/3656
f 5222/6868/3655 5223/6871/501 5211/6869/501
f 5223/6871/501 5213/6872/3657 5211/6869/501
f 5223/6871/501 5224/6873/3658 5213/6872/3657
f 5224/6873/3658 5215/6874/3659 5213/6872/3657
f 5224/6873/3658 5172/6807/3660 5215/6874/3659
f 5172/6807/3660 5181/6875/3640 5215/6874/3659
f 5172/6807/3660 5163/6806/3661 5181/6875/3640
f 5174/6809/3662 5176/6876/3663 5171/6810/3663
f 5174/6809/3662 5185/6877/3664 5176/6876/3663
f 5183/6878/503 5185/6877/3664 5174/6809/3662
f 5183/6878/503 5174/6809/3662 5225/6879/3646
f 5225/6879/3646 5187/6880/501 5183/6878/503
f 5225/6879/3646 5226/6881/501 5187/6880/501
f 5226/6881/501 5189/6882/3645 5187/6880/501
f 5226/6881/501 5227/6883/3665 5189/6882/3645
f 5227/6883/3665 5191/6884/3643 5189/6882/3645
f 5227/6883/3665 5228/6885/3642 5191/6884/3643
f 5191/6884/3643 5228/6885/3642 5220/6866/3666
f 5191/6884/3643 5220/6866/3666 5193/6844/3666
f 5205/6845/3667 5193/6844/3666 5220/6866/3666
f 5205/6845/3667 5220/6866/3666 5221/6867/3668
f 5221/6867/3668 5207/6886/3669 5205/6845/3667
f 5221/6867/3668 5229/6887/3670 5207/6886/3669
f 5229/6887/3670 5209/6870/3656 5207/6886/3669
f 5229/6887/3670 5222/6868/3655 5209/6870/3656
f 4042/6888/2570 5230/6889/1318 4071/6890/1227
f 4071/6890/1227 3747/6891/1318 3749/6892/2338
f 4071/6890/1227 5230/6889/1318 3747/6891/1318
f 3747/6891/1318 5230/6889/1318 3751/6893/1318
f 5230/6889/1318 3786/5145/1356 3751/6893/1318
f 5230/6889/1318 3858/5143/11 3786/5145/1356
f 4042/6888/2570 3858/5143/11 5230/6889/1318
f 3859/5146/2431 3858/5143/11 4042/6888/2570
f 3859/5146/2431 4042/6888/2570 4044/6894/2571
f 3860/5148/1636 3859/5146/2431 4044/6894/2571
f 3860/5148/1636 4044/6894/2571 4046/6895/2573
f 3861/5150/1636 3860/5148/1636 4046/6895/2573
f 3861/5150/1636 4046/6895/2573 4048/6896/2574
f 3862/5152/2432 3861/5150/1636 4048/6896/2574
f 3862/5152/2432 4048/6896/2574 4050/6897/2575
f 3863/5154/2433 3862/5152/2432 4050/6897/2575
f 3863/5154/2433 4050/6897/2575 4052/6898/2301
f 3864/5156/2434 3863/5154/2433 4052/6898/2301
f 3864/5156/2434 4052/6898/2301 3872/5166/2441
f 5225/6879/3671 5174/6809/494 5175/6809/494
f 5225/6879/3671 5175/6809/494 5204/6839/3671
f 5226/6881/3672 5225/6879/3671 5204/6839/3671
f 5226/6881/3672 5204/6839/3671 5202/6837/3672
f 5200/6835/3673 5226/6881/3672 5202/6837/3672
f 5200/6835/3673 5227/6883/3674 5226/6881/3672
f 5198/6833/3672 5227/6883/3674 5200/6835/3673
f 5198/6833/3672 5228/6885/3672 5227/6883/3674
f 5195/6830/3675 5228/6885/3672 5198/6833/3672
f 5195/6830/3675 5220/6866/3675 5228/6885/3672
f 5231/6899/3 5232/6900/3 4191/5513/3
f 5231/6899/3 5233/6901/1160 5232/6900/3
f 5231/6899/3 4174/5494/3 5233/6901/1160
f 5231/6899/3 4175/5495/3 4174/5494/3
f 4723/6293/3676 5234/6902/1297 5235/6903/3676
f 4723/6293/3676 4721/6291/1297 5234/6902/1297
f 5234/6902/1297 4721/6291/1297 4719/6289/2672
f 5234/6902/1297 4719/6289/2672 3965/6904/2672
f 4716/6286/2672 3965/6904/2672 4719/6289/2672
f 4716/6286/2672 3964/6905/2672 3965/6904/2672
f 3964/6905/2672 4716/6286/2672 4715/6285/3677
f 3964/6905/2672 4715/6285/3677 3963/6906/3677
f 4715/6285/1323 5236/6907/1912 3963/6906/1323
f 4715/6285/1323 4175/5495/1912 5236/6907/1912
f 5236/6907/1912 4175/5495/1912 5231/6899/3
f 5236/6907/1912 5231/6899/3 5237/6908/3
f 4191/5513/1654 5237/6908/3 5231/6899/3
f 4191/5513/1654 5238/6909/1654 5237/6908/3
f 4190/5512/1406 5238/6909/1654 4191/5513/1654
f 4190/5512/1406 5239/6910/1406 5238/6909/1654
f 4194/5516/1169 5239/6910/1406 4190/5512/1406
f 4194/5516/1169 5240/6911/1169 5239/6910/1406
f 5241/6912/2678 5240/6911/1169 4194/5516/1169
f 5241/6912/2678 4194/5516/1169 4195/5518/2678
f 3940/6913/1296 5241/6912/2678 4195/5518/2678
f 3940/6913/1296 4195/5518/2678 4172/5491/1296
f 4172/5491/1296 5242/6914/3678 3940/6913/1296
f 4172/5491/1296 4170/5489/2677 5242/6914/3678
f 5243/6915/1606 5242/6914/3678 4170/5489/2677
f 5243/6915/1606 4170/5489/2677 4169/5487/1606
f 4168/5485/1295 5243/6915/1606 4169/5487/1606
f 4168/5485/1295 5244/6916/1295 5243/6915/1606
f 4167/5483/1913 5244/6916/1295 4168/5485/1295
f 4167/5483/1913 5245/6917/1913 5244/6916/1295
f 4165/6918/2676 5245/6917/1913 4167/5483/1913
f 4165/6918/2676 5246/6919/2676 5245/6917/1913
f 5247/6920/2675 5246/6919/2676 4165/6918/2676
f 5247/6920/2675 4165/6918/2676 4163/6921/2675
f 4161/6922/1673 5247/6920/2675 4163/6921/2675
f 4161/6922/1673 5248/6923/1673 5247/6920/2675
f 4160/6924/1673 5248/6923/1673 4161/6922/1673
f 4160/6924/1673 5249/6925/1673 5248/6923/1673
f 5250/6926/3679 5251/6927/3680 5252/6928/3681
f 5251/6927/3680 5253/6929/3682 5252/6928/3681
f 5252/6928/3681 5253/6929/3682 5254/6930/3683
f 5253/6929/3682 5255/6931/3684 5254/6930/3683
f 5253/6929/3682 5256/6932/3685 5255/6931/3684
f 5257/6933/3686 5256/6932/3685 5253/6929/3682
f 5257/6933/3686 5258/6934/3687 5256/6932/3685
f 5251/6927/3680 5257/6933/3686 5253/6929/3682
f 5259/5963/3688 5250/6926/3679 5260/6935/3689
f 5250/6926/3679 5252/6928/3681 5260/6935/3689
f 5260/6935/3689 5252/6928/3681 5261/6936/3690
f 5252/6928/3681 5254/6930/3683 5261/6936/3690
f 5261/6936/3690 5254/6930/3683 5262/6937/3691
f 5254/6930/3683 5263/6938/3692 5262/6937/3691
f 5254/6930/3683 5255/6931/3684 5263/6938/3692
f 5255/6931/3684 5264/6939/3693 5263/6938/3692
f 5255/6931/3684 5265/6940/3694 5264/6939/3693
f 5256/6932/3685 5265/6940/3694 5255/6931/3684
f 5256/6932/3685 5266/6941/3695 5265/6940/3694
f 5258/6934/3687 5266/6941/3695 5256/6932/3685
f 5258/6934/3687 5267/6942/3696 5266/6941/3695
f 5267/6942/3696 5268/5984/3697 5269/5456/3698
f 5267/6942/3696 5269/5456/3698 5266/6941/3695
f 5266/6941/3695 5269/5456/3698 3058/5457/3699
f 5266/6941/3695 3058/5457/3699 5265/6940/3694
f 5265/6940/3694 3058/5457/3699 5270/5473/3700
f 5265/6940/3694 5270/5473/3700 5264/6939/3693
f 5264/6939/3693 5270/5473/3700 5271/5475/3701
f 5264/6939/3693 5271/5475/3701 5272/6943/508
f 5263/6938/3692 5264/6939/3693 5272/6943/508
f 5263/6938/3692 5272/6943/508 5273/6944/416
f 5262/6937/3691 5263/6938/3692 5273/6944/416
f 5262/6937/3691 5273/6944/416 5274/6945/3702
f 5275/6946/3703 5262/6937/3691 5274/6945/3702
f 5261/6936/3690 5262/6937/3691 5275/6946/3703
f 5276/6947/3704 5261/6936/3690 5275/6946/3703
f 5260/6935/3689 5261/6936/3690 5276/6947/3704
f 5277/6948/3705 5260/6935/3689 5276/6947/3704
f 5259/5963/3688 5260/6935/3689 5277/6948/3705
f 5278/5964/3706 5259/5963/3688 5277/6948/3705
f 5278/5964/3706 5277/6948/3705 5279/6949/3707
f 5279/6949/3707 5277/6948/3705 5280/6950/3708
f 5277/6948/3705 5276/6947/3704 5280/6950/3708
f 5280/6950/3708 5276/6947/3704 5281/6951/3709
f 5276/6947/3704 5275/6946/3703 5281/6951/3709
f 5281/6951/3709 5275/6946/3703 5282/6952/3710
f 5275/6946/3703 5274/6945/3702 5282/6952/3710
f 5279/6949/3707 5280/6950/3708 5283/6953/3711
f 5283/6953/3711 5280/6950/3708 5284/6954/3712
f 5280/6950/3708 5281/6951/3709 5284/6954/3712
f 5284/6954/3712 5281/6951/3709 5285/6955/3713
f 5281/6951/3709 5282/6952/3710 5285/6955/3713
f 5283/6953/3711 5284/6954/3712 5286/6956/3714
f 5286/6956/3714 5284/6954/3712 5287/6957/3715
f 5284/6954/3712 5285/6955/3713 5287/6957/3715
f 5286/6956/3714 5287/6957/3715 5288/6958/3716
f 4809/6959/3279 5289/6960/3717 5290/6961/3718
f 4809/6959/3279 4806/6962/3277 5289/6960/3717
f 5290/6961/3718 4810/6963/3280 4809/6959/3279
f 5290/6961/3718 5018/6964/3507 4810/6963/3280
f 5290/6961/3718 5017/6965/208 5018/6964/3507
f 5290/6961/3718 5291/6966/3083 5017/6965/208
f 5292/6967/187 5291/6966/3083 5290/6961/3718
f 5292/6967/187 5290/6961/3718 5289/6960/3717
f 5293/6968/3084 5292/6967/187 5289/6960/3717
f 5293/6968/3084 5289/6960/3717 5294/6969/3719
f 4806/6962/3277 5294/6969/3719 5289/6960/3717
f 4806/6962/3277 4804/6970/3272 5294/6969/3719
f 4804/6970/3272 5295/6971/3720 5294/6969/3719
f 4804/6970/3272 4802/6972/3274 5295/6971/3720
f 5295/6971/3720 4802/6972/3274 4800/6973/3272
f 5295/6971/3720 4800/6973/3272 5296/6974/3721
f 5295/6971/3720 5296/6974/3721 5297/6975/3722
f 5296/6974/3721 4799/6976/3271 5297/6975/3722
f 5298/6977/3723 5297/6975/3722 4799/6976/3271
f 5298/6977/3723 4799/6976/3271 4797/6978/3269
f 5296/6974/3721 4800/6973/3272 4799/6976/3271
f 5295/6971/3720 5293/6968/3084 5294/6969/3719
f 5295/6971/3720 5299/6979/97 5293/6968/3084
f 5295/6971/3720 5297/6975/3722 5299/6979/97
f 5299/6979/97 5297/6975/3722 5298/6977/3723
f 5299/6979/97 5298/6977/3723 5300/6980/97
f 5301/6981/3724 5300/6980/97 5298/6977/3723
f 5301/6981/3724 5302/6982/3091 5300/6980/97
f 4797/6978/3269 5301/6981/3724 5298/6977/3723
f 4797/6978/3269 4795/6983/3267 5301/6981/3724
f 5301/6981/3724 4795/6983/3267 4793/6984/3265
f 5301/6981/3724 4793/6984/3265 5303/6985/3725
f 5301/6981/3724 5303/6985/3725 5302/6982/3091
f 5304/6986/3726 5302/6982/3091 5303/6985/3725
f 5304/6986/3726 5305/6987/920 5302/6982/3091
f 5306/6988/3727 5305/6987/920 5304/6986/3726
f 5306/6988/3727 5307/6989/3095 5305/6987/920
f 5007/6990/154 5307/6989/3095 5306/6988/3727
f 5007/6990/154 5306/6988/3727 5006/6991/3502
f 4787/6992/3259 5006/6991/3502 5306/6988/3727
f 4787/6992/3259 5306/6988/3727 4788/6993/3260
f 4788/6993/3260 5306/6988/3727 5304/6986/3726
f 4788/6993/3260 5304/6986/3726 4790/6994/3262
f 4790/6994/3262 5303/6985/3725 4793/6984/3265
f 4790/6994/3262 5304/6986/3726 5303/6985/3725
f 4192/5514/3728 4179/5500/3728 4180/6995/3728
f 4192/5514/3728 5232/6900/3728 4179/5500/3728
f 4192/5514/3728 4191/5513/3728 5232/6900/3728
f 5308/6996/3729 3773/6997/3730 3774/6998/1630
f 5308/6996/3729 5309/6999/3731 3773/6997/3730
f 5309/6999/3731 3775/7000/1706 3773/6997/3730
f 5309/6999/3731 5310/7001/3732 3775/7000/1706
f 5310/7001/3732 3743/7002/3733 3775/7000/1706
f 5310/7001/3732 5311/7003/3734 3743/7002/3733
f 5311/7003/3734 3741/7004/1334 3743/7002/3733
f 5311/7003/3734 5312/7005/3735 3741/7004/1334
f 5312/7005/3735 3744/7006/2335 3741/7004/1334
f 5312/7005/3735 3746/7007/2336 3744/7006/2335
f 4674/7008/3736 5023/7009/3510 5313/7010/3737
f 4674/7008/3736 5313/7010/3737 4673/7011/3736
f 4673/7011/3736 5313/7010/3737 5314/7012/3738
f 4673/7011/3736 5314/7012/3738 4428/7013/3739
f 5315/7014/3740 4428/7013/3739 5314/7012/3738
f 5315/7014/3740 3849/7015/3741 4428/7013/3739
f 5316/7016/3742 3849/7015/3741 5315/7014/3740
f 5316/7016/3742 3850/7017/1700 3849/7015/3741
f 5317/7018/3743 3850/7017/1700 5316/7016/3742
f 5317/7018/3743 3851/7019/1167 3850/7017/1700
f 5318/7020/3744 3851/7019/1167 5317/7018/3743
f 5318/7020/3744 3852/7021/2317 3851/7019/1167
f 5318/7020/3744 3853/7022/6 3852/7021/2317
f 5318/7020/3744 5319/7023/1601 3853/7022/6
f 5319/7023/1601 3854/7024/1262 3853/7022/6
f 5319/7023/1601 5320/7025/3745 3854/7024/1262
f 5320/7025/3745 3774/6998/1630 3854/7024/1262
f 5320/7025/3745 5308/6996/3729 3774/6998/1630
f 5321/7026/3746 4188/5510/3746 4189/5511/3746
f 5322/7027/3747 4075/7028/2061 4073/7029/2057
f 5322/7027/3747 5323/7030/3748 4075/7028/2061
f 4083/7031/2061 4075/7028/2061 5323/7030/3748
f 4083/7031/2061 5323/7030/3748 5324/7032/3749
f 4085/7033/2069 4083/7031/2061 5324/7032/3749
f 4070/7034/2057 3749/7035/2338 3748/7036/2337
f 4070/7034/2057 3748/7036/2337 5325/7037/3750
f 4074/7038/2057 4070/7034/2057 5325/7037/3750
f 4074/7038/2057 5325/7037/3750 5326/7039/3751
f 5326/7039/3751 4073/7029/2057 4074/7038/2057
f 5326/7039/3751 5322/7027/3747 4073/7029/2057
f 5326/7039/3751 5311/7040/3734 5322/7027/3747
f 5311/7040/3734 5323/7030/3748 5322/7027/3747
f 5311/7040/3734 5310/7041/3732 5323/7030/3748
f 5310/7041/3732 5324/7032/3749 5323/7030/3748
f 5310/7041/3732 5327/7042/3752 5324/7032/3749
f 4085/7033/2069 5324/7032/3749 5327/7042/3752
f 4085/7033/2069 5327/7042/3752 5328/7043/3753
f 4085/7033/2069 5328/7043/3753 4087/7044/1347
f 5329/7045/3754 4087/7044/1347 5328/7043/3753
f 5329/7045/3754 4089/7046/2256 4087/7044/1347
f 5330/7047/3755 4089/7046/2256 5329/7045/3754
f 5330/7047/3755 5329/7045/3754 5331/7048/3756
f 5326/7039/3751 5312/7049/3735 5311/7040/3734
f 5326/7039/3751 5325/7037/3750 5312/7049/3735
f 5325/7037/3750 3746/7050/2336 5312/7049/3735
f 5325/7037/3750 3748/7036/2337 3746/7050/2336
f 5327/7042/3752 5310/7041/3732 5309/7051/3731
f 5327/7042/3752 5309/7051/3731 5328/7043/3753
f 5308/7052/3729 5328/7043/3753 5309/7051/3731
f 5308/7052/3729 5329/7045/3754 5328/7043/3753
f 5320/7053/3745 5329/7045/3754 5308/7052/3729
f 5320/7053/3745 5331/7048/3756 5329/7045/3754
f 5319/7054/1601 5331/7048/3756 5320/7053/3745
f 5319/7054/1601 5332/7055/3757 5331/7048/3756
f 5333/7056/3758 5330/7047/3755 5331/7048/3756
f 5333/7056/3758 5331/7048/3756 5332/7055/3757
f 5333/7056/3758 5332/7055/3757 5334/7057/3759
f 5334/7057/3759 5332/7055/3757 5319/7054/1601
f 5334/7057/3759 5319/7054/1601 5318/7058/3744
f 5335/7059/3760 5334/7057/3759 5318/7058/3744
f 5335/7059/3760 5318/7058/3744 5317/7060/3743
f 5336/7061/3761 5335/7059/3760 5317/7060/3743
f 5336/7061/3761 5317/7060/3743 5316/7062/3742
f 5337/7063/3762 5336/7061/3761 5316/7062/3742
f 5337/7063/3762 5316/7062/3742 5315/7064/3740
f 5338/7065/3763 5337/7063/3762 5315/7064/3740
f 5338/7065/3763 5315/7064/3740 5314/7066/3738
f 5339/7067/3764 5338/7065/3763 5314/7066/3738
f 5339/7067/3764 5314/7066/3738 5313/7068/3737
f 5339/7067/3764 5313/7068/3737 5340/7069/3765
f 5340/7069/3765 5313/7068/3737 5023/7070/3510
f 5340/7069/3765 5023/7070/3510 5024/7071/3511
f 4155/7072/2042 5340/7069/3765 5024/7071/3511
f 4155/7072/2042 5024/7071/3511 4154/7073/2645
f 4156/7074/2046 5340/7069/3765 4155/7072/2042
f 4156/7074/2046 5339/7067/3764 5340/7069/3765
f 5338/7065/3763 5339/7067/3764 4156/7074/2046
f 5338/7065/3763 4156/7074/2046 4133/7075/2042
f 5333/7056/3758 5334/7057/3759 4105/7076/2204
f 5335/7059/3760 4105/7076/2204 5334/7057/3759
f 5335/7059/3760 4106/7077/2608 4105/7076/2204
f 5335/7059/3760 4131/7078/1349 4106/7077/2608
f 5335/7059/3760 5336/7061/3761 4131/7078/1349
f 4131/7078/1349 5336/7061/3761 5337/7063/3762
f 4131/7078/1349 5337/7063/3762 4132/7079/2630
f 5337/7063/3762 4133/7075/2630 4132/7079/2630
f 5337/7063/3762 5338/7065/3763 4133/7075/2630
f 4220/7080/4 4182/5503/4 4221/7081/4
f 4220/7080/4 4183/5504/4 4182/5503/4
f 4220/7080/4 4215/7082/4 4183/5504/4
f 4220/7080/4 4218/7083/4 4215/7082/4
f 5341/7084/3766 4698/7085/3767 4697/7086/3767
f 5341/7084/3766 4697/7086/3767 5342/7087/3768
f 5342/7087/3768 5343/7088/3769 5341/7084/3766
f 5342/7087/3768 5344/7089/1317 5343/7088/3769
f 5344/7089/1317 4180/6600/3769 5343/7088/3769
f 5344/7089/1317 4747/6333/1317 4180/6600/3769
f 1061/7090/710 1058/7091/3770 1059/7092/710
f 1061/7090/710 5345/7093/3771 1058/7091/3770
f 5345/7093/3771 1055/7094/3772 1058/7091/3770
f 5345/7093/3771 1054/7095/3773 1055/7094/3772
f 1052/7096/3772 1054/7095/3773 5345/7093/3771
f 1052/7096/3772 1053/7097/3773 1054/7095/3773
f 1062/7098/3774 5345/7093/3771 1061/7090/710
f 1073/7099/3775 1070/7100/3776 1072/7101/3776
f 1073/7099/3775 5345/7093/3771 1070/7100/3776
f 1073/7099/3775 1656/7102/3775 5345/7093/3771
f 1656/7102/3775 1657/7103/1003 5345/7093/3771
f 1657/7103/1003 1658/7104/1004 5345/7093/3771
f 1658/7104/1004 1659/7105/1005 5345/7093/3771
f 1659/7105/1005 1660/7106/3772 5345/7093/3771
f 1660/7106/3772 1052/7096/3772 5345/7093/3771
f 1070/7100/3776 5345/7093/3771 1067/7107/3775
f 1066/7108/3777 1067/7107/3775 5345/7093/3771
f 1066/7108/3777 5345/7093/3771 1062/7098/3774
f 1066/7108/3777 1062/7098/3774 1064/7109/3774
f 3798/7110/2381 5346/7111/3778 3797/7112/2380
f 3798/7110/2381 3867/7113/2437 5346/7111/3778
f 3867/7113/2437 5347/7114/3779 5346/7111/3778
f 3867/7113/2437 3869/7115/2439 5347/7114/3779
f 3869/7115/2439 5348/7116/2335 5347/7114/3780
f 3869/7115/2439 3871/7117/1262 5348/7116/2335
f 3879/7118/2447 5348/7116/2335 3871/7117/1262
f 3879/7118/2447 5349/7119/3781 5348/7116/2335
f 3881/7120/2449 5349/7119/3781 3879/7118/2447
f 3881/7120/2449 5350/7121/3782 5349/7119/3781
f 5350/7121/3782 3881/7120/2449 3883/7122/2451
f 5350/7121/3782 3883/7122/2451 5351/7123/3783
f 3885/7124/2453 5351/7123/3783 3883/7122/2451
f 3885/7124/2453 5352/7125/3784 5351/7123/3783
f 4226/5552/3785 4187/5509/3785 4188/5510/3785
f 5353/7126/3786 5354/7127/3786 5087/7128/3786
f 5353/7126/3786 5087/7128/3786 5088/7129/3786
f 5355/7130/3787 5353/7126/3786 5088/7129/3786
f 5355/7130/3787 5088/7129/3786 5089/7131/3786
f 5356/7132/3788 5355/7130/3787 5089/7131/3786
f 5356/7132/3788 5089/7131/3786 5090/7133/3789
f 5357/7134/3790 5356/7132/3788 5090/7133/3789
f 5357/7134/3790 5090/7133/3789 5091/7135/3791
f 5092/7136/3792 5357/7134/3790 5091/7135/3791
f 5092/7136/3792 5358/7137/3792 5357/7134/3790
f 5093/7138/3793 5358/7137/3792 5092/7136/3792
f 5093/7138/3793 5359/7139/3794 5358/7137/3792
f 5094/7140/3795 5359/7139/3794 5093/7138/3793
f 5094/7140/3795 5360/7141/3795 5359/7139/3794
f 5095/7142/3796 5360/7141/3795 5094/7140/3795
f 5095/7142/3796 5361/7143/3797 5360/7141/3795
f 5321/7144/4 5019/4956/4 3740/4958/4
f 5321/7144/4 5362/7145/4 5019/4956/4
f 5321/7144/4 5363/7146/4 5362/7145/4
f 5363/7146/4 4181/5502/4 5362/7145/4
f 5363/7146/4 4184/5505/4 4181/5502/4
f 5363/7146/4 4185/7147/4 4184/5505/4
f 5363/7146/4 4189/7148/4 4185/7147/4
f 5321/7144/4 4189/7148/4 5363/7146/4
f 5364/7149/3798 5361/7150/3799 5095/6724/3800
f 5364/7149/3798 5095/6724/3800 5096/6725/3801
f 5097/6726/3802 5364/7149/3798 5096/6725/3801
f 5097/6726/3802 5365/7151/3803 5364/7149/3798
f 5098/6727/3804 5365/7151/3803 5097/6726/3802
f 5098/6727/3804 5366/7152/3804 5365/7151/3803
f 5059/6688/3805 5366/7152/3804 5098/6727/3804
f 5059/6688/3805 5367/7153/3806 5366/7152/3804
f 5058/6687/3807 5367/7153/3806 5059/6688/3805
f 5058/6687/3807 5368/7154/3807 5367/7153/3806
f 5369/7155/3808 5368/7154/3807 5058/6687/3807
f 5369/7155/3808 5058/6687/3807 5062/6691/3809
f 5064/6693/3810 5369/7155/3808 5062/6691/3809
f 5064/6693/3810 5370/7156/3810 5369/7155/3808
f 4226/5552/1988 3845/7157/3811 4228/5554/3812
f 4226/5552/1988 3740/7158/3813 3845/7157/3811
f 4226/5552/1988 5321/7026/1988 3740/7158/3813
f 4226/5552/1988 4188/5510/1988 5321/7026/1988
f 4211/5534/3814 3782/7159/3815 3785/5537/3815
f 4211/5534/3814 3781/7160/3816 3782/7159/3815
f 3779/7161/3815 3781/7160/3816 4211/5534/3814
f 3779/7161/3815 4211/5534/3814 4209/5532/2503
f 3771/7162/3817 3779/7161/3815 4209/5532/2503
f 3771/7162/3817 4209/5532/2503 4207/5530/3818
f 3768/7163/2499 3771/7162/3817 4207/5530/3818
f 3768/7163/2499 4207/5530/3818 4205/5528/2499
f 3766/7164/1638 3768/7163/2499 4205/5528/2499
f 3766/7164/1638 4205/5528/2499 4203/5526/3819
f 3766/7164/1638 4203/5526/3819 4201/5524/3820
f 3766/7164/1638 4201/5524/3820 3841/7165/3820
f 4200/5523/3821 3841/7165/3820 4201/5524/3820
f 4200/5523/3821 3843/7166/3821 3841/7165/3820
f 3843/7166/3821 4200/5523/3821 4199/5522/3821
f 3843/7166/3821 4199/5522/3821 3847/7167/3821
f 4228/5554/3812 3847/7167/3821 4199/5522/3821
f 4228/5554/3812 3845/7157/3811 3847/7167/3821
f 4951/6556/3449 5371/7168/3822 4952/4634/3448
f 4956/6560/3453 5371/7168/3822 4951/6556/3449
f 4956/6560/3453 5372/7169/3823 5371/7168/3822
f 4954/6558/3451 5372/7169/3823 4956/6560/3453
f 4954/6558/3451 5373/4643/3824 5372/7169/3823
f 5374/7170/3825 5373/4643/3824 4954/6558/3451
f 5374/7170/3825 5375/7171/3826 5373/4643/3824
f 5376/7172/3827 5375/7171/3826 5374/7170/3825
f 5376/7172/3827 5377/4646/3828 5375/7171/3826
f 5378/7173/3829 5377/4646/3828 5376/7172/3827
f 5378/7173/3829 5379/7174/3830 5377/4646/3828
f 5380/7175/3831 5379/7174/3830 5378/7173/3829
f 5380/7175/3831 5381/4650/3255 5379/7174/3830
f 5380/7175/3831 5382/7176/3832 5381/4650/3255
f 5380/7175/3831 5383/7177/3833 5382/7176/3832
f 5383/7177/3833 5384/7178/3834 5382/7176/3832
f 5383/7177/3833 5385/7179/3835 5384/7178/3834
f 5385/7179/3835 5386/7180/3836 5384/7178/3834
f 4829/6430/3303 4852/6453/3326 5387/7181/3837
f 4830/6431/3304 4829/6430/3303 5387/7181/3837
f 4830/6431/3304 5387/7181/3837 5388/7182/3838
f 4987/6591/3483 4830/6431/3304 5388/7182/3838
f 4987/6591/3483 5388/7182/3838 5389/7183/3839
f 4986/6590/3482 4987/6591/3483 5389/7183/3839
f 4986/6590/3482 5389/7183/3839 5385/7179/3835
f 4985/6589/3481 4986/6590/3482 5385/7179/3835
f 4985/6589/3481 5385/7179/3835 5383/7177/3833
f 4974/6578/3470 4985/6589/3481 5383/7177/3833
f 4974/6578/3470 5383/7177/3833 5380/7175/3831
f 4974/6578/3470 5380/7175/3831 5378/7173/3829
f 4974/6578/3470 5378/7173/3829 4972/6576/3469
f 4972/6576/3469 5378/7173/3829 5376/7172/3827
f 4972/6576/3469 5376/7172/3827 4970/6574/3467
f 4970/6574/3467 5376/7172/3827 5374/7170/3825
f 4970/6574/3467 5374/7170/3825 4953/6557/3450
f 4953/6557/3450 5374/7170/3825 4954/6558/3451
f 5385/7179/3835 5389/7183/3839 5386/7180/3836
f 5389/7183/3839 5390/4877/3840 5386/7180/3836
f 5389/7183/3839 5388/7182/3838 5390/4877/3840
f 5388/7182/3838 5391/7184/3841 5390/4877/3840
f 5388/7182/3838 5387/7181/3837 5391/7184/3841
f 5387/7181/3837 5392/4868/3842 5391/7184/3841
f 5387/7181/3837 4852/6453/3326 5392/4868/3842
f 4852/6453/3326 4738/4846/3843 5392/4868/3842
f 4852/6453/3326 4739/4848/3843 4738/4846/3843
f 4851/6452/3325 4739/4848/3843 4852/6453/3326
f 4851/6452/3325 4740/4849/3844 4739/4848/3843
f 4850/6451/3324 4740/4849/3844 4851/6452/3325
f 4850/6451/3324 4741/4850/3845 4740/4849/3844
f 4849/6450/3323 4741/4850/3845 4850/6451/3324
f 4849/6450/3323 4742/4851/3846 4741/4850/3845
f 4848/6449/3322 4742/4851/3846 4849/6450/3323
f 4848/6449/3322 4743/4852/3328 4742/4851/3846
f 4847/6448/3321 4743/4852/3328 4848/6449/3322
f 4178/5499/1625 4174/5494/1625 4176/5496/1625
f 4178/5499/1625 5233/6901/1625 4174/5494/1625
f 5232/6900/1625 5233/6901/1625 4178/5499/1625
f 5232/6900/1625 4178/5499/1625 4179/5500/1625
f 4058/5373/2580 4066/5381/2589 4022/5329/2554
f 4064/5379/2587 4022/5329/2554 4066/5381/2589
f 4064/5379/2587 4020/5327/2552 4022/5329/2554
f 4020/5327/2552 4064/5379/2587 4062/5377/2585
f 4020/5327/2552 4062/5377/2585 4023/5330/2555
f 4023/5330/2555 4062/5377/2585 4059/5374/2582
f 4023/5330/2555 4059/5374/2582 4025/5332/2557
f 4025/5332/2557 4059/5374/2582 5393/7185/3847
f 4025/5332/2557 5393/7185/3847 4027/5334/2559
f 4027/5334/2559 5393/7185/3847 5394/7186/3848
f 4027/5334/2559 5394/7186/3848 4029/5336/2561
f 4029/5336/2561 5394/7186/3848 5395/7187/3849
f 4029/5336/2561 5395/7187/3849 4031/5338/2563
f 4031/5338/2563 5395/7187/3849 3982/5283/2520
f 4031/5338/2563 3982/5283/2520 4033/5340/2565
f 4033/5340/2565 3982/5283/2520 3984/5285/2522
f 4033/5340/2565 3984/5285/2522 4016/5317/2182
f 4016/5317/2182 3984/5285/2522 3996/5297/2533
f 3974/5275/2512 3992/5293/2529 3975/5276/2513
f 3992/5293/2529 5396/7188/3850 3975/5276/2513
f 3992/5293/2529 3990/5291/2527 5396/7188/3850
f 3990/5291/2527 5397/7189/3851 5396/7188/3850
f 3990/5291/2527 3988/5289/2525 5397/7189/3851
f 3988/5289/2525 5398/6061/3852 5397/7189/3851
f 3988/5289/2525 3986/5287/2523 5398/6061/3852
f 5399/7190/3853 5398/6061/3852 3986/5287/2523
f 3983/5284/2521 5399/7190/3853 3986/5287/2523
f 5400/7191/3854 5399/7190/3853 3983/5284/2521
f 3982/5283/2520 5400/7191/3854 3983/5284/2521
f 5395/7187/3849 5400/7191/3854 3982/5283/2520
f 5395/7187/3849 5401/7192/3855 5400/7191/3854
f 5394/7186/3848 5401/7192/3855 5395/7187/3849
f 5394/7186/3848 5402/7193/3856 5401/7192/3855
f 5393/7185/3847 5402/7193/3856 5394/7186/3848
f 5393/7185/3847 4061/5376/2584 5402/7193/3856
f 4059/5374/2582 4061/5376/2584 5393/7185/3847
f 5399/7190/3853 5403/7194/3857 5398/6061/3852
f 5404/7195/3858 5403/7194/3857 5399/7190/3853
f 5400/7191/3854 5404/7195/3858 5399/7190/3853
f 5401/7192/3855 5404/7195/3858 5400/7191/3854
f 5401/7192/3855 5405/7196/3859 5404/7195/3858
f 5402/7193/3856 5405/7196/3859 5401/7192/3855
f 5402/7193/3856 5406/7197/3860 5405/7196/3859
f 4061/5376/2584 5406/7197/3860 5402/7193/3856
f 4061/5376/2584 5407/7198/3861 5406/7197/3860
f 4060/5375/2583 5407/7198/3861 4061/5376/2584
f 4060/5375/2583 5408/7199/3862 5407/7198/3861
f 4063/5378/2586 5408/7199/3862 4060/5375/2583
f 4063/5378/2586 5409/7200/3863 5408/7199/3862
f 4065/5380/2588 5409/7200/3863 4063/5378/2586
f 4065/5380/2588 5410/7201/3864 5409/7200/3863
f 4065/5380/2588 4067/5382/2590 5410/7201/3864
f 5410/7201/3864 4067/5382/2590 4107/5423/2609
f 4067/5382/2590 4080/5396/2597 4107/5423/2609
f 4107/5423/2609 4108/5424/2610 5411/6023/3865
f 5410/7201/3864 4107/5423/2609 5411/6023/3865
f 5410/7201/3864 5411/6023/3865 5409/7200/3863
f 5409/7200/3863 5411/6023/3865 5412/7202/3866
f 5409/7200/3863 5412/7202/3866 5408/7199/3862
f 5408/7199/3862 5412/7202/3866 5413/6021/1401
f 5408/7199/3862 5413/6021/1401 5407/7198/3861
f 5407/7198/3861 5413/6021/1401 5414/6020/3867
f 5407/7198/3861 5414/6020/3867 5406/7197/3860
f 5406/7197/3860 5414/6020/3867 5415/6040/3868
f 5406/7197/3860 5415/6040/3868 5405/7196/3859
f 5405/7196/3859 5415/6040/3868 5416/6063/3869
f 5405/7196/3859 5416/6063/3869 5404/7195/3858
f 5404/7195/3858 5416/6063/3869 5403/7194/3857
f 5417/7203/1538 4718/6297/1538 4725/6296/1538
f 5417/7203/1538 4717/7204/1538 4718/6297/1538
f 4697/6206/3870 4717/7204/1538 5417/7203/1538
f 4697/6206/3870 4699/6208/3870 4717/7204/1538
f 5418/7205/3871 4607/6065/3010 4616/6081/3027
f 5418/7205/3871 4616/6081/3027 4625/6090/3035
f 5419/7206/3872 5418/7205/3871 4625/6090/3035
f 5419/7206/3872 4625/6090/3035 4626/6091/3039
f 5420/7207/3873 5419/7206/3872 4626/6091/3039
f 5420/7207/3873 4626/6091/3039 4629/6094/3042
f 5421/7208/3874 5420/7207/3873 4629/6094/3042
f 5421/7208/3874 4629/6094/3042 4633/6098/3047
f 5422/7209/3875 5421/7208/3874 4633/6098/3047
f 5422/7209/3875 4633/6098/3047 4642/6107/3056
f 5423/7210/3876 5422/7209/3875 4642/6107/3056
f 5423/7210/3876 4642/6107/3056 4644/6109/3058
f 5424/7211/3877 5423/7210/3876 4644/6109/3058
f 5424/7211/3877 4644/6109/3058 4536/5971/2911
f 4536/5971/2911 4644/6109/3058 4645/6110/3059
f 4536/5971/2911 4645/6110/3059 4535/5969/2909
f 4535/5969/2909 4645/6110/3059 4523/5948/2888
f 4535/5969/2909 4523/5948/2888 4522/5947/2887
f 4378/7212/3878 4536/5971/2911 4379/5970/2910
f 4378/7212/3878 5424/7211/3877 4536/5971/2911
f 4377/5217/3879 5424/7211/3877 4378/7212/3878
f 4377/5217/3879 4409/5224/3880 5424/7211/3877
f 4409/5224/3880 5423/7210/3876 5424/7211/3877
f 4409/5224/3880 4408/7213/3881 5423/7210/3876
f 4408/7213/3881 5422/7209/3875 5423/7210/3876
f 4408/7213/3881 4407/7214/3882 5422/7209/3875
f 4407/7214/3882 5421/7208/3874 5422/7209/3875
f 4407/7214/3882 4406/7215/3883 5421/7208/3874
f 4406/7215/3883 5420/7207/3873 5421/7208/3874
f 4406/7215/3883 4405/7216/3884 5420/7207/3873
f 4405/7216/3884 5419/7206/3872 5420/7207/3873
f 4405/7216/3884 4417/7217/3885 5419/7206/3872
f 4417/7217/3885 5418/7205/3871 5419/7206/3872
f 4417/7217/3885 4416/7218/3886 5418/7205/3871
f 4416/7218/3886 4607/6065/3010 5418/7205/3871
f 4416/7218/3886 4415/6066/3011 4607/6065/3010
f 4723/6293/3887 5235/6903/3887 5425/7219/3887
f 4723/6293/3887 5425/7219/3887 5426/7220/3887
f 5427/7221/3887 5426/7220/3887 5425/7219/3887
f 5427/7221/3887 5425/7219/3887 3971/7222/3887
f 5428/7223/3678 5427/7221/3887 3971/7222/3887
f 5428/7223/3678 3971/7222/3887 5429/7224/3678
f 5430/7225/3888 5428/7223/3678 5429/7224/3678
f 5430/7225/3888 5429/7224/3678 5431/7226/3678
f 5432/7227/2677 5430/7225/3888 5431/7226/3678
f 5432/7227/2677 5431/7226/3678 5433/7228/2677
f 5434/7229/3889 5432/7227/2677 5433/7228/2677
f 5434/7229/3889 5433/7228/2677 5435/7230/2677
f 5434/7229/3889 5435/7230/2677 5398/7231/2677
f 5434/7229/3889 5398/7231/2677 5436/7232/3678
f 5347/7233/3889 5436/7232/3678 5398/7231/2677
f 5347/7233/3889 5398/7231/2677 5437/7234/3889
f 5438/7235/3678 5347/7233/3889 5437/7234/3889
f 5438/7235/3678 5346/7236/3889 5347/7233/3889
f 5439/7237/3678 5346/7236/3889 5438/7235/3678
f 5439/7237/3678 3797/7238/3678 5346/7236/3889
f 5440/7239/3678 3797/7238/3678 5439/7237/3678
f 5440/7239/3678 3795/7240/3890 3797/7238/3678
f 5441/7241/3891 3795/7240/3890 5440/7239/3678
f 5441/7241/3891 3793/7242/3892 3795/7240/3890
f 5442/7243/3893 3793/7242/3892 5441/7241/3891
f 5442/7243/3893 3791/7244/3894 3793/7242/3892
f 5442/7243/3893 3784/5538/3892 3791/7244/3894
f 5442/7243/3893 4214/5539/3892 3784/5538/3892
f 4238/5564/3895 4235/5563/36 4236/5562/3896
f 4238/5564/3895 4243/5567/3896 4235/5563/36
f 4238/5564/3895 4241/5566/3897 4243/5567/3896
f 4238/5564/3895 4239/5565/36 4241/5566/3897
f 4113/5429/2614 4114/5430/2615 5443/5973/3898
f 5443/5973/3898 4114/5430/2615 5444/7245/3899
f 5444/7245/3899 4114/5430/2615 4118/5434/2617
f 5444/7245/3899 4118/5434/2617 5445/7246/2671
f 5445/7246/2671 4118/5434/2617 4121/5437/2621
f 5445/7246/2671 4121/5437/2621 5446/7247/3900
f 5446/7247/3900 4121/5437/2621 4129/5445/2628
f 4229/5978/3901 5446/7247/3900 4129/5445/2628
f 4229/5978/3901 4129/5445/2628 4227/5980/3902
f 4227/5980/3902 4129/5445/2628 4130/5446/2629
f 4227/5980/3902 4130/5446/2629 4225/5982/3903
f 4225/5982/3903 4130/5446/2629 4126/5442/2625
f 4225/5982/3903 4126/5442/2625 4224/7248/3904
f 4224/7248/3904 4126/5442/2625 4127/5443/2626
f 4224/7248/3904 4127/5443/2626 4223/7249/3905
f 4223/7249/3905 4127/5443/2626 4128/5444/2627
f 4223/7249/3905 4128/5444/2627 4140/5456/2636
f 5443/5973/3898 5444/7245/3899 5447/5974/3898
f 5447/5974/3898 5444/7245/3899 5445/7246/2671
f 5447/5974/3898 5445/7246/2671 5448/5976/3906
f 5448/5976/3906 5445/7246/2671 5446/7247/3900
f 5448/5976/3906 5446/7247/3900 4229/5978/3901
f 5087/6716/3907 5354/7250/3908 5449/7251/3909
f 5087/6716/3907 5449/7251/3909 5086/6715/3910
f 5449/7251/3909 5085/6714/3911 5086/6715/3910
f 5449/7251/3909 5450/7252/3911 5085/6714/3911
f 5450/7252/3911 5084/6713/3912 5085/6714/3911
f 5450/7252/3911 5451/7253/3913 5084/6713/3912
f 5451/7253/3913 5083/6712/3914 5084/6713/3912
f 5451/7253/3913 5452/7254/3914 5083/6712/3914
f 5452/7254/3914 5082/6711/3915 5083/6712/3914
f 5452/7254/3914 5453/7255/3915 5082/6711/3915
f 5082/6711/3915 5453/7255/3915 5454/7256/3916
f 5082/6711/3915 5454/7256/3916 5080/6709/3917
f 5454/7256/3916 5081/6710/3918 5080/6709/3917
f 5454/7256/3916 5455/7257/3918 5081/6710/3918
f 4249/5583/95 4254/7258/95 4256/5581/95
f 5352/7259/3784 3885/7260/2453 3902/7261/2464
f 5352/7259/3784 3902/7261/2464 5456/7262/3919
f 5456/7262/3919 3902/7261/2464 3903/7263/2465
f 5456/7262/3919 3903/7263/2465 5457/7264/3920
f 5457/7264/3920 3903/7263/2465 3904/7265/3921
f 5457/7264/3920 3904/7265/3921 5219/6865/3922
f 3905/7266/3923 5219/6865/3922 3904/7265/3921
f 3905/7266/3923 5217/6863/3924 5219/6865/3922
f 3905/7266/3923 5458/7267/3923 5217/6863/3924
f 3906/7268/3925 5458/7267/3923 3905/7266/3923
f 3906/7268/3925 4725/7269/3925 5458/7267/3923
f 4249/5583/3926 4248/7270/3926 4254/7258/3926
f 3758/4978/3927 3757/4977/3927 3763/4983/2264
f 3758/4978/3927 3763/4983/2264 3916/7271/2264
f 3752/4972/2209 3916/7271/2264 3763/4983/2264
f 3752/4972/2209 3915/7272/2209 3916/7271/2264
f 3752/4972/2209 4747/6333/2209 3915/7272/2209
f 3914/7273/3928 3915/7272/2209 4747/6333/2209
f 3914/7273/3928 4747/6333/2209 5344/7089/3929
f 3907/7274/3930 3914/7273/3928 5344/7089/3929
f 3907/7274/3930 5344/7089/3929 5342/7087/3930
f 3907/7274/3930 5342/7087/3930 4697/7086/2235
f 4697/7086/2235 3906/7268/2235 3907/7274/3930
f 4697/7086/2235 5417/7275/2235 3906/7268/2235
f 3906/7268/2235 5417/7275/2235 4725/7269/3931
f 4725/7269/3932 5459/7276/3932 5460/7277/3767
f 4725/7269/3932 5460/7277/3767 5458/7267/3767
f 5460/7277/3767 5217/6863/3933 5458/7267/3767
f 5460/7277/3767 5218/6864/3934 5217/6863/3933
f 4267/5612/40 4265/5591/40 4281/5615/40
f 4089/5405/2256 5330/7278/3755 4091/5407/1625
f 5330/7278/3755 4099/5415/1625 4091/5407/1625
f 5330/7278/3755 5333/7279/3758 4099/5415/1625
f 4099/5415/1625 5333/7279/3758 4105/5421/2204
f 3141/7280/1774 5461/7281/1774 5462/7282/3935
f 3141/7280/1774 5462/7282/3935 3140/7283/3936
f 3140/7283/3936 5462/7282/3935 5463/7284/3937
f 3140/7283/3936 5463/7284/3937 3142/7285/3937
f 5464/7286/3936 3142/7285/3937 5463/7284/3937
f 5464/7286/3936 3143/7287/3936 3142/7285/3937
f 3143/7287/3936 5464/7286/3936 5465/7288/3938
f 3143/7287/3936 5465/7288/3938 3144/7289/3938
f 3145/7290/3939 3144/7289/3938 5465/7288/3938
f 3145/7290/3939 5465/7288/3938 5466/7291/3939
f 5466/7291/3939 3146/7292/3940 3145/7290/3939
f 4267/5612/3941 4264/5590/3941 4265/5591/3941
f 5466/7293/3942 3066/4135/3943 3146/4219/3944
f 5466/7293/3942 3060/4129/3945 3066/4135/3943
f 5465/7294/3946 3060/4129/3945 5466/7293/3942
f 5465/7294/3946 3061/4130/3947 3060/4129/3945
f 5464/7295/3948 3061/4130/3947 5465/7294/3946
f 5464/7295/3948 3063/4132/3949 3061/4130/3947
f 5464/7295/3948 3064/4133/3950 3063/4132/3949
f 5464/7295/3948 5463/7296/1762 3064/4133/3950
f 5463/7296/1762 3070/4139/3950 3064/4133/3950
f 5463/7296/1762 5462/7297/3951 3070/4139/3950
f 5462/7297/3951 3072/4141/1762 3070/4139/3950
f 5462/7297/3952 5461/7298/3952 3072/4141/3952
f 5467/7299/3953 4288/5624/3954 4285/5621/3954
f 5467/7299/3953 4290/5626/3955 4288/5624/3954
f 5468/7300/3956 4290/5626/3955 5467/7299/3953
f 5468/7300/3956 4292/5628/3957 4290/5626/3955
f 5469/7301/166 4292/5628/3957 5468/7300/3956
f 5469/7301/166 4294/5630/166 4292/5628/3957
f 5470/7302/3958 4294/5630/166 5469/7301/166
f 5470/7302/3958 4295/5631/3959 4294/5630/166
f 5470/7302/3958 4247/5569/3960 4295/5631/3959
f 5470/7302/3958 4245/5568/3961 4247/5569/3960
f 5224/6873/3962 5173/6808/3963 5172/6807/3964
f 5224/6873/3962 5203/6838/3965 5173/6808/3963
f 5223/6871/3966 5203/6838/3965 5224/6873/3962
f 5223/6871/3966 5201/6836/3967 5203/6838/3965
f 5223/6871/3966 5199/6834/3968 5201/6836/3967
f 5223/6871/3966 5222/6868/3969 5199/6834/3968
f 5222/6868/3969 5196/6831/3970 5199/6834/3968
f 5222/6868/3969 5229/6887/3970 5196/6831/3970
f 5197/6832/301 5196/6831/3970 5229/6887/3970
f 5197/6832/301 5229/6887/3970 5221/6867/3970
f 5471/7303/52 4285/5621/52 4287/5623/52
f 5471/7303/52 5467/7299/3971 4285/5621/52
f 5467/7299/3971 5471/7303/52 5472/7304/3972
f 5467/7299/3971 5472/7304/3972 5468/7300/3973
f 5468/7300/3973 5472/7304/3972 5473/7305/3974
f 5468/7300/3973 5473/7305/3974 5469/7301/3975
f 5470/7302/3976 5469/7301/3975 5473/7305/3974
f 5470/7302/3976 5473/7305/3974 5474/7306/3976
f 5474/7306/3976 4245/5568/3977 5470/7302/3976
f 5474/7306/3976 4231/5559/3977 4245/5568/3977
f 3054/4123/3978 5194/6829/3978 5193/6828/3978
f 4271/7307/3979 5473/7305/166 4273/7308/166
f 4271/7307/3979 5474/7306/3980 5473/7305/166
f 5474/7306/3980 4271/7307/3979 4232/5560/3981
f 5474/7306/3980 4232/5560/3981 4231/5559/3982
f 4246/5569/3983 4249/5572/3984 4255/7309/3959
f 4246/5569/3983 4255/7309/3959 4296/5632/3958
f 4258/7310/3985 4296/5632/3958 4255/7309/3959
f 4258/7310/3985 4293/5629/3985 4296/5632/3958
f 4260/7311/3957 4293/5629/3985 4258/7310/3985
f 4260/7311/3957 4291/5627/3956 4293/5629/3985
f 4262/7312/3955 4291/5627/3956 4260/7311/3957
f 4262/7312/3955 4289/5625/3986 4291/5627/3956
f 4262/7312/3955 4286/5622/3987 4289/5625/3986
f 4262/7312/3955 4264/5593/3987 4286/5622/3987
f 4268/5595/3988 4286/5622/3987 4264/5593/3987
f 4268/5595/3988 4287/5623/3989 4286/5622/3987
f 4287/5623/3989 4268/5595/3988 4277/7313/3990
f 4287/5623/3989 4277/7313/3990 5471/7303/3991
f 4275/7314/3992 5471/7303/3991 4277/7313/3990
f 4275/7314/3992 5472/7304/3992 5471/7303/3991
f 5472/7304/3992 4275/7314/3992 4273/7308/166
f 5472/7304/3992 4273/7308/166 5473/7305/166
f 652/7099/3993 5475/7093/3994 922/7102/3995
f 654/7100/3996 652/7099/3993 651/7101/3997
f 654/7100/3996 5475/7093/3994 652/7099/3993
f 654/7100/3996 656/7107/3993 5475/7093/3994
f 659/7108/3998 5475/7093/3994 656/7107/3993
f 662/7098/527 5475/7093/3994 659/7108/3998
f 662/7098/527 665/7090/527 5475/7093/3994
f 662/7098/527 659/7108/3998 660/7109/3999
f 922/7102/3995 5475/7093/3994 924/7103/678
f 924/7103/678 5475/7093/3994 926/7104/680
f 926/7104/680 5475/7093/3994 929/7105/681
f 929/7105/681 5475/7093/3994 837/7106/4000
f 837/7106/4000 5475/7093/3994 650/7096/4000
f 650/7096/4000 5475/7093/3994 648/7095/4001
f 650/7096/4000 648/7095/4001 649/7097/4002
f 5475/7093/3994 645/7094/4000 648/7095/4001
f 5475/7093/3994 668/7091/4003 645/7094/4000
f 665/7090/527 668/7091/4003 5475/7093/3994
f 665/7090/527 667/7092/4004 668/7091/4003
f 684/6231/4005 5476/6227/4006 878/6234/4005
f 686/6232/4007 684/6231/4005 683/6233/4008
f 686/6232/4007 5476/6227/4006 684/6231/4005
f 686/6232/4007 688/6241/4009 5476/6227/4006
f 691/6242/552 5476/6227/4006 688/6241/4009
f 694/6230/553 5476/6227/4006 691/6242/552
f 694/6230/553 697/6224/553 5476/6227/4006
f 694/6230/553 691/6242/552 692/6243/553
f 878/6234/4005 5476/6227/4006 879/6235/551
f 879/6235/551 5476/6227/4006 880/6236/4006
f 880/6236/4006 5476/6227/4006 881/6237/538
f 881/6237/538 5476/6227/4006 882/6238/4010
f 882/6238/4010 5476/6227/4006 682/6239/4010
f 682/6239/4010 5476/6227/4006 680/6229/4011
f 682/6239/4010 680/6229/4011 681/6240/4012
f 5476/6227/4006 677/6228/4013 680/6229/4011
f 5476/6227/4006 700/6225/556 677/6228/4013
f 697/6224/553 700/6225/556 5476/6227/4006
f 697/6224/553 699/6226/4014 700/6225/556
f 5377/7315/1044 1712/7316/1044 1713/7317/1046
f 5377/7315/1044 1713/7317/1046 5375/7318/4015
f 5375/7318/4015 1713/7317/1046 1714/7319/1047
f 5375/7318/4015 1714/7319/1047 5373/7320/4016
f 5373/7320/4016 1714/7319/1047 1715/7321/1048
f 5373/7320/4016 1715/7321/1048 5372/7322/1048
f 5372/7322/1048 1715/7321/1048 1716/7323/1049
f 5372/7322/1048 1716/7323/1049 5371/7324/1049
f 1716/7323/1049 4952/7325/1050 5371/7324/1049
f 1716/7323/1049 1717/7326/1050 4952/7325/1050
f 4738/6316/1051 1718/7327/1051 1719/7328/1052
f 4738/6316/1051 1719/7328/1052 5392/7329/1052
f 1719/7328/1052 5391/7330/4017 5392/7329/1052
f 1719/7328/1052 1720/7331/1053 5391/7330/4017
f 1720/7331/1053 5390/7332/1055 5391/7330/4017
f 1720/7331/1053 1721/7333/1055 5390/7332/1055
f 1721/7333/1055 5386/7334/4018 5390/7332/1055
f 1721/7333/1055 1722/7335/1057 5386/7334/4018
f 1722/7335/1057 5384/7336/4019 5386/7334/4018
f 1722/7335/1057 1723/7337/1058 5384/7336/4019
f 1723/7337/1058 5382/7338/4020 5384/7336/4019
f 1723/7337/1058 1724/7339/1060 5382/7338/4020
f 1724/7339/1060 5381/7340/1061 5382/7338/4020
f 1724/7339/1060 1725/7341/1061 5381/7340/1061
f 1725/7341/1061 5379/7342/4021 5381/7340/1061
f 1725/7341/1061 1726/7343/1063 5379/7342/4021
f 1726/7343/1063 5377/7315/1044 5379/7342/4021
f 1726/7343/1063 1712/7316/1044 5377/7315/1044
f 4934/7344/4022 1744/7345/1064 1745/7346/657
f 4934/7344/4022 1745/7346/657 4932/7347/4023
f 4932/7347/4023 1745/7346/657 1746/7348/1066
f 4932/7347/4023 1746/7348/1066 4930/7349/4024
f 4930/7349/4024 1746/7348/1066 1747/7350/1068
f 4930/7349/4024 1747/7350/1068 4928/7351/4025
f 4928/7351/4025 1747/7350/1068 1748/7352/1069
f 4928/7351/4025 1748/7352/1069 4926/7353/1069
f 1748/7352/1069 4762/6362/649 4926/7353/1069
f 1748/7352/1069 817/7354/649 4762/6362/649
f 4952/7325/673 1717/7326/673 1749/7355/1072
f 4952/7325/673 1749/7355/1072 4950/7356/1072
f 1749/7355/1072 4948/7357/4026 4950/7356/1072
f 1749/7355/1072 1750/7358/665 4948/7357/4026
f 1750/7358/665 4946/7359/4027 4948/7357/4026
f 1750/7358/665 1751/7360/1073 4946/7359/4027
f 1751/7360/1073 4944/7361/1076 4946/7359/4027
f 1751/7360/1073 1752/7362/1075 4944/7361/1076
f 1752/7362/1075 4942/7363/1076 4944/7361/1076
f 1752/7362/1075 1753/7364/1076 4942/7363/1076
f 1753/7364/1076 4941/7365/1079 4942/7363/1076
f 1753/7364/1076 1754/7366/1077 4941/7365/1079
f 4941/7365/1079 1754/7366/1077 1755/7367/1080
f 4941/7365/1079 1755/7367/1080 4939/7368/1080
f 4939/7368/1080 1755/7367/1080 1756/7369/1080
f 4939/7368/1080 1756/7369/1080 4936/7370/4028
f 4936/7370/4028 1756/7369/1080 1744/7345/1064
f 4936/7370/4028 1744/7345/1064 4934/7344/4022
f 3054/4123/303 3056/4125/303 5194/6829/303
f 5081/7371/4029 5455/7372/4029 5477/7373/4030
f 5081/7371/4029 5477/7373/4030 5079/7374/4031
f 5079/7374/4031 5477/7373/4030 5478/7375/4032
f 5079/7374/4031 5478/7375/4032 5077/7376/4033
f 5077/7376/4033 5478/7375/4032 5479/7377/4034
f 5077/7376/4033 5479/7377/4034 5074/7378/4035
f 5074/7378/4035 5479/7377/4034 5480/7379/4036
f 5074/7378/4035 5480/7379/4036 5057/7380/4037
f 5480/7379/4036 5056/7381/4038 5057/7380/4037
f 5480/7379/4036 5481/7382/4038 5056/7381/4038
f 5481/7382/4038 5061/7383/4039 5056/7381/4038
f 5481/7382/4038 5482/7384/4040 5061/7383/4039
f 5482/7384/4040 5063/7385/4041 5061/7383/4039
f 5482/7384/4040 5483/7386/4042 5063/7385/4041
f 5483/7386/4042 5064/7387/4043 5063/7385/4041
f 5483/7386/4042 5370/7388/4043 5064/7387/4043
f 5185/6820/4044 5182/7389/4044 5176/7390/4044
f 5156/6796/1639 5109/6738/4045 5110/6739/4045
f 5156/6796/1639 5140/6772/1639 5109/6738/4045
f 5138/6770/1641 5140/6772/1639 5156/6796/1639
f 5138/6770/1641 5156/6796/1639 5157/6797/1641
f 5157/6797/1641 5136/6768/4046 5138/6770/1641
f 5157/6797/1641 5158/6798/3611 5136/6768/4046
f 5158/6798/3611 5134/6766/3612 5136/6768/4046
f 5158/6798/3611 5159/6799/3612 5134/6766/3612
f 5159/6799/3612 5112/6741/4047 5134/6766/3612
f 5159/6799/3612 5113/6742/4047 5112/6741/4047
f 5185/6820/4048 5184/6819/4048 5182/7389/4048
f 5149/7391/4049 5484/7392/4050 5485/7393/4051
f 5149/7391/4049 5485/7393/4051 5148/7394/4051
f 5148/7394/4051 5485/7393/4051 5486/7395/4052
f 5148/7394/4051 5486/7395/4052 5147/7396/4052
f 5147/7396/4052 5486/7395/4052 5487/7397/4053
f 5147/7396/4052 5487/7397/4053 5146/7398/4053
f 5487/7397/4053 5145/7399/4054 5146/7398/4053
f 5487/7397/4053 5488/7400/4054 5145/7399/4054
f 5488/7400/4054 5144/7401/4055 5145/7399/4054
f 5488/7400/4054 5489/7402/4055 5144/7401/4055
f 5144/7401/4055 5489/7402/4055 5490/7403/4056
f 5144/7401/4055 5490/7403/4056 5143/7404/4056
f 5490/7403/4056 5108/7405/4057 5143/7404/4056
f 5490/7403/4056 5107/7406/4057 5108/7405/4057
f 5165/6802/4058 5169/6804/4058 5166/6803/4058
f 5165/6802/4058 5170/6805/3629 5169/6804/4058
f 5165/6802/4058 5161/6801/299 5170/6805/3629
f 5165/6802/4058 5162/6800/3629 5161/6801/299
f 5150/7407/4059 5484/7392/4059 5149/7391/4059
f 5150/7407/3592 5491/7408/3592 5484/7392/4059
f 5150/7407/3592 5492/7409/4059 5491/7408/3592
f 5493/7410/3592 5492/7409/4059 5150/7407/3592
f 5121/7411/3594 5493/7410/3592 5150/7407/3592
f 5115/7412/3593 5121/7411/3594 5150/7407/3592
s 0
f 5512/7446/208 5523/7447/208 5542/7448/208 5516/7449/208
f 5523/7447/208 5522/7450/208 5543/7451/208 5542/7448/208
f 5522/7450/208 5521/7452/208 5544/7453/208 5543/7451/208
f 5521/7452/208 5520/7454/208 5545/7455/208 5544/7453/208
f 5520/7454/208 5519/7456/208 5546/7457/208 5545/7455/208
f 5519/7456/208 5518/7458/208 5547/7459/208 5546/7457/208
f 5517/7435/208 5548/7434/208 5524/7467/208 5513/7468/208
f 5548/7434/208 5549/7437/208 5525/7469/208 5524/7467/208
f 5549/7437/208 5550/7439/208 5526/7470/208 5525/7469/208
f 5550/7439/208 5551/7441/208 5527/7471/208 5526/7470/208
f 5551/7441/208 5552/7443/208 5528/7472/208 5527/7471/208
f 5552/7443/208 5553/7445/208 5529/7473/208 5528/7472/208
f 5589/7474/208 5559/7475/208 5555/7476/208 5569/7477/208
f 5560/7484/208 5554/7485/208 5558/7479/208 5584/7478/208
f 5564/7494/208 5563/7495/208 5581/7496/208 5580/7497/208
f 5563/7495/208 5562/7498/208 5582/7499/208 5581/7496/208
f 5562/7498/208 5561/7500/208 5583/7501/208 5582/7499/208
f 5561/7500/208 5560/7484/208 5584/7478/208 5583/7501/208
f 5585/7489/208 5586/7488/208 5566/7506/208 5565/7507/208
f 5586/7488/208 5587/7491/208 5567/7508/208 5566/7506/208
f 5587/7491/208 5588/7493/208 5568/7509/208 5567/7508/208
f 5588/7493/208 5589/7474/208 5569/7477/208 5568/7509/208
f 5745/7446/154 5749/7449/154 5775/7448/154 5756/7447/154
f 5756/7447/154 5775/7448/154 5776/7451/154 5755/7450/154
f 5755/7450/154 5776/7451/154 5777/7453/154 5754/7452/154
f 5754/7452/154 5777/7453/154 5778/7455/154 5753/7454/154
f 5753/7454/154 5778/7455/154 5779/7457/154 5752/7456/154
f 5752/7456/154 5779/7457/154 5780/7459/154 5751/7458/154
f 5750/7435/154 5746/7468/154 5757/7467/154 5781/7434/154
f 5781/7434/154 5757/7467/154 5758/7469/154 5782/7437/154
f 5782/7437/154 5758/7469/154 5759/7470/154 5783/7439/154
f 5783/7439/154 5759/7470/154 5760/7471/154 5784/7441/154
f 5784/7441/154 5760/7471/154 5761/7472/154 5785/7443/154
f 5785/7443/154 5761/7472/154 5762/7473/154 5786/7445/154
f 5822/7474/154 5802/7477/154 5788/7476/154 5792/7475/154
f 5793/7484/154 5817/7478/154 5791/7479/154 5787/7485/154
f 5797/7494/154 5813/7497/154 5814/7496/154 5796/7495/154
f 5796/7495/154 5814/7496/154 5815/7499/154 5795/7498/154
f 5795/7498/154 5815/7499/154 5816/7501/154 5794/7500/154
f 5794/7500/154 5816/7501/154 5817/7478/154 5793/7484/154
f 5818/7489/154 5798/7507/154 5799/7506/154 5819/7488/154
f 5819/7488/154 5799/7506/154 5800/7508/154 5820/7491/154
f 5820/7491/154 5800/7508/154 5801/7509/154 5821/7493/154
f 5821/7493/154 5801/7509/154 5802/7477/154 5822/7474/154
s 1
usemtl models/npcs/turret/turret_eye
f 5663/7609/154 5664/7610/4130 5665/7611/154
f 5666/7612/154 5665/7611/154 5664/7610/4130
f 5666/7612/154 5664/7610/4130 5667/7613/4131
f 5668/7614/154 5666/7612/154 5667/7613/4131
f 5663/7609/154 5669/7615/4132 5670/7616/4133
f 5663/7609/154 5670/7616/4133 5664/7610/4130
f 5664/7610/4130 5670/7616/4133 5671/7617/154
f 5667/7613/4131 5664/7610/4130 5671/7617/154
f 5672/7618/4134 5667/7613/4131 5671/7617/154
f 5668/7614/154 5667/7613/4131 5672/7618/4134
f 5673/7619/154 5668/7614/154 5672/7618/4134
f 5673/7619/154 5672/7618/4134 5674/7620/4135
f 5675/7621/154 5673/7619/154 5674/7620/4135
f 5675/7621/154 5674/7620/4135 5676/7622/4136
f 5675/7621/154 5676/7622/4136 5677/7623/4137
f 5677/7623/4137 5676/7622/4136 5671/7617/154
f 5678/7624/4138 5677/7623/4137 5671/7617/154
f 5679/7625/4139 5678/7624/4138 5671/7617/154
f 5680/7626/4140 5679/7625/4139 5671/7617/154
f 5681/7627/4141 5680/7626/4140 5671/7617/154
f 5682/7628/4142 5681/7627/4141 5671/7617/154
f 5683/7629/4143 5682/7628/4142 5671/7617/154
f 5676/7622/4136 5674/7620/4135 5671/7617/154
f 5674/7620/4135 5672/7618/4134 5671/7617/154
f 5670/7616/4133 5669/7615/4132 5671/7617/154
f 5669/7615/4132 5684/7630/4144 5671/7617/154
f 5684/7630/4144 5685/7631/4145 5671/7617/154
f 5685/7631/4145 5686/7632/4146 5671/7617/154
f 5687/7633/4147 5683/7629/4143 5671/7617/154
f 5688/7634/4148 5687/7633/4147 5671/7617/154
f 5689/7635/4149 5688/7634/4148 5671/7617/154
f 5690/7636/4150 5689/7635/4149 5671/7617/154
f 5691/7637/4151 5690/7636/4150 5671/7617/154
f 5675/7621/154 5677/7623/4137 5692/7638/154
f 5692/7638/154 5677/7623/4137 5678/7624/4138
f 5692/7638/154 5678/7624/4138 5693/7639/154
f 5693/7639/154 5678/7624/4138 5679/7625/4139
f 5693/7639/154 5679/7625/4139 5694/7640/154
f 5694/7640/154 5679/7625/4139 5680/7626/4140
f 5694/7640/154 5680/7626/4140 5695/7641/154
f 5695/7641/154 5680/7626/4140 5681/7627/4141
f 5695/7641/154 5681/7627/4141 5696/7642/154
f 5696/7642/154 5681/7627/4141 5682/7628/4142
f 5696/7642/154 5682/7628/4142 5697/7643/154
f 5698/7644/154 5697/7643/154 5682/7628/4142
f 5698/7644/154 5682/7628/4142 5683/7629/4143
f 5699/7645/154 5698/7644/154 5683/7629/4143
f 5699/7645/154 5683/7629/4143 5687/7633/4147
f 5700/7646/154 5699/7645/154 5687/7633/4147
f 5700/7646/154 5687/7633/4147 5688/7634/4148
f 5701/7647/154 5700/7646/154 5688/7634/4148
f 5701/7647/154 5688/7634/4148 5689/7635/4149
f 5702/7648/154 5701/7647/154 5689/7635/4149
f 5702/7648/154 5689/7635/4149 5690/7636/4150
f 5703/7649/154 5702/7648/154 5690/7636/4150
f 5703/7649/154 5690/7636/4150 5691/7637/4151
f 5703/7649/154 5691/7637/4151 5704/7650/4152
f 5704/7650/4152 5691/7637/4151 5671/7617/154
f 5705/7651/4153 5704/7650/4152 5671/7617/154
f 5686/7632/4146 5705/7651/4153 5671/7617/154
f 5706/7652/154 5705/7651/4153 5686/7632/4146
f 5706/7652/154 5686/7632/4146 5707/7653/154
f 5707/7653/154 5686/7632/4146 5685/7631/4145
f 5707/7653/154 5685/7631/4145 5708/7654/154
f 5708/7654/154 5685/7631/4145 5684/7630/4144
f 5708/7654/154 5684/7630/4144 5709/7655/154
f 5709/7655/154 5684/7630/4144 5669/7615/4132
f 5709/7655/154 5669/7615/4132 5710/7656/154
f 5663/7609/154 5710/7656/154 5669/7615/4132
f 5703/7649/154 5704/7650/4152 5711/7657/154
f 5711/7657/154 5704/7650/4152 5705/7651/4153
f 5711/7657/154 5705/7651/4153 5706/7652/154
s 0
usemtl eyelid_dark
f 5515/7432/4078 5536/7433/4078 5548/7434/4078 5517/7435/4078
f 5536/7433/4078 5537/7436/4078 5549/7437/4078 5548/7434/4078
f 5537/7436/4078 5538/7438/4078 5550/7439/4078 5549/7437/4078
f 5538/7438/4078 5539/7440/4078 5551/7441/4078 5550/7439/4078
f 5539/7440/4078 5540/7442/4078 5552/7443/4078 5551/7441/4078
f 5540/7442/4078 5541/7444/4078 5553/7445/4078 5552/7443/4078
f 5514/7460/208 5530/7461/208 5536/7433/208 5515/7432/208
f 5530/7461/208 5531/7462/208 5537/7436/208 5536/7433/208
f 5531/7462/208 5532/7463/208 5538/7438/208 5537/7436/208
f 5532/7463/208 5533/7464/208 5539/7440/208 5538/7438/208
f 5533/7464/208 5534/7465/208 5540/7442/208 5539/7440/208
f 5534/7465/208 5535/7466/208 5541/7444/208 5540/7442/208
f 5516/7449/4079 5542/7448/4079 5530/7461/4079 5514/7460/4079
f 5542/7448/4079 5543/7451/4079 5531/7462/4079 5530/7461/4079
f 5543/7451/4079 5544/7453/4079 5532/7463/4079 5531/7462/4079
f 5544/7453/4079 5545/7455/4079 5533/7464/4079 5532/7463/4079
f 5545/7455/4079 5546/7457/4079 5534/7465/4079 5533/7464/4079
f 5546/7457/4079 5547/7459/4079 5535/7466/4079 5534/7465/4079
f 5584/7478/4079 5558/7479/4079 5556/7480/4079 5574/7481/4079
f 5574/7481/208 5556/7480/208 5557/7482/208 5579/7483/208
f 5579/7483/4078 5557/7482/4078 5559/7475/4078 5589/7474/4078
f 5575/7486/4078 5576/7487/4078 5586/7488/4078 5585/7489/4078
f 5576/7487/4078 5577/7490/4078 5587/7491/4078 5586/7488/4078
f 5577/7490/4078 5578/7492/4078 5588/7493/4078 5587/7491/4078
f 5578/7492/4078 5579/7483/4078 5589/7474/4078 5588/7493/4078
f 5570/7502/208 5571/7503/208 5576/7487/208 5575/7486/208
f 5571/7503/208 5572/7504/208 5577/7490/208 5576/7487/208
f 5572/7504/208 5573/7505/208 5578/7492/208 5577/7490/208
f 5573/7505/208 5574/7481/208 5579/7483/208 5578/7492/208
f 5580/7497/4079 5581/7496/4079 5571/7503/4079 5570/7502/4079
f 5581/7496/4079 5582/7499/4079 5572/7504/4079 5571/7503/4079
f 5582/7499/4079 5583/7501/4079 5573/7505/4079 5572/7504/4079
f 5583/7501/4079 5584/7478/4079 5574/7481/4079 5573/7505/4079
f 5748/7432/4155 5750/7435/4155 5781/7434/4155 5769/7433/4155
f 5769/7433/4155 5781/7434/4155 5782/7437/4155 5770/7436/4155
f 5770/7436/4155 5782/7437/4155 5783/7439/4155 5771/7438/4155
f 5771/7438/4155 5783/7439/4155 5784/7441/4155 5772/7440/4155
f 5772/7440/4155 5784/7441/4155 5785/7443/4155 5773/7442/4155
f 5773/7442/4155 5785/7443/4155 5786/7445/4155 5774/7444/4155
f 5747/7460/154 5748/7432/154 5769/7433/154 5763/7461/154
f 5763/7461/154 5769/7433/154 5770/7436/154 5764/7462/154
f 5764/7462/154 5770/7436/154 5771/7438/154 5765/7463/154
f 5765/7463/154 5771/7438/154 5772/7440/154 5766/7464/154
f 5766/7464/154 5772/7440/154 5773/7442/154 5767/7465/154
f 5767/7465/154 5773/7442/154 5774/7444/154 5768/7466/154
f 5749/7449/4156 5747/7460/4156 5763/7461/4156 5775/7448/4156
f 5775/7448/4156 5763/7461/4156 5764/7462/4156 5776/7451/4156
f 5776/7451/4156 5764/7462/4156 5765/7463/4156 5777/7453/4156
f 5777/7453/4156 5765/7463/4156 5766/7464/4156 5778/7455/4156
f 5778/7455/4156 5766/7464/4156 5767/7465/4156 5779/7457/4156
f 5779/7457/4156 5767/7465/4156 5768/7466/4156 5780/7459/4156
f 5817/7478/4156 5807/7481/4156 5789/7480/4156 5791/7479/4156
f 5807/7481/154 5812/7483/154 5790/7482/154 5789/7480/154
f 5812/7483/4155 5822/7474/4155 5792/7475/4155 5790/7482/4155
f 5808/7486/4155 5818/7489/4155 5819/7488/4155 5809/7487/4155
f 5809/7487/4155 5819/7488/4155 5820/7491/4155 5810/7490/4155
f 5810/7490/4155 5820/7491/4155 5821/7493/4155 5811/7492/4155
f 5811/7492/4155 5821/7493/4155 5822/7474/4155 5812/7483/4155
f 5803/7502/154 5808/7486/154 5809/7487/154 5804/7503/154
f 5804/7503/154 5809/7487/154 5810/7490/154 5805/7504/154
f 5805/7504/154 5810/7490/154 5811/7492/154 5806/7505/154
f 5806/7505/154 5811/7492/154 5812/7483/154 5807/7481/154
f 5813/7497/4156 5803/7502/4156 5804/7503/4156 5814/7496/4156
f 5814/7496/4156 5804/7503/4156 5805/7504/4156 5815/7499/4156
f 5815/7499/4156 5805/7504/4156 5806/7505/4156 5816/7501/4156
f 5816/7501/4156 5806/7505/4156 5807/7481/4156 5817/7478/4156
s 1
usemtl iris
f 5742/7658/18 5743/7658/4154 5744/7658/18
f 5729/7658/4154 5730/7658/18 5744/7658/18
f 5716/7658/18 5717/7658/18 5744/7658/18
f 5743/7658/4154 5712/7658/18 5744/7658/18
f 5730/7658/18 5731/7658/18 5744/7658/18
f 5717/7658/18 5718/7658/18 5744/7658/18
f 5731/7658/18 5732/7658/18 5744/7658/18
f 5718/7658/18 5719/7658/18 5744/7658/18
f 5732/7658/18 5733/7658/18 5744/7658/18
f 5719/7658/18 5720/7658/18 5744/7658/18
f 5733/7658/18 5734/7658/18 5744/7658/18
f 5720/7658/18 5721/7658/18 5744/7658/18
f 5734/7658/18 5735/7658/18 5744/7658/18
f 5721/7658/18 5722/7658/18 5744/7658/18
f 5735/7658/18 5736/7658/18 5744/7658/18
f 5722/7658/18 5723/7658/18 5744/7658/18
f 5736/7658/18 5737/7658/18 5744/7658/18
f 5723/7658/18 5724/7658/18 5744/7658/18
f 5737/7658/18 5738/7658/18 5744/7658/18
f 5724/7658/18 5725/7658/18 5744/7658/18
f 5738/7658/18 5739/7658/18 5744/7658/18
f 5725/7658/18 5726/7658/18 5744/7658/18
f 5712/7658/18 5713/7658/4154 5744/7658/18
f 5739/7658/18 5740/7658/18 5744/7658/18
f 5726/7658/18 5727/7658/4154 5744/7658/18
f 5713/7658/4154 5714/7658/18 5744/7658/18
f 5740/7658/18 5741/7658/18 5744/7658/18
f 5727/7658/4154 5728/7658/18 5744/7658/18
f 5714/7658/18 5715/7658/18 5744/7658/18
f 5741/7658/18 5742/7658/18 5744/7658/18
f 5728/7658/18 5729/7658/4154 5744/7658/18
f 5715/7658/18 5716/7658/18 5744/7658/18
